gene_symbol	logFC	AveExpr	t	P.Value	adj.P.Val	B
Prmt1	0.16979036264657488	6.1662511015824855	3.524875977263208	0.0046811642130041055	0.9998640102074222	-2.5862829036082333
Nxn	0.1787846933808881	4.629138866603539	3.3073488824894857	0.0068892330723659455	0.9998640102074222	-2.822250179031944
2210016L21Rik	0.17595047502341554	4.410435798531063	3.293825658221905	0.00705747246022184	0.9998640102074222	-2.9127313745237546
Gm10481	0.1636565056750623	6.7672412688130965	3.2836729145010004	0.0071865255461419355	0.9998640102074222	-2.8498236077514454
Pgk1	0.1800038192107607	9.365173895813408	3.1987430693786854	0.00836462076564289	0.9998640102074222	-3.0996725076668863
Gm3272	0.16470940505460607	7.462060850451259	3.198167247759023	0.008373244606227872	0.9998640102074222	-2.9953929184374295
Cbr2	0.307545739823464	5.380334152257699	3.0534026513658064	0.010853972177314422	0.9998640102074222	-2.9777757256794026
Msrb1	0.24887773132044622	7.026009452298908	3.0344779368471833	0.011229059528457779	0.9998640102074222	-3.091393590387148
Mettl21c	0.5481276812513229	6.8835004379814615	2.9914948177056995	0.01213022466726147	0.9998640102074222	-3.112514161070667
Fbp2	0.494692470668463	6.090193579558615	2.9850666376949	0.01227111463975396	0.9998640102074222	-3.0559584162410443
Gm2445	0.1555725753697983	4.765334331683068	2.8657019141320017	0.015207168592909203	0.9998640102074222	-3.17650892939197
Gm5138	0.15329669261426915	6.637562615896311	2.8345609302367416	0.016082636426101884	0.9998640102074222	-3.2265768867959643
Smox	0.39776355252041906	7.55856179484398	2.8045106545732623	0.01697508746635064	0.9998640102074222	-3.323020339706848
Paip1	0.12756421214487101	4.766845851083399	2.773342885750424	0.0179528755645671	0.9998640102074222	-3.2610766136997693
Sbk2	0.2679025137148692	6.776779242569033	2.726045515932852	0.019544653113472733	0.9998640102074222	-3.335344774340891
Prxl2b	0.2261721544489017	7.288219497772242	2.707907994507064	0.02019155285915495	0.9998640102074222	-3.3909770495044302
Ppp1r14b	0.2146788408603708	6.602201304691473	2.6874650956575903	0.020946134181099696	0.9998640102074222	-3.3569644467659607
Eno3	0.1743097797860127	12.312556954124968	2.6353916366429724	0.022996582924863375	0.9998640102074222	-3.643496950746829
Vdac2	0.138604138169109	8.036318576934262	2.5864429363265495	0.025103962963014204	0.9998640102074222	-3.5242313977377275
Asnsd1	0.10808064185398081	6.361125973546671	2.538659709136533	0.02734393224882638	0.9998640102074222	-3.4819578900744865
Ubxn1	0.13928581677674767	7.262257150148264	2.5375699213794234	0.027397241352040243	0.9998640102074222	-3.536262271026777
Gm32261	0.18974390421216647	4.708708736457987	2.500381982862071	0.02927862684396607	0.9998640102074222	-3.521990260167879
Gm12070	0.14610855891186425	9.241464618371394	2.5001999265286177	0.029288141220117872	0.9998640102074222	-3.6321902182278647
Rab5if	0.16941530285106055	5.81716763106502	2.48813296313532	0.029925550492518525	0.9998640102074222	-3.515448623120488
U2af2	0.2255654047607969	4.544561273280434	2.4663043836094705	0.031113180545423225	0.9998640102074222	-3.5787779166296865
Tmem160	0.22389067968361154	5.220899591853964	2.4501636444451456	0.03202078574290106	0.9998640102074222	-3.5445438514845415
Eif4e	0.283703417845218	4.837412762661936	2.4406825595249915	0.032565882671070995	0.9998640102074222	-3.5640473256001415
Tpi1	0.16824355663831447	10.859431701253458	2.4357974658620867	0.03285025665055324	0.9998640102074222	-3.72673513637653
Car3	0.36832678648210937	10.65076989746136	2.4102812784691654	0.03437531063544119	0.9998640102074222	-3.739127010049719
Gm3839	0.1361786903011577	5.103126280225143	2.400895208532794	0.03495341959146406	0.9998640102074222	-3.5923118963626823
Chchd10	0.21810463143048509	8.500512741750637	2.4005285222323645	0.034976195052260614	0.9998640102074222	-3.6944111986581905
Dgcr6	0.17681778889081734	4.896884146046547	2.4002238911017573	0.03499512711737961	0.9998640102074222	-3.5988026320569597
Gm2451	0.13844547199163415	9.08927464419705	2.399155965912826	0.035061574548478545	0.9998640102074222	-3.7096267900165083
Gm10284	0.13397552787574618	7.641156875575787	2.388551703459892	0.03572805765328585	0.9998640102074222	-3.678041665356551
Tarbp2	0.1288195636800742	4.517599582745884	2.35441039474409	0.03795826391767036	0.9998640102074222	-3.682768791092359
1190007I07Rik	0.14763755270505996	4.7604945837655	2.3437351098631787	0.038682820134070685	0.9998640102074222	-3.6618916989645562
Fam20b	0.15929759788476527	4.968851114884645	2.32558360021082	0.03994556614990915	0.9998640102074222	-3.666955916620172
Apobec2	0.16820300229357876	8.55498772942897	2.324784382627481	0.04000206954116936	0.9998640102074222	-3.7578170512901927
Gm13882	0.13961634629605246	4.265915695657333	2.321106274722745	0.040263100596184535	0.9998640102074222	-3.7510160818283502
Gm13292	0.1412974886584415	6.904591607007109	2.3098000604447475	0.041075807401102934	0.9998640102074222	-3.717512741197799
Endog	0.19702132244953052	5.105125158945572	2.295633752997928	0.04211641267456275	0.9998640102074222	-3.6931896427706934
Hnrnpab	0.134262510848834	5.896890896869459	2.2880963647563086	0.0426803696367455	0.9998640102074222	-3.7056239973614886
Pgk1-rs7	0.1446195790637379	5.7552221377964194	2.273281569074832	0.043810050765100216	0.9998640102074222	-3.719364892852632
Znrd2	0.17389078641592803	4.416020758440477	2.2711417604658997	0.04397557288091153	0.9998640102074222	-3.770481317817862
Gnpat	0.11695543396768127	6.508140905288648	2.2665966615334674	0.04432914632198811	0.9998640102074222	-3.739566831257799
Eno1	0.17371463469475934	5.5444097236554075	2.257929752725628	0.045010935486077236	0.9998640102074222	-3.732991815769312
Gm16374	0.13037351585977586	6.916966018377513	2.254105888284046	0.04531492819549849	0.9998640102074222	-3.7678723556776603
Lbx1	0.20742130418266935	5.146158725573905	2.2390211167830367	0.04653344055615863	0.9998640102074222	-3.747088112880472
Eef1g	0.1163529613976273	8.579784894343097	2.2360921172378045	0.04677364629072803	0.9998640102074222	-3.830736105713052
Gm12537	0.13251161945110912	7.693893511664509	2.230391700073123	0.047244538826314755	0.9998640102074222	-3.8139010094537014
Gm2574	0.13442940381596458	9.214093715083106	2.222443648830255	0.047908671123569925	0.9998640102074222	-3.8529518722069085
Gm5537	0.14710547618655756	5.720195128551139	2.216609001020571	0.048401876324371665	0.9998640102074222	-3.772984340086732
Gm7336	0.13335467436449022	10.13957524574181	2.2159400635007094	0.04845873070001519	0.9998640102074222	-3.8749592168045375
Cited2	0.4819937081417205	4.616154761107417	2.1855594230942925	0.051109050146372105	0.9998640102074222	-3.821715937649791
Kctd15	0.24064589821719817	5.18820800868932	2.180125071381894	0.0515974579990046	0.9998640102074222	-3.803202420978022
Hsp25-ps1	0.4003381947541187	3.998416024822921	2.1757569699312334	0.05199325335456821	0.9998640102074222	-3.909047468471174
Apex1	0.12323321814412402	4.835862010945504	2.167473669674619	0.05275174757108729	0.9998640102074222	-3.821660703006195
Gm2606	0.1291541283770652	9.542386809799783	2.164828917079517	0.052996131822250055	0.9998640102074222	-3.9035225963373397
Cbx3	0.13233980047102456	4.755933955886914	2.1615631235071557	0.053299386465412275	0.9998640102074222	-3.8318596957037308
Gm12671	0.12768267674648381	7.5079947971983945	2.161144335450054	0.0533383932389493	0.9998640102074222	-3.8690266921828176
Fxr1	0.13903629187654865	8.113434376045412	2.1599552508830304	0.05344929480399375	0.9998640102074222	-3.8823321708416274
0610010K14Rik	0.15427006940420984	4.399481214699687	2.1574373471552155	0.053684853503810984	0.9998640102074222	-3.870410810588014
Gm3222	0.1248122163733214	6.85736892841009	2.154760287829853	0.05393638244595223	0.9998640102074222	-3.853965034967395
Aarsd1	0.12233067316419088	5.026099449534833	2.131832052841238	0.056136906825197584	0.9998640102074222	-3.8501552733691993
Tpbgl	0.23275567845156964	5.018493693143075	2.121823413027534	0.057123905262370274	0.9998640102074222	-3.8597142570223606
Cisd3	0.1919407192168725	5.723731130480224	2.1174139126689018	0.057563935621361105	0.9998640102074222	-3.8664440131962134
Lmod3	0.2140683475193681	5.897844461756905	2.111714640746164	0.058137422191886404	0.9998640102074222	-3.872013802426693
Fam131a	0.21372960067920577	6.132707675446911	2.108557525490396	0.05845742451207305	0.9998640102074222	-3.877378956092116
Mreg	0.17442264536211471	5.044187661149431	2.107798477794044	0.05853460857938278	0.9998640102074222	-3.8726794786268792
Gm13394	0.1282994554547674	8.801977848605908	2.100735823893565	0.05925740463918447	0.9998640102074222	-3.9442530698356424
Pmp22	0.3479366122108276	4.271975099544708	2.066964442811946	0.06283142271922673	0.9998640102074222	-3.960514365509442
Mtch2	0.17657537115903477	6.3824938417794685	2.0626497016745384	0.06330239672419011	0.9998640102074222	-3.9242191653595317
Gapdh	0.1333672419308396	12.023872725566122	2.040012236042435	0.06582818720727515	0.9998640102074222	-4.046341629556773
Zbed5	0.43826694963553425	6.3481950559086044	2.0327904450765	0.06665364532379292	0.9998640102074222	-3.9509588149808854
Fam173a	0.1384458816930545	4.9352949144406475	2.0303968109756916	0.06692937256899706	0.9998640102074222	-3.9469740554978143
6430571L13Rik	0.3775781910113265	4.432281434779989	2.020731518360685	0.06805363139525052	0.9998640102074222	-3.9839992124567836
Gm12033	0.12503386103501057	8.689949335949661	2.0085975257124806	0.06949005190224049	0.9998640102074222	-4.016480682481749
Tfrc	0.3958489148192763	5.11625251218981	1.9982694959048273	0.07073493874603141	0.9998640102074222	-3.97521495304089
Hdac2	0.10078152894425685	5.1747973128544125	1.994250742222347	0.07122493694917681	0.9998640102074222	-3.9788462277137366
Dexi	0.13449412115855086	4.767572185447956	1.9911704745280905	0.07160264777469778	0.9998640102074222	-3.9880911766491094
Ccdc43	0.12081681946920853	5.546561830577035	1.9818471878017931	0.07275729795851148	0.9998640102074222	-3.9924199930541198
Fam53a	0.10310863292552597	5.499599054556484	1.9780939134911004	0.073227000590196	0.9998640102074222	-3.9956331763336377
Lsm12	0.1097661577907898	4.829709119892703	1.9574645788903429	0.07585938364756477	0.9998640102074222	-4.0167671215388845
Ctdnep1	0.14699637835571444	6.772073658268549	1.9473047093818945	0.07718786365086674	0.9998640102074222	-4.035531371670243
Ptges3l	0.17551450531899437	5.24027602956747	1.9443343540165725	0.07758031547457274	0.9998640102074222	-4.025403948435839
Marc2	0.1365970010462334	5.094515821536103	1.9387814185690164	0.07831894730896394	0.9998640102074222	-4.030714478566771
Tspan13	0.25609162007553277	4.216732733241156	1.9373938014275889	0.07850453739624602	0.9998640102074222	-4.070780455539123
Gm10359	0.12049076874499143	7.171113168072542	1.9331753978263708	0.07907124017626127	0.9998640102074222	-4.056429380456733
Eif4e3	0.086785660057342	4.803151217393643	1.9312807266502898	0.07932700113061039	0.9998640102074222	-4.041460908307949
Paics	0.09939403274648928	6.11101515549132	1.9182868994361053	0.0811017464990482	0.9998640102074222	-4.052608041511149
Gatc	0.14870095089549817	4.845206521658386	1.9112611408736926	0.08207655559117993	0.9998640102074222	-4.058687735740034
Cisd1	0.12752678076546342	7.5926014286025385	1.9089408402482753	0.08240085955714044	0.9998640102074222	-4.082723947490882
Taf10	0.17219886836737253	5.338303686059394	1.877017003759935	0.08698428126514098	0.9998640102074222	-4.087902894012763
Adssl1	0.11015834114316547	9.523656167473437	1.8694956212230789	0.0880977212042381	0.9998640102074222	-4.133224915357197
Amd2	0.24749337352005352	7.1779264488777565	1.8663313471412601	0.0885700451924953	0.9998640102074222	-4.113116992758049
Adgrf5	0.1647808270191291	4.265292606202324	1.8656096192620226	0.08867810056290996	0.9998640102074222	-4.124780521335481
Hsf1	0.1267573952514045	4.5803401796002445	1.8637580593265162	0.08895586462195063	0.9998640102074222	-4.109645772627019
Rpl13	0.18499829989086614	8.975843903679943	1.8550580140723494	0.09027171698326907	0.9998640102074222	-4.140406168323946
Vegfa	0.15507829183435984	6.596293150848041	1.8308124951039604	0.09403328479720453	0.9998640102074222	-4.135184064151381
Sparcl1	0.20031069343610586	5.618915147391164	1.8303338543247505	0.09410896334990844	0.9998640102074222	-4.131388326154035
H2-Ke6	0.1254173731602668	5.4934100344067485	1.8112699138901107	0.09716870697286752	0.9998640102074222	-4.148346821388757
Smyd2	0.1685697580215484	7.920988778240259	1.8100698882315591	0.09736430630680429	0.9998640102074222	-4.166513898905468
Macrod1	0.1084648740826486	7.479771643784654	1.80581240784359	0.0980611502790985	0.9998640102074222	-4.1666920709707504
Bzw2	0.12029000456993	6.21670327704894	1.7954934807937986	0.09976894377093225	0.9998640102074222	-4.163817566388472
Stk11	0.1107017472995162	5.952510830030009	1.7865339736990984	0.10127359482254153	0.9998640102074222	-4.170955262900297
Pebp1	0.08776076338758187	8.123958700328993	1.7854091863934356	0.10146393676352601	0.9998640102074222	-4.187897291731922
Scand1	0.3903878949700408	5.072230428037455	1.7682643814514571	0.10440563928329147	0.9998640102074222	-4.186675577970418
Amd1	0.24184809157597442	9.609900183457079	1.7676315358486525	0.10451568398665	0.9998640102074222	-4.211119049518323
Flvcr1	0.4564870350756043	4.034393084655559	1.7591851228179054	0.10599448357079536	0.9998640102074222	-4.220184325046491
Pfdn6	0.11766123185774013	5.421348704004542	1.7501722037612817	0.10759326532492848	0.9998640102074222	-4.203030032403476
Akr1b10	0.13525350657071566	5.761927227036596	1.7449004797348475	0.10853844682097805	0.9998640102074222	-4.207954249336603
Pdf	0.10577165716933479	5.640357426431033	1.7434214367050038	0.10880496808564191	0.9998640102074222	-4.2092514185341425
Bphl	0.11590568030455284	4.472967479955334	1.7417964488447706	0.10909846736573309	0.9998640102074222	-4.216429400840968
Cd300lg	0.16028158924794234	4.1520554853595595	1.7390137469268272	0.10960272349116261	0.9998640102074222	-4.229613506274841
Gatad1	0.08176254600153143	5.313071512888683	1.7337626491820575	0.11055999310977385	0.9998640102074222	-4.2175710991443465
Rbm17	0.1299598201124521	4.882469357229624	1.7259216832725264	0.11200338042229677	0.9998640102074222	-4.224783941937616
Mlf1	0.19612080407523802	7.840598478732989	1.725494506453378	0.11208250011016441	0.9998640102074222	-4.233615829940865
Mrpl4	0.1044256474968126	4.599141519238885	1.7249854519729824	0.11217685029229939	0.9998640102074222	-4.2278600147031105
Prkcq	0.09433496978194	5.309273616011126	1.7130344621740499	0.11441245990873723	0.9998640102074222	-4.236017328144918
Pfn1	0.17845919380392772	7.012175981577368	1.7129992254664612	0.11441911006559925	0.9998640102074222	-4.23933308855443
Nudt19	0.09812376905434839	5.502031375913352	1.7125156701028847	0.11451040552731681	0.9998640102074222	-4.236537910872621
Nudc	0.10629923442576761	5.644361433195506	1.703813975893716	0.11616447200168661	0.9998640102074222	-4.2442300389085865
Eif3f	0.121080099984054	6.704505423875687	1.7028140734451864	0.11635590149990732	0.9998640102074222	-4.246220760985202
Ppm1j	0.13176591166485885	5.448054723719801	1.6966564562913042	0.11754099327580238	0.9998640102074222	-4.250512766776196
Anxa6	0.0814542512481582	6.622594497590951	1.695317834501923	0.11780004606472733	0.9998640102074222	-4.252324431749807
Inpp5a	0.09402153301014682	5.739315488058113	1.6852879032651735	0.11975732714138658	0.9998640102074222	-4.260473487854433
TrnR	0.4416772636825428	6.19098753987654	1.6826116515319924	0.12028445869744481	0.9998640102074222	-4.2627813967792285
Mrpl21	0.07740682160551327	5.754702908075286	1.6721280964054177	0.12236932350572799	0.9998640102074222	-4.271963351265693
Mafa	0.22648503260090447	4.261852685377173	1.667994602510879	0.12320014740142227	0.9998640102074222	-4.280400670919484
Sod1	0.10032135010521692	8.108425463018543	1.6655366686914264	0.12369656048903811	0.9998640102074222	-4.281808712194946
Zfp639	0.11804599052060993	4.134723743279919	1.663903441399937	0.12402739467645245	0.9998640102074222	-4.286715609016179
Slc30a9	0.10778190517925523	5.3464880314112495	1.663819140722231	0.12404449232402943	0.9998640102074222	-4.279413537646167
Atp5o	0.14265963179626695	9.406266206437884	1.6612356721312214	0.12456948060892101	0.9998640102074222	-4.289431673282879
Pithd1	0.0879819254636498	4.89681277840295	1.654489058316385	0.1259497734521328	0.9998640102074222	-4.287305359952146
Clpp	0.09454853649409678	4.894486254691605	1.6505490666981577	0.1267621150566859	0.9998640102074222	-4.290715785622205
Igfbp5	0.30372668848908724	6.246956443496911	1.6447531912865598	0.12796553518344356	0.9998640102074222	-4.295332626934605
Nol7	0.09721289318181547	5.77930981747793	1.6342488716274597	0.13017236928872203	0.9998640102074222	-4.30481138551633
Tbcb	0.10427097860967471	4.315773197989389	1.6248358989893714	0.13217841281332948	0.9998640102074222	-4.312756864843211
Metrn	0.1425522305252631	4.805153605631236	1.6084289738769681	0.13574017082343487	0.9998640102074222	-4.326425801208917
Zdhhc4	0.09110842920916884	4.527078181130527	1.6006202028442598	0.1374648127514015	0.9998640102074222	-4.33100948875868
Imp3	0.13310499040382862	5.358529413769493	1.59452223376492	0.13882495177971668	0.9998640102074222	-4.339512751605791
Cyth1	0.11550916635408548	4.384731027477213	1.5933641177815376	0.13908459622037855	0.9998640102074222	-4.33667718066909
Sys1	0.15058282999806671	4.317024027336625	1.5932925660208213	0.13910065175717792	0.9998640102074222	-4.336985327835529
Dhrs7c	0.1101064267735099	7.393600219786829	1.5910893108272228	0.13959583697076877	0.9998640102074222	-4.33842020208238
Dad1	0.11720226180682047	5.703947073118641	1.5910715924948886	0.13959982544683405	0.9998640102074222	-4.341838868885181
Pcca	0.09863507035086716	4.82489263484589	1.590407695878722	0.13974934351494	0.9998640102074222	-4.341883245593504
Tnnc2	0.12646426960164625	13.957830385669912	1.5903737403043692	0.13975699451677162	0.9998640102074222	-4.361722574647574
Myl1	0.13996082897096684	14.082908672554247	1.5899065315555339	0.1398623050651467	0.9998640102074222	-4.3628044929764025
0610009L18Rik	0.17996469441346896	5.487456103496802	1.5824455701465898	0.14155347089287457	0.9998640102074222	-4.349463978286598
Mapkapk2	0.1051416841215449	7.135237978772257	1.575911233167385	0.14304926274647292	0.9998640102074222	-4.350494276364537
Parp3	0.12956348567734022	5.77066117350941	1.5748456628052008	0.1432944902036494	0.9998640102074222	-4.355620715895133
Cebpg	0.11335553645095597	4.372309685983602	1.565117689210827	0.14555027790347722	0.9998640102074222	-4.358522907307841
Serinc3	0.16139069485669033	7.144320777199839	1.5489497973407	0.14936786502605803	0.9998640102074222	-4.371677706681398
Abhd17a	0.11980266227306124	5.622335525599937	1.5475841929076386	0.14969426432127944	0.9998640102074222	-4.378696926821869
Spns2	0.20967956973826674	6.130832839875373	1.5464832083451474	0.14995786642784542	0.9998640102074222	-4.378770096562503
Dusp27	0.12336803627934945	4.615248009741543	1.532696795914508	0.15329291385661825	0.9998640102074222	-4.386639094919268
Gm9247	1.8553426381815763	2.3307941028331283	1.5265310061805046	0.15480513731655934	0.9998640102074222	-4.444664099571241
Cyb5b	0.07639617082177885	5.0391384421957985	1.5237992310916797	0.15547924632573448	0.9998640102074222	-4.3995875630771515
Sap30l	0.14551196906868036	4.818483339261149	1.5037250824628456	0.1605110402767126	0.9998640102074222	-4.414160647390087
Nenf	0.11457363128436437	6.297051228556733	1.496542687100957	0.1623451255635783	0.9998640102074222	-4.418961622430029
Mpnd	0.12972273167156256	4.897859812075691	1.490508912639533	0.16389978684088907	0.9998640102074222	-4.4261660870779975
Mr1	0.08057089937956441	4.6852524384923235	1.4869508225508437	0.1648225370267299	0.9998640102074222	-4.424918402851607
Rpsa	0.0997121636221614	8.365427229758103	1.4868795923259135	0.16484105515391168	0.9998640102074222	-4.416095555301826
Akt1	0.12943171815002064	4.853019277405824	1.4827570475772036	0.16591585849078294	0.9998640102074222	-4.4319101577988445
Ndufa9	0.11039571638705947	7.868139247051634	1.4825362702365867	0.16597358707595228	0.9998640102074222	-4.42044549737572
Samm50	0.08175902360857279	6.1652686065953635	1.482223525835353	0.16605539253130142	0.9998640102074222	-4.431589563080074
Pecr	0.11678995742498	4.269531664190555	1.4788249998429912	0.16694658259463804	0.9998640102074222	-4.422341482592609
Ap4s1	0.11776352686719616	6.311762095665974	1.4745208479034917	0.1680811234337369	0.9998640102074222	-4.436712211295358
Gm3534	0.1146707728182168	6.233394580106958	1.4730166413599624	0.16847917167358561	0.9998640102074222	-4.43855673369204
D8Ertd738e	0.08955362019111313	7.053938986242662	1.4723293111040776	0.16866132327958264	0.9998640102074222	-4.4316054738164325
Plaat3	0.12178795950680144	6.663595571796122	1.4718019823752768	0.1688011863928947	0.9998640102074222	-4.435904423178226
Sra1	0.19807723912515662	5.86852211412652	1.4677351116394188	0.16988317166872882	0.9998640102074222	-4.444759502043076
Nudt6	0.15730286185816578	4.239990237946226	1.4645818131419215	0.17072617098967455	0.9998640102074222	-4.432236176240335
Chmp6	0.10349761314532469	4.725975123036203	1.46230011294905	0.1713383805019656	0.9998640102074222	-4.445691579755235
Amd-ps3	0.1848731010996172	5.496440206687665	1.4610285516758919	0.1716803680114752	0.9998640102074222	-4.450834855961045
Lynx1	0.18160656023186927	5.832728001213467	1.4480825572983826	0.17519541195221205	0.9998640102074222	-4.460793231506516
Dhrs7b	0.12126459920337229	4.218447139498503	1.4480392809694493	0.17520726400040543	0.9998640102074222	-4.443734254673728
Mpp6	0.09698175821803279	5.1513035932661	1.4480358194412186	0.1752082120353597	0.9998640102074222	-4.462775875603382
Alkbh3	0.06785516917550449	4.975402472236267	1.4414602139980166	0.17701700418319757	0.9998640102074222	-4.467218239401597
Pecam1	0.1121236765229554	4.45040972242861	1.4338858736194013	0.1791201282288311	0.9998640102074222	-4.4594598272876915
Ldha	0.10360712855017695	11.109561431167956	1.4327359638467139	0.1794412600467297	0.9998640102074222	-4.450292793598256
Farsb	0.10619846762594243	5.248858469993901	1.428118211665365	0.18073575662559732	0.9998640102074222	-4.478996188115332
Rab24	0.10728638217159592	4.84393520153277	1.4249316396770515	0.18163364679204122	0.9998640102074222	-4.4785764198650835
Shisa4	0.12601291864641606	7.144646758808621	1.4248970659651357	0.18164340936362186	0.9998640102074222	-4.46677350109518
Nob1	0.12311597188655732	4.260501605332395	1.423267369850863	0.18210408942184259	0.9998640102074222	-4.462228361247982
Sdhaf1	0.12900731186645142	4.573873495905895	1.416824572752115	0.18393499885593054	0.9998640102074222	-4.476413803792074
Rnaseh2c	0.12169183109626491	4.246132834407859	1.416221864231558	0.18410706746388814	0.9998640102074222	-4.466893610082065
Myl3	0.7046208945933978	7.64142307166307	1.4146046685424107	0.18456943489202998	0.9998640102074222	-4.471145690698211
Tmem192	0.10008943103503487	4.235000777537465	1.414352853283201	0.18464151858953076	0.9998640102074222	-4.467949535368333
Myl2	0.7182033403846901	7.487116375592518	1.4130883140434138	0.18500385960514487	0.9998640102074222	-4.4730026289158555
Ano10	0.08110286280760715	4.36503797317047	1.4129921072564338	0.18503145119554007	0.9998640102074222	-4.47238166936339
Nctc1	0.11424512896819916	6.512764928662916	1.4126943176424835	0.18511687762865392	0.9998640102074222	-4.483970295929746
Rp9	0.12551166707218808	5.012367903939343	1.4108209395984181	0.18565505269062657	0.9998640102074222	-4.492317388837372
Amd-ps4	0.18998487519658624	5.419988997528214	1.4089285111713779	0.18620003716483388	0.9998640102074222	-4.493561246823144
Rps9	0.13001183125795812	9.424078831333725	1.405748022754352	0.18711899112244806	0.9998640102074222	-4.471102138629735
Odc1	0.1964063303975916	7.393436800121727	1.4056531348614398	0.1871464660275464	0.9998640102074222	-4.479009381204767
Pfkm	0.09491753960914551	11.1155572697092	1.3985298411783316	0.1892187271424895	0.9998640102074222	-4.472187254600668
Gm14760	0.10378498951562953	7.137243379282784	1.3955869167579404	0.1900804684961776	0.9998640102074222	-4.488689501695008
Myoz1	0.08921631833480603	11.420034989993132	1.3934789360690614	0.19069974440920168	0.9998640102074222	-4.474805197850286
Lsmem1	0.10430087216723294	5.120021322916653	1.3929083592131934	0.19086765722639581	0.9998640102074222	-4.507306502662844
Babam2	0.08342008100549947	4.454958097006726	1.38988359288773	0.19175987436342795	0.9998640102074222	-4.492286383079172
Timm17a	0.10527870500379333	7.137004254922208	1.3844278830533514	0.19337797825839703	0.9998640102074222	-4.496941103220722
Gpatch4	0.10516315239289487	4.228899228837617	1.383889702655743	0.19353821375982977	0.9998640102074222	-4.489140057349738
Manf	0.13316893670370789	4.248978730659725	1.3783304521581654	0.19519990472022297	0.9998640102074222	-4.493612212984267
Pkdcc	0.15019048672125024	5.865755221061868	1.3739133854851504	0.19652866834986762	0.9998640102074222	-4.520010380273956
Chchd7	0.1599654591250328	4.970751269767529	1.3731614670608545	0.196755613934435	0.9998640102074222	-4.521921586947887
Afg3l2	0.10546158074618095	5.368672732965724	1.369325055273821	0.19791693138114833	0.9998640102074222	-4.525513356668286
Gmpr	0.12346135566826	7.201042311505767	1.368016734130424	0.19831427577191094	0.9998640102074222	-4.508242333380166
U2af1l4	0.0862636659831697	5.184809268558649	1.3678948441997125	0.19835132822354917	0.9998640102074222	-4.5273340630163545
Denr	0.09722113038897717	5.4055115569605965	1.3668443613289178	0.19867089598330603	0.9998640102074222	-4.527163029813173
Ddit4l	0.2913942244472567	7.011013343645423	1.3659492860217337	0.19894352521334902	0.9998640102074222	-4.512262882452606
Smim10l1	0.08806961725767781	6.946909880535215	1.3652212467330238	0.19916550682455228	0.9998640102074222	-4.513799082839656
Tnnt3	0.11393087870357199	14.814814583505143	1.3638835021522258	0.19957392684763361	0.9998640102074222	-4.490135476630047
Macroh2a1	0.0917708344216912	5.227204038981763	1.3611541954697177	0.2004093581599467	0.9998640102074222	-4.532674018183663
Smad3	0.19428311248028507	4.527196070246386	1.3601901648766117	0.2007051384544942	0.9998640102074222	-4.51711571801577
Rer1	0.07326974642921336	6.226139213299486	1.3600292199011803	0.20075455431440792	0.9998640102074222	-4.528169675515192
0610012G03Rik	0.13142110451636402	5.5334527650942	1.3545352443780865	0.20244747150392273	0.9998640102074222	-4.535810381992544
Tnk2	0.12197223266242485	4.410616302042967	1.353945369164513	0.20262993831347864	0.9998640102074222	-4.51669203944104
Fkbp4	0.06859738556626205	6.113582808035658	1.3502098408305152	0.20378862334234668	0.9998640102074222	-4.537043016539843
Tsg101	0.07249226332951864	5.40582371991401	1.3394688084653896	0.20715088796900352	0.9998640102074222	-4.548616544823329
Hspb3	0.09340662069413685	4.844219057082849	1.3390296241670554	0.20728933604369718	0.9998640102074222	-4.5461175410023875
Nudt3	0.09175888678159438	6.685173226111884	1.338239374390367	0.20753864622489954	0.9998640102074222	-4.538501110502904
Raf1	0.0681432180247068	6.1439221017641	1.3381692033852495	0.20756079593571444	0.9998640102074222	-4.545999419783071
1700001O22Rik	0.23272639470305378	4.444515439773905	1.3367795338949886	0.20799985208826635	0.9998640102074222	-4.530477139753817
Iars	0.0810517039316121	5.017609221642726	1.335554747966332	0.2083874499633644	0.9998640102074222	-4.551917415986093
Rilp	0.1360203761127199	4.772712955454323	1.3337127650916	0.20897148934321766	0.9998640102074222	-4.547795042437534
Cobl	0.09002473467526073	4.497578620291864	1.3305992006245513	0.20996178028981874	0.9998640102074222	-4.537403774892715
Nphp1	0.10330395578116036	4.607061088605715	1.329816240424539	0.21021141408293956	0.9998640102074222	-4.543328429469568
Mapk14	0.07337072631244723	6.039177374146636	1.326475234246165	0.2112793879052443	0.9998640102074222	-4.556078804778261
Pgam2	0.12402379720534995	10.9873131668367	1.3239264994576208	0.2120971077047514	0.9998640102074222	-4.519462496640015
Mkrn2	0.05941878425777336	5.355108937879904	1.3237650897647018	0.2121489809222053	0.9998640102074222	-4.561255699775959
Pgp	0.09583949939785796	5.737911348797842	1.322240993650459	0.21263930369669537	0.9998640102074222	-4.560293097315403
Filip1l	0.14915981451467175	4.322867225412415	1.3221119297219506	0.21268086811385747	0.9998640102074222	-4.535455942320249
Txnl4a	0.06455721022694139	5.657944216601513	1.3219406606241912	0.21273603481769368	0.9998640102074222	-4.5605885201540906
B3galnt2	0.14358737561295598	5.533164630885594	1.3187710673460318	0.21375910316416732	0.9998640102074222	-4.5635354019342
Slc38a4	0.20631810045064913	5.293949223273258	1.318314946836293	0.21390666006715703	0.9998640102074222	-4.565885314698401
Elp5	0.10251195867570928	4.669005561940603	1.3145021494685174	0.21514339110927516	0.9998640102074222	-4.557761254350524
Metap2	0.1362962961169547	6.40440471322475	1.313781307649006	0.21537786397242714	0.9998640102074222	-4.561112743820045
Timm23	0.07318809923719982	8.076855732035085	1.312665623127848	0.2157411831521835	0.9998640102074222	-4.540550748080614
Cdc123	0.08063172789818829	5.32551536060255	1.3068240371438264	0.2176516892006387	0.9998640102074222	-4.574536043268122
Mir6935	0.4143807325358697	4.982390367417212	1.305686215932208	0.21802542413646706	0.9998640102074222	-4.574573592147187
Acbd6	0.10181905603034735	4.956174758756607	1.3034539919349357	0.21876015848770491	0.9998640102074222	-4.57592266062025
Map2k2	0.12704510375942313	6.645483454510111	1.3030609976341174	0.21888972162752757	0.9998640102074222	-4.565366503204654
Zfp358	0.09625718985230325	4.913756009179791	1.3024883047551439	0.21907864050624393	0.9998640102074222	-4.575796108564686
Rnf126	0.11539650818165992	5.292931350446608	1.296055835262954	0.22120974126071355	0.9998640102074222	-4.583012813966047
Smtn	0.14931064292705187	4.4337524513595366	1.293281690528715	0.2221340341289557	0.9998640102074222	-4.5608357560902935
Tfdp1	0.08212501696073193	5.037690492614561	1.2920295737000778	0.2225522463707392	0.9998640102074222	-4.585634788583315
Gm10293	0.10520333018418615	7.012150045726252	1.2918627514960144	0.22260801411057862	0.9998640102074222	-4.566047988400474
Nrep	0.25838423963573565	5.607584179724876	1.2871225465020841	0.22419740355619183	0.9998640102074222	-4.587285480875075
Mrps12	0.08168544491237828	5.594714804179256	1.2822118366648099	0.22585369278754336	0.9998640102074222	-4.591049818473549
Akt1s1	0.08735961593921893	6.5825449327927785	1.2796096606148784	0.2267353814390299	0.9998640102074222	-4.5837737784590775
Vps4a	0.06091774106715331	5.674849016893643	1.2787483200940974	0.22702784240030557	0.9998640102074222	-4.593418226996975
Dusp10	0.26204315847570747	4.2298123559805205	1.27620193904542	0.227894236329918	0.9998640102074222	-4.562394813579837
Tcp1	0.07899905174397226	6.634766320517922	1.2750886693933843	0.22827386296007088	0.9998640102074222	-4.586083600865304
Smim20	0.10038428132928079	6.066658646891844	1.2749949794548878	0.2283058347580495	0.9998640102074222	-4.594820217600785
Mrfap1	0.08899632740129348	7.211743148552895	1.272714321711336	0.22908523259055583	0.9998640102074222	-4.576102715395891
Cyhr1	0.09395474381930402	5.346278596023159	1.2720986547735187	0.22929600149313933	0.9998640102074222	-4.600834339159225
Mrpl51	0.08371476707661607	6.72783549747963	1.2674220199153925	0.23090214587951588	0.9998640102074222	-4.589694536755364
Set	0.06018643502412058	5.514762859367889	1.2669709455873062	0.23105754328763603	0.9998640102074222	-4.602988390755497
Ifrd2	0.06453885247376245	4.796972481282851	1.2668704032064633	0.23109219218134378	0.9998640102074222	-4.599051448100953
Zc3h14	0.07739999321241875	4.6406700352775685	1.2664956819777293	0.2312213655632333	0.9998640102074222	-4.591461177185388
Ncaph2	0.057078210102483595	4.71082791558476	1.265568176344345	0.2315413452458752	0.9998640102074222	-4.596002985632429
Dctn6	0.06443861641603554	5.3270797168388535	1.2654314021475195	0.2315885611911699	0.9998640102074222	-4.606012565918305
Trmt112	0.10388637803265954	4.431907733058067	1.2647543029873944	0.23182241790841007	0.9998640102074222	-4.580611830313154
Rnf114	0.12112903581458845	5.553460097706592	1.2636026916441052	0.23222060029395944	0.9998640102074222	-4.605236037986715
Ak1	0.10359179308453825	10.055130302505228	1.2618988955727022	0.23281072039670603	0.9998640102074222	-4.562603599430226
Cuta	0.11583595258971968	6.130659024903651	1.2579428754116777	0.23418558391305225	0.9998640102074222	-4.606712706530928
Prmt7	0.0778155381116159	4.774100326202678	1.2568781753933946	0.23455672351544593	0.9998640102074222	-4.605426267152592
H2afv	0.09971011562046073	4.82768488298725	1.2561444150199204	0.23481277821357302	0.9998640102074222	-4.6082773712905585
Cdk4	0.08281016427545662	4.4257297231977075	1.2542559931320738	0.23547280283756833	0.9998640102074222	-4.587498116590279
Stradb	0.0808541622537291	6.024030315658563	1.2540116179541312	0.2355583238730147	0.9998640102074222	-4.610867604049252
Hacd1	0.1800194907529198	5.70973384718322	1.2506955055754285	0.23672129951511595	0.9998640102074222	-4.614343504351239
Hdgf	0.07330068438906778	7.674150179476084	1.248403093488928	0.23752795790285355	0.9998640102074222	-4.58760299825402
Gars	0.06016992898904139	5.327028727591253	1.2462252513166339	0.2382963481212652	0.9998640102074222	-4.620398776626318
Trir	0.09975421075997826	5.799269166580659	1.2426655598338945	0.2395565858322907	0.9998640102074222	-4.620239301626937
Smco1	0.13083702239367145	5.759134661872906	1.2412161245428621	0.2400712605212968	0.9998640102074222	-4.621334971083231
Zc3h11a	0.10092766443225099	5.441472942315498	1.2396864086064867	0.24061540401190412	0.9998640102074222	-4.624075730977446
Ppp1cc	0.06454515510692982	6.410194370146729	1.2383914078456069	0.24107682870908803	0.9998640102074222	-4.616624567780082
Rnf187	0.07730986881583402	5.817742571619937	1.2383390898516646	0.24109548515760335	0.9998640102074222	-4.623415505945985
U2af1	0.09205435219352953	5.276628979415602	1.2310965013768649	0.24368936099239769	0.9998640102074222	-4.6319986975352085
Tmem222	0.07309577730245387	4.705923347065394	1.2300928383705876	0.2440505705310312	0.9998640102074222	-4.621456206710658
Tmem234	0.0812829283142964	5.581913817727609	1.2295119006437265	0.24425984052702676	0.9998640102074222	-4.630332448052862
Mrps24	0.11204531584959199	5.62718578529177	1.229136143079151	0.24439527530475724	0.9998640102074222	-4.630387997294356
4933434E20Rik	0.0852546817740274	5.672046293983089	1.2284521417931809	0.24464196487672057	0.9998640102074222	-4.630783436776263
Ccdc124	0.07721436614959831	6.118655280959474	1.2269174379805798	0.24519619022588285	0.9998640102074222	-4.62965031861057
Glrx5	0.10962738084609303	5.933221351648752	1.2218390153137377	0.24703730712816407	0.9998640102074222	-4.635193684844566
Hypk	0.09871950227139781	5.776138236714277	1.2206743730269878	0.2474610841807284	0.9998640102074222	-4.636400620062515
Cdk2ap1	0.0727174684258447	6.150398932104347	1.2102323635874472	0.251286537172185	0.9998640102074222	-4.641266281642734
Wfdc1	0.11639789570680481	6.012718799171841	1.2098791028913791	0.2514167726965504	0.9998640102074222	-4.643282539679444
Map2k4	0.07215037686159231	5.453274209001854	1.2072592194272593	0.25238431116661075	0.9998640102074222	-4.647732135187206
Cog4	0.0678413108829421	5.234161131542955	1.2064786121968838	0.2526731649394921	0.9998640102074222	-4.650298905213673
Neat1	0.15844358488609167	9.759189720505658	1.205890931540445	0.2528908017542177	0.9998640102074222	-4.599130414186878
Ube2s	0.06684926867473884	5.965992753237769	1.205633023385756	0.2529863602868203	0.9998640102074222	-4.646752396736483
Atf4	0.0867201500076904	7.3259743899992165	1.2027932882090444	0.2540404163612414	0.9998640102074222	-4.622062581203815
Anp32b	0.089652919885995	5.703278273674314	1.200997985723777	0.2547085928800519	0.9998640102074222	-4.650715461942717
Egfl7	0.13848266708557855	4.679558069420313	1.200680019000122	0.25482707888594935	0.9998640102074222	-4.640800278305454
Mef2a	0.08768500628686393	5.729974160316253	1.1981650427432702	0.2557657895316856	0.9998640102074222	-4.652740991860055
Trappc1	0.06181294935770598	5.458265417931098	1.1971745227182553	0.2561362498400569	0.9998640102074222	-4.654981461079605
Pfdn1	0.08157689317919381	6.626051545867456	1.1968962680752493	0.2562403950554355	0.9998640102074222	-4.6420789822044055
Eif3i	0.08753681565278093	6.940566377796759	1.1959446747503442	0.25659681080866464	0.9998640102074222	-4.63462884405059
Ube2r2	0.059511104876147414	6.356759330076912	1.1954434207995712	0.2567847112048308	0.9998640102074222	-4.64828976489311
Pdlim1	0.33756740942360164	4.3477650072966245	1.1949211108058604	0.2569806204093671	0.9998640102074222	-4.622512353849337
Gsto1	0.10066090128924987	5.41162818533844	1.192201399808166	0.2580026455689365	0.9998640102074222	-4.659154321193074
Kars	0.07777023759716872	6.0911438585903035	1.1886307958080051	0.25934929360530806	0.9998640102074222	-4.657638226761106
Mpv17	0.12219000277654679	4.406694891421962	1.183867768140796	0.2611542858350499	0.9998640102074222	-4.6336536587304975
Mmadhc	0.12721894266544442	6.551176968617572	1.183698864575506	0.2612184745900746	0.9998640102074222	-4.652899944204612
Nop56	0.10692079622645867	4.588274725311932	1.1814832468139898	0.26206163090719886	0.9998640102074222	-4.647941108720508
Golph3	0.05930496772790583	5.342240720499715	1.1812524625954872	0.2621495791774953	0.9998640102074222	-4.66782279770431
Cdk19	0.13574172295095543	4.439439522272763	1.181061842809543	0.2622222389194138	0.9998640102074222	-4.637746718687079
Jak2	0.11481910394901274	4.540642950970225	1.180096214418673	0.2625905570107169	0.9998640102074222	-4.645528039925033
Ei24	0.0558102521046564	5.917483037823292	1.1797470742535578	0.26272382910026176	0.9998640102074222	-4.6656370926074295
Lcmt1	0.09054587964953953	4.614767174854828	1.1780388964395512	0.26337663327321637	0.9998640102074222	-4.652157518161005
Tarsl2	0.06551241042243561	5.503011911442326	1.1764076959819434	0.264001208771885	0.9998640102074222	-4.669345954721694
Dnajc19	0.15425285394987043	6.169504645593411	1.1757795374590132	0.2642420364374649	0.9998640102074222	-4.6655388929181445
Cdip1	0.0661686650232971	5.3023823887804475	1.1755089642772176	0.26434582376289917	0.9998640102074222	-4.6723005580767625
Adsl	0.051136512476869456	5.552643901478726	1.1730345739700685	0.26529644358276233	0.9998640102074222	-4.67132353569906
Rbm5	0.06334988613492243	4.604187897760751	1.1725298952234178	0.26549066175257174	0.9998640102074222	-4.655186994669707
Zfp768	0.09160246327027632	4.662049575514547	1.1696121685043446	0.2666156926213484	0.9998640102074222	-4.661214333058693
Tomm40	0.09979914584686522	4.753159662023737	1.168872527212705	0.2669014798024885	0.9998640102074222	-4.6674521201722285
Psmg2	0.06967852663701635	4.729203565907628	1.1653911460809678	0.26824986117425464	0.9998640102074222	-4.668483313713698
Nit1	0.06779620000051523	4.501497330901167	1.1647739967085635	0.26848944596752067	0.9998640102074222	-4.652962588873818
Psma3	0.17856798583162625	7.240716328462336	1.163141240610752	0.26912410869434655	0.9998640102074222	-4.649740794937436
Abhd11	0.08763199514084707	5.113758751061227	1.1623314077530755	0.26943933076232685	0.9998640102074222	-4.6819101271566055
Sypl2	0.11399888637577593	7.091426106717742	1.1623153618902573	0.26944557942238306	0.9998640102074222	-4.653480887545719
Micos13	0.07953316412145206	5.900304715568911	1.1618791808327587	0.2696154826172906	0.9998640102074222	-4.678378373778248
Rpl8	0.07954912207273424	8.72863273450574	1.1588264820714365	0.2708069274527355	0.9998640102074222	-4.63477921412318
Sars	0.08030225394132096	5.181303355769758	1.156610356640823	0.2716744361098299	0.9998640102074222	-4.686193914323889
Rps2	0.09281710604549254	9.586223044703079	1.155465392037665	0.27212348427355443	0.9998640102074222	-4.630944542200669
Phf5a	0.07600629790597146	4.374218469926461	1.1544194450699492	0.2725342039034202	0.9998640102074222	-4.650540383024247
Mrpl10	0.06605989486400166	4.785098928987923	1.1527021224410128	0.2732096050832135	0.9998640102074222	-4.680439624532415
Shisa2	0.1710980949164682	5.690626096670496	1.1521862535419605	0.2734127442078471	0.9998640102074222	-4.6854578997966225
Aldoa	0.09957130870164299	13.868572196827959	1.1510191808282906	0.27387274872159395	0.9998640102074222	-4.600781855829203
Edf1	0.06102460927916464	7.14664671357882	1.1493156122940165	0.2745452955033854	0.9998640102074222	-4.66075490114549
Palmd	0.16099191841563698	4.157184213270175	1.1488308496723425	0.2747369081446428	0.9998640102074222	-4.639283560529385
Myh8	0.13115186485905106	7.356335716495844	1.1473666209865216	0.275316306937907	0.9998640102074222	-4.657966092642752
Fbxw2	0.0659406365751316	5.184045385490789	1.1461874922329793	0.2757835810902853	0.9998640102074222	-4.693562474403168
Rpl4	0.06510339140932508	9.424792883611815	1.1455050254913441	0.27605431564815786	0.9998640102074222	-4.638034023914573
Uqcc3	0.08080542440780114	5.561668763482537	1.1442782152949216	0.2765415103307724	0.9998640102074222	-4.691530426796349
Higd2a	0.06262483560140986	7.409987965814215	1.1436292002720945	0.2767995190876023	0.9998640102074222	-4.659535956153399
Ecsit	0.05896921467969474	6.254181329896769	1.1408911467061664	0.2778900593250865	0.9998640102074222	-4.6883168905086245
LOC115488166	0.09932116461286533	4.992838474146971	1.138905786688512	0.27868289085605463	0.9998640102074222	-4.697070629800302
Atp5g2	0.0719115141455724	8.657948587387207	1.135112485203739	0.28020257586514996	0.9998640102074222	-4.649915061018264
Gpd1	0.11863022401981027	8.47664425545755	1.1337541916100062	0.28074829674588053	0.9998640102074222	-4.65262550055871
Hk2	0.10798248798994159	6.438581713688849	1.1329825525089041	0.28105868372614384	0.9998640102074222	-4.690056218723519
Dvl1	0.07203498727548308	6.1428628561489536	1.1325913086448929	0.2812161604526437	0.9998640102074222	-4.6960858573942685
Ddo	0.13052109588796057	4.248864861449994	1.129445195176724	0.28248496004428136	0.9998640102074222	-4.6573438316949725
Rnaset2a	0.0622743625411859	6.504968988661774	1.1278126210663453	0.2831451026135118	0.9998640102074222	-4.692193229950831
Hint2	0.09691290581538592	5.2313442522937414	1.1216818719987403	0.28563474343836537	0.9998640102074222	-4.710704162029548
Chmp3	0.062454832166643826	4.7072300920076495	1.1198915977282873	0.2863649285897036	0.9998640102074222	-4.698174910982565
Timm29	0.05900628442900846	5.537855133339187	1.1198003834446195	0.28640216986420297	0.9998640102074222	-4.708699052423031
Pdcl3	0.06361155497257442	5.321168330702648	1.118398612708775	0.28697495823317365	0.9998640102074222	-4.712342358153829
Slc9a3r2	0.13252354778397812	4.306756294217322	1.1181191449142396	0.28708925897724374	0.9998640102074222	-4.66852443056452
Suds3	0.06617508272816686	5.446900746847323	1.1160004495454299	0.28795693209531875	0.9998640102074222	-4.712408216517041
Azi2	0.07329370696856419	4.531808443291939	1.1145123221648445	0.28856757107890674	0.9998640102074222	-4.688301416691029
Vamp8	0.0928982904893676	5.403499132560063	1.1135034512940034	0.2889821168738005	0.9998640102074222	-4.714741064887589
Sptbn1	0.08837985776754564	4.732540837659352	1.1129503919771861	0.2892095632411324	0.9998640102074222	-4.704525146875944
Polr2m	0.08064477335386044	6.675945333191686	1.1127421992601554	0.2892952183470612	0.9998640102074222	-4.6980580916844055
Stt3b	0.08045536106737217	5.25346356103815	1.112229497783449	0.2895062381026333	0.9998640102074222	-4.717125186735182
Cox5a	0.07979403731475543	9.510277875115996	1.1119785432629994	0.2896095700170656	0.9998640102074222	-4.657261606563087
Jpt1	0.10065303712404283	5.105095280747996	1.111619416253585	0.2897574917588501	0.9998640102074222	-4.717371554074958
Rab22a	0.06363981440226674	5.013742454824283	1.1093843247777668	0.29067941196483177	0.9998640102074222	-4.71787188111888
BC031181	0.07934261300950407	4.78729395190622	1.1089635625328318	0.29085321718158047	0.9998640102074222	-4.7105088967639
Khdc4	0.08471780519860772	4.560645895189911	1.1080783790724582	0.2912191218445896	0.9998640102074222	-4.694817397812934
Ilkap	0.0643345478577455	5.157762836262484	1.1055438117271077	0.2922687753314047	0.9998640102074222	-4.721792461872759
Stk40	0.062020169694443794	5.64595488900056	1.103843714799056	0.29297446574818653	0.9998640102074222	-4.71893270999095
Uap1	0.07850050499214145	4.733671818229254	1.1008529158024636	0.2942190721464015	0.9998640102074222	-4.7127012009310985
Myoz2	0.5357900314615076	6.416352867386802	1.0996267632162462	0.2947304952219335	0.9998640102074222	-4.712944796782925
Adi1	0.07825049545287754	6.398426345632029	1.0986490063087735	0.2951387996000595	0.9998640102074222	-4.713976202663314
Rab12	0.0694123171085792	7.74916466202199	1.0951680544955853	0.296595923879695	0.9998640102074222	-4.685661331695746
Rpl6	0.08544815015497065	8.171101976383424	1.0949611412412774	0.2966827099770228	0.9998640102074222	-4.680137439269432
Bpgm	0.07981918144847455	6.997658729131461	1.0939012979363838	0.2971275458461868	0.9998640102074222	-4.700431703067266
Lamtor2	0.0529936943711764	6.1526852566031565	1.093659433323499	0.2972291320607576	0.9998640102074222	-4.722363465206473
Ldb3	0.08277592388608035	10.23581370613299	1.090914632710809	0.2983838368599032	0.9998640102074222	-4.663049479823333
C1qbp	0.07333770904511194	6.306235186127775	1.090304694096439	0.29864089359594065	0.9998640102074222	-4.721491688612851
Myl9	0.11782080377354376	4.40276742218037	1.089734191463109	0.298881482562399	0.9998640102074222	-4.693567798385096
Trap1	0.06315044236764589	6.895537828827595	1.0883107093708047	0.299482427459581	0.9998640102074222	-4.707158194207822
TrnG	0.1813126086104031	6.716850361262186	1.0879384739712001	0.2996397237191651	0.9998640102074222	-4.713129078705483
Nfyb	0.06359443467720638	4.204423706260428	1.0879069198855702	0.2996530604779674	0.9998640102074222	-4.679137881526667
Polr2f	0.07232245871060172	5.193355804669858	1.086406984752344	0.3002875485878426	0.9998640102074222	-4.734892586931161
Smim19	0.06688019405787937	5.228644681068146	1.0785951078747302	0.3036085478243612	0.9998640102074222	-4.740187070865332
H2bc8	0.09577709007799307	4.22429776953105	1.0783175919268695	0.30372703546451557	0.9998640102074222	-4.686321871917722
Ufc1	0.0783040069384473	6.59670348419481	1.0780131845936438	0.30385704483881215	0.9998640102074222	-4.723050368234972
Ccdc12	0.06936331167080834	5.613602912341175	1.07687136563525	0.304345079690618	0.9998640102074222	-4.737273658253853
Nol3	0.08752448303733473	5.247214698442748	1.0749838230420838	0.3051531505362246	0.9998640102074222	-4.742524787421995
Srl	0.08218199826486661	9.176340530876779	1.0740367290401416	0.3055592189097739	0.9998640102074222	-4.681738908047373
Abcf3	0.08523911161420372	4.975861080169258	1.0739546555146748	0.3055944273046214	0.9998640102074222	-4.741208977919093
Sec14l1	0.10913121328998532	4.587264897671196	1.068621917407611	0.3078886697246799	0.9998640102074222	-4.722367232008171
Atad3a	0.07584821415045528	4.43949498208449	1.0681043524619442	0.30811202530574483	0.9998640102074222	-4.710001166286129
Srpk3	0.10116230130798964	4.947324840939507	1.067692670004151	0.30828977438922356	0.9998640102074222	-4.744707906361035
Parl	0.06267566053979756	5.017187639419639	1.0673999820129767	0.3084161930999826	0.9998640102074222	-4.746339815701107
Mrps28	0.07406061462821256	6.2485337754978705	1.0663674093135735	0.30886249705511126	0.9998640102074222	-4.738531668864843
Nap1l1	0.08227349802841921	5.468546902919865	1.0663656380085837	0.30886326307547624	0.9998640102074222	-4.745680946087523
Snhg5	0.13526828648429845	4.285432539277325	1.0647823016072477	0.3095485666681308	0.9998640102074222	-4.699201529708058
Cops6	0.06241952390087757	6.696372938329146	1.063968371386527	0.3099012990158749	0.9998640102074222	-4.7291915361437376
Znrf1	0.08483023265182954	4.557337474097744	1.0581721629975887	0.31242194337288526	0.9998640102074222	-4.726421911952931
A930005H10Rik	0.09859927546238101	4.2502305629362676	1.0579961637715387	0.3124987216745026	0.9998640102074222	-4.700333389471739
Cul3	0.08261465576166493	6.863176862579894	1.0567013671126988	0.31306400198190953	0.9998640102074222	-4.7282777464665475
Dusp26	0.15340544601175132	4.838900710014866	1.0565295836241653	0.31313905654171664	0.9998640102074222	-4.748203218561723
Csnk1e	0.07734050532053693	4.817522825441428	1.0539203366305594	0.3142807317271676	0.9998640102074222	-4.748879023086626
Trappc2l	0.11473931313790597	5.128905293629146	1.0535109061132648	0.3144601606397335	0.9998640102074222	-4.756761687625411
Rbx1	0.06627790121863786	5.848979281476915	1.052624712754897	0.31484878893242096	0.9998640102074222	-4.7529140948110555
Mrpl36	0.07714330482818443	5.255686184583945	1.0516104760691496	0.3152940100774911	0.9998640102074222	-4.7580586906601505
Eif2b1	0.06662071805855607	4.830841539340748	1.0511691227199096	0.31548789875026967	0.9998640102074222	-4.751355080220206
Rcan1	0.16039643522292035	5.786283129791831	1.0506449820977142	0.31571827214291404	0.9998640102074222	-4.754306157789829
Cmbl	0.07565384493885663	6.58286624554361	1.049211919120871	0.3163487828071711	0.9998640102074222	-4.741972053819755
St3gal5	0.20937003013268995	5.8499648128820105	1.0468921368483466	0.3173714215050101	0.9998640102074222	-4.756666138109885
Rsph3b	0.07644887108281928	4.738483582054684	1.0455296302253232	0.31797321054632594	0.9998640102074222	-4.749262488470779
LOC115486976	0.20349916251720757	4.651389341466565	1.0421439790009812	0.3194722644922073	0.9998640102074222	-4.74457963590637
Cib2	0.1065745888887406	7.326366374254222	1.0417201727734449	0.3196602822300537	0.9998640102074222	-4.724476134796151
Ndufa11	0.08075226507127731	5.7528628266372035	1.0413864397439214	0.3198083978453801	0.9998640102074222	-4.760378520856478
Ank	0.06729716444124367	6.698866928341398	1.0402473287432001	0.32031433713878804	0.9998640102074222	-4.744156710928474
Tpm1	0.07805712536326581	14.569553448342125	1.0394912437421284	0.32065048336078783	0.9998640102074222	-4.64827560505408
Tex2	0.053054707629626385	4.843986264406495	1.036288164289217	0.32207744635252966	0.9998640102074222	-4.761596505180806
Rnaset2b	0.05596267828660295	6.299587594882854	1.0357394927699473	0.3223223509531622	0.9998640102074222	-4.7572397135720195
Foxn3	0.06996463617833193	4.8128145250044385	1.0355082571889531	0.32242560653974894	0.9998640102074222	-4.760517841562349
Fitm1	0.07219181880692904	7.909653987937843	1.0327150651773889	0.3236748164227953	0.9998640102074222	-4.720952581776369
March5	0.052957630480341855	5.247239347630177	1.0322815017733127	0.32386904234814706	0.9998640102074222	-4.7708086918393695
St6galnac6	0.0638369799777525	5.139155991360691	1.0315934624916268	0.3241774448309436	0.9998640102074222	-4.771220911598976
Apip	0.05662281064201036	5.045433208047174	1.0294139102483881	0.325155831938038	0.9998640102074222	-4.771757756814964
Gpi1	0.06866485529419997	9.03956694642674	1.0265492425949936	0.32644508915643844	0.9998640102074222	-4.709771595967087
Tmem94	0.102719296743361	4.536905640707707	1.0264613178995126	0.32648471986103667	0.9998640102074222	-4.744215757068994
TrnD	0.18362599838568805	6.6568983103297	1.0260293678803514	0.32667946641312284	0.9998640102074222	-4.754398858102693
Capzb	0.08022572629100821	7.725667857592949	1.0256638729338987	0.32684431854166596	0.9998640102074222	-4.727713606787861
Bves	0.061855855230878554	5.0315634070862965	1.0226788523967882	0.3281929807491849	0.9998640102074222	-4.775922307502129
Gpc1	0.06331480398386713	6.831150965242107	1.022036045234967	0.3284839449238425	0.9998640102074222	-4.750928668610683
Mtus1	0.0744287516670914	5.258936537455194	1.018245165329793	0.33020374767668725	0.9998640102074222	-4.779837502779777
Suclg1	0.06905331296612971	8.109887323670865	1.0177986521501028	0.33040675306576484	0.9998640102074222	-4.72651981225107
Hbs1l	0.050515991995658815	5.140823700588461	1.016259892887602	0.3311070485862475	0.9998640102074222	-4.781168796655982
Ciao2a	0.08650435696673142	5.47390403020449	1.0139512395737782	0.33215977620032766	0.9998640102074222	-4.779804110963962
Galt	0.10520192238202242	4.357801482252267	1.0135411440526352	0.3323470339306216	0.9998640102074222	-4.73552201225062
Cldnd1	0.043683953124686425	4.838724230972484	1.0119321899874647	0.33308246444276146	0.9998640102074222	-4.776953801003371
Gtf3a	0.10791360240855496	4.434765091694661	1.0113883720203631	0.33333130648535536	0.9998640102074222	-4.743830691416117
Kcna7	0.0991947497767951	6.187454978463335	1.0102330189502327	0.33386043035444	0.9998640102074222	-4.775990116528246
Raly	0.05520647043240867	5.031901858421796	1.0092651292111146	0.33430417540084	0.9998640102074222	-4.784552464605282
Banf1	0.0635760095783775	6.403453967851629	1.0087120406664765	0.3345579424018219	0.9998640102074222	-4.771888968918041
Hnrnpa1	0.10425337536792156	6.250183217722805	1.0081942796204721	0.334795628662243	0.9998640102074222	-4.775847503443952
Fdx1	0.12388236128595587	4.624894032459931	1.0074542131023254	0.33513558289125145	0.9998640102074222	-4.763863871799298
Wdr1	0.0649619660781493	4.400729525795704	1.006735451930588	0.33546599278949873	0.9998640102074222	-4.743415167846214
Mfn2	0.07599729673680411	7.565343504130067	1.0060192679140167	0.3357954556080116	0.9998640102074222	-4.741452118537183
Idh3g	0.07839374581556058	8.401694002143781	1.0054808269003532	0.3360433083529428	0.9998640102074222	-4.728910275014338
Gm10566	0.09065292227382127	4.225502050583042	1.004767311276016	0.33637195725026514	0.9998640102074222	-4.728763993928333
Cwc15	0.07249711267001224	6.342718459786215	1.0035517251119448	0.3369324047859362	0.9998640102074222	-4.776564925084171
Ociad1	0.060494311744979434	6.63123589863165	1.0019926405387138	0.3376522235224598	0.9998640102074222	-4.770089867205664
Ubl7	0.06375856334208052	6.23253478901309	0.9940887025427567	0.34131873236993726	0.9998640102074222	-4.785079642367911
Kif3c	0.09004171338895972	4.4115890259766735	0.9920683740756625	0.34226057436666923	0.9998640102074222	-4.7529745428653865
Cars	0.06954592398666826	4.609180680980153	0.9916223073954554	0.3424687778710802	0.9998640102074222	-4.772076760748379
Sgca	0.06833321177407381	7.349573053344734	0.9901149538390666	0.3431730240481531	0.9998640102074222	-4.754483722385493
Timm50	0.06349171172635071	5.23279185650415	0.9853552150085219	0.3454037243882705	0.9998640102074222	-4.800964297269573
Bin1	0.06866054738960692	9.132493409369662	0.9812224954648711	0.3473490914156281	0.9998640102074222	-4.733816457916012
Rpl29	0.09993400646671446	8.113575870798186	0.9794768739350332	0.3481731776658441	0.9998640102074222	-4.748137421776896
Chmp4b	0.060697723194898856	6.844847729626484	0.9783100446239229	0.3487248122886121	0.9998640102074222	-4.776835543544265
Rps8	0.07595621077955528	8.77248213827985	0.9725531728434046	0.3514557099693524	0.9998640102074222	-4.742111053597852
Atcayos	0.10906436360499683	7.388920706050792	0.9700134220754019	0.352665391766252	0.9998640102074222	-4.765187523797993
Anapc5	0.097721489276406	8.455043731411553	0.9680793638823088	0.3535885936058122	0.9998640102074222	-4.748777977977919
Prpf19	0.06649369384548542	5.689314372287231	0.967925428902676	0.3536621475258086	0.9998640102074222	-4.806959719254263
Lrrfip1	0.10039179827918066	5.789812293377844	0.9675197451768508	0.35385604596898734	0.9998640102074222	-4.807128187299034
Mettl22	0.06108286019480591	6.390430549125226	0.9658947270315004	0.3546334982481264	0.9998640102074222	-4.798503679454424
Trabd	0.05422404015453797	4.759789728483069	0.9653328613839509	0.3549025955486662	0.9998640102074222	-4.800824095523512
Card19	0.08747232520605586	6.599146726854741	0.9627943986032763	0.35612018520755706	0.9998640102074222	-4.794813705096356
Map2k1	0.06269652877005782	5.4473420702120565	0.9627698543665085	0.35613197263577656	0.9998640102074222	-4.812363328739617
Rpl7	0.06385495917755435	8.85285299370899	0.9627097122182757	0.3561608572304804	0.9998640102074222	-4.746494501800078
Rhbdl1	0.13373345583154173	4.679882869981269	0.9624779027717102	0.3562722045771214	0.9998640102074222	-4.796113309663234
Jtb	0.06390072145005643	6.474751616904195	0.9610133364333799	0.35697627225234874	0.9998640102074222	-4.799300694568223
Nmrk2	0.5053706062513275	4.448090650186778	0.9601119844359791	0.35741007939647806	0.9998640102074222	-4.774864779793258
Pfkfb3	0.4476049909991584	6.439960031416595	0.9578328966123506	0.3585086564410386	0.9998640102074222	-4.802100147619608
2310022A10Rik	0.054976543627148544	5.589067829275319	0.9577743277261132	0.35853691995805814	0.9998640102074222	-4.813642160613227
Slc16a10	0.09274098987481594	4.385497593300468	0.9573168756492513	0.35875772698493347	0.9998640102074222	-4.770252469382091
Rmnd1	0.12502049759881384	4.349895790566468	0.9560315104098507	0.35937867977342164	0.9998640102074222	-4.767488833850261
Ap2m1	0.04809785132627731	5.4069375863344025	0.955885407240549	0.35944931007116887	0.9998640102074222	-4.817280524125878
Mrto4	0.06029941888400536	4.5846766898301725	0.9537695366785992	0.36047329408122164	0.9998640102074222	-4.792164732650383
Smim12	0.06511322464549885	5.0412791303880224	0.9534788659527865	0.3606141281509	0.9998640102074222	-4.819620973695572
Me3	0.06252798605875132	4.639527935000296	0.952338974596526	0.36116680117656663	0.9998640102074222	-4.798312702269138
Mgst3	0.07324367988782932	8.004452079795294	0.9518814656927733	0.3613887931655474	0.9998640102074222	-4.765230906766666
Ptges2	0.07826686700638241	4.593243252913697	0.9514198031610452	0.3616128993573051	0.9998640102074222	-4.79438121044299
Spsb3	0.06966074241480325	4.8820392652141384	0.9505085322995024	0.36205555149314284	0.9998640102074222	-4.8170231623857696
Mrpl15	0.062078001930760074	4.348571601271603	0.9468022565563151	0.36385986888595245	0.9998640102074222	-4.772464450063938
Tcf25	0.06762055655723032	6.287945437156518	0.9461692201788977	0.36416868810104286	0.9998640102074222	-4.812934782993262
Mapkapk5	0.054372925091365154	5.574420394164489	0.9427676372650919	0.36583130568962774	0.9998640102074222	-4.822868153804384
Nsmaf	0.07098197079277124	4.601453779135907	0.942543714529183	0.3659409431864886	0.9998640102074222	-4.800357790017149
Pkm	0.09927040439360901	10.90562416482826	0.9421984403328773	0.36611004280212256	0.9998640102074222	-4.734032904529842
Timmdc1	0.07353800324549198	4.498152929999162	0.940193734616718	0.36709295389839347	0.9998640102074222	-4.791222800031056
TrnC	0.20399045115803105	4.894600429482107	0.9359567080629482	0.36917653680012563	0.9998640102074222	-4.826286425336102
Atp6v1f	0.07820693966273051	6.378539590497968	0.9354982283583729	0.36940249843783723	0.9998640102074222	-4.816939823906775
Tnnt1	0.6270531975517297	5.50400426956686	0.9346955814635669	0.36979831864386525	0.9998640102074222	-4.828477307176088
Sem1	0.06278179899500991	7.208951293254358	0.9325680178541698	0.370848965592637	0.9998640102074222	-4.790666703810136
Tmem100	0.2745465431264211	5.000155860657154	0.9314431045524477	0.3714053298911508	0.9998640102074222	-4.832248276368117
Hoxd8	0.10603860145919519	5.0917842114530485	0.9292051707261083	0.37251393008781186	0.9998640102074222	-4.835034901285028
Slc25a3	0.07147059546178447	9.515890300219539	0.9289293211944525	0.3726507386218415	0.9998640102074222	-4.757664718326806
Cox8a	0.09514912780885876	5.7682555687546015	0.9289210774357379	0.37265482768835734	0.9998640102074222	-4.830517671184825
Ppp1r27	0.2274046633740694	7.132184246009141	0.9285832480595404	0.3728224249487222	0.9998640102074222	-4.795188713811393
Ppp2r5a	0.05841160670455725	5.360148528225581	0.9282541928998163	0.37298572045179734	0.9998640102074222	-4.834787066302929
Mettl26	0.10309895236755473	4.90318339488687	0.926834836853062	0.37369066227216563	0.9998640102074222	-4.8320743685255945
Hagh	0.04943436804181456	5.788028873657243	0.9264667315195776	0.37387363994454126	0.9998640102074222	-4.831956486487787
Higd1a	0.07398314910130566	5.632744510949644	0.9260382888215122	0.3740866896197409	0.9998640102074222	-4.832451156412789
TrnT	0.1802740180461324	5.383329973207542	0.9250932703098731	0.3745569169668391	0.9998640102074222	-4.836308164665204
Gm10291	0.0758124879030655	6.284308979750319	0.9249385695662216	0.3746339334320917	0.9998640102074222	-4.825586919814338
Snrpe	0.10262407919043426	5.549891681833798	0.9215716015370651	0.37631291332567074	0.9998640102074222	-4.835762382726475
Isca1	0.06390717748571095	7.8640855033859784	0.9213975970659167	0.3763998263720222	0.9998640102074222	-4.784141322511629
Pm20d2	0.1205342651522523	4.209180244088868	0.9196900965047203	0.37725345010888267	0.9998640102074222	-4.773272662367818
Bag1	0.0521242738734804	7.200359397436608	0.9195541572610337	0.377321468053992	0.9998640102074222	-4.798122932558497
Sh3bgr	0.07412608423206812	9.200982569075272	0.9185836984814741	0.37780729263277424	0.9998640102074222	-4.766041486219429
Fam220a	0.09403561828831641	5.835308414848527	0.9178700086824597	0.37816485534161703	0.9998640102074222	-4.836976390644848
Myh4	0.1282596269587426	13.68900607646977	0.9170517266751724	0.3785751114782606	0.9998640102074222	-4.709533139615284
Mrps18b	0.06140555381205637	5.205300371961766	0.9170070191505175	0.3785975351577263	0.9998640102074222	-4.842800375329544
Stub1	0.055767578378304705	6.366140741981799	0.9158593663108734	0.37917347525154543	0.9998640102074222	-4.828740357499386
H2bc4	0.07608163098152243	6.409180589710469	0.9145817067098934	0.3798153802594201	0.9998640102074222	-4.828337538011974
Trim24	0.1254703840808329	4.28215462007411	0.9139650095406344	0.38012548540921853	0.9998640102074222	-4.783566424182386
Tesk1	0.05853829167042868	4.9752296031253085	0.9129432332928862	0.38063967402035115	0.9998640102074222	-4.84269632612036
Ilk	0.05925325072551768	4.9526460216955535	0.9091692435521959	0.3825430768390341	0.9998640102074222	-4.844313645010143
Bnip2	0.06490585421312911	4.785655565369394	0.9079277074600289	0.3831706935590974	0.9998640102074222	-4.8366998953206615
Myorg	0.062070909238451044	4.928028355322612	0.902042453094479	0.38615555751629027	0.9998640102074222	-4.847582728279081
Ube2a	0.05607838956882194	4.629266455079202	0.9011228308333155	0.38662342636398017	0.9998640102074222	-4.826751416491304
Myh2	0.33067293521486185	8.786268804361496	0.8979754537717843	0.3882276737591801	0.9998640102074222	-4.781003459377041
Ptpmt1	0.08763306775793467	5.441732686744072	0.8970143417127807	0.3887184812274056	0.9998640102074222	-4.851805286975577
Ppp2r2d	0.04205138856465673	5.115049414872715	0.8941282213366059	0.39019491127012873	0.9998640102074222	-4.855953139431092
Mstn	0.10310875260762131	5.9567644823336385	0.89290123740714	0.3908237650342965	0.9998640102074222	-4.850861961155303
Sord	0.058719152320789725	5.590590804839959	0.8917203516817802	0.3914296546017275	0.9998640102074222	-4.852856264726813
Aktip	0.05293750887980675	5.5321024598914565	0.8906476391338846	0.39198060544310387	0.9998640102074222	-4.854050912434611
Kmt5a	0.09019876444934116	6.388721137641365	0.8905835620778415	0.39201353271643125	0.9998640102074222	-4.842609127103444
Srf	0.09226492017239263	4.627545947145045	0.8892917477391787	0.39267776503621676	0.9998640102074222	-4.833183417152586
Cdh5	0.09335078963705801	4.265803819781871	0.8892798498583443	0.3926838863659854	0.9998640102074222	-4.794739398232709
Actg1	0.16030550674689348	6.044940357680254	0.8885111414311486	0.39307951813760866	0.9998640102074222	-4.852223605424236
Rab2a	0.0803701110180226	7.762449013978521	0.8868875160427515	0.39391605480769354	0.9998640102074222	-4.804133197155822
Dcaf11	0.04697408177055706	6.795866947464556	0.8866651305381058	0.3940307295148364	0.9998640102074222	-4.8312239205168614
Slc37a4	0.12847590426625288	6.124424153932643	0.8865428441446498	0.394093797194919	0.9998640102074222	-4.851723901179998
Atp5b	0.07755871477379905	11.046211812247043	0.886207861657417	0.39426659587819357	0.9998640102074222	-4.7587621990051066
Lgalsl	0.04037982278865648	5.658062082691749	0.8851164096447174	0.39482997709986145	0.9998640102074222	-4.856245952361234
Grcc10	0.058634859489397506	6.681715971872591	0.8826843260401982	0.3960873541655493	0.9998640102074222	-4.837983083599743
Mrps34	0.08256805927429589	5.791884313077993	0.8813393673375111	0.3967838741462222	0.9998640102074222	-4.858237653953346
Cox19	0.08439514750601251	5.185223470642981	0.8805357481715558	0.39720044980035063	0.9998640102074222	-4.864114216761003
1110002E22Rik	0.1449652898099023	4.360490009601142	0.8798612033530964	0.397550348549944	0.9998640102074222	-4.809571386052583
Hspb1	0.12816868108513724	7.145383507624805	0.8798483312422649	0.3975570276077799	0.9998640102074222	-4.821355622449427
Faf1	0.058920695728282624	4.765297893943327	0.8795949032685214	0.39768854155911026	0.9998640102074222	-4.851344690387741
Mrps14	0.057203775095906906	4.927198322505112	0.8786880613507866	0.39815938297206444	0.9998640102074222	-4.861016663696138
Dele1	0.061212918409490946	6.0014489088403264	0.8780969556655441	0.39846649690549574	0.9998640102074222	-4.858775809882076
Egln1	0.07397324040344788	6.910268146188761	0.8761856816059559	0.39946062767564405	0.9998640102074222	-4.83217984671539
Eml1	0.07450174898654094	5.054938268935811	0.8744847777319167	0.40034676503326294	0.9998640102074222	-4.866552708588819
Arpc5l	0.051991018713057	7.20094489988095	0.8740788781319562	0.400558429530682	0.9998640102074222	-4.822656739787808
Bccip	0.05321678849007405	6.202682111242176	0.8734957034705558	0.40086267175768464	0.9998640102074222	-4.8572297662172
Ccdc107	0.05811786834493926	5.098661897150846	0.8690975136766791	0.4031622995885483	0.9998640102074222	-4.870230513503549
Cdv3	0.049846491986274444	6.719522604285509	0.8688399916033606	0.40329722562244497	0.9998640102074222	-4.844132615941754
Gfm2	0.09566703805509214	4.931932910436331	0.8659862769955975	0.404794462542144	0.9998640102074222	-4.8683966099981895
Fsd2	0.10473423851529784	7.321802202433819	0.865677079915769	0.40495691380165977	0.9998640102074222	-4.823647191594614
Ttc32	0.07267797817214738	4.57428487421914	0.8646857313038445	0.4054780649447668	0.9998640102074222	-4.840999615535782
Rpl5	0.06546161210462564	7.923173957032967	0.8613018381094062	0.4072604124750172	0.9998640102074222	-4.814459513596791
Ahsa1	0.041648965553116035	6.590823043801165	0.8612666454494862	0.40727897691276005	0.9998640102074222	-4.853060647090543
Oxa1l	0.05450820206789064	4.984570419775387	0.8584258227612546	0.4087794320400342	0.9998640102074222	-4.874287516897407
Rapsn	0.07350005113170877	4.212845444653922	0.85646631259223	0.40981658134516297	0.9998640102074222	-4.8056929778988895
Timm44	0.08116167874474556	5.595097291806846	0.855907747902699	0.41011255036452177	0.9998640102074222	-4.873129741697039
Rack1	0.06239588518695882	8.51353044411872	0.8542618393897119	0.41098551632183644	0.9998640102074222	-4.806818450310698
Timp4	0.10500592302731526	4.210070558899438	0.8542342545058088	0.41100015764844644	0.9998640102074222	-4.8064963563498875
Abcb4	0.057542763968208455	6.069557879341375	0.8526362627457551	0.4118489316857187	0.9998640102074222	-4.871937896993935
Coq10a	0.09872902043984322	7.404046758518797	0.8520976390535574	0.41213528869952376	0.9998640102074222	-4.828658376932314
Mllt11	0.08370359941854844	6.347734951143295	0.8465057538736517	0.41511613503764455	0.9998640102074222	-4.868199374782531
Pank4	0.06435346620527937	4.620669333009429	0.8457330186302633	0.4155291935494404	0.9998640102074222	-4.8561536760176995
Noc2l	0.05748281826725865	4.410416731639206	0.8410747693431545	0.41802507457117444	0.9998640102074222	-4.835012875361762
Ddx39b	0.04909690319532345	5.657615185078299	0.8403228099514377	0.4184289144312434	0.9998640102074222	-4.88136514535803
Gps1	0.06354315532181687	5.247405094782448	0.8402753152230801	0.4184544302633799	0.9998640102074222	-4.88672510130972
Capn3	0.04651971425444135	6.299238514831796	0.8401997785892696	0.4184950133394326	0.9998640102074222	-4.872983797038418
Ube2q2	0.042081995509572145	5.0155926988037045	0.8397677018008624	0.418727203160583	0.9998640102074222	-4.885373990056731
Ppid	0.058879312256026495	5.0876943518259345	0.8395779366423689	0.4188292066309959	0.9998640102074222	-4.886643778900441
Taldo1	0.05460700556701337	6.1189592454079005	0.8394888804444316	0.4188770822853358	0.9998640102074222	-4.8780871751321175
Rsph3a	0.056035297750113955	4.489490200394896	0.8383042940428562	0.41951425213343474	0.9998640102074222	-4.845378137902918
Uckl1os	0.05984998809263331	5.626605622350433	0.8377019658591447	0.41983848360844855	0.9998640102074222	-4.882939171292228
Ybx3	0.07972226239300362	10.080836092112925	0.836821828909278	0.42031256039501674	0.9998640102074222	-4.795302205687105
Spryd4	0.06233383539355408	4.753689611727702	0.8318231920587627	0.4230118165424357	0.9998640102074222	-4.876654885575586
Atp5d	0.15854230594919194	8.679036630694027	0.8305168335774507	0.4237191507479867	0.9998640102074222	-4.815685928292333
Lage3	0.07726915527698619	4.960578949915706	0.8297051432151866	0.42415904141529037	0.9998640102074222	-4.889563246458537
Dusp3	0.060025099792530234	5.984930514988859	0.8269027031294358	0.42568014451004477	0.9998640102074222	-4.887363254192236
Gm10358	0.08524189697765827	4.516166447463327	0.8256386675963224	0.4263674212744123	0.9998640102074222	-4.854927034276666
Ctnnb1	0.04612460322883116	6.655422809954431	0.8235292203351043	0.4275160033345381	0.9998640102074222	-4.870835483198535
Rnf123	0.06188823907292118	5.189455024922268	0.8220553913687633	0.4283197123294654	0.9998640102074222	-4.89681116158401
Polr2g	0.053613624075189215	5.199146560243269	0.8206771601703186	0.42907219575486566	0.9998640102074222	-4.89756463875008
Nudt9	0.10049978422128714	5.437793292607205	0.8199644076804883	0.4294616860345746	0.9998640102074222	-4.895070813450609
Smg5	0.06693347140283468	4.590894295944755	0.8199477222459844	0.4294708067502073	0.9998640102074222	-4.866390785002604
Fam50a	0.0469298418485522	4.293439384756563	0.8196454621341547	0.4296360526129138	0.9998640102074222	-4.832490404103264
Cav3	0.08279513501822233	5.408406873774369	0.8189665074850551	0.4300073911341252	0.9998640102074222	-4.8961828804247105
Pin1	0.05970432478315946	5.742052282186772	0.8184804376358431	0.43027336618559664	0.9998640102074222	-4.893083031430373
Mapkapk3	0.059859253878695284	4.573833954812399	0.8178659566361554	0.4306097629020579	0.9998640102074222	-4.865537529576043
Micu1	0.04967519827775746	5.20572592114627	0.8138863277626103	0.4327926127115932	0.9998640102074222	-4.901237585173176
Rnf166	0.0633681827692234	4.959048800690407	0.8127100597429506	0.4334391977749229	0.9998640102074222	-4.89869701449213
Syngr1	0.0768153770447837	5.818180809470911	0.8125145124040759	0.43354675025565903	0.9998640102074222	-4.896194018368708
Fth1	0.05707292522972551	11.148413729347787	0.8107941610821868	0.4344937138740016	0.9998640102074222	-4.790887746074093
Cebpzos	0.07434008953089588	4.2479196045743794	0.8102778595301602	0.43477817633803195	0.9998640102074222	-4.831848628830959
Clec16a	0.05754911975030197	4.854616608241439	0.8095828269599874	0.43516130622507	0.9998640102074222	-4.895794738822026
Smarcd3	0.09539997112850607	7.06838681288539	0.809214002675872	0.4353647071384895	0.9998640102074222	-4.860642909400299
Ccny	0.05118650746969866	4.98418549658177	0.8079974460057424	0.43603606242028414	0.9998640102074222	-4.901869315682011
Agtpbp1	0.07553972017176847	4.344340519559116	0.8065136352789929	0.436855821611702	0.9998640102074222	-4.844602981230828
Epas1	0.1208040928777363	5.204837190922901	0.8044481103470872	0.43799864252796006	0.9998640102074222	-4.9062935479961105
Gm10819	0.05770278759347036	4.82254502350193	0.8041142790458207	0.43818352967233587	0.9998640102074222	-4.896845691017031
TrnP	0.18115518440535627	6.182991837788715	0.8033297990712446	0.43861820263611895	0.9998640102074222	-4.895843652736009
Atp6v0e2	0.04685373201126808	5.147757370386392	0.802578428482208	0.4390347946611124	0.9998640102074222	-4.907185107140949
Sh3glb1	0.05653501716935683	6.680014995719706	0.8021739430670053	0.43925916589796665	0.9998640102074222	-4.880889959152169
Htatsf1	0.08321965305915402	6.3301923116043906	0.8020965990003559	0.43930207780352304	0.9998640102074222	-4.892322666431098
Slc25a4	0.07232522335890579	11.992249918915112	0.8014207667896829	0.43967715859164347	0.9998640102074222	-4.780615257340171
Akr1a1	0.04990800137669993	7.405494386364509	0.8013468246288002	0.4397182085333239	0.9998640102074222	-4.8539745225780235
Optn	0.08073717635615729	5.879422209565577	0.7983664302223505	0.44137489879787695	0.9998640102074222	-4.903495319607138
Bsg	0.04626305333885483	9.077161173587223	0.7977499082990867	0.4417181083524788	0.9998640102074222	-4.825795368664452
Tnni2	0.05479136076539959	14.054574466476712	0.7970950025473128	0.4420828763315888	0.9998640102074222	-4.752530672323104
Ankrd28	0.0540371603475327	4.728554165083045	0.7964634578097743	0.4424348187381043	0.9998640102074222	-4.893016123584585
Idh3a	0.06504643514013075	8.580739388633967	0.7964383267900526	0.44244882733750623	0.9998640102074222	-4.833255887098909
Ttn	0.1370894883024265	7.535270166954746	0.7950479298006288	0.44322431651692695	0.9998640102074222	-4.854235373665189
Crot	0.05424448416385452	4.957704122592817	0.7945302643447003	0.4435132686628709	0.9998640102074222	-4.908295664078008
Pabpc4	0.05528130602286918	6.901166838622978	0.7940297880076225	0.44379274269451074	0.9998640102074222	-4.875258803578528
Cux1	0.04739125426719415	5.311262804531827	0.7929783303902028	0.4443802667293709	0.9998640102074222	-4.911611704729766
Rangrf	0.08376490098110612	5.450282803455776	0.7925054445464897	0.4446446664556831	0.9998640102074222	-4.9094325559133924
Ly6c1	0.07782166357084375	6.41682234555552	0.7915778744441606	0.4451635860024187	0.9998640102074222	-4.895200765939376
Vti1b	0.045886146582346576	6.144322239077229	0.7908561059515248	0.4455676440319284	0.9998640102074222	-4.903318124238045
Rpl35a	0.07664214659200397	8.223009209412949	0.7903377089278325	0.44585799822533867	0.9998640102074222	-4.843005858576507
Cr1l	0.051487138362362295	4.354603512912371	0.7860900368018885	0.4482417427507386	0.9998640102074222	-4.855557010819038
St8sia5	0.06647799608268201	4.3794409739955364	0.7858820441592903	0.4483586773435685	0.9998640102074222	-4.858572745206512
Smdt1	0.05315854881882398	7.275499657364611	0.7841778877358251	0.44931750659828296	0.9998640102074222	-4.865773296556053
Plaat1	0.055023596800059416	5.42911908141191	0.7829669881170276	0.4499996139201944	0.9998640102074222	-4.914820316131153
Gm12715	0.13906597683841238	4.419999371628413	0.7825927937095553	0.45021053516156995	0.9998640102074222	-4.8649681285176
Psmd6	0.0482812363294407	7.2945292767432495	0.7808170481254751	0.4512123351626429	0.9998640102074222	-4.866817451612245
Entpd4	0.04832998621205142	5.006283165904069	0.7804880956248664	0.4513980738516249	0.9998640102074222	-4.916880614921738
Fyco1	0.18841003679767798	6.0186893792948055	0.779511502219498	0.4519497847488234	0.9998640102074222	-4.91184438688972
Trim16	0.08931389623143016	4.2638181452799	0.7795045262141529	0.4519537272941019	0.9998640102074222	-4.848053039776696
Mrpl49	0.06587371189238134	4.414981101778137	0.7780622432529134	0.45276932080580223	0.9998640102074222	-4.866531437136418
Stard7	0.08337717897538433	6.255657151943293	0.7770491421795623	0.45334278318425225	0.9998640102074222	-4.907362104640506
Fbxo9	0.05215911244082161	5.416805128472909	0.7765458895108791	0.45362782120421885	0.9998640102074222	-4.918392172846398
Extl1	0.04593905814984467	4.396995390089853	0.7755384341442089	0.45419878141930026	0.9998640102074222	-4.865565323200794
Snrpf	0.08015986908023187	4.422250953767627	0.7725219065568508	0.45591111190341216	0.9998640102074222	-4.870030354771953
Rassf3	0.11702208621324672	4.37826539151011	0.7709114522590376	0.45682697791918125	0.9998640102074222	-4.865501229976213
Entpd4b	0.0475931327786947	5.035532516761678	0.7684229418943199	0.45824450944960426	0.9998640102074222	-4.9236670797416355
Hspd1	0.0719608329453143	6.985722659336895	0.7679333029385427	0.45852375347134045	0.9998640102074222	-4.884285207726062
Sdhd	0.08155076490856317	8.135751828834676	0.7678205475178831	0.4585880739599548	0.9998640102074222	-4.855237913440103
Usf2	0.053088231880903614	5.112507141656278	0.7677144517116186	0.4586486007846695	0.9998640102074222	-4.92513419048535
Prkaca	0.050283458262248004	6.219430225947568	0.7663853507968836	0.45940727474735366	0.9998640102074222	-4.913792469156416
Pvalb	0.08025529026287437	13.68561849281529	0.7657384503357375	0.45977682643727313	0.9998640102074222	-4.769013202156769
Pdcd5	0.05165208409873223	7.311524019065563	0.7656689897732056	0.45981651810756585	0.9998640102074222	-4.87351875373497
Hnrnpul1	0.04764312579580299	4.8679537950224026	0.7631896365058058	0.46123471946366434	0.9998640102074222	-4.92054309710788
Nudt8	0.08696572860339469	4.472997658132243	0.7621686390546323	0.4618195435094907	0.9998640102074222	-4.881063166297869
Uqcc1	0.06246451273665432	6.1600920224057925	0.7612349723130157	0.4623547576151871	0.9998640102074222	-4.918003257342971
Ccdc91	0.04391624894176527	6.264957034163888	0.7599511719073802	0.4630913256182706	0.9998640102074222	-4.915686886686825
Snf8	0.05238000099746287	4.569792082139743	0.758495926424654	0.46392715935957807	0.9998640102074222	-4.894568319617383
Gm10231	0.04985083624508935	4.864994693775454	0.7583669513265218	0.46400128356123993	0.9998640102074222	-4.922798365517179
Srp68	0.047190414184731466	5.686574089489199	0.7581102511656923	0.4641488359073339	0.9998640102074222	-4.924507484561058
Rnf34	0.056528960358963154	4.33774238006026	0.7577226390935355	0.46437169337586803	0.9998640102074222	-4.866766312341456
Perm1	0.15921074206964203	6.2316041061169924	0.7576988805104757	0.46438535557445104	0.9998640102074222	-4.917786725323452
Vdac1	0.05289458235044542	9.949084959934158	0.7567160469854912	0.46495075011856746	0.9998640102074222	-4.832642575046607
Myhas	0.07373766064178255	5.819567993103454	0.7562814828349874	0.4652008808248086	0.9998640102074222	-4.9252821371846585
Slc25a19	0.0821973943516685	4.238804687679111	0.7562523012147716	0.46521768052267565	0.9998640102074222	-4.855661531934623
TrnY	0.1825067745043274	8.70421410486358	0.7546988573670211	0.46611254424955173	0.9998640102074222	-4.850064351750939
Ddx23	0.039199636130580195	5.282668589598336	0.7542840026348541	0.46635170613232935	0.9998640102074222	-4.931896064836758
LOC108167900	0.06911754656591551	6.9198490159746475	0.7540480747104774	0.46648775213686733	0.9998640102074222	-4.893891919016685
Rpl21	0.06083034665384357	7.245754497792931	0.7533842503701657	0.4668706759350304	0.9998640102074222	-4.8812484693011475
Ciao2b	0.0629568368914386	4.924828871444683	0.7526332763981584	0.46730411103793756	0.9998640102074222	-4.928449870256636
Snx21	0.05589177220518593	4.44476354389354	0.7519609846499166	0.4676923491974695	0.9998640102074222	-4.882396657750752
Pygm	0.08358987216263003	11.978208356359406	0.7509104853915243	0.4682994040303712	0.9998640102074222	-4.800991933835999
Actr3b	0.07031131930747758	4.557340611120866	0.750887499001654	0.46831269279399224	0.9998640102074222	-4.896728503620145
Thoc7	0.05238609780032899	6.443165199043012	0.7508223241411685	0.468350372614856	0.9998640102074222	-4.914807151282927
Mdm2	0.04504632936537334	4.954218639537411	0.7492011094478991	0.46928826781777533	0.9998640102074222	-4.931382375513769
Pno1	0.037097803654249084	5.775748114864586	0.7467932426675148	0.470683434682044	0.9998640102074222	-4.930075366167711
Trappc5	0.03833101983099052	4.666521847946317	0.7458601324559422	0.47122479850164445	0.9998640102074222	-4.911891950834041
Smim11	0.09516590906502209	5.855849868223783	0.7445036285730644	0.4720125009430598	0.9998640102074222	-4.931046350354305
Rpl30	0.0571712362772292	8.506166379535427	0.7434457756150407	0.47262735454239646	0.9998640102074222	-4.85843096440279
BC029722	0.04661441509906883	5.209582653297403	0.7428885377374685	0.4729514387116728	0.9998640102074222	-4.938032028222743
Pgm2	0.07305970432959619	9.799279786696165	0.7423201872869614	0.47328212938199987	0.9998640102074222	-4.841011498157655
Thap12	0.04458846724704468	6.856058808492216	0.7417399190734616	0.4736199038240805	0.9998640102074222	-4.902689538935415
Mrpl16	0.044328770120249494	5.585271964604392	0.7414855977959041	0.4737679919790635	0.9998640102074222	-4.933364482543224
Impdh2	0.05652559679166025	5.344450776799108	0.7382580393416938	0.47564987835437733	0.9998640102074222	-4.939050535688531
Atox1	0.13368323767882906	4.8762556487847615	0.736780666245315	0.47651284420315587	0.9998640102074222	-4.934114394263385
Tsen34	0.053774658061009006	4.402020846925037	0.7364067291995942	0.4767314239073732	0.9998640102074222	-4.884277014837729
Larp1b	0.08119418955050062	4.848068673536964	0.7360341572215192	0.47694926789952785	0.9998640102074222	-4.932866054240563
Gm10241	0.05671302838032677	4.917394013293705	0.7355918717374406	0.47720795420406303	0.9998640102074222	-4.936578898133606
Dohh	0.037856534989169965	5.420999477609674	0.7353790173302979	0.47733248081563207	0.9998640102074222	-4.939028051281309
Mrps11	0.05626626150709413	4.359531001693659	0.7342343610304422	0.47800248862640626	0.9998640102074222	-4.880020177701397
Slc35a4	0.05676990421030936	4.942404394542951	0.733219268328643	0.4785971482343101	0.9998640102074222	-4.938787517640605
Gm10175	0.05414174462472321	5.150031666990308	0.7317093751459326	0.4794825224126197	0.9998640102074222	-4.94345940298201
Cyb5r3	0.03945261320947413	4.545117554032894	0.730060055356909	0.4804508168644259	0.9998640102074222	-4.904992258301846
Fez2	0.054514347483900494	6.062212068975792	0.729910098018317	0.48053891508277313	0.9998640102074222	-4.935808296072509
Mgat4b	0.05239606122721874	4.555615855844505	0.7286064960562252	0.48130518880629236	0.9998640102074222	-4.9069720406644475
Tmem14c	0.04860006413432494	5.771242601869147	0.7267982542842042	0.4823693501976245	0.9998640102074222	-4.939880458645172
Get4	0.042902480727393666	4.824590094387567	0.725987984488756	0.4828466714801126	0.9998640102074222	-4.936313262133886
Dnaja3	0.04900499269880321	6.110398887473257	0.7258358144256357	0.48293634584147005	0.9998640102074222	-4.936655970442877
Ndufs3	0.044046188216048776	8.618028355851656	0.7255318066865665	0.483115529552825	0.9998640102074222	-4.864128257506688
Sephs2	0.03300541420070591	4.4897744533741095	0.7246890344940925	0.48361247883618463	0.9998640102074222	-4.9005111288541015
Maf	0.14468362983217098	5.4654894457921355	0.7239412658319826	0.48405367287935863	0.9998640102074222	-4.943698148881888
Ndufa10	0.06068589783353051	7.843840265745922	0.7200025798615275	0.4863816552776208	0.9998640102074222	-4.882742640810688
Tpt1	0.05341399508461464	11.529744582043035	0.7183406925105503	0.48736598936820197	0.9998640102074222	-4.82157707098682
Rpl23	0.05254910154253878	8.073875539666618	0.7171433530088799	0.48807593138714966	0.9998640102074222	-4.879076557282559
Cebpb	0.1996671898686584	5.054580442198162	0.7165157948026163	0.488448285102707	0.9998640102074222	-4.949772946354621
Stoml2	0.0339687177733774	5.724621678922525	0.7156947582254767	0.48893570020461374	0.9998640102074222	-4.945251022549961
Gm2546	0.06990703591757885	4.23321991100833	0.7147877416602492	0.4894745050665672	0.9998640102074222	-4.873040454830932
Gtf2h5	0.04099718173202138	5.4364448018696185	0.7146853295507363	0.4895353649214653	0.9998640102074222	-4.948753602922361
Smpx	0.051224837892050346	8.87969086222689	0.7145679613686736	0.4896051183438962	0.9998640102074222	-4.864645272891252
Ndufb7	0.06222291106669786	8.08915296508569	0.714489124868454	0.48965197531432236	0.9998640102074222	-4.879881139227544
Tomm20	0.04613727861084893	4.956666729460029	0.7131171120566434	0.49046788013225995	0.9998640102074222	-4.949107453977431
Sumo2	0.044673572138463236	6.3924173986561215	0.7131000607253957	0.49047802540955987	0.9998640102074222	-4.934430123545146
Emc9	0.08533612589307982	4.727210054709938	0.7128431854141289	0.49063087778839753	0.9998640102074222	-4.9339931606005685
Ssu72	0.057000389277575	4.835456407572645	0.7120749881446499	0.4910881638345693	0.9998640102074222	-4.943643764690226
Ndufa5	0.08564531912031548	8.384428324463292	0.7120589108217144	0.4910977369957267	0.9998640102074222	-4.874378092510092
Rpl9	0.06795822213797287	8.693528879039151	0.711982445529003	0.49114326943379527	0.9998640102074222	-4.868564389218799
Pitpna	0.0740402520970207	6.127786616731726	0.7110764804764016	0.49168293694949183	0.9998640102074222	-4.943254062474064
Kif13a	0.06359628260770922	4.943748340801477	0.711038099040399	0.4917058081054443	0.9998640102074222	-4.9495560167945385
Fdx2	0.056293667404197834	5.596861355888483	0.7105858634303945	0.491975340278873	0.9998640102074222	-4.948227964493529
Lsp1	0.1566956060598912	4.579052303902384	0.7084246035486269	0.4932646968130058	0.9998640102074222	-4.919074755039307
Tmx2	0.09620851526911078	4.5175093775377135	0.7080597540705567	0.4934825607181944	0.9998640102074222	-4.911508158477126
Dusp23	0.06368089159767898	4.991274421522252	0.7079902770169173	0.4935240544599292	0.9998640102074222	-4.952517934705038
Polr3gl	0.04752771683400603	5.773149178755705	0.7067005397146701	0.4942947099923283	0.9998640102074222	-4.949493459967546
Sirt2	0.03944732433982612	6.272230691365394	0.7051089366416313	0.495246749498613	0.9998640102074222	-4.941904791795785
Calm2	0.10218581548650985	7.353443663598507	0.7022623911364944	0.4969522307483478	0.9998640102074222	-4.90102570353402
Mrpl43	0.03907345302157594	5.162052746965486	0.7001131431831094	0.4982422928708641	0.9998640102074222	-4.958719523976861
Hspb2	0.057215855675044835	6.611107037639762	0.7000839690790183	0.498259818258327	0.9998640102074222	-4.933071726691191
Mapk9	0.050458848139101065	4.471916494875128	0.6996762297568492	0.4985047934037209	0.9998640102074222	-4.909438821902461
Msl1	0.04261541661173052	4.6551469589981584	0.6992912513735149	0.4987361604531748	0.9998640102074222	-4.9323813437200865
Tprgl	0.03917742653443668	6.751050559485108	0.6987679462423502	0.4990507643823361	0.9998640102074222	-4.9275165088177415
Atp2a2	0.31928315642672267	5.470464047434673	0.6981238681335455	0.4994381403026844	0.9998640102074222	-4.955898841683549
Rnf11	0.04026629932164916	6.9155027018535575	0.6980975066317092	0.49945399910480925	0.9998640102074222	-4.9198661675509205
Coq9	0.05132094251853836	8.101132513636031	0.6975192565832677	0.4998019448983425	0.9998640102074222	-4.886824076889877
Orai1	0.06321394880969944	4.597892311744475	0.696632190100081	0.500335997232561	0.9998640102074222	-4.9267262225125545
Myh7	0.6458167280124822	4.306453289126953	0.6956371959391193	0.5009354369246499	0.9998640102074222	-4.890207537127767
Gm4575	0.07008101917293974	4.56889959944533	0.6944421948225474	0.5016559448680978	0.9998640102074222	-4.924105080554941
Uqcr10	0.06080828694336127	9.286386058162059	0.6934030060101041	0.5022830161143064	0.9998640102074222	-4.868143856576233
Cuedc1	0.04918328241821257	6.25389079916614	0.6927831756718712	0.5026572613449206	0.9998640102074222	-4.9481727929206265
A430046D13Rik	0.04190418486622072	4.555828424633891	0.691606679265205	0.5033680759409476	0.9998640102074222	-4.923740663679955
Ndufa6	0.060298086274830354	8.727800747282954	0.6900113519104696	0.5043329052136558	0.9998640102074222	-4.877063101237672
Ndufv1	0.07022905407757207	8.152217769016072	0.6893051174093787	0.5047603796454956	0.9998640102074222	-4.889096300924587
Copz1	0.050818139330619516	4.936334466492963	0.6890899451111366	0.504890663848047	0.9998640102074222	-4.9595495269317205
Cystm1	0.045604391483754725	8.207932518145372	0.6882808677179459	0.5053807310459577	0.9998640102074222	-4.888247344394035
Ube2j2	0.033098743171282585	4.256098832844549	0.687078171808306	0.5061097447271268	0.9998640102074222	-4.887458142606585
Rrp1	0.03522386667265831	5.133699620230687	0.6870230586465412	0.5061431666525593	0.9998640102074222	-4.964702550718589
Blcap	0.047054585447102504	4.426326664752535	0.6866567341768781	0.5063653481026433	0.9998640102074222	-4.909244916440937
Trim7	0.12042863928474912	4.150483261844915	0.6865868853496825	0.506407719130032	0.9998640102074222	-4.874536485189486
March2	0.035578408773216275	6.19815249362383	0.6860306488749256	0.506745213802619	0.9998640102074222	-4.952948511042014
Sdr39u1	0.05264144313700836	6.180422965150674	0.6846581368445271	0.5075785571449012	0.9998640102074222	-4.954098561262753
Abhd16a	0.04829048473551545	6.305777983753236	0.681774276366667	0.5093322093950555	0.9998640102074222	-4.951573520309172
Id3	0.10101310546345044	4.215740462930357	0.6816835967203052	0.5093874095454933	0.9998640102074222	-4.884613341315197
Cdk16	0.038922261481603826	6.142858413197925	0.6809259681706478	0.5098487463624854	0.9998640102074222	-4.95682032156651
Pnkd	0.07705322648619983	5.4454849989876895	0.6784531017354445	0.5113562622174455	0.9998640102074222	-4.965533106683059
Coq2	0.03858059309426132	5.933620016718624	0.6781806197704835	0.511522535573485	0.9998640102074222	-4.962072864936738
Cops5	0.033999191758598	6.703093042636346	0.6779083035708133	0.5116887399093264	0.9998640102074222	-4.939049037620072
Aco2	0.058921996954383715	9.712345512181335	0.6771143134541633	0.512173523852367	0.9998640102074222	-4.868767207165223
Pabpn1	0.04558820881713466	5.430293858542807	0.6764313009364301	0.5125907669191345	0.9998640102074222	-4.966779416523145
Vamp5	0.06230969679876175	5.303956035846339	0.6763469908055914	0.5126422848302832	0.9998640102074222	-4.969119087235607
Mfn1	0.07769152237530541	6.28141909387343	0.6753975469821387	0.5132226570828418	0.9998640102074222	-4.955206945145868
Ak6	0.06291704590221503	5.4118616718141155	0.674891661023845	0.5135320522304254	0.9998640102074222	-4.967882533083888
Ppdpf	0.06148878018511805	5.428764168062914	0.6744731422870724	0.5137880980141528	0.9998640102074222	-4.967704566810789
Gde1	0.04893928493026056	5.840031489519131	0.6744528001437953	0.5138005450730578	0.9998640102074222	-4.964299992884085
Pla2g12a	0.13062460000219556	6.035466933364388	0.6740571220871353	0.5140426902316589	0.9998640102074222	-4.962505389654131
Psme1	0.05843495788012465	5.044687966965936	0.672458471902244	0.5150217129972385	0.9998640102074222	-4.970238759096173
Bckdk	0.042296637769169365	6.348298198474069	0.6724164329588566	0.5150474727810663	0.9998640102074222	-4.954417748723972
Atp1a1	0.07244916010380198	5.1406874775717295	0.670833409356599	0.5160180412404411	0.9998640102074222	-4.972198530657915
Ube2d-ps	0.046410929422440184	4.452067324722581	0.6706330183579754	0.5161409801288261	0.9998640102074222	-4.919363225867525
Ppa2	0.05667503151529729	5.1568276284992605	0.670348513807318	0.5163155519967699	0.9998640102074222	-4.972500172605381
Hnrnpa3	0.06091514047820912	5.208448396089487	0.6701655436840491	0.51642784081506	0.9998640102074222	-4.972664237239383
Ran	0.034155227094426976	6.024638332511237	0.6686439801815277	0.5173621833851914	0.9998640102074222	-4.965116106832376
Ide	0.04516839640713588	5.628806563718648	0.6682415746909451	0.5176094541575111	0.9998640102074222	-4.967530940886851
Mrps26	0.0648174840511544	5.253840036473675	0.6673629837729929	0.5181495742524378	0.9998640102074222	-4.973751386293908
TrnL2	0.15831618655060264	4.3499357643517	0.6668859998217685	0.5184429426244496	0.9998640102074222	-4.9076765523422345
Rps20	0.06375403984703709	6.50923367519712	0.6666509675690357	0.5185875348881744	0.9998640102074222	-4.951730355135886
Itgb1bp2	0.048510326375924784	7.162582519424597	0.6625833998598457	0.5210936680731817	0.9998640102074222	-4.924316725523607
1110008P14Rik	0.07383770813164947	5.303856114907071	0.6621068450958831	0.5213877502483255	0.9998640102074222	-4.975577435859876
Afg3l1	0.04592820308410772	4.352021545912309	0.6606538326794859	0.5222850054787065	0.9998640102074222	-4.910489449163575
Phb2	0.04692184221129736	6.53453479724913	0.659890210578838	0.5227569150210646	0.9998640102074222	-4.953799638087619
Kti12	0.03536216945998838	4.298598841146379	0.6583123212550577	0.5237328224073247	0.9998640102074222	-4.9045543350674174
Sec11c	0.058985996676880426	4.967928179288202	0.6582886048632838	0.5237474988571988	0.9998640102074222	-4.974776744519975
Xrcc5	0.06530671743521665	4.323511633157292	0.658084943950199	0.5238735405363932	0.9998640102074222	-4.907848346830428
Triap1	0.05871691440565563	4.4296700153263	0.6566748367726991	0.5247467137869917	0.9998640102074222	-4.922255504599569
Idh2	0.23686639055069492	7.6100479762671025	0.6563045691361127	0.5249761333989571	0.9998640102074222	-4.914306863947005
Agl	0.08217024970176556	7.771482965633269	0.6552017671914521	0.5256597813614436	0.9998640102074222	-4.9114448831663955
Cmss1	0.0879297027583501	5.082445028370261	0.6549830643715597	0.5257954210436435	0.9998640102074222	-4.978746169783136
Pcp4l1	0.1982963027575435	4.946655657719418	0.6543157607643014	0.5262094093496581	0.9998640102074222	-4.975747215124338
Ntan1	0.049018456428638224	4.830317485070054	0.6542549245963777	0.5262471609231458	0.9998640102074222	-4.969704925079433
Mif	0.055161082926687754	6.113111186491839	0.6540892648880601	0.5263499682034944	0.9998640102074222	-4.969598237637652
Tmem64	0.04851958878875884	5.858358539974893	0.6540064988807314	0.5264013366010016	0.9998640102074222	-4.973376791205481
Csnk2a1	0.039089185300246854	5.786401645628131	0.6530858341087807	0.5269729403270976	0.9998640102074222	-4.973949222948622
Naa10	0.0428485643226999	5.0450012508537965	0.6523662823843254	0.5274199323013293	0.9998640102074222	-4.97926375777422
Dhps	0.06365365158531056	4.219899478039771	0.6513747808676025	0.5280362228495703	0.9998640102074222	-4.897185143793261
Podxl2	0.04822702065299289	5.110703980687797	0.6510782631133978	0.5282206114848826	0.9998640102074222	-4.980824412473751
Asb14	0.049891121236914415	6.774225817401786	0.650823490036777	0.5283790711785182	0.9998640102074222	-4.947335612714088
Cav1	0.07626700678064591	5.9100158138073215	0.6505933494689228	0.5285222340542644	0.9998640102074222	-4.974643989620179
Fndc5	0.18320221370601342	4.960701545617514	0.6494593707144336	0.5292279735428553	0.9998640102074222	-4.978456766105787
Gdap1	0.07880162172950023	4.158205339838931	0.6482040886772747	0.5300098436870084	0.9998640102074222	-4.890545907991922
Psmd8	0.06380962652760225	8.334436735639628	0.646620248288969	0.5309973147372358	0.9998640102074222	-4.902061071574998
Sema6c	0.07765507759918133	4.824919023622096	0.6464637601064775	0.5310949375565353	0.9998640102074222	-4.972736953689551
Carnmt1	0.043106001288779616	6.9072216888355165	0.6462063223530613	0.5312555588322045	0.9998640102074222	-4.942605961001919
Apopt1	0.03749559986728457	5.454678568532783	0.6455153226585859	0.5316868280572284	0.9998640102074222	-4.980077714860041
Esrra	0.0793933435964167	6.062097988295412	0.6449949346523399	0.532011747943202	0.9998640102074222	-4.974816045762697
Ik	0.04154617803766225	5.530361122097581	0.644536195810003	0.5322982703621877	0.9998640102074222	-4.979080968751421
Cox16	0.07266892250622004	5.623796534486236	0.6431153928614312	0.5331862504388187	0.9998640102074222	-4.978685225301118
Tcta	0.03583592662240065	5.01318253287017	0.6416867654928058	0.5340799807606951	0.9998640102074222	-4.983309896016331
Zfp637	0.05666669879987296	4.694005067576123	0.6412962413928879	0.5343244374333316	0.9998640102074222	-4.962449871857188
Ubl5	0.0636347377786386	6.735655611858587	0.6404802138059662	0.5348354545678145	0.9998640102074222	-4.95358179234777
Dynlrb1	0.053863081117636824	6.386611541677979	0.6402601640669966	0.5349733033660728	0.9998640102074222	-4.967178961622684
Akr1b3	0.0498956366504526	7.56325650246899	0.6379335719181431	0.5364320310675552	0.9998640102074222	-4.922642754609837
Tm2d2	0.046982443634165705	5.466007689345194	0.6375467193369219	0.5366748010683122	0.9998640102074222	-4.983297195095242
Hbb-bt	0.21781510348775335	6.59533765377551	0.6366991476529444	0.5372069162129134	0.9998640102074222	-4.961461923625888
Mrps15	0.05036349119249106	6.157019192228894	0.6364415913150462	0.5373686728604734	0.9998640102074222	-4.976044427241863
Acta1	0.06730057464464956	14.529642198659145	0.6353951747964796	0.5380261549580567	0.9998640102074222	-4.799722177028055
Ivns1abp	0.06835469419880358	6.719431783154641	0.6352862669255794	0.5380946101407886	0.9998640102074222	-4.956537578057179
Ndufs8	0.05229760185875154	7.507563260370507	0.634892357446116	0.5383422476592699	0.9998640102074222	-4.925066269808591
2310061I04Rik	0.04884194519022422	6.017054134538211	0.6348190662665295	0.5383883305250764	0.9998640102074222	-4.9800702976329605
Slc16a1	0.11756338704263403	4.090044430182798	0.634061384624878	0.5388648657187138	0.9998640102074222	-4.887095638410534
Cox10	0.06855845425617701	4.30876364973328	0.6306314371700885	0.5410251030844173	0.9998640102074222	-4.916759303614665
Myom3	0.3370707113886233	3.7230384492483806	0.6296409199615978	0.5416498637840705	0.9998640102074222	-4.842546946682021
Eci1	0.09561945587559251	7.181002480696146	0.6293713065813888	0.5418199912747523	0.9998640102074222	-4.937166325688478
Cyb5r4	0.035228299285712694	4.842118507964763	0.6283245656577715	0.5424807783339447	0.9998640102074222	-4.98162952871997
Pxmp2	0.056816796997828156	5.303069716496248	0.6276720532037529	0.5428929282373897	0.9998640102074222	-4.990690538787973
Spop	0.053641502487524306	6.813737506690636	0.6275924694770983	0.5429432082907879	0.9998640102074222	-4.954987643824402
Glo1	0.0431373013911962	6.581826055322114	0.6266967570209979	0.5435092910551005	0.9998640102074222	-4.9661748732060875
TrnL1	0.1176279059941443	10.676178185313596	0.6256926488217287	0.5441442768256137	0.9998640102074222	-4.871976244778383
Iars2	0.04172545597937827	5.142940794315751	0.625335615307223	0.5443701617416297	0.9998640102074222	-4.992274160119699
Casq1	0.0690709006058654	10.698275009664783	0.6246768006126086	0.5447871143961236	0.9998640102074222	-4.871920008328899
Hmox2	0.02812860529204464	4.986069557661861	0.624665180356111	0.5447944702817468	0.9998640102074222	-4.98991137956285
Dnajc8	0.037266532111745576	5.35727024968154	0.6241897874400483	0.5450954529619617	0.9998640102074222	-4.991336652631565
Timm10	0.06105325338993506	5.368957230044693	0.6222720171880732	0.5463105941238992	0.9998640102074222	-4.9919451406461945
Chac1	0.20025824064439224	7.221092652172285	0.6212135153432737	0.5469819387537174	0.9998640102074222	-4.938882667961532
Rhot1	0.033452884371024894	4.4336186007938805	0.61980082644477	0.5478786477334141	0.9998640102074222	-4.9375662431957865
1810014B01Rik	0.040642779990580635	4.3597099990599535	0.6189964165473871	0.5483896194316276	0.9998640102074222	-4.927970354395376
Mrpl12	0.06550271754133874	7.154980847343963	0.6187340946333945	0.5485563077331304	0.9998640102074222	-4.94239232274961
Dazap1	0.03687537170750854	4.439550387756696	0.6178343765304117	0.5491282358726435	0.9998640102074222	-4.939128033210894
Mrps23	0.03721263753969861	6.241964783073511	0.6174945500731376	0.5493443421965822	0.9998640102074222	-4.981447048393525
Gm6560	0.0819713089645635	4.5635975401307975	0.6174935105069599	0.5493450033627174	0.9998640102074222	-4.95594661906067
Mtch1	0.03952731905185125	5.257319126945445	0.617031044576832	0.5496391769545108	0.9998640102074222	-4.9957249921457025
Acp1	0.04685913377122208	4.374658956090061	0.6167608658171003	0.549811078033358	0.9998640102074222	-4.930822834531011
Serpinb6a	0.04801149507063052	8.933083276546537	0.6162559083205795	0.550132437883694	0.9998640102074222	-4.902354013589006
Nr3c1	0.05658542274979794	4.5858332927354475	0.6154804007966425	0.550626183641257	0.9998640102074222	-4.959644762479602
Hadhb	0.09239994538505059	8.339339276921788	0.6154015873781824	0.5506763760354569	0.9998640102074222	-4.913832384683629
Rpl10	0.07559806334473329	9.311136663984701	0.6144135924067063	0.5513057991427436	0.9998640102074222	-4.897969379759612
Copz2	0.06157132611411864	4.646527168562118	0.6130475112655528	0.5521767536451048	0.9998640102074222	-4.968353998033794
Rpl18a	0.04652424293753299	8.260291257719567	0.6124547491778097	0.5525549126187138	0.9998640102074222	-4.916801653658193
Nfyc	0.03611434684130721	5.020664072941833	0.6119504871801528	0.5528767259753196	0.9998640102074222	-4.9961596289419345
Usp25	0.049670758644599466	5.873721652879516	0.6111637348810698	0.5533790300631845	0.9998640102074222	-4.991639363314856
Fbxo3	0.045765064906998276	5.481918088483144	0.6109695419226367	0.553503052279064	0.9998640102074222	-4.99421973539296
Mmd	0.09397226347920551	4.128946549027616	0.6106852787937472	0.5536846262016895	0.9998640102074222	-4.900663294731842
Ostn	0.10208293507588806	6.601036910660499	0.6093217176394508	0.5545560670000838	0.9998640102074222	-4.97246953455672
2010320M18Rik	0.043294161697801314	4.2842958338404085	0.6088950625048642	0.554828895779153	0.9998640102074222	-4.921786795647617
Atp5a1	0.059609956788383656	10.400815489341865	0.6086342905718958	0.5549956857471118	0.9998640102074222	-4.882827097450208
Fkrp	0.04438010953556404	4.957788410501235	0.6075559213206184	0.5556857081433517	0.9998640102074222	-4.99625163211254
Fam118b	0.07347350690699272	4.314022929766695	0.6052380190742251	0.5571704919006695	0.9998640102074222	-4.927089037259084
Npepl1	0.03387489164140334	6.394051664020382	0.6044137597324382	0.557699019916958	0.9998640102074222	-4.98179561943677
Atg3	0.03613683132407086	4.260034594552947	0.6041014118272269	0.5578993749191836	0.9998640102074222	-4.920317683886229
Xrcc6	0.040139415635905173	4.2755363185110085	0.6034452357659372	0.5583204078141398	0.9998640102074222	-4.922634466786614
Gyg	0.03760637160568869	8.678985278397004	0.6030098427173987	0.5585998732530566	0.9998640102074222	-4.911292523966184
Ifngr2	0.037895970253202016	5.419938472720737	0.6024734160889688	0.558944295536523	0.9998640102074222	-4.999099180441304
Atp5j	0.05830739365555715	9.0728670206798	0.602267664825119	0.5590764329869513	0.9998640102074222	-4.9054347109218295
Eif4ebp1	0.10712989837769538	6.369620759935584	0.6002894520648637	0.5603477610481662	0.9998640102074222	-4.984274754772061
Cox5b	0.059483943728773525	9.594318776293353	0.5993086239527233	0.5609786965044037	0.9998640102074222	-4.899379600647087
Rps4x	0.06916569675362005	8.52034813204566	0.5992097849547707	0.5610422982116665	0.9998640102074222	-4.915750096824717
Unc45b	0.05103850375944763	7.123124065202768	0.5988846233539764	0.5612515638567559	0.9998640102074222	-4.951384437244496
Tpm3	0.394331493187396	5.98628655525739	0.5988691227550345	0.5612615407183397	0.9998640102074222	-4.995575587538907
Smyd1	0.04453545102122192	7.898783194319272	0.5979853641944858	0.5618305279578687	0.9998640102074222	-4.930756970859863
Ldhb	0.27338382051662524	7.213962068461562	0.5979307679715264	0.5618656888760702	0.9998640102074222	-4.948141348097976
Tatdn1	0.03297979688327324	4.3432399372917825	0.5968241961125196	0.562578601583806	0.9998640102074222	-4.934131754747708
Plekhb1	0.061035145953376	6.6785682621365545	0.594953607730591	0.5637848654010298	0.9998640102074222	-4.974720215159599
Commd1	0.041954869052690746	6.1848315345031795	0.5934794782532741	0.5647364693294875	0.9998640102074222	-4.993030771103763
Zfp651	0.04776171772277671	5.559400389086165	0.5931257688480607	0.5649649324974398	0.9998640102074222	-5.000277390672497
Parp6	0.03795764845855665	4.328058566651839	0.5929897645260401	0.5650527920404781	0.9998640102074222	-4.933501204039673
Slc7a2	0.11516950923255376	4.258192449924281	0.5920149842870174	0.5656827245205904	0.9998640102074222	-4.924470202657222
Cmas	0.028223757948167005	4.625679098868419	0.5909306860298486	0.566383882244476	0.9998640102074222	-4.974490001665959
Ugp2	0.04614685981125355	9.224259172760783	0.5908175635028884	0.5664570599025337	0.9998640102074222	-4.907468505785462
Syne1	0.09549265230417792	4.729232276409012	0.5900539156889145	0.5669511900518587	0.9998640102074222	-4.98720543673309
Micu2	0.05010532846624738	4.921353720796473	0.5876569329389981	0.5685037229031424	0.9998640102074222	-5.002721860713348
Akap8	0.05412483999070883	4.352162975348868	0.587238453581319	0.5687750105892508	0.9998640102074222	-4.938860952300991
Tra2b	0.039075981111377445	4.221936070775587	0.5870592816971245	0.5688911839295745	0.9998640102074222	-4.921394715308562
Limch1	0.05671980773977747	4.746999192332696	0.5848907967950172	0.5702982325279	0.9998640102074222	-4.99110200192774
Trappc2	0.05507749078741231	4.320985334645578	0.5840325188026196	0.5708556587767923	0.9998640102074222	-4.935804982114439
Ctnna1	0.037447338768626715	4.4702561852491485	0.5836946887087677	0.5710751505391539	0.9998640102074222	-4.956337068443831
Dipk1a	0.08605478477496042	4.236591541319804	0.5833335286242386	0.5713098506683173	0.9998640102074222	-4.92467535973484
Pmpcb	0.04095972854374885	6.04464776177457	0.5824837001608589	0.5718623185591611	0.9998640102074222	-5.001153728096465
Dynlt1c	0.054197616386304936	4.920672907459458	0.5813277492799125	0.5726142589908412	0.9998640102074222	-5.0052143610672895
Rabgef1	0.04465832023775285	5.799149360428647	0.5812397869771254	0.5726714999405509	0.9998640102074222	-5.003984975249945
Mea1	0.03921453716743617	4.8221730273997085	0.5781719807251539	0.5746697916055894	0.9998640102074222	-5.000750941074628
Selenow	0.040468612987275776	10.715017925353006	0.577198325300138	0.5753047915360914	0.9998640102074222	-4.887638316656028
Myom2	0.07968704905508694	8.976545114962812	0.5770173631406899	0.5754228533256132	0.9998640102074222	-4.915617430963147
Prdx2	0.05882292572336745	6.61386416162898	0.5769889434191008	0.5754413958635349	0.9998640102074222	-4.9846130729589335
Zfand6	0.03375843102855125	6.463064157306867	0.57684736905136	0.5755337713047343	0.9998640102074222	-4.990336767016818
Snapin	0.030558237843007596	6.373907816887138	0.5764826507179197	0.575771782067197	0.9998640102074222	-4.993516177414352
Spg7	0.03275640659188905	6.108292323632276	0.5762431098242002	0.5759281323688086	0.9998640102074222	-5.0020326808248035
Mrpl38	0.03139578649060848	5.417586217954728	0.5762056217853532	0.5759526031857973	0.9998640102074222	-5.009741458283145
Saraf	0.052404983545284445	7.319635641812163	0.5757051082055163	0.5762793736827303	0.9998640102074222	-4.952707553125948
Metap1	0.041943702270557104	5.481943310050795	0.5723955031069505	0.5784426229760045	0.9998640102074222	-5.009792465548641
Tnni1	0.37791545617232813	4.898234282701083	0.572318748570687	0.5784928434478314	0.9998640102074222	-5.0076882768092945
Nit2	0.041609282238217915	4.2035125128517565	0.5722379766804548	0.5785456949955521	0.9998640102074222	-4.924118937424722
Slc38a2	0.057998677021777745	5.895117398583831	0.572018190410274	0.5786895210481661	0.9998640102074222	-5.0073002598692335
Gas5	0.07853465001268845	6.228349100467287	0.5715428437503988	0.5790006488751327	0.9998640102074222	-5.0002865786608135
Pacsin2	0.06875616151338271	4.38456424952282	0.5705805678924888	0.5796307595981871	0.9998640102074222	-4.949317990465283
Cyc1	0.06675307654716	8.984241499606135	0.5704505705043931	0.5797159116806765	0.9998640102074222	-4.91775030864942
Tmod4	0.051705711889166395	9.033563679882093	0.5703166558319899	0.5798036366910427	0.9998640102074222	-4.917091456924307
Ndufb2	0.04741335098605237	7.565374393714223	0.5701821253399055	0.5798917722575905	0.9998640102074222	-4.948133740796454
Eif2d	0.03593968224629762	4.302796320982748	0.569807132967276	0.580137480486642	0.9998640102074222	-4.93841068414877
Mrpl46	0.05217825006695698	4.666949575899439	0.5657669667888354	0.5827882621832208	0.9998640102074222	-4.98936402341609
Rras	0.0476347895549889	4.445063577896064	0.5656603905010381	0.5828582747695323	0.9998640102074222	-4.959460434019323
Tnnc1	0.39772374479244377	5.516143547118989	0.5646495979865168	0.5835225115026774	0.9998640102074222	-5.012150229571347
Gkap1	0.05024020764068027	4.40029906452871	0.5645168806365927	0.5836097558296094	0.9998640102074222	-4.9536646461386935
Atraid	0.05462404032524848	5.812894670726006	0.5633853585829552	0.5843538649713415	0.9998640102074222	-5.0109340981116155
Srp14	0.035922426671658236	6.934241175753088	0.5631288957529192	0.5845225894380781	0.9998640102074222	-4.973723006307382
Kremen1	0.03799816779107967	4.321180416941752	0.5622171270317142	0.5851226424991431	0.9998640102074222	-4.943576273305195
Fam104a	0.03277384678600104	4.66108191886179	0.5612591280013789	0.585753471933697	0.9998640102074222	-4.990299785757629
1110012L19Rik	0.052554024321636916	4.4142793390849855	0.5612002851290685	0.58579223089734	0.9998640102074222	-4.956797792114517
Rabac1	0.046512581309189116	7.566078003001995	0.5593637881968914	0.5870025867809168	0.9998640102074222	-4.9519525631255785
Dcaf6	0.04191893081421316	6.740846691700395	0.5590874769508015	0.5871848058030741	0.9998640102074222	-4.985334703454787
Cbx1	0.039399475759360314	4.368932183164066	0.5583951638573696	0.5876414966787225	0.9998640102074222	-4.951481014298287
Rxrg	0.06329381363205933	5.589642299040079	0.5583894517727102	0.5876452654882593	0.9998640102074222	-5.013605247985477
Hikeshi	0.04211649998924649	5.853241828616496	0.558378387527704	0.5876525656670303	0.9998640102074222	-5.012741198040837
Rpl12	0.05600687478743005	8.909701941112086	0.5554823500380665	0.5895650110544053	0.9998640102074222	-4.923902698475826
Cdc37	0.033601482070846345	5.863986657556687	0.5551714580203294	0.5897705079242095	0.9998640102074222	-5.013915999004754
Krtcap2	0.0546848427584008	5.235901331153745	0.5541152247746738	0.5904689496770987	0.9998640102074222	-5.021202969159584
Vdac3	0.029996952300807678	8.939219189202074	0.5528659353238566	0.5912956110350553	0.9998640102074222	-4.924317669388337
Amfr	0.03367983219182502	6.463941368778167	0.5527167995102369	0.5913943354803612	0.9998640102074222	-4.999430296793954
Rpl22	0.02284757036436691	6.373126372788897	0.5496189997202301	0.5934469568762097	0.9998640102074222	-5.003712773338557
Pgls	0.03486169987624255	4.529325611631447	0.5492183745126347	0.5937126849551915	0.9998640102074222	-4.977097132458698
Akr7a5	0.04508064648475685	4.407706736172002	0.5490085924771813	0.5938518546669196	0.9998640102074222	-4.960160477848397
Spag7	0.04843866905463923	6.6138953105433	0.5485293982723464	0.5941698166069751	0.9998640102074222	-4.995256193884112
Rtf2	0.03208298935719256	4.85053744905012	0.5477113018955592	0.5947128568337592	0.9998640102074222	-5.014312780434518
Rab11b	0.07166257515488983	4.684580860219111	0.5476109831224174	0.5947794647297151	0.9998640102074222	-4.998379946097535
Rbfa	0.031712108211558565	4.713878463895048	0.5475424898900626	0.5948249438933897	0.9998640102074222	-5.001722513737432
Csnk1g2	0.028745703991479132	6.036531478018632	0.5470937085040889	0.595122977270216	0.9998640102074222	-5.014923081981514
Cltb	0.027411387409570054	6.146576486984165	0.5453426639890141	0.5962865792146299	0.9998640102074222	-5.012724570614777
Ccnk	0.0540472758409436	5.944378866978927	0.545135658657508	0.5964242161913177	0.9998640102074222	-5.017089388901786
Acin1	0.0444669579719319	4.353956591205082	0.5429573296394512	0.5978735769574981	0.9998640102074222	-4.954734048241302
Fmc1	0.05111811758501261	6.62865423813893	0.5427911229101647	0.5979842381750653	0.9998640102074222	-4.996689033107699
Mrpl30	0.03398089971482143	7.37262249580744	0.539139602917005	0.6004181084026676	0.9998640102074222	-4.963933450803019
Cox6a2	0.051817855514721956	10.016707064074271	0.5380099074995495	0.6011721242174495	0.9998640102074222	-4.912467456785577
Atp5c1	0.046779998065030526	9.773850506785598	0.5366291424595032	0.6020943778687354	0.9998640102074222	-4.917207542350582
Actc1	0.2296014439012275	5.089789988171169	0.5366254054517351	0.6020968749123694	0.9998640102074222	-5.027164028512461
Lman1	0.03679438863687068	4.423677274754125	0.5363160243090626	0.6023036197753673	0.9998640102074222	-4.966780796056722
Dbp	0.20810011404321926	5.064255418397249	0.5362563216049122	0.602343520479906	0.9998640102074222	-5.026834672531457
Csrp3	0.37757067134665157	6.435093288157261	0.5358991034995072	0.6025822859924828	0.9998640102074222	-5.006586422814401
Gm10171	0.03705257436771081	4.702538758260423	0.5343394959871173	0.603625300370934	0.9998640102074222	-5.005258556562219
Stbd1	0.07685527611970322	4.320260723365544	0.5340908651902564	0.6037916619414798	0.9998640102074222	-4.95303149547378
Rtn2	0.04255941549630471	10.088361208377064	0.5323042800802344	0.6049877755128599	0.9998640102074222	-4.913024612088266
Dcun1d2	0.034905428285329165	5.7171210892845075	0.5321818207417627	0.6050698060134041	0.9998640102074222	-5.022738468905782
Gid4	0.04827024669025892	5.3947304965853755	0.5308874003780168	0.605937232554833	0.9998640102074222	-5.0275028882419015
Acss2	0.08798035739451837	4.377941601705169	0.5308289486001814	0.6059764176576554	0.9998640102074222	-4.962179378999256
Klhdc3	0.039122632815788094	5.9226142453494335	0.5292414429319879	0.6070411490478151	0.9998640102074222	-5.023185684119124
Maf1	0.03029026400630297	6.351502465710488	0.5291616402231059	0.6070946974219396	0.9998640102074222	-5.011904287957596
Golga5	0.036616789254558135	4.356437351652773	0.5284086425965567	0.6076000843006497	0.9998640102074222	-4.959969310637824
Exoc4	0.04397314468707414	4.71014789162025	0.5280743575551239	0.6078245138176209	0.9998640102074222	-5.008343483334421
Nek9	0.04954293472002114	6.408761700206948	0.5276476261463252	0.6081110704222231	0.9998640102074222	-5.010456348937019
Nudcd3	0.037050403666952114	5.060193526161387	0.5271603197638733	0.60843838795324	0.9998640102074222	-5.030100160184066
Cox7a2l	0.04042150362236985	7.405906716672895	0.5263519646118011	0.6089815470557336	0.9998640102074222	-4.967294204541863
Atp6v1c1	0.027825789552960778	4.590394216648745	0.5262312076644625	0.6090627085342761	0.9998640102074222	-4.993622968014332
Pin4	0.049474930528713656	4.757428480296776	0.5261246004696927	0.6091343644366121	0.9998640102074222	-5.014135648994434
Ube2v1	0.02881467215322253	5.839560658802531	0.5256123210880623	0.6094787520363467	0.9998640102074222	-5.024950740243248
Pfdn2	0.03308602739172439	5.231145578074887	0.5240921809443957	0.6105012697031165	0.9998640102074222	-5.032416936597527
Commd4	0.04331870388010195	4.598397544459219	0.5229074590301293	0.6112987704476627	0.9998640102074222	-4.995873867112801
Malsu1	0.04672357811125494	5.955154170124118	0.5221269555095142	0.6118244571274386	0.9998640102074222	-5.0253758517850375
Trak2	0.051856633338823066	4.946386949593954	0.521167634172057	0.6124708938834535	0.9998640102074222	-5.02914540796875
Rhoq	0.03308224107266167	6.328066054930972	0.5200303944568113	0.6132376661020795	0.9998640102074222	-5.015958165481183
Nutf2-ps1	0.042130199629029086	4.272168795341655	0.519923645948538	0.6133096649795773	0.9998640102074222	-4.950963653674935
Pdlim7	0.06606014327723209	8.714527932884218	0.5198507147836504	0.613358857451554	0.9998640102074222	-4.938713513247183
Asb8	0.0377930802462334	6.133491996886208	0.5194730966470943	0.6136135946981682	0.9998640102074222	-5.022495966327385
Ubald2	0.049811354446148925	4.822877365511857	0.5192717947481286	0.6137494125865072	0.9998640102074222	-5.02279629343628
Btbd1	0.07067225431445046	6.954571327314379	0.5155635183071551	0.6162540760409044	0.9998640102074222	-4.989378326699098
Stx4a	0.07015184002085828	5.257621319281515	0.514196096384125	0.6171789562885799	0.9998640102074222	-5.035743378492164
Pex19	0.03575100412793475	5.651291508451422	0.5138820475957738	0.6173914666385478	0.9998640102074222	-5.029472994546672
Ndufa1	0.03907943858491958	7.497119340613236	0.513118070031233	0.617908586963311	0.9998640102074222	-4.9692170459275316
Dhdh	0.05510492297332359	4.924054212618643	0.5127766215130012	0.6181397760912641	0.9998640102074222	-5.031080234203239
Ankrd2	0.3188047451197118	7.183221992969378	0.5117385218503132	0.6188429208034498	0.9998640102074222	-4.979905316565262
Hjv	0.037787901542888136	8.94325816495451	0.5115477232567527	0.618972199307888	0.9998640102074222	-4.937439323739163
Vegfb	0.06109200037878537	6.430027861561707	0.5115002073258106	0.6190043965434142	0.9998640102074222	-5.015375335209206
Rab35	0.03326244787418009	4.567822282571666	0.5113631740017582	0.6190972562616094	0.9998640102074222	-4.995606793954249
Jsrp1	0.02810583425870128	8.97526735510131	0.5109830508287614	0.6193548804624822	0.9998640102074222	-4.937117716888034
Epn1	0.032337068839079386	6.329704606490053	0.5107122814799346	0.619538423843764	0.9998640102074222	-5.019156343472755
Hnrnpm	0.043406831133597557	5.879716249944398	0.5086787346745902	0.6209177445907067	0.9998640102074222	-5.030803310829388
Hdlbp	0.040325537294434	6.5613406681245605	0.5086694123906292	0.6209240712443094	0.9998640102074222	-5.011528769335543
Plpp1	0.04327175323604138	5.30530132982643	0.5081288656462146	0.6212909728885534	0.9998640102074222	-5.037320637483674
Slc25a39	0.06739277430441248	4.798348778895281	0.507618007321849	0.6216378218932582	0.9998640102074222	-5.024592039982568
Tmem185a	0.0425096972105079	4.273020493338492	0.5070865937988598	0.6219987286072235	0.9998640102074222	-4.955155535131972
5730409E04Rik	0.05236961418346997	4.327390380741112	0.5042833252155716	0.6239042670567537	0.9998640102074222	-4.963695606195894
Nap1l4	0.030113001874780387	7.041167185287361	0.5031172666923012	0.6246977488210723	0.9998640102074222	-4.989127470479164
Cdc42ep3	0.0582446894317421	4.675915390067331	0.5028754850628855	0.6248623389931619	0.9998640102074222	-5.012981117075939
Ckm	0.04761798234210879	14.563972870639105	0.501287954929357	0.6259435620234062	0.9998640102074222	-4.8351084741891555
Czib	0.032289688115866966	4.517522932106394	0.5012507236567354	0.6259689302360487	0.9998640102074222	-4.991816779482192
Rplp0	0.03214779407489665	9.382022701339805	0.50098079143007	0.6261528686151322	0.9998640102074222	-4.934412912311971
2610507B11Rik	0.04238436965571868	6.8134230652211984	0.49946009808665676	0.6271896011702245	0.9998640102074222	-5.002325979638365
Cacfd1	0.057641797428701125	4.925785958339097	0.49932400981671093	0.6272824202999338	0.9998640102074222	-5.035854455956643
Mvp	0.027705586114798564	4.324858999103865	0.4985635925758261	0.6278011872964451	0.9998640102074222	-4.96513189680159
Cs	0.03764813203458672	8.729863714619944	0.4984643536864848	0.6278689048932484	0.9998640102074222	-4.9450241356791205
Mrps16	0.0400529430486678	6.035821429512527	0.498023025359872	0.6281700971564976	0.9998640102074222	-5.032493006168687
Hhatl	0.03721090418682316	6.121266545634478	0.49759434145995124	0.6284627275913186	0.9998640102074222	-5.030460125442812
Chrac1	0.04013080701445926	6.1876778194748745	0.49735264315294964	0.6286277462932275	0.9998640102074222	-5.028549524454659
Mrps10	0.028515657895010094	5.175070319746833	0.49651444385566845	0.6292001878520472	0.9998640102074222	-5.042146415647488
Celf1	0.026423567392972025	4.772783192682369	0.4958466045366424	0.6296564653014214	0.9998640102074222	-5.026174195745203
Tsnax	0.030438176444184784	6.264381868751211	0.4955490255349986	0.6298598274739251	0.9998640102074222	-5.026596095005879
Ciao3	0.04379122848041206	4.344156420489061	0.49536497719452083	0.6299856200661027	0.9998640102074222	-4.968870188085693
Nf2	0.03771021089257243	5.0102981843495815	0.49509196121496524	0.6301722424162708	0.9998640102074222	-5.040399320489499
Mgrn1	0.044964857206686304	4.834320530581018	0.4949674834335411	0.6302573391719185	0.9998640102074222	-5.032058055519058
3425401B19Rik	0.061545605738067444	6.640427124975172	0.49412681657761465	0.6308321906692962	0.9998640102074222	-5.012994540881924
Jak1	0.03451667484033827	5.8292134571266105	0.4941074871288866	0.6308454112238275	0.9998640102074222	-5.036032614827322
Polr2e	0.03320557555339665	5.0830056486088875	0.4933030991562347	0.6313956991520278	0.9998640102074222	-5.042483822616106
Yif1a	0.03623486358261996	4.460695849037456	0.49289686539291255	0.6316736953028541	0.9998640102074222	-4.986360873199364
Cdc42se2	0.03652115025650993	4.2131465495932465	0.49285580494733844	0.63170179732034	0.9998640102074222	-4.951096041656465
Hnrnpa2b1	0.07058835219713178	7.942794139728152	0.49281335173591023	0.6317308531930128	0.9998640102074222	-4.965343918527025
Car14	0.11522189310460718	4.697984198388756	0.491442527528876	0.6326694224549527	0.9998640102074222	-5.019553434271578
Ak3	0.04923207059363399	4.72305205385721	0.49095561505895596	0.6330029617880661	0.9998640102074222	-5.022563337791033
Prelid3b	0.033863412101322155	5.714021722618673	0.4907755370942794	0.6331263383331083	0.9998640102074222	-5.037305594266855
Lrrc20	0.033843652153692005	7.045257554397789	0.48967976784152273	0.6338773317210749	0.9998640102074222	-4.993268362825496
Inpp5k	0.03566707215186682	4.451340505739662	0.4890728970413016	0.634293440103207	0.9998640102074222	-4.986220401586515
Chchd4	0.035904232087375476	4.432657810202716	0.4885315595513041	0.634664725989312	0.9998640102074222	-4.983704358932606
Csnk1a1	0.028255040445102075	6.210539679708044	0.48808457237494335	0.6349713790316949	0.9998640102074222	-5.030916757838466
Mrpl34	0.05531963455748112	5.333137401301845	0.4868019340868055	0.6358517220511403	0.9998640102074222	-5.044227657907933
Map7d1	0.03215401710688148	6.767656536888349	0.48655256822369947	0.6360229432997149	0.9998640102074222	-5.009031514897942
Myom1	0.05929304451821338	8.956023066632874	0.48559395754492957	0.63668135731511	0.9998640102074222	-4.9450290037104505
Hbb-bs	0.16575218304641925	7.820034575812182	0.48509143570571445	0.6370266411358623	0.9998640102074222	-4.970651115605054
Dda1	0.03114883251157785	4.778431669939533	0.4850760250883479	0.6370372312239836	0.9998640102074222	-5.0303165964211525
Mief2	0.03690500788692486	5.857689198962947	0.4838886805752814	0.6378534214877631	0.9998640102074222	-5.039372428798433
Phospho1	0.032887109036461304	7.070336375289317	0.47765275936946433	0.6421482447004736	0.9998640102074222	-4.995842821466191
Rgs5	0.03903021836607756	6.5816442086294495	0.4748866546010788	0.6440577139475758	0.9998640102074222	-5.021911640224779
Rxra	0.04372538779572199	5.601433512315914	0.474303276110086	0.6444607686028818	0.9998640102074222	-5.043345594514086
Cox7a2	0.05118897172860315	7.819542858156073	0.47414466209574896	0.6445703752136229	0.9998640102074222	-4.9739645560926995
Pitrm1	0.0405882477484143	4.3064115263561895	0.4729738491871712	0.6453797111594002	0.9998640102074222	-4.970283810893458
Rps11	0.05617074376267972	8.221154757576496	0.4728746553384864	0.6454483019052634	0.9998640102074222	-4.9642297293494
Tbrg4	0.03973261603599809	4.347036806914385	0.472279065546528	0.6458602137035684	0.9998640102074222	-4.9763191834653515
Crat	0.033911258054256876	7.987875699704768	0.47210351159366654	0.645981651008964	0.9998640102074222	-4.970469498399992
Srp19	0.033732301041045076	5.630292136969825	0.47137943752673905	0.646482634036381	0.9998640102074222	-5.0440187384909265
Taf6	0.028860307865345547	4.617581222452778	0.47087194421682355	0.6468338749239713	0.9998640102074222	-5.015644418272607
Itpa	0.045859135161747666	4.645789017363218	0.47077840322584863	0.6468986253157079	0.9998640102074222	-5.019462925700867
Eif3c	0.03572809978023184	6.36095911344286	0.4704746595716818	0.6471089019621836	0.9998640102074222	-5.031468713140609
Serhl	0.049780838891869905	4.600551446166667	0.46907828559221787	0.6480760012400586	0.9998640102074222	-5.013870074012337
H19	0.12413368386133783	6.9910473766991	0.46869217527585594	0.6483435327203381	0.9998640102074222	-5.002551738712348
Ankrd40	0.0298617190337227	6.927069146332066	0.46736878470608434	0.6492608875840027	0.9998640102074222	-5.006367334071141
Oard1	0.039020419581108357	4.664414046020547	0.4658870197139024	0.6502887451659354	0.9998640102074222	-5.023488519198943
Ndufaf5	0.04313466557587464	4.698562113303848	0.46577145240779283	0.650368942791807	0.9998640102074222	-5.0279198959712454
Gm8325	0.028679212114111508	5.093071688141357	0.4656367763343239	0.6504624067190222	0.9998640102074222	-5.051889079738747
Uqcrfs1	0.04933621004865785	8.865506476928573	0.46542853877388846	0.6506069339602756	0.9998640102074222	-4.952287692206405
Lias	0.02329911194656109	4.583361227047144	0.4650662502957818	0.6508584159033883	0.9998640102074222	-5.012692419100661
Klhdc2	0.023858300894622708	6.944384229266109	0.46492713319238815	0.6509549958488287	0.9998640102074222	-5.006184044353942
Gas6	0.033574577480782075	5.2011477398258545	0.4640809585959218	0.6515425835732003	0.9998640102074222	-5.053010429581264
Atf5	0.08265112216451609	4.740316927220913	0.46251457989287553	0.6526309354488522	0.9998640102074222	-5.033737694260618
Tbx15	0.05909088284950492	7.36488072204097	0.462502408264711	0.6526393958497747	0.9998640102074222	-4.988663297463069
Pex7	0.029481917307343508	4.276236853746812	0.4623407872896509	0.6527517421184557	0.9998640102074222	-4.969066841014451
Rwdd1	0.03538552667435724	7.089300691217016	0.4620977432851503	0.6529207042132666	0.9998640102074222	-4.999691529447853
Gtf2i	0.025020027646023735	5.412633091131165	0.46092168648260673	0.6537385753030185	0.9998640102074222	-5.051106200363935
Tfg	0.025613589300130357	5.343194853302365	0.45798910900695294	0.655780056333804	0.9998640102074222	-5.053519373022394
Plcl2	0.02476896449108157	4.697005812868752	0.45794384374042707	0.6558115902816611	0.9998640102074222	-5.030184787505112
Ulk2	0.036181896984320616	5.42587546213528	0.4553882473242368	0.6575930735512339	0.9998640102074222	-5.052545640484367
Dars	0.020357260462215088	5.663177626351919	0.45527998921968826	0.6576685883736789	0.9998640102074222	-5.049023415827412
Slc39a1	0.034391860324595847	4.305379768649037	0.45502826071410707	0.6578441955503215	0.9998640102074222	-4.975349130307979
Arfgap1	0.03276993263179673	4.433818313800735	0.45330789677215877	0.6590449065524575	0.9998640102074222	-4.9945393200486565
Naa20	0.04749555405795469	5.321956822787953	0.45326175897873255	0.6590771217849641	0.9998640102074222	-5.055385124591612
Psmc5	0.02997769710708198	7.258078990930613	0.4522303384989543	0.6597974884776485	0.9998640102074222	-4.995407229818663
Ppp1r1a	0.03912087915465445	5.480419021727131	0.4496556396870418	0.661597282943203	0.9998640102074222	-5.0530629941021035
Lrrfip2	0.024197494702161038	5.04928994260605	0.4493141971941123	0.661836129677013	0.9998640102074222	-5.0562724175920515
Cct8	0.025121533920510863	6.202022748948349	0.4490142010060162	0.6620460161606019	0.9998640102074222	-5.043742268849472
Mrpl45	0.048453609667983955	4.941366371061102	0.4477546825344819	0.6629275438315678	0.9998640102074222	-5.053504713678017
Mrps18a	0.033185992752135185	6.227142571695712	0.44749286069751404	0.6631108578785885	0.9998640102074222	-5.043368190247055
Atp6v1e1	0.027809173511823104	6.61723184004512	0.4467232824103133	0.6636498097104067	0.9998640102074222	-5.029044377854743
Ctbp1	0.025882712104841055	6.605685460710657	0.4455622467841551	0.6644632827435024	0.9998640102074222	-5.029926759547994
Smtnl1	0.16430886353962926	5.779954129125916	0.4444951355658203	0.6652113457161242	0.9998640102074222	-5.052203300621431
Rbm39	0.04253019821097315	5.437933783908841	0.44431186012333	0.6653398631582189	0.9998640102074222	-5.05572517621925
Eef2	0.027527241525797663	9.491867278811682	0.44380858673837204	0.6656928290019268	0.9998640102074222	-4.948897093321129
Laptm4b	0.03896335407064555	4.5560825385906325	0.44371785174943607	0.6657564740813458	0.9998640102074222	-5.01527263894173
Pde6d	0.042725635931937234	4.334036697154202	0.4436687875662039	0.6657908907667429	0.9998640102074222	-4.982714793793273
Ccdc6	0.0399880489858635	4.532707447792122	0.44362251123535684	0.6658233526134723	0.9998640102074222	-5.0118644911664045
R3hdm4	0.029324787188281576	6.63903072479052	0.4431902839467987	0.6661265851797062	0.9998640102074222	-5.029087911062322
Rpl3l	0.029264163765924778	8.767236181788824	0.4426208455328672	0.6665261742981785	0.9998640102074222	-4.9603041521579625
Bdh1	0.22942803048830385	4.091553221269276	0.44217429314929335	0.666839606708418	0.9998640102074222	-4.948101144975377
Rps29	0.05199102056923799	8.839169720738413	0.4400187701203374	0.668353486697213	0.9998640102074222	-4.959714877749963
Bcap31	0.02812060093047286	5.265120415546612	0.43953094865190695	0.6686963101880081	0.9998640102074222	-5.0604407956452295
Arhgef10l	0.032081810708544545	4.683621069032457	0.43945098852130554	0.6687525108239873	0.9998640102074222	-5.034161205587473
Gm11960	0.05745080838053784	5.740470273098654	0.43886851181529607	0.6691619731938687	0.9998640102074222	-5.053961140085843
Lsm14a	0.024193925223895185	5.366372023472974	0.4387112018285191	0.6692725762896762	0.9998640102074222	-5.059133667458516
1700021F05Rik	0.050673184468212895	5.6841970133276085	0.4381213713961308	0.6696873530345706	0.9998640102074222	-5.054260923738291
Plcd4	0.1072580629585218	5.782697892422585	0.43705798423113446	0.6704354314053023	0.9998640102074222	-5.054470934870212
Ndufv3	0.059372476494475634	7.601340178760706	0.435545188343431	0.6715003046574488	0.9998640102074222	-4.990108506966597
Gm8116	0.03208392677258587	5.357981565771444	0.4338518954893147	0.6726931237053522	0.9998640102074222	-5.060767850772039
Kcnj2	0.06509684331410082	4.319953381821204	0.4328358645559385	0.6734093052379229	0.9998640102074222	-4.9836532980613155
Zdhhc5	0.026610801509960424	5.322976159091363	0.43229846405015904	0.6737882455515517	0.9998640102074222	-5.061844156091049
Eya4	0.03825739276518547	4.55674953750037	0.4311158887262261	0.6746224539198522	0.9998640102074222	-5.019016243686692
Sun1	0.03085163958860271	4.321457559512611	0.4307932319081138	0.6748501406544144	0.9998640102074222	-4.984429211290926
Mmab	0.035799976939159706	4.579927976081155	0.4305152707525662	0.6750463145538046	0.9998640102074222	-5.022484096034526
Gnas	0.04511043937183068	9.547614046013475	0.4295419040434355	0.6757334762655203	0.9998640102074222	-4.951727414818567
Atp5h	0.048284129090564676	9.314960940649033	0.4287768301563256	0.6762738070574967	0.9998640102074222	-4.955457187826493
Ndufb8	0.040073198789091435	9.444874773660285	0.4282944632710604	0.6766145747245982	0.9998640102074222	-4.953665499377828
Zbtb18	0.025672746767925858	6.0061846334169315	0.4282419237441297	0.6766516957882246	0.9998640102074222	-5.055308063307048
Jph2	0.05175422191004575	7.789158641546257	0.42811583900934724	0.6767407828370431	0.9998640102074222	-4.987794425336469
Rad23a	0.03293271718746471	6.362763113151354	0.42570367353286276	0.6784461259137669	0.9998640102074222	-5.045088553719391
Anxa7	0.03654273119646412	6.572478124250379	0.4256810096778282	0.6784621576384756	0.9998640102074222	-5.037231773162574
Rps5	0.038379292551097066	8.989127010678647	0.42563847165115226	0.6784922481981717	0.9998640102074222	-4.961032992336237
Stard10	0.052479225993805834	4.3104304207058	0.4256368288692936	0.6784934102813225	0.9998640102074222	-4.984208961926673
Elob	0.050643022849801156	8.62172502944319	0.4247197737283863	0.6791422594603661	0.9998640102074222	-4.967901121247404
Myoz3	0.03277446567713582	7.066439112620551	0.4233942544901164	0.680080590549013	0.9998640102074222	-5.011986130625084
Rps21	0.050225253624402555	8.04893120593687	0.4219839566167438	0.6810795565377468	0.9998640102074222	-4.982943801680557
Map3k10	0.037558528972028604	4.211896568790406	0.4207763822773301	0.6819354330308964	0.9998640102074222	-4.971111043486979
Rab3a	0.036278848968492206	4.597136499057568	0.4200253135371567	0.6824679935557743	0.9998640102074222	-5.027920392553945
Dupd1	0.06210918167404156	5.387563369286961	0.4195626637380264	0.6827961345266634	0.9998640102074222	-5.064384643250188
Eif3g	0.02091450859673749	6.1390490720275945	0.4194394628137455	0.6828835280662412	0.9998640102074222	-5.054577277636301
Kansl2	0.025684893366793027	5.112051343292084	0.4183893957853926	0.6836285978733129	0.9998640102074222	-5.066667654093926
Lsmem2	0.0391787820908025	4.947451993816616	0.41809976417380584	0.6838341663795648	0.9998640102074222	-5.062732904159649
Tcea3	0.025487725115930004	8.138977112143365	0.4180624098625001	0.6838606808657013	0.9998640102074222	-4.9815949418395835
Map1lc3a	0.02445478913640642	7.36943636696033	0.41632044130021634	0.6850976415803683	0.9998640102074222	-5.001546526594245
Napa	0.024803672104335206	6.136351148000854	0.41621334789036496	0.6851737193818419	0.9998640102074222	-5.05559090172688
Rtca	0.028313380240947872	4.749678834729528	0.4139890280987352	0.6867546696806547	0.9998640102074222	-5.049252822789414
Cd59a	0.044334275003954815	4.216692032921406	0.41264251964398885	0.687712469745028	0.9998640102074222	-4.973896738740222
Rpl23a	0.03363659185704826	9.244993987396729	0.41104817833941415	0.688847297371912	0.9998640102074222	-4.9609470856122035
Fam76a	0.02743631170417249	4.2973552662491405	0.4094558057531142	0.6899815209561089	0.9998640102074222	-4.986548801183876
Psmc4	0.027643864208095614	6.3547803485288235	0.4093777580953577	0.6900371335957902	0.9998640102074222	-5.050042390132777
Adipor1	0.021824171817284466	7.422675007311312	0.4090051059001149	0.6903026921706881	0.9998640102074222	-5.001864510927023
Asb10	0.03291723694760229	6.372593049388803	0.40689705770161805	0.6918057422387607	0.9998640102074222	-5.050088359273863
Slc38a3	0.078842440250666	5.301934940480979	0.4057022145195794	0.6926582875049643	0.9998640102074222	-5.069978390917287
Nabp2	0.02353476519153297	5.441341222149859	0.40471890620927026	0.693360231356785	0.9998640102074222	-5.067359697297532
Ndufb10	0.037009718025821314	8.501665947578683	0.40383752470840745	0.6939896688798222	0.9998640102074222	-4.975885362523804
Fbxw11	0.024217633904711988	4.644074088241066	0.3985823667452857	0.6977476152441358	0.9998640102074222	-5.040344221160434
Mrpl13	0.027041582308362955	6.331068638318023	0.3977326910971615	0.6983560131341885	0.9998640102074222	-5.054126682443218
Mbd3	0.02114835303165208	6.334895305968685	0.39709890434772577	0.698809970837845	0.9998640102074222	-5.05416023935705
Grsf1	0.03599988509343266	6.123222633673111	0.3969893000092252	0.6988884887780712	0.9998640102074222	-5.061395512386939
Cops4	0.026922726288146848	6.097950044607911	0.39683914230216755	0.6989960641473181	0.9998640102074222	-5.062179675102242
Cox4i1	0.04073267494282007	9.95921967747754	0.3965041467646934	0.6992360851042988	0.9998640102074222	-4.952282219857648
Popdc2	0.04761819328417349	5.21906925188166	0.39597416684530107	0.6996158804021653	0.9998640102074222	-5.073509757332268
Drap1	0.03000358486507082	8.705892312944751	0.3955839828580892	0.6998955496126931	0.9998640102074222	-4.973515216478404
Fam174a	0.019529019672139825	5.503191010750817	0.3935522207688735	0.7013525893152903	0.9998640102074222	-5.069017806402077
Slc48a1	0.02668885709174429	4.892894857322224	0.3933263579207554	0.7015146400572996	0.9998640102074222	-5.066974682508771
Cops8	0.021517750368990285	6.258752008151449	0.39310883518141687	0.7016707216170333	0.9998640102074222	-5.057980033941984
Zbtb16	0.12664654926671215	4.5554976836637335	0.3928153261364024	0.7018813492335114	0.9998640102074222	-5.02930659613654
Emc6	0.027989741856852213	6.097035764875354	0.39244937597462587	0.702143998525393	0.9998640102074222	-5.06340657497614
TrnK	0.11378373901093042	5.275192737620793	0.391212421417746	0.7030320840325018	0.9998640102074222	-5.074394403365232
Prxl2a	0.03848581354085656	4.82488791804891	0.3911557451531055	0.7030727864794815	0.9998640102074222	-5.063071724179524
Fem1a	0.02782273294908144	6.816216444968461	0.3904127964771281	0.7036064298209226	0.9998640102074222	-5.034433964762875
Parp1	0.027998829210143406	4.816901826902819	0.38996483429822565	0.7039282714432956	0.9998640102074222	-5.062698835246527
Rnf5	0.03964561477626827	4.409214461092654	0.38930002580116346	0.7044060192718979	0.9998640102074222	-5.0082888712516045
Rbbp7	0.021332812295774772	6.245630665132044	0.38902451014814776	0.7046040506175417	0.9998640102074222	-5.0595448180248885
Ank1	0.046005696536318474	7.288230402767445	0.38886496020707717	0.7047187401631894	0.9998640102074222	-5.011518917671489
Mrps30	0.022674074269868782	4.822940079122497	0.3887471585085304	0.70480342466186	0.9998640102074222	-5.063571257156207
Fxyd6	0.1650032086173301	4.923641884181834	0.38734991846100697	0.7058081810527941	0.9998640102074222	-5.070198205711504
B230118H07Rik	0.021788514196244613	5.308976551155348	0.38576667503100287	0.7069473994960981	0.9998640102074222	-5.075403402942655
Amz2	0.025281888912764394	5.4263053392828	0.3835701287608147	0.708529157504787	0.9998640102074222	-5.073550994451528
Chchd3	0.028015320221927098	8.015242238085541	0.3823317742295389	0.7094215433556237	0.9998640102074222	-4.993857110756033
Clk3	0.027640797052181476	5.033548687797974	0.38177775696877875	0.7098209278014834	0.9998640102074222	-5.075563752589675
Tmem208	0.03592139763858704	4.633157555480511	0.38108816444534843	0.7103181738018711	0.9998640102074222	-5.043449427318073
Tle5	0.03255517964339205	9.102001259840263	0.3808053903695065	0.7105221149902897	0.9998640102074222	-4.97028247750617
Slc2a4	0.02632573644886449	8.32610650371147	0.3806085421494074	0.7106640990271254	0.9998640102074222	-4.985925834286596
Eloa	0.024964907901805056	4.502874518957779	0.3780688508201419	0.712496969753388	0.9998640102074222	-5.025164029604877
Hba-a2	0.12581164048731974	6.678705255226466	0.3777552250404106	0.7127234421042805	0.9998640102074222	-5.04522275802765
Gm14494	0.03735379244001269	4.333095852701812	0.3775694993570561	0.7128575701147596	0.9998640102074222	-4.999771430032988
AI837181	0.029913733738367476	4.836845265270494	0.3739422789255965	0.7154791127511755	0.9998640102074222	-5.06852174188311
Iscu	0.04098698449339899	7.053439742361934	0.37383180735502186	0.7155590153954177	0.9998640102074222	-5.025607808123762
Gm15564	0.34500023143640757	4.346154098458333	0.3733689618843488	0.7158938240859014	0.9998640102074222	-5.002722875764306
Dynlt1b	0.05733091685032843	4.796048964204744	0.3721804818269967	0.7167538204815975	0.9998640102074222	-5.065295834131354
Mxi1	0.02285663514247105	4.927256126859884	0.37194910530233993	0.716921294582715	0.9998640102074222	-5.0744615377033275
Ndufs7	0.050618685068043234	8.553665231720721	0.3718055128043424	0.7170252369774432	0.9998640102074222	-4.982356454677811
Znhit1	0.029022994483196562	5.446227758692832	0.37093307624283345	0.7176568965475584	0.9998640102074222	-5.076406826232369
Herc3	0.03601435860834101	4.290605356930674	0.37047473346754617	0.717988833081756	0.9998640102074222	-4.995121282981352
Ubac2	0.0219264917928772	4.883309353121751	0.36944236428281324	0.7187367076241047	0.9998640102074222	-5.072790813790512
Erh	0.018931884688756284	4.880874505751976	0.3691158711057403	0.7189732915708311	0.9998640102074222	-5.072739437745705
Cct7	0.015994260115713033	6.048990706401096	0.3686903872973932	0.7192816523203607	0.9998640102074222	-5.070955698373161
Zmat5	0.02190533742074141	4.663678659280841	0.36859080131044336	0.7193538327666991	0.9998640102074222	-5.050834748824608
Rpl27	0.02635258094795656	7.981710764207373	0.3679355582217366	0.719828827509695	0.9998640102074222	-4.998148299690929
Coq7	0.05861631728105188	6.0331000925780724	0.3659037512314002	0.7213024957027594	0.9998640102074222	-5.07200850028203
Anp32a	0.041557261575571935	4.442844613443041	0.3658406397447561	0.7213482893499972	0.9998640102074222	-5.0190903173579215
Tpm2	0.08912935639027175	10.564104437871867	0.365279258761205	0.7217556770634619	0.9998640102074222	-4.947882237744537
Sf3b5	0.027660282278032966	5.292035174073494	0.3645971974829032	0.7222507621420129	0.9998640102074222	-5.081244287197436
Ap1ar	0.02176623417518364	4.554192203710897	0.3645243011032844	0.722303682992177	0.9998640102074222	-5.036247089670434
Atpaf2	0.02254249090536664	4.209958147666282	0.36321298581639594	0.7232559217671231	0.9998640102074222	-4.984757388169874
Vapa	0.023746238869962966	6.864284518514292	0.3632048914381328	0.7232618011866527	0.9998640102074222	-5.038547245669462
Ndufs5	0.025465732716313028	8.156092125172906	0.36282658471516394	0.7235366082111623	0.9998640102074222	-4.994656074022105
Slc16a3	0.04938308099676192	7.646843078729454	0.36236763934982696	0.7238700467615452	0.9998640102074222	-5.00769569982717
Actn2	0.12952698804847174	8.290795891049523	0.36035814429989077	0.7253307120578363	0.9998640102074222	-4.991549328036846
Mrpl40	0.026058396963774655	4.543612248034203	0.3602172461311824	0.7254331711960624	0.9998640102074222	-5.035687688015972
Ndufab1	0.04029071555028274	8.434598507517764	0.35879408499541876	0.7264683874516917	0.9998640102074222	-4.988142381961828
Eif2s2	0.023723346674799473	7.142781927979353	0.35863604230492674	0.7265833838673925	0.9998640102074222	-5.024922564947283
Qser1	0.032030110660014266	4.323288534573596	0.35829897828463053	0.7268286648197815	0.9998640102074222	-5.002805320329075
Ccpg1	0.03433444082577708	5.632791163914	0.3572799052644203	0.7275704366756972	0.9998640102074222	-5.076850610984503
Yipf7	0.03061305368054512	6.4471756265862	0.356968523841696	0.727797145821512	0.9998640102074222	-5.060412988163238
Pacsin3	0.020382470903226313	7.710872356106054	0.35641684347292407	0.7281988773774635	0.9998640102074222	-5.007546058650917
Rpl27a	0.032334210457198864	7.6615582371711275	0.356268469996429	0.7283069369128787	0.9998640102074222	-5.008750682401374
Mtmr1	0.029494780695290324	4.2778319723248694	0.35508044046471055	0.7291723936656176	0.9998640102074222	-4.996728344438509
Atp5g1	0.03666229715341274	9.379450555704587	0.3549984196421751	0.7292321587992137	0.9998640102074222	-4.971952501815044
Phb	0.026499829304316158	6.59856338441061	0.3537793812276144	0.730120641846613	0.9998640102074222	-5.05511926750757
Ssr2	0.026604694061066247	5.197545159474873	0.35309762366461334	0.7306177137060375	0.9998640102074222	-5.0847875187367055
Pfn2	0.024134081666583818	7.434674981551793	0.352936178904665	0.7307354425509964	0.9998640102074222	-5.015280872861704
Osbp	0.023691844930598727	4.926245589820604	0.3529306980684343	0.7307394394166069	0.9998640102074222	-5.079234177720848
St3gal3	0.019729879658553884	5.204233104098991	0.3524905352740838	0.7310604525852935	0.9998640102074222	-5.084943420564653
Ptcd3	0.022152432410901923	5.113631083163846	0.35218484991929344	0.7312834222051355	0.9998640102074222	-5.084593188213062
Anapc13	0.025335800911608253	6.701827472535636	0.35181049506643397	0.7315565152144485	0.9998640102074222	-5.05042621296975
Rdx	0.024914394696548214	5.899170368548405	0.3516071660115396	0.7317048606322776	0.9998640102074222	-5.077546304046931
Slc25a11	0.03959606651737779	7.532941801768562	0.3515640394984165	0.7317363264720307	0.9998640102074222	-5.012913081481016
Uaca	0.0286225075880413	6.465245123968514	0.3512969190082901	0.7319312335942534	0.9998640102074222	-5.061105309851498
Actb	0.03765715509961609	6.835775014235168	0.35035477627447786	0.7326188347332276	0.9998640102074222	-5.043249636306548
Phpt1	0.02028417686369277	6.652820356101199	0.3500063520120105	0.7328731861586344	0.9998640102074222	-5.053385418169428
Dmwd	0.01816912981180341	4.681364048406162	0.3463445076046192	0.7355483677916985	0.9998640102074222	-5.058719369612727
Letm1	0.0332780201951568	4.180252800541099	0.34591900251176916	0.7358594610460613	0.9998640102074222	-4.984116675770595
Coa6	0.036821883633982644	4.529064146665453	0.3457136077393408	0.7360096459668808	0.9998640102074222	-5.036868982304511
Coro6	0.04907612755869106	6.888924798538873	0.3450893718445198	0.7364661586164334	0.9998640102074222	-5.0414235365909
Uba2	0.03373977402758843	5.120811490435228	0.3435590649159518	0.7375857423594656	0.9998640102074222	-5.086772294667834
Ddt	0.046749402653763816	4.740479381200089	0.34281200697684105	0.738132526221067	0.9998640102074222	-5.066766859814575
1810037I17Rik	0.02835922028632254	4.595755247634263	0.34215326713218414	0.7386147939600585	0.9998640102074222	-5.0476180233690915
Rpl24	0.02956839180853521	8.91828410766342	0.339930782843078	0.7402427532184179	0.9998640102074222	-4.982193598669134
Ndufs4	0.03389957741942151	7.275676857777184	0.3397637493840642	0.7403651581561501	0.9998640102074222	-5.023621824598452
Yars	0.01911871652703745	4.809350677252274	0.339690047617362	0.7404191704376031	0.9998640102074222	-5.074657810842861
Myl12a	0.05403422563688309	7.717253494489548	0.3381517914857658	0.7415468127607622	0.9998640102074222	-5.0114524476736335
Snhg8	0.042680811165718424	4.493002845613109	0.3378203468482535	0.7417898663223935	0.9998640102074222	-5.033168994785122
Cox14	0.028491172704532275	7.109408462071418	0.33743578754541453	0.7420719064983843	0.9998640102074222	-5.0313255541082835
Mien1	0.018280633151940506	5.00217778604637	0.3364489527951675	0.7427958429438284	0.9998640102074222	-5.086213456709204
Ppm1b	0.03770081042545481	6.684999761386536	0.3362512881350254	0.7429408798329505	0.9998640102074222	-5.054928934618314
Agpat1	0.025595322001875864	5.659227254263268	0.33442628014382225	0.744280474224678	0.9998640102074222	-5.082258831310008
Mrpl9	0.024106175047580614	5.745722574470907	0.3343189855283081	0.7443592582458147	0.9998640102074222	-5.082115539170676
Txnip	0.02958814608611604	8.677893765350841	0.3342979556073529	0.7443747004008855	0.9998640102074222	-4.987853704686095
Cops7a	0.022896958874638607	6.131237035865365	0.3337159173470139	0.7448021343545036	0.9998640102074222	-5.07719999912937
Slc25a12	0.023872515950632334	7.611850353927109	0.33367638486648643	0.7448311692442121	0.9998640102074222	-5.014933033647388
Snu13	0.018225218515010688	6.087137089779079	0.33367606696195035	0.7448314027329597	0.9998640102074222	-5.078514529567497
Llph	0.025989067869812033	4.581714420906179	0.33188621802898816	0.7461464014921135	0.9998640102074222	-5.047876482726128
Gnl2	0.02902223228209433	4.767954269882793	0.33005939404127893	0.747489435349223	0.9998640102074222	-5.072685560507792
Ndufaf6	0.04484645359986228	4.323907704063866	0.32844855226042874	0.748674410190457	0.9998640102074222	-5.009420183527984
Rpl37	0.03203474338718948	7.21156879539376	0.328110274317887	0.7489233418697876	0.9998640102074222	-5.028762188699093
Myadml2	0.0212224028191077	6.210362600919411	0.3278425624663911	0.7491203665795494	0.9998640102074222	-5.075957737504306
Med25	0.049757252934540475	5.067370125154133	0.3272476039876083	0.7495582979248955	0.9998640102074222	-5.08984967168293
Dnajc21	0.02825186708625793	5.896191882898556	0.3262754523649749	0.7502740680230703	0.9998640102074222	-5.08356557640074
Rabl6	0.022649306804814806	5.794210380395296	0.32540616412883167	0.7509143100992104	0.9998640102074222	-5.084117020595653
Calm1	0.033986246694970745	7.770335398137067	0.32453608116760696	0.7515553333293858	0.9998640102074222	-5.0130615271942105
Ptov1	0.031080694927132058	5.738919416415126	0.323777866543421	0.7521140982969389	0.9998640102074222	-5.084549792134533
Gfm1	0.01960661702873967	5.955710535025024	0.32309456495549177	0.7526177831405537	0.9998640102074222	-5.083646093603333
Bod1	0.01633772598229033	7.4945494203622465	0.3223747975856423	0.7531484780180154	0.9998640102074222	-5.020265276115443
Gm10273	0.022926903738901494	4.657454775366148	0.3221917096063479	0.7532834926562259	0.9998640102074222	-5.060869534125751
Rasa4	0.047554732039494674	4.341144663019713	0.3204109864984062	0.7545970999483791	0.9998640102074222	-5.013704833156342
Trmt1	0.01937155440375271	5.0806722390623795	0.32039317170100534	0.7546102456999697	0.9998640102074222	-5.091676808737875
Rps23	0.028910440986910757	8.64066822907028	0.31934412684236263	0.7553844911646701	0.9998640102074222	-4.991659210799363
Ufd1	0.0196714776390019	5.449990556132173	0.31763128041633226	0.7566492558998867	0.9998640102074222	-5.089200938064404
Creld1	0.02208897120837694	4.648101534173969	0.31727899894928585	0.7569094726080647	0.9998640102074222	-5.060627531022357
Maea	0.016700752105584193	5.174465580430755	0.31712904911063206	0.7570202442945558	0.9998640102074222	-5.093266314199141
Tmem233	0.04169365991702989	6.97866229037712	0.31569786573583597	0.7580777811385051	0.9998640102074222	-5.042815208321089
S100a16	0.023075033333711303	5.34919171855851	0.3150177394903399	0.7585805243645276	0.9998640102074222	-5.092145758339923
Pdha1	0.0350454074572788	8.68361500656584	0.31487995805982955	0.7586823853461488	0.9998640102074222	-4.991628612085551
Phyh	0.05584229204279101	7.499478176822027	0.3139904206228874	0.75934012984387	0.9998640102074222	-5.021852279893593
Pdk1	0.030022341910546757	4.514248284707611	0.31346462215572785	0.7597290107336239	0.9998640102074222	-5.041660659205758
Bhlhe40	0.0708595635111271	5.014146373198214	0.3116579578879497	0.7610657479681886	0.9998640102074222	-5.092211959242097
Mgst1	0.07028627286512013	6.212098062323271	0.31157037456535336	0.7611305709139952	0.9998640102074222	-5.079511457945746
Rnf7	0.017647284784318096	6.621839674246562	0.31039436109414914	0.7620011573818746	0.9998640102074222	-5.063823091571033
Mtln	0.02706518878977615	6.702303594739069	0.3088929345444724	0.7631131416509562	0.9998640102074222	-5.060010679054106
2310040G24Rik	0.03796291156793963	7.407723602929517	0.3080848167226573	0.7637118795709629	0.9998640102074222	-5.025695503377653
Alas1	0.0442837273325134	5.7278137887650935	0.30792260245487185	0.7638320842383147	0.9998640102074222	-5.088068964044729
Tmem182	0.0316551927243216	7.92995807636893	0.3070305229956743	0.7644932524225312	0.9998640102074222	-5.012554982645793
Churc1	0.026693596643348805	6.053401859578773	0.3058605682899971	0.7653606655565908	0.9998640102074222	-5.085628688893722
Mylpf	0.025665690313644518	14.077339352984769	0.3054220203558516	0.7656858947859646	0.9998640102074222	-4.882337239963924
Mcfd2	0.02874287250811758	4.258217268736556	0.30517169075638	0.7658715615193207	0.9998640102074222	-5.004111440291429
Naxe	0.015245541153718456	5.3189178976888805	0.3043319686758699	0.7664944861357967	0.9998640102074222	-5.095026022303851
Adh5	0.013715683589432537	5.877020237782933	0.3042845453891443	0.7665296709282999	0.9998640102074222	-5.08851380359085
Aqp1	0.026331377179025672	7.267132720088551	0.3017496456973926	0.7684111876174644	0.9998640102074222	-5.031909890859762
Flad1	0.017439282107119425	4.461058349914777	0.30152263681089503	0.7685797599424451	0.9998640102074222	-5.035919765325424
Mrpl28	0.023756592131318754	5.727838241404866	0.301453490919882	0.7686311087972307	0.9998640102074222	-5.089451968745947
Serpine2	0.021640560152664357	6.01977608439909	0.29931370334612417	0.770220720401242	0.9998640102074222	-5.087720396533418
Pdk2	0.02122538873828006	8.037123530778224	0.29674581507536674	0.7721298137357149	0.9998640102074222	-5.011667568754143
Derl1	0.023942539045529898	5.208153349914943	0.29664799396211755	0.772202569914455	0.9998640102074222	-5.097745978166821
Tmed4	0.014757398089948026	5.59575801772264	0.2964099378543289	0.7723796378817757	0.9998640102074222	-5.091171971764225
Hspa9	0.03456408173044245	7.969056803513157	0.2955562546891936	0.7730147250350049	0.9998640102074222	-5.013721428204532
Mgp	0.050440929107658405	4.962301275372478	0.29490698947001	0.7734978540106587	0.9998640102074222	-5.094169537932173
Fastk	0.021526580365414993	6.984462004907905	0.29433833100372964	0.7739210843678815	0.9998640102074222	-5.046831570339253
Prkag1	0.020275954327384937	5.487397911108404	0.29286208307524625	0.7750201555353078	0.9998640102074222	-5.0935992526741245
Dnajc4	0.023970961183137796	4.624758640288393	0.2928504315107335	0.7750288322089642	0.9998640102074222	-5.06238995874503
Mrpl18	0.022003661746637704	6.861002097227196	0.29276218214808464	0.7750945506824779	0.9998640102074222	-5.05421965649316
Rps10	0.02972429677745403	8.080643689263514	0.29185491013393017	0.7757702940543029	0.9998640102074222	-5.011386852795455
Cct2	0.017752154061720482	6.314707788369506	0.29140957770342774	0.7761020520282751	0.9998640102074222	-5.080004990460921
Hba-a1	0.09594084869775266	7.013102351369314	0.2910627644180031	0.7763604487493493	0.9998640102074222	-5.045921935127866
Igfbp7	0.04580379789845601	5.157589988121927	0.29101302752117997	0.7763975080378918	0.9998640102074222	-5.098826838557223
Itga7	0.013708057390584116	4.7035072702132545	0.2908710469870443	0.7765033018584886	0.9998640102074222	-5.073647311355929
Anapc16	0.02133721458885418	5.241064832597499	0.2907832278888987	0.7765687407855175	0.9998640102074222	-5.098884816303906
Msrb3	0.027468058129240802	6.759038885437079	0.2901232826063574	0.7770605607646364	0.9998640102074222	-5.060672595896426
Tef	0.024485162458649512	7.043705064054766	0.28963199521531924	0.7774267556938489	0.9998640102074222	-5.044569278066414
Mrln	0.05629790960886272	7.245345901224173	0.2893645885680744	0.7776260984863355	0.9998640102074222	-5.035160119305055
Pomp	0.01923683893988759	7.11522423042268	0.2888126557422116	0.7780375988647036	0.9998640102074222	-5.0410754034012015
Ndrg3	0.01642065391321701	4.375264923323969	0.2878997431963758	0.7787183878705911	0.9998640102074222	-5.025283004420725
Eef1a2	0.019674316059483665	7.97516526337369	0.28753314166658195	0.7789918292416427	0.9998640102074222	-5.015046987735327
Dek	0.023401961825562978	4.835599496591263	0.2874240799871605	0.7790731823724693	0.9998640102074222	-5.088376848950422
Cct6a	0.014791451150006019	6.297672330354978	0.28643859567725344	0.7798084164709332	0.9998640102074222	-5.081629814382402
Dpf2	0.015707170037955187	4.619098955239285	0.2857198190214225	0.7803448113395778	0.9998640102074222	-5.062979568259777
Gadd45gip1	0.024885250372814305	4.842115058601747	0.2839163109652037	0.7816912229603251	0.9998640102074222	-5.089539624569548
Tomm5	0.02852695083165191	5.843694277404314	0.2836857177350231	0.7818634265730597	0.9998640102074222	-5.092912054443545
Exoc7	0.04000713707591075	4.8465110500300765	0.28341375338551517	0.7820665411918022	0.9998640102074222	-5.089951345508987
Rps17	0.020158529310851492	8.92856920858835	0.2831639675627316	0.7822531068635781	0.9998640102074222	-4.9928801508415415
Gabarap	0.01559799371858972	7.212876544301782	0.2831457887267085	0.7822666852404259	0.9998640102074222	-5.037716578404326
Txn2	0.022977292441773045	7.415389055976789	0.282681149521583	0.7826137653649464	0.9998640102074222	-5.030332950632445
Aprt	0.02317301830318197	4.560714376136102	0.2806155668628127	0.7841573279339911	0.9998640102074222	-5.055319546970788
Hspa8	0.021956658794547224	9.35487945137775	0.2796241822296637	0.7848985113442857	0.9998640102074222	-4.986846775570435
Tufm	0.0189092725308031	6.238863611146558	0.2793312886714679	0.785117528328708	0.9998640102074222	-5.085185065891968
Sync	0.032833533714776486	4.203487515178578	0.27895578331046844	0.7853983483014286	0.9998640102074222	-5.000578478896592
Srsf1	0.01578336240432332	4.824858331324041	0.2788003944755396	0.7855145644496412	0.9998640102074222	-5.089264965102184
Mapk1	0.012062939361638492	5.4663270599346285	0.2783831896696842	0.7858266211258327	0.9998640102074222	-5.097036223698789
Psmb4	0.016257383809595183	7.466258600125014	0.2778576213790575	0.7862197862700915	0.9998640102074222	-5.029710093365875
Rnf220	0.019573409823584242	5.13304874010883	0.2775057279771075	0.7864830641032567	0.9998640102074222	-5.101379007719562
Rps6kb2	0.015153613128772392	4.516236807516736	0.2769851274341508	0.7868726154290112	0.9998640102074222	-5.049128237715514
Rab10	0.02045179099562766	7.558603318870083	0.2769176705970515	0.7869230960106856	0.9998640102074222	-5.027403376497285
Skp1a	0.018132414512781025	7.7642959936757885	0.27673706630022804	0.7870582542728743	0.9998640102074222	-5.022421273876672
Nnt	0.07184482663549385	5.977192753766955	0.27661326911531975	0.7871509042021069	0.9998640102074222	-5.093074844550982
Dmd	0.050494820186933964	4.356462910445188	0.2731499215913705	0.789744263701955	0.9998640102074222	-5.025053655521371
Sharpin	0.02238999171685574	4.2785941123458855	0.2727754853850344	0.7900248017919977	0.9998640102074222	-5.013155807254887
Pmpca	0.018406118032312513	6.591705309290079	0.2724466318894954	0.7902712136289423	0.9998640102074222	-5.072840345340086
Slc35b1	0.023231774719536524	5.299363873120573	0.26976788624953113	0.7922793014073057	0.9998640102074222	-5.102362987237428
Gspt1	0.020935884107455394	4.518394013647302	0.2690190245456381	0.7928409578681292	0.9998640102074222	-5.0509116627448085
Sod2	0.026123405494005603	6.687064921299909	0.26827261338674446	0.7934008983276953	0.9998640102074222	-5.068789997134632
Eif3h	0.013756128772551612	7.240617379604393	0.2679941267906338	0.7936098436797671	0.9998640102074222	-5.039260829930574
Apoo	0.015009041020255687	7.5078469133999715	0.2679044020590585	0.7936771667317438	0.9998640102074222	-5.03029921611601
Prdx3	0.015936287845042862	7.586482370031103	0.2667143862197252	0.7945702354678885	0.9998640102074222	-5.028508593640816
Rpa2	0.018956649820206728	4.336171842986368	0.2655755441511042	0.7954251874594012	0.9998640102074222	-5.023240539072862
Nop10	0.020260762412743105	5.964329255530132	0.26504834734803673	0.795821059774515	0.9998640102074222	-5.095491500238194
Lpl	0.088266082766987	7.833328881795967	0.2635975169946436	0.7969107979373955	0.9998640102074222	-5.0229683220592785
Ergic2	0.013756433444716443	4.773904301098571	0.2591456041962597	0.8002574980365398	0.9998640102074222	-5.087804950198935
ND6	0.07026144172254334	10.59152532192446	0.2585880831363215	0.8006769075792748	0.9998640102074222	-4.966745535264519
Eri3	0.015721860322394754	6.211966611448971	0.25840284682332537	0.8008162708613074	0.9998640102074222	-5.090068546388885
Hnrnpdl	0.019324609177913565	5.984605312422706	0.258200184404887	0.8009687530226202	0.9998640102074222	-5.096407777053618
Emg1	0.018877367018396818	5.619151787946892	0.25732291496004195	0.8016289056660753	0.9998640102074222	-5.098541656084391
Ssr4	0.022515366704760176	6.043456743041676	0.257013535011739	0.8018617552244304	0.9998640102074222	-5.095509312578849
Rxrb	0.015254317790351912	4.845622323303112	0.2562216943953685	0.8024578119328348	0.9998640102074222	-5.095029848958749
Snta1	0.02859858577689245	7.111568940513948	0.2547784330076589	0.8035445613884837	0.9998640102074222	-5.047372761260501
Kcmf1	0.015599762078217339	7.119760199946164	0.25437372672761677	0.8038493756713314	0.9998640102074222	-5.0470417195556445
Rps2-ps10	0.025057221588966172	4.222804517975756	0.2541140118498631	0.8040450041037692	0.9998640102074222	-5.007659158676033
Gm11808	0.02143143144705384	5.38674776187484	0.2540650878735395	0.8040818573164459	0.9998640102074222	-5.1035977034775994
Fkbp3	0.01910633758821234	7.766793436484511	0.2531849815321786	0.8047449042003489	0.9998640102074222	-5.026371544020714
Mdh2	0.0243091039112997	9.550446440307562	0.2530652442885678	0.8048351231926747	0.9998640102074222	-4.987967138347374
Clec2d	0.050480146535933024	6.162442043576312	0.25236480394906635	0.8053629466314647	0.9998640102074222	-5.092842923099613
Mrpl22	0.016806902221176756	5.152801041709252	0.25233650948931485	0.8053842703157357	0.9998640102074222	-5.106258806302589
Rpl28	0.02272514554043248	8.481241354095943	0.2523066306741619	0.8054067882041875	0.9998640102074222	-5.007269340947474
Prxl2c	0.01467774229524732	4.770253325353194	0.2520231292156201	0.8056204555672463	0.9998640102074222	-5.088690816870615
Hdhd2	0.019947255855038648	4.305339460932616	0.25182364486923436	0.8057708114286662	0.9998640102074222	-5.020755400829011
Ctdsp1	0.014209599373428361	5.7066214477889865	0.2500301763610129	0.8071229561002645	0.9998640102074222	-5.09944914698443
Me1	0.023688869259456347	7.410808692097936	0.24997893680039152	0.8071615966769717	0.9998640102074222	-5.036145372700982
Slc29a1	0.017852481274100107	4.337165540224492	0.2467113479674756	0.8096268414594019	0.9998640102074222	-5.026497629734707
Gypc	0.021867354768284386	4.411318791426051	0.2465184594182911	0.809772434582349	0.9998640102074222	-5.038084124799594
Ddost	0.016319795171344964	4.5076995076601065	0.24620749020570976	0.8100071713079185	0.9998640102074222	-5.053166515549046
Hint1	0.01847623632028661	7.788994290805352	0.24528321139768783	0.810704982892287	0.9998640102074222	-5.027084629059914
C030006K11Rik	0.017117572533889458	4.430175953686809	0.2451119105191227	0.8108343304078058	0.9998640102074222	-5.0412549522940795
Ggnbp1	0.021009115003753465	4.442795637400756	0.24498178090479533	0.8109325938643748	0.9998640102074222	-5.043239396635766
Keap1	0.015915120271439598	4.942945792058503	0.24394620064019384	0.811714702003175	0.9998640102074222	-5.102954425863612
Lsm4	0.012625406650329296	5.746755746343193	0.2435802876119577	0.8119911041869649	0.9998640102074222	-5.100527583867
Vps72	0.013514901360813347	5.698111167427763	0.2431528129357047	0.8123140424321791	0.9998640102074222	-5.100657786258529
Hnrnpu	0.026381202199510234	5.604273044646207	0.24302453783830197	0.8124109557067342	0.9998640102074222	-5.101217328606878
Spr	0.02553622870413008	4.8758012550072145	0.2415284814267551	0.8135414845553901	0.9998640102074222	-5.099723198694617
L2hgdh	0.015432877635391584	4.979980207013565	0.2407602508531994	0.8141221876649769	0.9998640102074222	-5.1049998836601995
Golga4	0.03355880512822118	7.031483195627835	0.24061992936771393	0.8142282688309037	0.9998640102074222	-5.053852934328612
Dmpk	0.025438790480097673	6.95442893038902	0.23974283625179887	0.8148914274156264	0.9998640102074222	-5.058276377111647
Eif2ak1	0.017796925694556265	4.915538431440744	0.23968320157100956	0.8149365219107256	0.9998640102074222	-5.102278529325775
Kxd1	0.015780272408892237	5.969000920877502	0.23920007430603454	0.8153018783705681	0.9998640102074222	-5.099994864848773
Thap3	0.020336813786946628	5.157688111938634	0.23901756141858568	0.815439912437875	0.9998640102074222	-5.108598504842735
Ampd1	0.041014223312741294	9.718172947734908	0.23895804349352354	0.8154849271166369	0.9998640102074222	-4.98695352927134
Sub1	0.014470182585149871	5.047782183403596	0.23755852897657218	0.8165436095954748	0.9998640102074222	-5.1073747757368215
Cox17	0.01834901173810799	7.132033555488644	0.23736650433980136	0.8166888991687096	0.9998640102074222	-5.0492257406904
Eif2b2	0.020713170302416373	4.995914952559188	0.23711253836763	0.8168810657897303	0.9998640102074222	-5.106124826376198
Mrps36	0.022286431595635037	6.026609377015213	0.23543347606929912	0.8181518650540338	0.9998640102074222	-5.099575638074755
Nipsnap2	0.01842259251461087	8.634277213076341	0.23468726225885542	0.8187168125251897	0.9998640102074222	-5.006359525084902
Tmem147	0.021824611010296202	7.147189773527411	0.23450864684201736	0.8188520555526927	0.9998640102074222	-5.048958573585228
Rpp14	0.013369946657690868	4.570479942704894	0.2344419723359234	0.8189025413592848	0.9998640102074222	-5.0647842365701035
Ostf1	0.018378903533521118	4.292067187613897	0.23321324963106832	0.8198330807962328	0.9998640102074222	-5.0215893644161165
Popdc3	0.019725020886672162	5.085569497496847	0.2331275555304696	0.8198979896794748	0.9998640102074222	-5.108870682260023
Rasgrp3	0.022814099083507067	4.328571753147098	0.23205831331538584	0.8207080038865373	0.9998640102074222	-5.027415683388168
Narf	0.017499487542079528	5.316172530635599	0.2317865404787706	0.8209139226706148	0.9998640102074222	-5.108847297803444
Atp1b3	0.018334790959066538	4.564326840173761	0.23177876791736773	0.8209198120474885	0.9998640102074222	-5.06428025614672
Usp47	0.01974640331158639	6.805803837249166	0.23142351689431365	0.821189002920508	0.9998640102074222	-5.068315933622041
Acaa2	0.05216997200948992	7.085999796392278	0.23139297754219756	0.8212121451849506	0.9998640102074222	-5.052453884378235
Wfs1	0.047551664771854796	4.782807881075935	0.23084519170400455	0.8216272792097163	0.9998640102074222	-5.0935559054916295
Osgep	0.016110236148696444	4.898677404686816	0.22894293871875615	0.8230693240651739	0.9998640102074222	-5.103142065906364
Ppp2r5b	0.016354914746787408	4.618908526618428	0.2281371393209672	0.8236803838581235	0.9998640102074222	-5.073010685082625
Eif3k	0.017948893027140755	6.614238398729778	0.2261731823784231	0.825170216002779	0.9998640102074222	-5.079655003551002
Usp16	0.013779292763223872	4.8500934523546295	0.22523524365150194	0.8258819778424656	0.9998640102074222	-5.100587753386929
Snx5	0.01119637704121157	5.757197268585043	0.22372476145846368	0.8270285612707422	0.9998640102074222	-5.1037898364208765
Carm1	0.015580905991630978	5.122958100225223	0.22338573397684597	0.8272859696103987	0.9998640102074222	-5.110903738261668
Hsbp1	0.011963447213636513	6.726492810145661	0.22324160828441758	0.8273954041849336	0.9998640102074222	-5.074202012796789
Mccc2	0.0180850791090581	4.479945114959137	0.22288020315381915	0.8276698357377674	0.9998640102074222	-5.052475135342145
Add1	0.013056522601448961	4.573378881521249	0.22277976065370048	0.8277461106131924	0.9998640102074222	-5.067020272338885
Ndufc1	0.022620781437654003	8.441663331061473	0.222576189639826	0.8279007057714836	0.9998640102074222	-5.01269217173167
Cenpx	0.03061887832711996	4.189833327722562	0.22069857337600066	0.829326955800556	0.9998640102074222	-5.007538970296105
Mpc2	0.023835842654484907	8.356365419253821	0.2206414940218121	0.8293703237376938	0.9998640102074222	-5.015238537575315
Dlst	0.021759766339771502	6.967201935004946	0.22034841303795866	0.829593011091293	0.9998640102074222	-5.060529579801812
Mlip	0.013631891632154947	5.356521393971821	0.2202916779126346	0.8296361210991681	0.9998640102074222	-5.109953972279873
Rpl10a	0.017175520343456263	7.956561180805707	0.21906565076708578	0.8305678566011456	0.9998640102074222	-5.026623383288226
Rabggtb	0.01747478463315222	5.8974663478316725	0.21845550426463914	0.8310316467953196	0.9998640102074222	-5.104194312526555
Tmem70	0.01620581135360677	5.790419920794502	0.21819769735585653	0.8312276335380285	0.9998640102074222	-5.1046080071728746
Bnip1	0.01857459208545542	4.257769732279225	0.21747474765939329	0.8317772890915489	0.9998640102074222	-5.018497719214977
Lrrc39	0.020726490959605215	5.647562856779214	0.21663262174381664	0.8324176720603063	0.9998640102074222	-5.105115745923085
Nfs1	0.014016258839166795	6.280727278536099	0.2166263828346329	0.8324224168260238	0.9998640102074222	-5.09447454435786
Trak1	0.02597216410775882	6.2450659463838	0.2157011369097092	0.8331261544670242	0.9998640102074222	-5.095938863711598
Gpd2	0.023027948943354914	5.781086576454254	0.214585442777702	0.8339749488105036	0.9998640102074222	-5.105176015220574
Tjap1	0.01987113488826253	4.198523161598199	0.21401256590676862	0.8344108660960121	0.9998640102074222	-5.009792492529675
Sav1	0.019219453995820146	4.902047777950256	0.21330655185828307	0.8349481708009056	0.9998640102074222	-5.1057762646336675
Polr2i	0.020014653091966927	4.824866020530057	0.21329102942208028	0.8349599849786433	0.9998640102074222	-5.100557152626198
Nexn	0.024372369645695002	7.938876878033342	0.21301805679593033	0.8351677522867538	0.9998640102074222	-5.027936232141927
Psmd2	0.01846202664818275	7.136144001261955	0.21273337048083188	0.835384449190634	0.9998640102074222	-5.052703207796061
Ndufc2	0.02142506735027716	7.575333543703863	0.2125975776938074	0.8354878166653764	0.9998640102074222	-5.037187804598568
Ppm1l	0.017913117251932675	5.420033470548236	0.21077269140943128	0.836877260550653	0.9998640102074222	-5.109883449142143
Cfl1	0.025416977295116716	4.954591636754488	0.21034181476343924	0.8372054090950989	0.9998640102074222	-5.108952505757745
Pop5	0.02216007818990562	4.224645105632243	0.20947464404695804	0.8378659298230751	0.9998640102074222	-5.014432117075482
Sar1a	0.010802970497701736	6.6054563702620115	0.20940398881702393	0.8379197533968775	0.9998640102074222	-5.08259544044785
Hrc	0.015881426144394695	8.75704504604273	0.2092524250239413	0.8380352142204597	0.9998640102074222	-5.007296198292702
Cd55	0.015551091889423496	5.331303572102784	0.20889082600564676	0.8383106952735229	0.9998640102074222	-5.112152996647344
Smim7	0.015031092278497304	5.316657414459579	0.20879637302426837	0.8383826571750469	0.9998640102074222	-5.1124356587849205
Ccz1	0.012180377031517864	5.329197853782675	0.20837217016744997	0.8387058681251003	0.9998640102074222	-5.1122684955017155
Rdh14	0.01069530176266742	5.524163350732425	0.20789451877082557	0.8390698400020306	0.9998640102074222	-5.107885999257342
Aurkaip1	0.014667400831861244	5.884846814600851	0.20751909775117594	0.8393559395551449	0.9998640102074222	-5.105897425769167
Pla2g7	0.04857489107183888	6.071045188159302	0.20684766450888487	0.839867683399241	0.9998640102074222	-5.102949961271627
Pfdn5	0.022071010751619546	7.273344521068901	0.20583513051792898	0.840639548630934	0.9998640102074222	-5.047630221638496
Trp53inp2	0.025010989573425846	7.224117871609316	0.20516479448281488	0.8411506489468319	0.9998640102074222	-5.0497579533834145
Aamp	0.012534223307312686	6.142423290271494	0.20421273862381	0.8418766787685424	0.9998640102074222	-5.101186631749865
Tmem256	0.023122364798241257	6.502041977241989	0.20393948310720247	0.842085089478332	0.9998640102074222	-5.0878391437045005
Rfk	0.011084385526705098	6.33516103610024	0.20349684928209422	0.8424227109890619	0.9998640102074222	-5.0943456380684555
Atp5l	0.022236074954527396	10.195540011179812	0.20310538626460686	0.8427213291909246	0.9998640102074222	-4.982327232572664
Htra1	0.04099825349148922	4.484099720475593	0.20196964453536176	0.8435878483567487	0.9998640102074222	-5.056073944762554
Dhrs1	0.010748599694227146	4.838523887184708	0.20190424425101794	0.8436377523767911	0.9998640102074222	-5.103258640676791
Rps26	0.023764894584340723	8.408100029897405	0.20177401652964722	0.843737125433761	0.9998640102074222	-5.0163563576564725
Etfb	0.02225038621983977	7.84016169653293	0.20152968706792712	0.8439235739213802	0.9998640102074222	-5.032065137402692
Cavin1	0.01358152036940563	6.562348300771478	0.20084209980273468	0.8444483271353292	0.9998640102074222	-5.085762243122971
Hspb7	0.08015534371395638	7.68101430333752	0.20017110785179934	0.8449604910077466	0.9998640102074222	-5.0362422527603945
Mrps33	0.015868382704286255	5.30437679836521	0.19966294167136986	0.8453484207391454	0.9998640102074222	-5.1139631182161684
Uchl3	0.014362267366442971	4.8678321759843834	0.1996093836568163	0.8453893089629847	0.9998640102074222	-5.105698754360206
Usp13	0.025061291038379174	7.109875122727546	0.1983424497620285	0.8463566726227263	0.9998640102074222	-5.055938217279896
Tmem201	0.01463148365320599	4.440057802415037	0.19752138077609124	0.8469837385509482	0.9998640102074222	-5.0497214876290935
Hdgfl2	0.011908563581736864	4.354269391045873	0.19710784231318326	0.8472996075600499	0.9998640102074222	-5.036256007259939
Mypn	0.0203732813052655	6.787082544981539	0.19618776072530017	0.8480024846597587	0.9998640102074222	-5.074534512943932
Nampt	0.019820257675465136	5.863061289044952	0.1954012634522337	0.8486034220967099	0.9998640102074222	-5.107724541394733
Ptpn11	0.020640370972490274	5.394186763409525	0.19535354424687026	0.8486398860488154	0.9998640102074222	-5.112763899023282
Man2a2	0.01962217794354615	6.137600343878577	0.19498190680346986	0.8489238801440634	0.9998640102074222	-5.102635764226365
Gemin7	0.0216424958110375	5.9523463310560585	0.19466605687604377	0.8491652606807378	0.9998640102074222	-5.1070505659300816
Cluh	0.018840201344253238	5.229509904752886	0.19442286039964027	0.849351128591678	0.9998640102074222	-5.1155711097984815
Camk2a	0.019407156934486913	7.198684870631978	0.1939755914073701	0.8496929880369651	0.9998640102074222	-5.052349831273772
Ubl4a	0.009746315562360941	5.632304690904686	0.1928741003933913	0.8505350237958742	0.9998640102074222	-5.108637870932492
Kcnf1	0.09291158874661054	3.6774754129161042	0.19158045767380635	0.8515241981753425	0.9998640102074222	-4.932300106034095
TrnE	0.056706879467682825	11.167131571485333	0.19063328187637746	0.8522486181757616	0.9998640102074222	-4.962038864275745
Gstk1	0.017211848529672835	5.434218871582363	0.19039783981552255	0.8524287113028616	0.9998640102074222	-5.112422169169475
Cycs	0.02078198833098366	7.593113632077891	0.18918112295725859	0.8533595356380914	0.9998640102074222	-5.039797486667427
Klhl31	0.028682334968685552	6.269887210778148	0.18872721036861143	0.8537068518781186	0.9998640102074222	-5.098827934136947
Dmac2	0.02563409758944779	4.630217099146809	0.18778828085437102	0.8544253866955509	0.9998640102074222	-5.0803855128551625
Tmem248	0.012461820926243483	4.487064742991649	0.18653778575422855	0.8553825670328312	0.9998640102074222	-5.058533166996964
Acadl	0.039620239976247085	7.826541102233516	0.18644592693632533	0.8554528891318478	0.9998640102074222	-5.034302569314055
Mrpl42	0.013694657561373447	8.515795559568176	0.18638913277681396	0.8554963682962863	0.9998640102074222	-5.015473172739961
Mcts1	0.012487685946799942	5.300823832280147	0.18565023811213965	0.8560620797770402	0.9998640102074222	-5.1159405122347845
Ndufs2	0.014753820618711444	9.409343005522352	0.18367572050612485	0.8575742200081677	0.9998640102074222	-4.99955804170839
Limd1	0.016056213334725733	5.153674027982301	0.18359599871009416	0.8576352857255964	0.9998640102074222	-5.116914797708561
Gm10053	0.018153620392868497	6.712173250091932	0.1833547963646735	0.8578200490700052	0.9998640102074222	-5.080536257743432
Psmb6	0.00881686943803306	7.4131812780186594	0.18297888199026652	0.8581080208388282	0.9998640102074222	-5.045539829551068
Uqcrb	0.01498886932956367	9.296309815097793	0.1820766922720415	0.8587992371634285	0.9998640102074222	-5.001510596605468
Arl6ip4	0.010428273323994652	5.127853595324665	0.18166883221654032	0.8591117613426498	0.9998640102074222	-5.116960202857661
Pmm1	0.020957333511048226	4.304530059345149	0.18073606858028127	0.859826589206578	0.9998640102074222	-5.0304580471458715
Ndufa12	0.01387660226017573	8.015023135242552	0.1783236645702514	0.861675952343471	0.9998640102074222	-5.030201446484402
Synpo2l	0.018608944668317307	5.953950783000733	0.17774179597192943	0.8621221461236482	0.9998640102074222	-5.109254413679127
Tlk2	0.010585838027890482	4.430679317480695	0.17755668270954433	0.862264106886131	0.9998640102074222	-5.050712419428692
Rnpepl1	0.012824450134620413	4.473294259422023	0.17686848218666662	0.8627919226397138	0.9998640102074222	-5.057538523741668
Ctxn3	0.03630100243598289	6.555948199657726	0.1762984988170183	0.8632291245655165	0.9998640102074222	-5.089224184828135
Ss18l2	0.014756916790596541	6.761438471233909	0.17610650097124889	0.8633764059864109	0.9998640102074222	-5.07859230007669
Ppia	0.017237104727900743	7.71118439600234	0.17578338436378177	0.8636242807395957	0.9998640102074222	-5.038461962670096
Hadh	0.030290410181534	7.273332604458912	0.17509105507444786	0.8641554437447742	0.9998640102074222	-5.051484556993339
Mcur1	0.011716896557821599	4.259668822635539	0.17492391402090782	0.8642836867843084	0.9998640102074222	-5.024082666554084
Micos10	0.014504589261042256	5.596947449146706	0.1743685618032398	0.8647098235304138	0.9998640102074222	-5.111413364684878
Cul2	0.008449809678635845	4.756739936525624	0.17421237827391586	0.8648296754553022	0.9998640102074222	-5.098767062256057
Abcb8	0.012911839616669418	4.4284253309269035	0.17376638960931504	0.8651719371914796	0.9998640102074222	-5.050796009079538
B2m	0.02407142821236352	6.98670722284744	0.173537513552259	0.8653475930269987	0.9998640102074222	-5.065593528665255
Drg2	0.0097275257395113	4.283726108012081	0.1734406301650002	0.8654219505441891	0.9998640102074222	-5.028039141279141
Gm14303	0.036497309098601605	4.905718376288687	0.17328059942006283	0.8655447763180548	0.9998640102074222	-5.111454910239076
Itfg1	0.010419948265216306	5.277301307311337	0.17254881214133694	0.8661064801337779	0.9998640102074222	-5.117956740332549
Rpp25l	0.013654531397834013	5.310377849651339	0.17235746520649572	0.8662533665602531	0.9998640102074222	-5.1174813585151675
Zfas1	0.01994940130599243	4.791338134937646	0.17145522636790936	0.8669460361236581	0.9998640102074222	-5.1027980243609905
Esd	0.011938677088067173	4.9988761784393745	0.1711134207521106	0.8672084786341681	0.9998640102074222	-5.11577659095991
Vcp	0.013593595445451356	8.104191607705575	0.1699291961346595	0.8681178695548697	0.9998640102074222	-5.028633118360363
Scyl1	0.01107864800421865	5.863661506943829	0.16992495501956298	0.8681211267544515	0.9998640102074222	-5.111009391089534
Camk2g	0.010591757347205188	6.280900780025885	0.16948475966115337	0.8684592130626951	0.9998640102074222	-5.100822170210869
Coq8a	0.039568930095288835	8.351469931489047	0.16917208474807877	0.8686993756155671	0.9998640102074222	-5.021700261183486
Chchd2	0.011771323500163078	9.195085632668922	0.1688288655961992	0.8689630148000594	0.9998640102074222	-5.004496137295575
Dtnbp1	0.008878894910520962	5.350928564890027	0.1685198845732341	0.8692003686321688	0.9998640102074222	-5.1172089509886085
Rac1	0.010737704709979035	7.051606110569998	0.1684709996789683	0.869237922386896	0.9998640102074222	-5.062626691817311
Rnps1	0.01020842419367085	5.296600185839429	0.1677858601208126	0.8697642872434848	0.9998640102074222	-5.118255873850026
Chmp1a	0.008695432246264012	5.468054574539114	0.16625950046136848	0.8709371634476882	0.9998640102074222	-5.1146244325464885
Rps19	0.01824193219647441	8.007739679654849	0.16591898171911107	0.8711988670898367	0.9998640102074222	-5.031769900316652
Cnep1r1	0.014385860613593593	5.151359344038186	0.1658151010032901	0.8712787071941852	0.9998640102074222	-5.119120410390946
Pam16	0.012662334372161688	6.076258932761712	0.16537606718336836	0.8716161540440045	0.9998640102074222	-5.1082392833644406
Tomm40l	0.01779738825251176	4.284596679068739	0.16478222018659602	0.8720726345986138	0.9998640102074222	-5.029109144940647
Phkg1	0.013891374022952263	8.581313323917103	0.1644602528657715	0.8723201459720654	0.9998640102074222	-5.016306707663036
Plpp7	0.021845835892023935	6.249516859008841	0.16442738606499316	0.8723454130246727	0.9998640102074222	-5.1025884727616955
Oaz2-ps	0.01208542155207315	4.186017566798466	0.16436222330235598	0.8723955087242676	0.9998640102074222	-5.013704206094516
Cdc16	0.01194854085936381	4.297601915385428	0.16425336551232045	0.8724791975016741	0.9998640102074222	-5.03119684574625
Adrm1	0.013421400913967929	6.696662173877105	0.16317593614156306	0.8733076019758033	0.9998640102074222	-5.083765785849677
St13	0.011529039462033097	5.438988326829366	0.16315706626813814	0.8733221118932077	0.9998640102074222	-5.115719143914396
Zfand3	0.008089025991290022	5.6663203571131096	0.1607126583045211	0.8752021388270108	0.9998640102074222	-5.112501420934442
Agap3	0.013027305548879653	4.501268832769504	0.16031033883005277	0.8755116454291975	0.9998640102074222	-5.063808236124345
Ypel3	0.01827532735764592	6.7944070742322795	0.160203113524669	0.8755941381169657	0.9998640102074222	-5.078460170885487
Mpst	0.009998885584143302	5.77436376922823	0.1592729948992579	0.8763097798820663	0.9998640102074222	-5.112492538046057
Ube2i	0.009749940833199133	4.545161975619912	0.15691235821457122	0.8781265914568226	0.9998640102074222	-5.07113295038828
ND5	0.03831526811315911	13.29573696267518	0.1565309741750576	0.8784201841743557	0.9998640102074222	-4.915656851934213
Ryk	0.010432029829692269	5.213625513872004	0.15555438584960044	0.8791720570677029	0.9998640102074222	-5.120414710796917
Mkks	0.012183622793539683	4.344046382549998	0.15439939043442205	0.880061445416377	0.9998640102074222	-5.039506823374147
Fyttd1	0.009695166427050594	5.4488903281998775	0.1542412617124639	0.8801832237200766	0.9998640102074222	-5.116475196377603
Snhg6	0.019109243887434957	5.357652071072297	0.15277756820012645	0.8813105982544905	0.9998640102074222	-5.118884849477578
Ghitm	0.012760249805110035	8.202677535303335	0.1525479864845204	0.8814874529645269	0.9998640102074222	-5.0276067486270675
Ypel5	0.009872357085671801	4.836920470117807	0.15217936775661153	0.8817714267662449	0.9998640102074222	-5.1093389275005405
Chtop	0.011420543238685354	5.776832919916588	0.15188443041741045	0.8819986509180353	0.9998640102074222	-5.113301434920832
Ppp1r14c	0.013750744056286734	6.142979857859044	0.15174788245281984	0.8821038532696304	0.9998640102074222	-5.107728124170294
Ndufa2	0.012769346967274053	7.941484424848076	0.1513334802745213	0.8824231408171102	0.9998640102074222	-5.03507636354105
Tmed2	0.00783884268393642	7.138531751783594	0.15105434832904943	0.8826382179756748	0.9998640102074222	-5.06003386205379
Acat1	0.02283453676898972	6.910573967925314	0.15097069498390991	0.8827026765964772	0.9998640102074222	-5.072490407656644
Nme1	0.021963424499547912	4.517472925906925	0.15060293001382066	0.8829860663497815	0.9998640102074222	-5.067378636757111
BC004004	0.009992592523833999	5.754001155531033	0.1498399880309849	0.8835740232381208	0.9998640102074222	-5.113541674094898
Fermt2	0.00889856372006026	6.783024512889992	0.1497796456103762	0.883620528905322	0.9998640102074222	-5.0802385229118725
Prpf8	0.0147228011856404	4.792098411670196	0.1482603667782831	0.8847915813425682	0.9998640102074222	-5.105476914971087
Rpl11	0.010222090572110432	7.5082835559057735	0.14795961326159238	0.8850234347486728	0.9998640102074222	-5.046509716497238
Adcy2	0.015202338306853136	4.240861576947365	0.1478852495718159	0.8850807640716939	0.9998640102074222	-5.0238937891272535
Txnrd1	0.012718046008999728	5.46889489636666	0.14632558106392823	0.8862833194274072	0.9998640102074222	-5.116814156188111
Taco1	0.009239404755056135	5.221274838241755	0.14588084095177067	0.8866262834240823	0.9998640102074222	-5.121460677407642
Mrps9	0.01840968548688071	5.1407690310074265	0.14569878202921274	0.8867666862377082	0.9998640102074222	-5.121277517358059
Desi2	0.00906550270811124	4.350194005843799	0.14528867505838114	0.8870829732540797	0.9998640102074222	-5.041358292397037
Crk	0.010296549304117164	4.273760722876601	0.14502075626276634	0.8872896114841886	0.9998640102074222	-5.029348913318961
Sdf4	0.006868732419732737	4.714827411162507	0.14389077058056127	0.8881612335718516	0.9998640102074222	-5.097123549563181
Clybl	0.008777261353104748	5.6690235803327536	0.14361226657720103	0.8883760832461636	0.9998640102074222	-5.114332821158824
Vamp3	0.00848202275429255	5.147048247019151	0.14354554299746008	0.8884275580041818	0.9998640102074222	-5.121548949067697
Rpp21	0.017603508786478983	4.638042644213857	0.1424550867133389	0.889268880271167	0.9998640102074222	-5.086654547379075
Rnf130	0.012127669631989413	5.084561427979838	0.14150337563384618	0.8900032723744522	0.9998640102074222	-5.121060648545503
Ist1	0.00833113677602082	4.7018289263745405	0.14145828225749668	0.8900380715552989	0.9998640102074222	-5.0957478782696075
B3gat3	0.008858289836139122	4.941940448909912	0.1412319762766916	0.8902127186496862	0.9998640102074222	-5.116909377632921
Rpl36	0.01385570195944652	8.514018464384408	0.1412259993147814	0.8902173313323274	0.9998640102074222	-5.0201606362479
Cox7a1	0.02132006370249684	9.065137377903469	0.14058304584442072	0.8907135513173988	0.9998640102074222	-5.009239163913436
Wdr83	0.01114063983884872	4.414470527870297	0.140368310064915	0.8908792914320998	0.9998640102074222	-5.0520349029276534
Aopep	0.020838995521468284	4.616252840228858	0.13951496797844098	0.8915379824701746	0.9998640102074222	-5.083738771124563
Ube2m	0.007085286036811134	6.578980290551929	0.13824831630989143	0.89251586255039	0.9998640102074222	-5.092380642388461
Ndufa7	0.015011993891897113	7.9776575828397265	0.13817289005005398	0.8925740990059743	0.9998640102074222	-5.035307645687784
Snrpg	0.016552183582811075	4.786295271454265	0.1370745920994835	0.8934221671669215	0.9998640102074222	-5.105986230233012
Cox6b1	0.01173614536168266	9.690953784621557	0.1366302067918668	0.8937653458627663	0.9998640102074222	-4.99914173992277
Ap2a2	0.008753721617410726	4.396559898984238	0.1366226413115058	0.893771188537932	0.9998640102074222	-5.049506596340522
Cenpb	0.009649742139100859	6.5176353689396525	0.13220139751635937	0.8971867423789743	0.9998640102074222	-5.095540492540098
Adprhl1	0.019924868760537784	4.306248729815001	0.1318989395257458	0.8974204811851583	0.9998640102074222	-5.0356219657718615
Vgll2	0.04101793218405447	4.664175274937879	0.13165765426753875	0.8976069531288866	0.9998640102074222	-5.091461928774911
Rpl10-ps3	0.014241234562532235	4.655478217947382	0.1308291402058272	0.8982473007889521	0.9998640102074222	-5.090271561615176
Arf1	0.006693777949607238	7.5947514064068224	0.130705956036984	0.898342514680569	0.9998640102074222	-5.045837259867112
Ppif	0.023566826042079825	4.829857473051572	0.12962772184937774	0.899175995356776	0.9998640102074222	-5.1110466621877695
Ppp2r3a	0.01007268351223356	6.323625305531353	0.1274968236197308	0.9008235627496484	0.9998640102074222	-5.1035613368924215
Xpr1	0.010927884737194304	4.821158833206543	0.12733814556868506	0.9009462689979781	0.9998640102074222	-5.110544684086243
Utp6	0.008677449224107292	4.345099375080395	0.12718610666408459	0.9010638437044423	0.9998640102074222	-5.042151939852076
Nme6	0.009901800472301048	4.482414579675758	0.12685864482484605	0.9013170848527963	0.9998640102074222	-5.0640275745615995
Rpl36al	0.008610619118391227	7.671543530201152	0.12630382028771078	0.9017461820451942	0.9998640102074222	-5.044293507210704
Suclg2	0.011029339931133642	5.148118585786431	0.12472569384598252	0.9029668718236402	0.9998640102074222	-5.123357381010599
Ccdc28b	0.016798294101493028	4.2116961880648605	0.12400228295016892	0.903526521885444	0.9998640102074222	-5.02136759821211
Tppp3	0.01985615091246906	5.441660117716527	0.12379829640914032	0.9036843412322768	0.9998640102074222	-5.1196637530574645
Zfp106	0.01306946733104386	7.946281800176239	0.12323393315855993	0.9041209977168363	0.9998640102074222	-5.037425271497527
Gm13910	0.02107441190188819	4.581238157801932	0.12270528371333257	0.9045300518708315	0.9998640102074222	-5.079927166680241
Ssna1	0.011345936448200256	4.484894544832843	0.12268634247011992	0.9045447086117206	0.9998640102074222	-5.064767430232018
Mir568	0.028891796490672306	4.0412943611000225	0.12226746733907776	0.904868843805475	0.9998640102074222	-4.994705135648647
Hspa5	0.011283298538524278	6.761503671708369	0.12177534833921351	0.9052496798672962	0.9998640102074222	-5.084109288231807
Zc3h15	0.008232687397211613	5.746687971824685	0.12130960450924315	0.9056101278629654	0.9998640102074222	-5.1162857475003305
Tigar	0.011754446169621957	6.492068570832467	0.11864310276447852	0.9076742084440403	0.9998640102074222	-5.097759124375691
Neb	0.020173896640541145	8.858874885409149	0.11815275881449311	0.9080538508056478	0.9998640102074222	-5.014605489516396
Rad21	0.006839690183559455	4.614565255201123	0.11723456310223415	0.9087648160929929	0.9998640102074222	-5.085446211467718
Zcrb1	0.006387116706273233	7.197245657837912	0.11703439008270614	0.9089198225295037	0.9998640102074222	-5.060332595942127
Mid1ip1	0.03329154473931517	4.6441105815831785	0.11623423538219216	0.9095394715674667	0.9998640102074222	-5.089861509264719
Psmb2	0.009529754860055917	6.663159199565483	0.11567076755435607	0.9099758652308123	0.9998640102074222	-5.0901236297660875
Svil	0.015530188816468282	6.15578829219133	0.11520615558903573	0.9103357204623649	0.9998640102074222	-5.110742241132334
Lrpprc	0.012095449940969338	5.221035533501899	0.11388783370523864	0.9113569122860431	0.9998640102074222	-5.124426618641364
Rpl37a	0.012202217132264437	8.098185024570332	0.11385425284016443	0.9113829267140107	0.9998640102074222	-5.033886269882232
Uqcrc1	0.010387550370712262	9.080957646260908	0.1136796691538059	0.9115181749659823	0.9998640102074222	-5.011096857483295
Ola1	0.006781948740527177	5.130162676574274	0.11358127484805249	0.911594401347584	0.9998640102074222	-5.124149169978392
Mcoln1	0.008263248825691072	4.38101353390833	0.11318908489027443	0.9118982413628731	0.9998640102074222	-5.048940726465472
Trim54	0.010876464615996895	8.490613218820181	0.1131305780723864	0.9119435694142801	0.9998640102074222	-5.022990273813827
Tmem150a	0.010242216415537797	4.87497735767323	0.11267942930725493	0.9122931070621146	0.9998640102074222	-5.115772739559788
Hcfc1r1	0.005992767164908486	6.201053739133981	0.11231773105383529	0.9125733548907143	0.9998640102074222	-5.109418659011898
Ndufv2	0.009601795196466867	8.290965892960529	0.11182583831926361	0.9129544987340633	0.9998640102074222	-5.0284946561079975
Atp1b1	0.04131124062574898	6.227607279446553	0.11072681543156078	0.9138061606372028	0.9998640102074222	-5.108583017408023
Gm12184	0.00842859457939138	4.645464922059784	0.11044476010687992	0.9140247510085846	0.9998640102074222	-5.090509116753031
Ndufa8	0.011414037909858621	7.7704327977959045	0.11018214041738113	0.9142282856007877	0.9998640102074222	-5.0430486493050175
Cd164	0.007582998879639646	6.576648521308955	0.10994457168720632	0.9144124108105143	0.9998640102074222	-5.094905853262076
Fahd1	0.0073253244722408795	5.157426590291515	0.10724125113607501	0.916507957771549	0.9998640102074222	-5.124847085714425
Wsb2	0.007466562725165993	6.592807895929593	0.10718324466968164	0.9165529302526663	0.9998640102074222	-5.094368135778327
Dusp13	0.009508196495113808	6.925694438904186	0.10662063854838047	0.9169891352067558	0.9998640102074222	-5.075453516679096
Tmem38a	0.006133428106917194	9.789278177856975	0.10568660560414304	0.9177133810639726	0.9998640102074222	-4.999433866059963
Polr2l	0.007704104156361247	4.669082424467183	0.10496329838228712	0.918274284457921	0.9998640102074222	-5.094357025068097
Ibtk	0.006726242639995661	4.509912415549408	0.10489476417425496	0.9183274331225526	0.9998640102074222	-5.070094665661684
Rplp1	0.010166382481044067	9.69590762364324	0.10311196687922419	0.9197101478605465	0.9998640102074222	-5.001488088609263
Aars	0.00685150736801976	5.485966164255777	0.10185135825048852	0.9206880270993705	0.9998640102074222	-5.120299425175794
Lmcd1	0.03615079412839517	6.097877940777444	0.10143992501907055	0.9210072137330104	0.9998640102074222	-5.113640666149631
Arhgap10	0.008854509898280405	4.352439812989086	0.10025735293854186	0.9219247243293758	0.9998640102074222	-5.045298245423161
Dhrs11	0.014341698563248961	4.84140193866077	0.09944019812989138	0.9225587915069793	0.9998640102074222	-5.114343910171567
Fam8a1	0.0072223347833428875	4.368463323819229	0.09834464553082832	0.9234089680123567	0.9998640102074222	-5.047969057240832
E2f6	0.005755897214107186	6.827694696079971	0.09741112894981764	0.9241334792307365	0.9998640102074222	-5.081962176080959
Bri3	0.00735665016099496	4.584835726074144	0.09725021887779951	0.9242583703575638	0.9998640102074222	-5.0823825336622175
Zmynd11	0.006029479320069697	5.272679736895842	0.09720594508109942	0.924292734051464	0.9998640102074222	-5.125253887824335
Vcl	0.008259490678898196	4.6614597596915095	0.0970604223202807	0.9244056846045976	0.9998640102074222	-5.093794041843819
Gnai2	0.0075176906533123145	4.909435252966204	0.09681256023827133	0.9245980719737972	0.9998640102074222	-5.118968535737736
Srsf2	0.007182717283584772	6.301118342383802	0.09673639323222068	0.9246571928374819	0.9998640102074222	-5.106832209764993
Sec31a	0.0067820153384507975	4.390301477128446	0.09647223299004172	0.9248622378072255	0.9998640102074222	-5.051568541854245
2210408F21Rik	0.008111133040285878	5.810694405037916	0.09543076283136123	0.9256706971834434	0.9998640102074222	-5.1181843790602555
As3mt	0.008236435414976206	4.848688197392962	0.09530767873145873	0.9257662491634309	0.9998640102074222	-5.115159596760886
Las1l	0.007834242952051262	4.58432238889676	0.09427190887352718	0.9265703806003575	0.9998640102074222	-5.082497742577527
Hmgn2	0.008731398147557634	5.113522126263957	0.09360138765344934	0.9270909928564481	0.9998640102074222	-5.1254704949205445
Ifi27	0.0096165721152639	4.867188210891717	0.09352062072023874	0.927153705068366	0.9998640102074222	-5.116631789227289
Dazap2	0.005527351202149866	6.118497576171084	0.09317921423185271	0.9274187989017573	0.9998640102074222	-5.113565220746743
Usp28	0.008111081949036425	4.693727929803142	0.09257439586922375	0.9278884481745733	0.9998640102074222	-5.098686835559589
Emd	0.007246671160242357	4.686309182533356	0.0925406306804253	0.9279146681256951	0.9998640102074222	-5.097723220522689
Colgalt1	0.006146982044843874	4.682406185823455	0.09188242366490709	0.9284258086478041	0.9998640102074222	-5.097200427820397
C2cd2	0.008996063584876701	5.38152619598311	0.09096877265638323	0.9291353737824883	0.9998640102074222	-5.123714925268259
Rps23-ps1	0.011751924690766025	4.802430947880206	0.09083574290396532	0.929238693520219	0.9998640102074222	-5.111388270406485
Pdrg1	0.006078552943340476	6.423739685878207	0.09017619216834655	0.9297509644545547	0.9998640102074222	-5.102518024582664
Vwa8	0.00905248815039883	5.085457379382677	0.08934840812239585	0.9303939485913693	0.9998640102074222	-5.125373792909301
Mrpl2	0.005156753493278821	6.1894673915924185	0.08896912517813516	0.9306885752698169	0.9998640102074222	-5.111490453978387
Gorasp2	0.005113167551185072	5.922939978666819	0.08657616265827207	0.9325476743963228	0.9998640102074222	-5.118170948259929
Ddx1	0.005673768376328603	6.36296379266613	0.08655776401839049	0.9325619699899953	0.9998640102074222	-5.1051037498094685
H2afz	0.008414375163878773	6.04929789359863	0.0859374059923829	0.9330439976151798	0.9998640102074222	-5.116022056281528
Mipep	0.005286539097163256	4.937928762580623	0.08568632778290836	0.9332390971724507	0.9998640102074222	-5.121175969878687
Ifrd1	0.011978303370879573	5.314778684445314	0.08394901906105141	0.9345891921639098	0.9998640102074222	-5.12548626615142
Selenok	0.005818900844549724	6.47254622457162	0.08346059277937871	0.9349687961495403	0.9998640102074222	-5.101004301800785
Pigyl	0.009232714510526208	4.6452471387835494	0.08342759996977107	0.9349944387078339	0.9998640102074222	-5.092278801519151
Itsn1	0.005954895870002197	4.599224924112007	0.08323453624020723	0.9351444925776213	0.9998640102074222	-5.085461032293693
Commd3	0.006166908404939164	6.589844389431565	0.0820696715278978	0.9360499095429362	0.9998640102074222	-5.096152617957928
Mtx2	0.011291036304998059	5.081572763797846	0.08117626939429223	0.9367443901502885	0.9998640102074222	-5.125792076319525
Ldhd	0.00853171430815891	4.54706564891047	0.0810721302287094	0.9368253456665976	0.9998640102074222	-5.077530040657119
Padi2	0.009345758907472579	5.510711432434935	0.08040532753036553	0.9373437211480637	0.9998640102074222	-5.121139438693943
Cacnb1	0.008047897828294737	6.308003304207875	0.07921975982775832	0.9382654615355386	0.9998640102074222	-5.1076501535769285
Mocs2	0.004012254048967101	5.103066122113898	0.07882962499117586	0.9385687993926947	0.9998640102074222	-5.1262784341980945
Hax1	0.005181503399954934	5.04809338936853	0.07834148473221458	0.9389483527872553	0.9998640102074222	-5.1252712070410995
Tsr3	0.006445579463892237	4.286764703274618	0.07770072075311617	0.9394466027200261	0.9998640102074222	-5.036196582934633
Eif3b	0.004863939573999332	5.5752891916947505	0.07748565948068921	0.9396138377023726	0.9998640102074222	-5.120304793723397
Epm2a	0.0052579832634220836	5.737120073892467	0.07690931135099832	0.9400620298971505	0.9998640102074222	-5.119411712579084
Ppp1ccb	0.005734950332773714	4.254101522567589	0.07683292833259134	0.940121430125954	0.9998640102074222	-5.031041334909127
Cand2	0.006018724850883395	5.195758411082151	0.0763891718835762	0.9404665304901034	0.9998640102074222	-5.126955757404578
Lsm3	0.008163843556564743	4.600929736035194	0.07594781321571605	0.9408097787894554	0.9998640102074222	-5.086120410861508
Ppp3r1	0.006060740954137778	6.810119779822095	0.07569288239689731	0.9410080463186226	0.9998640102074222	-5.084304266335198
Lmo7	0.007322639860813496	4.493041599961745	0.07568855988988879	0.9410114081010811	0.9998640102074222	-5.069176024674685
Calm3	0.0063389814623731056	7.908905263510334	0.0745807297105869	0.9418730501968531	0.9998640102074222	-5.041545019504691
Mybpc2	0.009230870004024894	11.541077682459273	0.07426192732212783	0.942121020995544	0.9998640102074222	-4.961410942891348
Ergic3	0.004648374795112709	4.935820601963761	0.07376627681151061	0.9425065604501206	0.9998640102074222	-5.121741151216009
Dync1li1	0.004142329806453127	4.604675188597351	0.07367631932179608	0.9425765351164336	0.9998640102074222	-5.086810544642721
Apeh	0.0053593804248990295	4.2106021776835325	0.07355106984338793	0.9426739629811578	0.9998640102074222	-5.024329534735464
Hadha	0.012484240702305804	7.659640838372851	0.07354199613689152	0.9426810211870695	0.9998640102074222	-5.04801735623691
ND4L	0.014056704666405295	13.2794676371071	0.07322973854068704	0.9429239215655578	0.9998640102074222	-4.921002199274131
Mrpl53	0.0064134234112014354	6.725558821460667	0.07271496851388604	0.9433243664449614	0.9998640102074222	-5.089481137059434
Abcf1	0.005449451525858073	5.4076227074852525	0.0694464853460145	0.9458673292278226	0.9998640102074222	-5.1242804413304945
Cdc5l	0.005214404478314449	4.763924176177278	0.068004013168641	0.9469898109296023	0.9998640102074222	-5.108556774045813
Rps16	0.008936065309598007	7.923967642259724	0.06780578977839528	0.9471440709132202	0.9998640102074222	-5.0414448837659345
Snrpd2	0.005178412085067308	6.195533045029277	0.06778261183735033	0.9471621084317274	0.9998640102074222	-5.11243830430547
Hmgb1	0.005443104253978426	6.412593709964272	0.0672818565464359	0.9475518133299703	0.9998640102074222	-5.104207549622514
Fabp3	0.02638512136839566	10.285881404784082	0.06723513597422531	0.9475881736087999	0.9998640102074222	-4.991539305681241
Abcc9	0.007301030065494096	5.96570355054651	0.0670072550649248	0.947765523676881	0.9998640102074222	-5.118662784747616
Phkb	0.005803890987905014	7.344950647948382	0.06671022700366556	0.9479966924747659	0.9998640102074222	-5.057391358007065
Rcan2	0.0157180175005438	4.658426749777043	0.06665435507698209	0.9480401766220568	0.9998640102074222	-5.095067686796877
Mrpl54	0.005204208350558126	6.890108977310086	0.06628859782585396	0.9483248434706448	0.9998640102074222	-5.079931452174203
Rrp12	0.007534358264384977	4.3810491399974705	0.06617168795260668	0.9484158353672355	0.9998640102074222	-5.0517003528736115
Sdha	0.006626042760149886	8.843344545566508	0.06565096143851275	0.9488211303066014	0.9998640102074222	-5.017896392003153
Rps15	0.0054111663189306825	9.034804503065963	0.06551908261203623	0.9489237774150079	0.9998640102074222	-5.014522836413255
Ptgr2	0.009210953137642086	5.218054714765044	0.06504961403435912	0.9492891933487901	0.9998640102074222	-5.127546441118781
Trim72	0.006965719399588011	6.035740979085416	0.06476450734524992	0.9495111151565717	0.9998640102074222	-5.117464994436466
Lamtor4	0.005000757325960947	5.328755119143081	0.06469738221144183	0.9495633647772931	0.9998640102074222	-5.126248361096713
Pkig	0.005184255104023094	6.229213325853781	0.06467391681403875	0.9495816300970069	0.9998640102074222	-5.111359429160277
Mif4gd	0.006340079476150784	4.547424095732343	0.06461580426683981	0.9496268646730905	0.9998640102074222	-5.0783982037024336
Bap1	0.0035890065645762803	4.67750317159377	0.06430311959470351	0.9498702603534281	0.9998640102074222	-5.0979704367701855
Cnpy2	0.005049326500222939	4.9503908753209505	0.06381304297219786	0.9502517497414384	0.9998640102074222	-5.122990962468647
Cops9	0.0076672200615277575	6.823447252719541	0.06347015615803488	0.950518670189296	0.9998640102074222	-5.084076653136792
Mapk12	0.0035939362225319016	6.85681018587016	0.06202187063373604	0.9516461583526571	0.9998640102074222	-5.0821228806441345
Puf60	0.004123134916204307	5.0860260774935035	0.06109073239667675	0.9523711065510967	0.9998640102074222	-5.126903346967328
Ckmt2	0.01373274611679065	10.130538550087735	0.060181164089858234	0.9530793046249626	0.9998640102074222	-4.994831453534233
Apol6	0.017338705901854823	4.528763300434625	0.05957092252403059	0.9535544679181608	0.9998640102074222	-5.075608518227593
Adam9	0.0036426244998333246	5.244771008932734	0.059343573382909465	0.953731497664212	0.9998640102074222	-5.127669672861037
Rps18	0.00570809620181123	8.963855025791473	0.05933304746696956	0.9537396939325793	0.9998640102074222	-5.015959790222861
Mtfr1l	0.003759546400566194	6.8156222778121105	0.058587010985670214	0.9543206280924916	0.9998640102074222	-5.0847533834497085
Mtfp1	0.008908581368318735	5.513073141908569	0.058497790674772954	0.9543901052757545	0.9998640102074222	-5.122180452214097
Rps13	0.006801013727750771	8.103734537242715	0.05693697689961777	0.9556055975602673	0.9998640102074222	-5.036836505166837
Mir133a-1	0.014381588664110545	4.102133126826451	0.05647829903593035	0.9559628179823488	0.9998640102074222	-5.00786396556354
Mrps7	0.002829153715560473	5.8947949346304656	0.05565134655367823	0.9566068777872125	0.9998640102074222	-5.119983845045677
Lrig1	0.00610120724208052	4.964589833559938	0.05559167057853225	0.9566533567998519	0.9998640102074222	-5.123963188434623
Psmb3	0.0036015737254659896	7.531836687849003	0.055510208863871036	0.9567168040453959	0.9998640102074222	-5.052022670728078
Hnrnpc	0.003632730700419806	5.180714749297756	0.0544845595272998	0.9575156675617795	0.9998640102074222	-5.127968771354966
Ppp4r2	0.003673935115933169	4.533521072265208	0.05427626288885319	0.9576779127899322	0.9998640102074222	-5.076575282265432
Zmiz2	0.005815739077183579	4.195279756050172	0.05424590903403745	0.9577015560082246	0.9998640102074222	-5.022691950984018
Tomm22	0.0046059337487101	5.904463231470313	0.054030776947850453	0.957869127862516	0.9998640102074222	-5.119999244939345
Tceal5	0.007704744418317588	4.304794549734979	0.053282475762326725	0.9584520151671332	0.9998640102074222	-5.04006868362561
Grhpr	0.003487386857837116	4.437643640109606	0.05265788538289273	0.9589385576595804	0.9998640102074222	-5.061301284404182
Ppp1ca	0.003294008545567273	7.43168517130387	0.05261218872119396	0.9589741550647468	0.9998640102074222	-5.055014662588067
Ephx2	0.011905193650707524	4.761183220912785	0.05216783928102701	0.959320305266983	0.9998640102074222	-5.108916993371204
Cirbp	0.007164966645275328	5.942575306748013	0.05207602646707154	0.9593918289522942	0.9998640102074222	-5.119613650937621
Cpt1b	0.006770468833249055	7.475513056208536	0.051569587004100935	0.959786360264774	0.9998640102074222	-5.053745665288688
ND4	0.009081362428622342	14.252962765430759	0.05088328918181049	0.9603210244525623	0.9998640102074222	-4.901509111535215
Nqo1	0.005093303396373372	5.081757417745627	0.05049957497477213	0.9606199680542188	0.9998640102074222	-5.127238307436564
Mob2	0.003098231038642929	5.699643002201742	0.05016854459962898	0.960877871873192	0.9998640102074222	-5.120664841836155
Tnpo3	0.002536484759328772	4.357908518332544	0.05004438943978672	0.9609746016334044	0.9998640102074222	-5.048619552624141
Tmod1	0.0036629447576475016	7.502902657374437	0.04967553439464373	0.961261981867594	0.9998640102074222	-5.05301116280247
Rtraf	0.0027387376282312914	6.831021105565211	0.04928000089620776	0.9615701540401955	0.9998640102074222	-5.084162931178853
Atp5g3	0.005002706698642001	9.553974038509079	0.04898063155209459	0.961803406151659	0.9998640102074222	-5.006689814715276
Pdia6	0.00243867840013845	4.72051538006487	0.048657829510568684	0.9620549199062709	0.9998640102074222	-5.104212460043756
Cox6c	0.005936217115289466	9.849931301480112	0.04829407422840792	0.9623383478583558	0.9998640102074222	-5.000851664145633
Nutf2	0.0032087492711756482	5.498738924284354	0.048184158127697864	0.9624239924821472	0.9998640102074222	-5.122840536126903
Ier3ip1	0.00340424721270427	5.305665672719913	0.04798964053739368	0.9625755582564492	0.9998640102074222	-5.127329394904216
Uqcrc2	0.004511372719141704	8.662451541498392	0.04714256350924838	0.9632356084158731	0.9998640102074222	-5.022250068754342
Arpc1a	0.002877089667709498	4.307402999398851	0.04635422975775947	0.9638499110925322	0.9998640102074222	-5.040703532559811
Ybx1	0.003998515313238471	8.46987088386166	0.04555613939977461	0.9644718414425303	0.9998640102074222	-5.026901198067627
Ndufaf1	0.0033178482765308104	5.381195162347616	0.04523838617885094	0.9647194648635584	0.9998640102074222	-5.125944056852139
Sec61g	0.005504500390097533	6.191177113722023	0.04490164138433434	0.9649818925514286	0.9998640102074222	-5.11350370201249
Idh3b	0.0046497257153603755	8.932228652124511	0.04484129541948334	0.9650289210621954	0.9998640102074222	-5.0169906537449815
Aamdc	0.004555799963940288	7.42414700084286	0.04442999155991386	0.9653494599806862	0.9998640102074222	-5.0555107682855365
Ndufb11	0.003848724516965163	8.485246042085524	0.04413110203183565	0.965582395734645	0.9998640102074222	-5.026544883785781
Epb41	0.0031087426617446567	5.237419391959886	0.044000253645589085	0.9656843718160869	0.9998640102074222	-5.128306859617558
Mavs	0.005179370075067524	4.616618796335343	0.043599317432953165	0.9659968435648432	0.9998640102074222	-5.08980189224665
Asna1	0.0027995905697340007	5.513366524327866	0.043276169508374464	0.9662486949363591	0.9998640102074222	-5.122726016205242
Rps28	0.007250758389597323	7.2627028562261255	0.04310779456886465	0.9663799226135004	0.9998640102074222	-5.0614131239298095
Xbp1	0.003677386503080804	5.551404828653533	0.042798349125341306	0.9666211002027979	0.9998640102074222	-5.122098342589127
Gng5	0.00429170143566715	8.711353128974991	0.04254894904282591	0.9668154817850089	0.9998640102074222	-5.021314125053959
Ehbp1l1	0.0036652000380597016	7.240828140662059	0.042303883207479846	0.9670064874592881	0.9998640102074222	-5.062336242987205
Gatd3a	0.0039778357867295	7.428681104814286	0.04183870208888376	0.967369058134322	0.9998640102074222	-5.0554414293340155
Clic5	0.0034849920474657736	6.210447398515612	0.041811320986674255	0.9673903997068399	0.9998640102074222	-5.112897693654469
Rplp2	0.003911568359150408	8.670934740375161	0.039208818019438124	0.9694189800367892	0.9998640102074222	-5.0222777140696095
Rnf10	0.0025728818392609654	7.16993961997828	0.038922362041991246	0.9696422787385898	0.9998640102074222	-5.065619280614303
Pip5k1a	0.003976093502881639	4.465833374235619	0.03886105893238765	0.9696900662069083	0.9998640102074222	-5.0662409363772145
Snrpb	0.0025828657381383735	6.902517107540627	0.03877875573008879	0.9697542240229726	0.9998640102074222	-5.0801638621675025
Mia2	0.002403745130866497	5.218538654587194	0.03562841150857797	0.9722101752138043	0.9998640102074222	-5.1286058219548005
Tfdp2	0.00549890635604644	4.268648299658106	0.03512404600323378	0.9726033979991502	0.9998640102074222	-5.0348442253121535
Fkbp8	0.0021735755608291996	6.574565949588866	0.03442652498288846	0.9731472247545276	0.9998640102074222	-5.098764719387048
Stx7	0.002499299231690344	4.237536213034772	0.03242517499434909	0.9747076681655992	0.9998640102074222	-5.029957101128953
Dnajc5	0.0023028394064921187	4.231679168703639	0.032177517546314954	0.974900773354076	0.9998640102074222	-5.029037431523996
Nptn	0.003582225622746016	6.112253689290365	0.03206727595620147	0.9749867322339237	0.9998640102074222	-5.116460349610281
Acss1	0.008089977584888608	4.839682303789765	0.030276100048124293	0.976383414745797	0.9998640102074222	-5.117386555628978
Aip	0.002989385654311505	5.627715130478529	0.029989574817459733	0.9766068426748789	0.9998640102074222	-5.121540548327514
P4hb	0.002058715826233737	6.76959580751876	0.029511302910917567	0.9769797963379268	0.9998640102074222	-5.088402296305557
Pdhb	0.00294381866784299	8.026795613537603	0.028845673542394094	0.977498859792951	0.9998640102074222	-5.03980094582798
Cox8b	0.0027992584494391792	9.742632291319259	0.028308487307626928	0.9779177701293577	0.9998640102074222	-5.003542671813451
Prkab2	0.0028817954251376676	7.823314671007409	0.028269341766641243	0.9779482970068675	0.9998640102074222	-5.045351521633546
A430005L14Rik	0.0027861398717572428	4.3134973294740515	0.02805474967548731	0.9781156430664398	0.9998640102074222	-5.042108425361358
Rpl7a	0.0018380764143870465	8.77883451045179	0.02628935448245172	0.9794923979390898	0.9998640102074222	-5.020285327131382
Ddx50	0.0017613334815385073	4.951432264253277	0.025795747789250163	0.9798773529735731	0.9998640102074222	-5.124257719155654
Kiz	0.002412466277220915	4.33873861666156	0.02392818832584635	0.9813338766918058	0.9998640102074222	-5.046198606058977
Hmgn1	0.002384469197378003	4.900192475821459	0.02356251003684996	0.9816190804275089	0.9998640102074222	-5.121574903865077
Dym	0.0014049186777160827	5.760491946130697	0.023457079444084074	0.9817013094861641	0.9998640102074222	-5.121296228001676
Sdhc	0.0026470170850103614	8.184459930709888	0.023078295972641893	0.9819967379714893	0.9998640102074222	-5.035375304667804
Naa60	0.0017382240817589434	4.569418189622273	0.022322872623633153	0.9825859314254466	0.9998640102074222	-5.083061024402951
Dcaf8	0.0014391032792877567	6.9259902964540965	0.022024028570748772	0.982819018254828	0.9998640102074222	-5.079112047618965
Mars	0.0014056177096399836	4.926822537117553	0.0202312629939431	0.9842173405331976	0.9998640102074222	-5.123058720962437
Plbd1	0.00567080901533501	4.141264349482167	0.019500706504977452	0.984787176513962	0.9998640102074222	-5.0149635667585795
Mcrip2	0.002848225289545425	6.062062347847057	0.019269845058891042	0.9849672509039312	0.9998640102074222	-5.118153206548745
Nhp2	0.0016719616814917515	4.582973932074661	0.018027323413824303	0.9859364457708519	0.9998640102074222	-5.085204500325677
LOC105244208	0.0011853294952723914	5.341262245506542	0.01768286570448763	0.9862051348004088	0.9998640102074222	-5.1273981488735245
Cdkn2aipnl	0.0018427280187136574	5.200193430219528	0.01757896666412456	0.9862861800281104	0.9998640102074222	-5.128934865727065
Habp4	0.0011074768760188647	4.477334803734163	0.01712678533795087	0.9866389006340595	0.9998640102074222	-5.068488929149776
TrnI	0.005188878030286226	6.6902241089677315	0.01706886049422398	0.9866840846848257	0.9998640102074222	-5.093151331993495
Opa3	0.0012329551341236922	4.947578224278376	0.016217060344777698	0.9873485336389075	0.9998640102074222	-5.124198642402022
Hdac3	0.0010633864979672225	5.792086228455983	0.015771287481532115	0.9876962639578457	0.9998640102074222	-5.121358654754115
Pja2	0.0008071761949279832	5.873471563174858	0.012498173286924047	0.9902495715764064	0.9998640102074222	-5.12112984889386
Mss51	0.0024827243681961875	8.863446498711662	0.01190725510659935	0.9907105510445892	0.9998640102074222	-5.018820826245423
Stx12	0.0007042057950954472	4.927813707504381	0.011266440768487726	0.991210458849721	0.9998640102074222	-5.123210977291344
Tmem223	0.0011679963679256389	6.361244224080442	0.009162484005622485	0.9928518100220651	0.9998640102074222	-5.107758271799047
Sec13	0.0005120207337832028	5.8253360581719065	0.009077874011532051	0.9929178172445268	0.9998640102074222	-5.121357574244552
Gpx1	0.0007975701928879531	6.07756941229715	0.009053405933255935	0.9929369056604616	0.9998640102074222	-5.117823177060843
Chmp1b	0.0005508689557718327	4.2412669097388	0.008147249522607435	0.9936438335652223	0.9998640102074222	-5.030859369464148
Arl3	0.0004689767408869727	6.224589291985641	0.007918867079797179	0.9938220045252271	0.9998640102074222	-5.112976770253988
Pcx	0.0007165681932557177	5.322983738005164	0.007878201424022672	0.9938537295883201	0.9998640102074222	-5.127828347753681
Mybpc1	0.002858558249672072	8.936348008976083	0.007529612772748873	0.9941256793450726	0.9998640102074222	-5.017524697585839
Rpl13a	0.0007092743869367979	8.375327680356762	0.007286145142043299	0.9943156199077035	0.9998640102074222	-5.030076496971229
Acadm	0.0011475754111032188	8.08088304538586	0.006300366773232761	0.9950846756557934	0.9998640102074222	-5.038517182313704
Ptp4a2	0.0003968037412711567	8.847132756022383	0.005894163912617501	0.9954015766890627	0.9998640102074222	-5.0191577865948656
Dnajc7	0.00047660477911115606	5.977832509008555	0.00506158523264186	0.9960511193045688	0.9998824256360745	-5.120033651753093
Cfap298	0.0002821864151334452	4.8776985715037195	0.004390464185000713	0.996574701709954	0.9998824256360745	-5.120436043758264
Eif6	0.0002367894113524116	4.6013284457166375	0.0037464120773684864	0.9970771675709165	0.9998824256360745	-5.088147338770973
2410006H16Rik	0.0005214404467004385	5.391238640366688	0.002906183152434064	0.9977326853500352	0.9998824256360745	-5.126414461296562
Rps3	0.00016978459564587212	7.5609726587322665	0.002608333472751896	0.9979650578958441	0.9998824256360745	-5.052261069117189
Ranbp1	2.3570115446069906e-05	4.248961187255115	0.0002618646205316551	0.9997957009717484	0.9998824256360745	-5.032100427901957
Ndufb3	-2.087052676635892e-05	7.302908467067885	-0.0001507034379976635	0.9998824256360745	0.9998824256360745	-5.060426959702865
Svip	-2.8277578227431377e-05	4.696534304808689	-0.000337393515325158	0.9997367755651274	0.9998824256360745	-5.102024339640778
Prr33	-4.031532670811799e-05	6.766853446332864	-0.00034956364136630604	0.9997272807934016	0.9998824256360745	-5.088862546249195
Ndfip1	-3.1688617159630894e-05	6.002928033507896	-0.0004840982131095547	0.9996223209101807	0.9998824256360745	-5.119582723719594
Coq5	-6.406954013638e-05	5.806171206357749	-0.0007500780875508906	0.9994148113237453	0.9998824256360745	-5.121421294545282
Nbr1	-0.00014056656381811194	5.319297494698404	-0.0014826548876301097	0.9988432769765685	0.9998824256360745	-5.127918478947141
Ubqln1	-0.00016145742574469324	4.911993892659455	-0.0022616941887758945	0.99823549473604	0.9998824256360745	-5.122426661853951
Prdx5	-0.00024297752543134266	7.216915330717388	-0.0026650187811894776	0.9979208338625476	0.9998824256360745	-5.06399275323863
Lsm14b	-0.00018800288121667563	4.600884838621151	-0.0036115266915074614	0.9971824003826752	0.9998824256360745	-5.088078920968587
Irak1	-0.00038788569060166367	4.491656006443299	-0.005072580727884306	0.9960425410644637	0.9998824256360745	-5.070862099558549
Tsta3	-0.00048734505006642337	4.217735952220103	-0.006115997891121431	0.9952285117825126	0.9998640102074222	-5.027145599093348
Bola3	-0.0005134642067190498	5.917412408863409	-0.006130632544824989	0.9952170944918926	0.9998640102074222	-5.120884851963975
Yap1	-0.0005706751701977097	4.276706035817216	-0.00645567955913306	0.9949635079007804	0.9998640102074222	-5.036514933726525
2310039H08Rik	-0.0005384536063255396	4.924513596330372	-0.006603833943787313	0.9948479249182114	0.9998640102074222	-5.1230678249430825
Ruvbl1	-0.0004312010798352972	4.239096775374728	-0.0069271242877337325	0.9945957096475166	0.9998640102074222	-5.030521718399915
Cox6a1	-0.0008664146871950607	4.880895361316257	-0.007052405657007521	0.9944979714315161	0.9998640102074222	-5.120620843861779
Dnajb2	-0.00034348384519145014	5.378759303668019	-0.007113537764309923	0.9944502792736554	0.9998640102074222	-5.126718240714513
Ttc33	-0.0005795264280648027	5.5026656910907565	-0.007581249613040563	0.9940853950629552	0.9998640102074222	-5.123568344034886
Synm	-0.0010062603082729993	8.083325918024615	-0.008354572252416207	0.9934820925051402	0.9998640102074222	-5.0384378116139805
Fdft1	-0.0009583290539421085	5.017004803503013	-0.008910492388648108	0.9930483976785263	0.9998640102074222	-5.1267035466349435
Osbpl1a	-0.0012785825590864164	4.253843132360015	-0.008942814466456065	0.9930231820445522	0.9998640102074222	-5.032850901299271
Smtnl2	-0.0009293149796789635	8.143066625937207	-0.00895367289484356	0.9930147109895722	0.9998640102074222	-5.036714999610992
Pold2	-0.0005378497360171153	4.597206809652676	-0.00949019647306884	0.9925961505689915	0.9998640102074222	-5.087482913966028
Mbd2	-0.0005960687986066304	5.134118045819173	-0.009888632107539803	0.9922853187788805	0.9998640102074222	-5.128760350575572
Ptcd2	-0.0007287945995653189	4.247625781832608	-0.009888943251105797	0.9922850760468098	0.9998640102074222	-5.031857412613199
Rrp7a	-0.0005263470059091446	4.451589136027673	-0.010280761676741542	0.9919794078456001	0.9998640102074222	-5.064416538738586
Dpy30	-0.0015323562511504463	5.104966419218135	-0.012467533472417271	0.9902734738235559	0.9998640102074222	-5.128464342913092
Gm11716	-0.003331481736783992	4.292671477563836	-0.012708891131260095	0.990085189978284	0.9998640102074222	-5.039013277468519
Mpi	-0.0009630210298645636	5.031167849872663	-0.013362164292091831	0.9895755727861928	0.9998640102074222	-5.1270102062394
Lonp1	-0.0010366918370365852	5.614885288291924	-0.01355031495666065	0.9894287976874392	0.9998640102074222	-5.121931612747768
Akt2	-0.001163195378124371	6.609933896757095	-0.014367752436239039	0.9887911248821764	0.9998640102074222	-5.097409811242382
Zadh2	-0.0007296350885361846	4.621036127351724	-0.014853588202300842	0.9884121342846331	0.9998640102074222	-5.0910316092155385
Cacng1	-0.0026450206759953687	8.213353796208006	-0.01640146030758276	0.9872046910949065	0.9998640102074222	-5.034620833760169
Rtcb	-0.0009221356435507033	5.054516005140039	-0.01641867528820342	0.9871912624470769	0.9998640102074222	-5.127496531335652
Myot	-0.0015522361597852807	9.734887493355124	-0.017648200547822037	0.9862321749312515	0.9998640102074222	-5.003847531069433
Acad8	-0.0019210621291101404	4.482088783831765	-0.01926926226273544	0.984967705492257	0.9998640102074222	-5.0692197600690125
Hnrnpl	-0.0019396148128878465	5.44221136993145	-0.01964567162672425	0.9846741026239554	0.9998640102074222	-5.124965590459954
Eef2k	-0.001973054282640163	4.678333499389487	-0.01970518872129182	0.9846276789420907	0.9998640102074222	-5.099389378956026
Pnisr	-0.0021860789301433314	5.1012265895571005	-0.01987581684983468	0.9844945883333942	0.9998640102074222	-5.128335424509529
Snd1	-0.001996911175499605	4.475199044105197	-0.02006578942454614	0.9843464095598411	0.9998640102074222	-5.068112847732866
Rab21	-0.001241282959461465	5.337941234719899	-0.02097750773419225	0.9836352771546436	0.9998640102074222	-5.127414546987465
Pomgnt1	-0.001172618716059226	5.275233573540713	-0.021379532120767382	0.9833217062773312	0.9998640102074222	-5.1284390480375635
Arpp19	-0.0020741495543949995	4.899900903182558	-0.021413408230335957	0.9832952837315475	0.9998640102074222	-5.121592058789261
Ubac1	-0.0025908458654582134	6.975263409220526	-0.02187882230568772	0.982932274143306	0.9998640102074222	-5.076208359321153
Snrpa	-0.0016094241041351154	4.512169378055799	-0.023398972822140658	0.9817466289963139	0.9998640102074222	-5.073962729759097
Eif3a	-0.003367286805326053	5.983596874246904	-0.02372068534268378	0.9814957143142815	0.9998640102074222	-5.1197434529786925
Naxd	-0.001280078459898526	4.687911148292783	-0.02447962917188629	0.9809037961854612	0.9998640102074222	-5.1006972715808505
Fis1	-0.0015363076249528262	7.229799662909929	-0.02512370391589462	0.9804014765425728	0.9998640102074222	-5.06321113353591
Zdhhc3	-0.0020450123099298168	4.891743020623461	-0.025294915267088526	0.9802679487623489	0.9998640102074222	-5.121048318429889
H4c9	-0.003400745092626778	5.7801554933687	-0.025648446002186315	0.9799922320431825	0.9998640102074222	-5.121235003095148
Qars	-0.0014624972187826657	5.367310987743006	-0.026540572957740604	0.9792964792260144	0.9998640102074222	-5.126758035580341
Neurl1a	-0.0017984917182340965	6.094395227692899	-0.026678944280461355	0.9791885676605522	0.9998640102074222	-5.117126628473391
Pole4	-0.001952480681187474	4.77533885862396	-0.026924504065045117	0.978997064160086	0.9998640102074222	-5.111168099072631
BC005624	-0.002063680963122927	4.234667812613095	-0.02724820581999557	0.9787446225763121	0.9998640102074222	-5.02960175270779
Metap1d	-0.0015803515728309847	5.3306606627345925	-0.028393144174338268	0.9778517522688989	0.9998640102074222	-5.127419484859175
Poldip2	-0.0017622741812202136	6.354036392118873	-0.02847684318069517	0.9777864815455213	0.9998640102074222	-5.107783273043552
Tardbp	-0.0019176925408501688	4.903376097294092	-0.02970752366492236	0.976826783830958	0.9998640102074222	-5.121645969013696
Akap1	-0.0030971384994264994	5.11579622106369	-0.030178961087571687	0.976459161964333	0.9998640102074222	-5.128296606434181
Sdhb	-0.004552744954253285	8.883054469925002	-0.03053753500727053	0.9761795536635925	0.9998640102074222	-5.018210593136961
Eif4b	-0.002997130266765069	7.088952800539846	-0.031138197475833393	0.9757111773678624	0.9998640102074222	-5.069812745677344
Rpl36a	-0.002442650488685416	7.35279710220553	-0.03130834027797933	0.9755785074872996	0.9998640102074222	-5.058246149828245
Fam162a	-0.002487231269847179	6.348528868365358	-0.032085628822431496	0.9749724218964372	0.9998640102074222	-5.107920188532526
Pcbp4	-0.0028504696187878764	5.207371141082145	-0.03270423824276045	0.9744900770536296	0.9998640102074222	-5.128668505055123
Ipo5	-0.002165869551737032	5.958682583686137	-0.03422287431347427	0.9733060050074223	0.9998640102074222	-5.119947922345044
Gm15459	-0.003066519917819477	6.308368095089929	-0.035973155382093024	0.9719414040281766	0.9998640102074222	-5.1093805925970655
Ppp6r1	-0.002111150689438901	4.762934838787773	-0.03666066226914317	0.9714054168659445	0.9998640102074222	-5.109595288781585
Atp6v0b	-0.002622673688619237	6.528007527100705	-0.037281335961911966	0.9709215461596213	0.9998640102074222	-5.100682506613393
Ctsd	-0.0028030289969720457	8.912327989147464	-0.03801425284164858	0.9703501875678762	0.9998640102074222	-5.0175214532509465
Yif1b	-0.0033475924310195637	4.754834220117079	-0.0381762102759862	0.9702239330532016	0.9998640102074222	-5.108650447633707
Prkag3	-0.006833071116078671	6.817699423017151	-0.03849875645802919	0.9699724935262806	0.9998640102074222	-5.085291836431963
Emc4	-0.002601728818230953	6.199774732872909	-0.03885904297972656	0.9696916376998355	0.9998640102074222	-5.113369225008183
Sgta	-0.0020458932682929643	6.165661405865672	-0.03927371130730936	0.96936839467809	0.9998640102074222	-5.1145493492046405
TrnA	-0.009602457379900287	6.776635832609248	-0.03991814130329103	0.9688660588230744	0.9998640102074222	-5.087731023651636
Mllt3	-0.0033208027225741787	5.404294442517973	-0.04003872948045583	0.968772061396035	0.9998640102074222	-5.125512671437672
Serbp1	-0.002572032484442488	5.897335004300847	-0.04041337646624988	0.9684800305165886	0.9998640102074222	-5.120490517063519
Fkbp9	-0.0023418184793335683	5.3126815515575325	-0.04237724482076574	0.9669493087832378	0.9998640102074222	-5.127396983763494
Tmbim6	-0.0023328113188263444	6.8086508284766465	-0.04295156955455501	0.9665016818380017	0.9998640102074222	-5.085717005674752
Cnksr1	-0.004713751059059135	6.1572159379010625	-0.04326061319466017	0.966260819137109	0.9998640102074222	-5.1147101172408105
Rps12	-0.0059762654941462046	8.690008500949855	-0.04393584913701484	0.9657345654054723	0.9998640102074222	-5.021734597244501
Zcchc24	-0.004327196508356224	4.887082373468837	-0.04425206016675796	0.9654881281453225	0.9998640102074222	-5.1203072457123335
Nono	-0.002237535832826154	5.114008665283933	-0.04451729685361996	0.9652814203450464	0.9998640102074222	-5.1278969388961775
Tmed9	-0.0038370462074226452	5.27549476568773	-0.04465925981572206	0.9651707849635196	0.9998640102074222	-5.1278867774040116
Cdnf	-0.0032196940659252604	4.951960274850298	-0.04473219403423358	0.965113945751382	0.9998640102074222	-5.123810150336763
Tmem126b	-0.0029170001407781143	4.818741734717793	-0.04532670090662493	0.9646506412683136	0.9998640102074222	-5.115302646902218
Arfgap2	-0.005001706776008419	6.858864489501422	-0.04906231942680777	0.9617397590862262	0.9998640102074222	-5.082487802345757
Phka1	-0.005803900824286501	8.270602636740563	-0.05080244194835086	0.9603840102904546	0.9998640102074222	-5.03223051167042
Eef1d	-0.0037419447278068674	6.941578900649352	-0.0516145923202291	0.9597512993369367	0.9998640102074222	-5.077454776668542
Ndufb6	-0.004271401867670832	7.613732658992211	-0.052364059008976074	0.9591674481384529	0.9998640102074222	-5.0500336880215775
Cdc34	-0.0032793636459000908	8.256614083657128	-0.0531817004458082	0.9585305157862529	0.9998640102074222	-5.032554642309292
Sptssa	-0.006096076962236019	4.583619981981888	-0.05391847427236769	0.9579566041168053	0.9998640102074222	-5.0844248634445846
Mtmr3	-0.003805901123895339	4.629315264610292	-0.05451399217495295	0.9574927422135462	0.9998640102074222	-5.091315470867694
Psmd1	-0.004553108086929214	6.806302022895671	-0.054538995773734375	0.9574732667219366	0.9998640102074222	-5.08547444600885
Slc49a4	-0.002770296229734015	4.476476954983025	-0.0548724176457042	0.9572135646830638	0.9998640102074222	-5.0674463338641935
Dnm1l	-0.0037161006003776365	4.970006150380443	-0.055322638047530875	0.9568628965804947	0.9998640102074222	-5.124168134944869
Ube2d3	-0.0030370201300442545	7.324906522838501	-0.056289685884324696	0.9561097136994667	0.9998640102074222	-5.058551124785405
Exosc9	-0.0038882197040450706	4.211228116000884	-0.05699143698585106	0.9555631844690629	0.9998640102074222	-5.025108116798394
Eif5	-0.004886257667983784	6.576535345674984	-0.057229423838084395	0.9553778438459408	0.9998640102074222	-5.097957552174861
Zfp91	-0.003922296784338641	6.424711081205593	-0.05747161473749515	0.9551892319972273	0.9998640102074222	-5.104162049795603
Fnta	-0.0030198284244873363	5.673908436237381	-0.05824058525852927	0.9545903971685259	0.9998640102074222	-5.120420444878347
Tmem267	-0.013701558246475898	4.3914851190411275	-0.05848556636198473	0.9543996245607504	0.9998640102074222	-5.053685059111943
Rpl38	-0.007480342517601102	8.005155142232205	-0.05922614315242283	0.9538229379733649	0.9998640102074222	-5.0395472185962245
Ncor1	-0.007423601638246069	4.344654973777846	-0.06034930901504154	0.9529483822707483	0.9998640102074222	-5.046142517144352
Camk1	-0.006027864746051215	4.737380614600177	-0.06035130185481799	0.9529468305984826	0.9998640102074222	-5.105889611680688
Tmem109	-0.005443241091091622	7.424493057697837	-0.06039490459241596	0.9529128805248305	0.9998640102074222	-5.0549505357145215
Rab4a	-0.004240813095752749	4.337488354454504	-0.06056435775947004	0.9527809413975425	0.9998640102074222	-5.044997218356883
Uqcrh	-0.005938146452105997	9.469496779319337	-0.06070715576467592	0.952669757579409	0.9998640102074222	-5.007768538786784
Ip6k3	-0.010853686144717933	4.56155624822187	-0.06106795801326246	0.952388838370418	0.9998640102074222	-5.080758871863387
Hr	-0.016669185938798847	4.95739635401829	-0.061096715654166946	0.9523664480741885	0.9998640102074222	-5.123461941337766
Actn3	-0.007840330822407537	12.07115334904156	-0.06125171335281672	0.9522457697765889	0.9998640102074222	-4.948809627411427
Brd7	-0.003942823480097779	5.519345860648412	-0.06176470610025304	0.951846372176454	0.9998640102074222	-5.121934109733832
Ndel1	-0.004555898130604419	5.304889358917295	-0.06188132776048485	0.9517555766890005	0.9998640102074222	-5.1267968142325895
Immt	-0.004180881125156688	7.466816313287647	-0.061885386017687435	0.951752417156354	0.9998640102074222	-5.05361574487273
Utp11	-0.0050971788548146435	5.186931731299563	-0.06195842846785379	0.951695550527588	0.9998640102074222	-5.127662478997677
Myf6	-0.008108765741723367	6.910889000695469	-0.06333521457085162	0.9506237172868699	0.9998640102074222	-5.078816698087541
Etfa	-0.009842341590779569	7.470710391427596	-0.063583098181721	0.950430749701959	0.9998640102074222	-5.053432556140287
Mrps18c	-0.0042565300685790675	5.835273014693886	-0.06617487453511484	0.9484133552142138	0.9998640102074222	-5.119800173861815
Mlxipl	-0.005894575555702275	4.473921581485037	-0.0665577265349383	0.9481153813494736	0.9998640102074222	-5.06656782438107
Kdelr1	-0.003915564136965699	5.4840289266084845	-0.06712172601668137	0.9476764354099713	0.9998640102074222	-5.122434591956668
Pabpc1	-0.004378754811764196	5.076120546230384	-0.06778955937368276	0.9471567017223893	0.9998640102074222	-5.126392841429425
Adk	-0.00907200632975691	5.499397143151788	-0.067981714414707	0.9470071639928272	0.9998640102074222	-5.122009909778604
Gstm5	-0.00505469501402267	6.518470188162417	-0.06821958124838796	0.9468220556579385	0.9998640102074222	-5.0999499964662665
ATP8	-0.010732982802629465	14.47596416754965	-0.06903802814018271	0.9461851641031458	0.9998640102074222	-4.896522327858832
Tial1	-0.0054116428092543245	4.464144070458301	-0.06910864996879794	0.9461302100819904	0.9998640102074222	-5.064882750691685
Dlg1	-0.004443177087684269	4.798936239823321	-0.0699051632213505	0.9455104275989709	0.9998640102074222	-5.112201308082696
Grpel1	-0.0038022855524761923	4.952134117389743	-0.06990760798283566	0.9455085253400752	0.9998640102074222	-5.122792434507459
Herpud1	-0.006372634665911647	6.855482687096079	-0.07017197721665117	0.9453028228149651	0.9998640102074222	-5.081837012807888
Insig2	-0.0035491317332203565	5.229070882749377	-0.07145315960478589	0.9443060093636898	0.9998640102074222	-5.127236790792169
Tmem11	-0.005168734107294348	5.692461885834803	-0.0719510951644605	0.9439186214127496	0.9998640102074222	-5.119733567650864
Cd24a	-0.00570759803117582	8.261333938736811	-0.0723216495282432	0.9436303443260131	0.9998640102074222	-5.031655000341469
Rps14	-0.007159857989464058	9.218392852629796	-0.07272447815930323	0.9433169686459317	0.9998640102074222	-5.011287090329011
Cdh13	-0.005643962386121082	4.955951745514312	-0.07315376631432423	0.942983020107408	0.9998640102074222	-5.122823818318036
Slc35e1	-0.005687031603724968	4.519807089532914	-0.07359369712356066	0.9426408043708657	0.9998640102074222	-5.073546657695033
Timm13	-0.005487246034939552	5.622687942562135	-0.0736675108607985	0.9425833869257152	0.9998640102074222	-5.119987826998254
Slc12a2	-0.00855946913318828	4.936733027742897	-0.07438222901143549	0.942027447211096	0.9998640102074222	-5.121756447076892
Nrd1	-0.006672139098957253	6.576075615002897	-0.07488691350053756	0.9416349004396214	0.9998640102074222	-5.097170259694787
Rab1b	-0.004203289837160895	6.363074409867401	-0.07498242969711834	0.9415606091563942	0.9998640102074222	-5.105752396336328
Npm1	-0.005359217111488235	6.694943146727961	-0.0757507276166679	0.9409630579481687	0.9998640102074222	-5.091022264713705
H3f3a	-0.005243490578550336	7.589253446409559	-0.07659334769676923	0.9403077455259536	0.9998640102074222	-5.04963023114756
Mettl11b	-0.007985313167300667	4.575714055111359	-0.07709311242300473	0.939919096207062	0.9998640102074222	-5.082177170139172
Rpl39	-0.010237835162003606	7.5431368438911255	-0.07730610223358073	0.9397534665295308	0.9998640102074222	-5.050780247030394
Rpa1	-0.005662871494599209	5.185118202429456	-0.0779987632944158	0.9392148452499365	0.9998640102074222	-5.126858689592475
Ahcy	-0.006720842507133895	4.85927990125406	-0.07809142526133946	0.9391427926268542	0.9998640102074222	-5.116989069021061
Mir3064	-0.009522552392338568	7.867084390190895	-0.07829296895537013	0.938986077088648	0.9998640102074222	-5.042473124171716
Gys1	-0.00859334240138665	7.467851211032805	-0.0792277848998656	0.9382592219839907	0.9998640102074222	-5.052784233347547
Dgat2	-0.033303670261954466	4.792586473427691	-0.07952461662639025	0.9380284362116007	0.9998640102074222	-5.111024033335044
Wwp1	-0.007703502165352205	6.400528166059394	-0.0803274128134977	0.9374042943872058	0.9998640102074222	-5.104006397118141
Abhd12	-0.005777921818426179	4.272591020679808	-0.08058497204314004	0.9372040616885478	0.9998640102074222	-5.03379631411645
Ddrgk1	-0.004650345384036747	6.764444314633113	-0.08091230533624652	0.9369495915004113	0.9998640102074222	-5.086766182244126
Ndufb9	-0.008003693720056049	9.529502663784902	-0.08096188853419164	0.9369110459670376	0.9998640102074222	-5.005855123596593
Plekhb2	-0.0067105093767985124	5.20820225266406	-0.08109824391939527	0.9368050453829564	0.9998640102074222	-5.126700434409638
Pink1	-0.006119024652088356	9.279344173739656	-0.08125544604880408	0.9366828404445113	0.9998640102074222	-5.009933816636513
Aimp1	-0.004501098202577936	6.792956390701268	-0.08144251227288876	0.9365374221339969	0.9998640102074222	-5.085029636387782
Polr2b	-0.005330161414224932	4.439092370785875	-0.0815257031598602	0.9364727534139542	0.9998640102074222	-5.060251313774543
Reep5	-0.004078537031510621	6.326871280533823	-0.08288670759183853	0.9354148401659484	0.9998640102074222	-5.106716491037589
Polr2j	-0.0071906686539406905	5.430894068637959	-0.08416918739642308	0.934418083286213	0.9998640102074222	-5.122869964444912
Tcap	-0.009813822302801256	12.101508253797444	-0.08535293568193143	0.9334981655517539	0.9998640102074222	-4.947104284358587
Nsmce4a	-0.007321794613666555	4.892461913372024	-0.08563616358592975	0.9332780776571807	0.9998640102074222	-5.118717319978579
Klc2	-0.005476532773717402	5.1950598494473805	-0.08809541904139612	0.9313673106038572	0.9998640102074222	-5.126267158836189
Mrpl23	-0.005890978796821322	6.766933253204877	-0.0884981599062306	0.9310544357709082	0.9998640102074222	-5.08618101332704
Got2	-0.011653647901566089	7.935539441826203	-0.0885988608508684	0.9309762067397662	0.9998640102074222	-5.040079794428748
Eif2b3	-0.0053976607545331845	4.258460785438345	-0.08891509435755393	0.9307305472489351	0.9998640102074222	-5.0310967700730815
Mical2	-0.016235965271659936	5.0063727318773115	-0.08921174255810066	0.9305001090382337	0.9998640102074222	-5.1236056109551
Dlat	-0.01051448639610264	6.162957921578341	-0.09071572224267242	0.9293319107009638	0.9998640102074222	-5.112283064073331
Ppp6r2	-0.00552917743708381	4.680435855673755	-0.09131671399597881	0.928865145881561	0.9998640102074222	-5.096946799459508
Fxr2	-0.006135367490413657	6.191087570692957	-0.09143538396543525	0.9287729832390357	0.9998640102074222	-5.111275215665725
Kcnc4	-0.01260296295196639	4.46414273298458	-0.09164113288517857	0.928613195064925	0.9998640102074222	-5.0636786024535345
Ubap2	-0.008831616856347146	4.8102715409408	-0.09193668632039165	0.9283836688928393	0.9998640102074222	-5.112148369317513
Pttg1	-0.009323849353013003	6.442932167707325	-0.09233337045532301	0.9280756155134997	0.9998640102074222	-5.101635586142121
Dnajb12	-0.007917823239571575	5.166250745078301	-0.0935221434908693	0.9271525226946373	0.9998640102074222	-5.125861121742966
Oaz1	-0.005916142544103664	8.846914435990124	-0.09394423564113268	0.9268247912049934	0.9998640102074222	-5.01642423688789
Tpgs1	-0.008765770091624603	4.365860611736032	-0.09456718063107027	0.9263411343359268	0.9998640102074222	-5.047792418163147
Rap1gds1	-0.006011259090095145	5.205911157787671	-0.0945788749017214	0.9263320551556136	0.9998640102074222	-5.125852470747787
Mb	-0.03695360822062277	11.592511930377242	-0.09477372226309028	0.9261807814635005	0.9998640102074222	-4.959133670937628
Dusp28	-0.006135205469721683	4.666249507710838	-0.09496076609489389	0.9260355690612906	0.9998640102074222	-5.094633033804834
Pwp1	-0.006958696395481745	4.276150466579202	-0.09542647882063514	0.9256740229028629	0.9998640102074222	-5.033531239395316
Ky	-0.021912593613762077	5.671583955458335	-0.09599282481258721	0.9252343758368651	0.9998640102074222	-5.118364625044459
Kat8	-0.0089241027970548	4.439889694282793	-0.09753536559614553	0.9240370538179512	0.9998640102074222	-5.05943048421676
Commd9	-0.007367693987293755	4.702975596321986	-0.09779865945345559	0.9238327043214715	0.9998640102074222	-5.0995142043433335
Myl6	-0.00910071945129598	7.417560871895257	-0.09935228622959498	0.9226270096562907	0.9998640102074222	-5.053131735908299
Spcs1	-0.00729861491878836	6.592688247184313	-0.10089387799788226	0.9214308550681062	0.9998640102074222	-5.094825794905459
Dnpep	-0.004691550379767762	4.942098954334657	-0.10121136374740784	0.9211845360239246	0.9998640102074222	-5.120362935944644
Eci2	-0.012240643761095349	6.054182838042094	-0.10139379098411205	0.9210430050565354	0.9998640102074222	-5.114870898836229
Tuba4a	-0.007669916817528488	9.312916965798314	-0.10254182606518533	0.9201524004117339	0.9998640102074222	-5.008205581338312
Eif3m	-0.006415615764169047	6.737048926934324	-0.10268584447015082	0.9200406841055145	0.9998640102074222	-5.0870087492191685
Dpp9	-0.00609470766199216	4.341483067053918	-0.10295688713140222	0.9198304388800456	0.9998640102074222	-5.043386246798412
Fbxw5	-0.007324097176325317	5.667645990556116	-0.10341540950801219	0.9194747819686258	0.9998640102074222	-5.117854739545981
Cnot7	-0.005220329326632189	5.333019639960303	-0.10345746896149492	0.9194421591021099	0.9998640102074222	-5.123843511316601
Egln3	-0.04148740837455245	3.8822670778474304	-0.10357381416605688	0.9193519182670278	0.9998640102074222	-4.971011971911481
Slc41a1	-0.01620783109069368	4.388884421915152	-0.10372393470020304	0.9192354820216379	0.9998640102074222	-5.05086707431523
Phf10	-0.006074057300322622	4.807307974758002	-0.1043984784846652	0.9187123178698051	0.9998640102074222	-5.110973380386756
Hnrnpk	-0.008587309373414342	6.826058557427001	-0.10469584733277976	0.9184816966094783	0.9998640102074222	-5.081560232875062
Tmem9b	-0.0055227194889830855	5.190757281836223	-0.1049826640595465	0.9182592663414734	0.9998640102074222	-5.125099062541891
Prrx1	-0.010099262835924883	4.323313600813227	-0.10627214121654148	0.9172593496637668	0.9998640102074222	-5.040280515250834
Pnpla8	-0.00886799872055466	5.77744879422241	-0.10657759168072715	0.9170225118754631	0.9998640102074222	-5.117446144844311
Pstpip2	-0.008759940500112862	5.641662684409746	-0.1069804614521732	0.9167101507093214	0.9998640102074222	-5.117693265227303
Wnk2	-0.012887060684890095	4.561366837345879	-0.10772503498045338	0.916132891471671	0.9998640102074222	-5.0780611867679415
Tnks2	-0.00804064532671056	5.654690005386489	-0.10885867637872991	0.9152540893375036	0.9998640102074222	-5.117493593086465
Tmtc1	-0.014060371105681035	4.272628384449348	-0.10898334856232177	0.9151574502797905	0.9998640102074222	-5.03208555713026
Atp5pb	-0.009527345095087014	8.831192465473045	-0.10902606486025541	0.9151243392707636	0.9998640102074222	-5.0157658220003505
Zmat2	-0.007670418594688755	5.092155533314542	-0.11006630800354544	0.9143180596712752	0.9998640102074222	-5.124033450738515
Srrm1	-0.00984473648017481	4.916117488333889	-0.11055128985018822	0.9139421905314559	0.9998640102074222	-5.118305916368132
Hmga1	-0.0072448678747685236	5.008892584484215	-0.11088591698862435	0.9136828616211146	0.9998640102074222	-5.122135443839289
Psmd12	-0.00918285661800411	6.700431150127976	-0.11112267869496613	0.9134993826642317	0.9998640102074222	-5.088454873299236
Ranbp3	-0.007719259202295881	4.564803635384542	-0.11150847696069849	0.9132004187920905	0.9998640102074222	-5.078306062157808
Acadvl	-0.01857922930402811	7.923044826982565	-0.11212682369041324	0.9127212770388096	0.9998640102074222	-5.038901676444733
Ngly1	-0.007858722046263367	5.0370575274786065	-0.1132117896992497	0.9118806509411665	0.9998640102074222	-5.122644847020976
Rsl24d1	-0.008332545268769032	4.496505068854284	-0.11326804648474331	0.9118370665284556	0.9998640102074222	-5.067353970227965
Slc8a3	-0.015003486551059986	4.7295456841731145	-0.11368989980728697	0.9115102492994528	0.9998640102074222	-5.101668490916056
Rps6	-0.008906180268639652	7.550084532945124	-0.11442601585912487	0.9109400080794936	0.9998640102074222	-5.048275802249907
Ctdsp2	-0.010073253386516434	5.836817869683674	-0.11469454467863928	0.9107320019739102	0.9998640102074222	-5.116684455557883
ND1	-0.016430688064902554	15.167198547207024	-0.11521707375702929	0.9103272637886255	0.9998640102074222	-4.881020333366366
Wnk1	-0.011260549253429453	5.628618857030193	-0.11557122052309313	0.9100529654792557	0.9998640102074222	-5.117113378534497
Eif2b5	-0.005437856089796966	5.176959603017375	-0.11763286696728836	0.9084563963874301	0.9998640102074222	-5.1240797085452545
Mettl23	-0.015525662194036727	5.539156648156056	-0.11787843069139269	0.908266256202129	0.9998640102074222	-5.118019102809103
Slc41a3	-0.01622662344449388	5.166059601370302	-0.12010019417474933	0.9065462168032127	0.9998640102074222	-5.1238329031087915
Mcrip1	-0.010379506207788047	4.678943405474965	-0.12059783554195443	0.9061610221820379	0.9998640102074222	-5.094581962226635
Rbm3	-0.017857084488905883	6.983289635053728	-0.12168573404790631	0.9053190323431207	0.9998640102074222	-5.070923081320684
Tmem134	-0.008423117882258246	5.8833731128208395	-0.12184278121695175	0.9051974941245705	0.9998640102074222	-5.115877025812982
Cpped1	-0.007670644214867295	4.953914253077558	-0.12302555316173379	0.9042822328734363	0.9998640102074222	-5.119242107115312
Nek7	-0.010358353023936395	6.464378309501286	-0.12334917849981694	0.9040318279417556	0.9998640102074222	-5.098463825822905
Rpl14	-0.01209355064683848	8.039492510279526	-0.1239201988708814	0.9035900277874838	0.9998640102074222	-5.034787124280426
Satb1	-0.014458671664746348	4.693889685732589	-0.12445335933574626	0.9031775506678963	0.9998640102074222	-5.096309881541197
Ubxn2a	-0.011964738934032049	6.81544721607329	-0.1255403125782809	0.9023367267379696	0.9998640102074222	-5.080568040718187
Romo1	-0.010367633058269377	6.970924450909625	-0.12562389142283073	0.9022720786141274	0.9998640102074222	-5.071312796746396
Cavin4	-0.0146796344918112	6.789787052699417	-0.12632818609194857	0.901727337024343	0.9998640102074222	-5.08204042606629
Cxcl12	-0.015928567872465216	4.603377081492373	-0.1267639494739545	0.9013903192142827	0.9998640102074222	-5.082979929848738
Atp1a2	-0.015998011755302244	8.602345990484983	-0.12790874100198601	0.9005050383284348	0.9998640102074222	-5.019170885633054
Apba3	-0.009525536178306204	5.215678249859721	-0.1291510902990412	0.8995444745146551	0.9998640102074222	-5.123098110711798
Anp32e	-0.011429125282037766	5.630427843577987	-0.12952446278346444	0.8992558218245429	0.9998640102074222	-5.115882618610011
Gpcpd1	-0.012184290933745956	7.81216731190776	-0.12958982787884815	0.8992052899068341	0.9998640102074222	-5.040469414542065
Rps7	-0.01163031570506945	8.083394401137486	-0.12974683377366006	0.8990839149669623	0.9998640102074222	-5.033069853956056
Usp15	-0.009506670619753521	4.622697059190487	-0.13022427030560207	0.898714844539841	0.9998640102074222	-5.085543376137134
Dst	-0.018158284431023297	5.1501369865618525	-0.1319940875547427	0.8973469499225748	0.9998640102074222	-5.12270466522815
Ddb1	-0.012459337053543962	6.3291303881761625	-0.13207518875701416	0.8972842749688239	0.9998640102074222	-5.1029339204302175
Cox7c	-0.013436676681793713	9.772202030229133	-0.1325337223399041	0.8969299342835658	0.9998640102074222	-4.997846207997956
Strn3	-0.006406557230945076	6.6073116702914385	-0.13352647862081277	0.8961628430785415	0.9998640102074222	-5.0914596833275745
Ginm1	-0.008231669345367898	6.359854712786898	-0.1345517135138623	0.8953707721704016	0.9998640102074222	-5.10152065806801
Plp2	-0.008440219465619236	4.926049195191226	-0.13518960482568715	0.894878013193226	0.9998640102074222	-5.116675205603962
Trip10	-0.008749026459179632	6.6985583964180915	-0.1368063482822964	0.8936293170313437	0.9998640102074222	-5.086373275067681
Scnm1	-0.010642268275344868	4.9792218310472505	-0.1371210366164198	0.8933863014764161	0.9998640102074222	-5.11886594577451
Ankrd23	-0.013499566658559559	10.973340139017816	-0.13714274610032254	0.8933695369211241	0.9998640102074222	-4.971917683983834
Usp19	-0.012902712434114783	5.98816896925038	-0.13867861521670433	0.8921836423224616	0.9998640102074222	-5.113060233351773
Comt	-0.008460927271848995	4.517294795085065	-0.13967113912619317	0.8914174282477034	0.9998640102074222	-5.0684145645135885
Sort1	-0.013614592094805644	4.663844997060315	-0.13979769138744438	0.8913197400257415	0.9998640102074222	-5.090652349308945
Ethe1	-0.008490602137112724	4.8509208873182645	-0.14037321178327195	0.8908755080645181	0.9998640102074222	-5.111573002309477
Ccdc127	-0.008389968312636498	4.274983873295652	-0.14114395040152053	0.8902806524915697	0.9998640102074222	-5.0298965368457536
Rpl22l1	-0.022929700809674713	6.874786305999209	-0.14128073615537623	0.8901750886792352	0.9998640102074222	-5.075579826746499
Ech1	-0.030146954924024527	8.164151661364722	-0.14168439002893532	0.8898635834996904	0.9998640102074222	-5.029729682718007
Oxct1	-0.01927699994316434	7.411941431514478	-0.14201844411346662	0.8896058040779584	0.9998640102074222	-5.049936233035537
Ino80c	-0.009127256917929039	4.8722074258716095	-0.14225656446057153	0.889422061936834	0.9998640102074222	-5.112929769548445
Pold4	-0.015026736405617136	4.3726565171159875	-0.14290456941466323	0.8889220725527412	0.9998640102074222	-5.045133772986559
Snapc5	-0.009146142190602724	5.016773640905851	-0.14315506165876193	0.8887288105679181	0.9998640102074222	-5.1194240646693085
Ipo7	-0.012790566476764909	5.744705049240799	-0.14342689450293666	0.8885190922258004	0.9998640102074222	-5.114214346497213
CYTB	-0.02460338436462628	14.914454764994815	-0.14363241303756064	0.8883605411073986	0.9998640102074222	-4.8840967825248125
Sirt3	-0.023262167037864323	4.14309290348816	-0.14370905552993565	0.8883014151258837	0.9998640102074222	-5.008985251627625
Chmp2b	-0.013026469472112723	4.605926426385969	-0.14606680292788413	0.8864828747854495	0.9998640102074222	-5.08157124093795
Clpb	-0.011095077934975883	4.3825099730284585	-0.14652791799300277	0.8861272941258698	0.9998640102074222	-5.046353599689057
Tpd52l1	-0.013182022024657236	4.731274675938202	-0.14715032532975722	0.8856473772673668	0.9998640102074222	-5.0988462020614715
Mrpl27	-0.012962512727794362	5.320990882410958	-0.14770966665785495	0.8852161292202967	0.9998640102074222	-5.120104510371848
Nars	-0.00954443000457239	6.375854344328025	-0.14802550801785083	0.8849726349680302	0.9998640102074222	-5.099575488707917
Fabp3-ps1	-0.0557010208366302	5.377812682965609	-0.14824051224385615	0.8848068870230805	0.9998640102074222	-5.11893065248875
4930453N24Rik	-0.010205801722050545	5.789820867787105	-0.14828268044298767	0.8847743799993191	0.9998640102074222	-5.113660841445816
Tfam	-0.010670594572486536	4.263558904362009	-0.1503027640399974	0.8832173787983488	0.9998640102074222	-5.02723723627003
Rps25	-0.018103877690510473	8.889966446281015	-0.15110952486119128	0.8825957024899342	0.9998640102074222	-5.011278570675537
Smpdl3a	-0.011613154006714588	6.5463398237230805	-0.15209401802407213	0.8818371803413115	0.9998640102074222	-5.092376053529261
Nkain1	-0.014341015956343739	5.155156310394272	-0.15275448092607966	0.8813283828726348	0.9998640102074222	-5.120616649626124
Cnih1	-0.012504445347425452	5.864976298990778	-0.15304776970182798	0.8811024613665002	0.9998640102074222	-5.112930291634333
Dyrk1a	-0.013247069847028392	4.916754878092514	-0.15319548054254237	0.8809886832955098	0.9998640102074222	-5.114352322111073
Gabarapl2	-0.011185804088401419	6.6860657750584345	-0.1532466245141051	0.880949288989596	0.9998640102074222	-5.085416151891472
Mast2	-0.013928235991619076	4.952634145088313	-0.15329386739609155	0.8809128998467749	0.9998640102074222	-5.116205187440294
Asrgl1	-0.013849408232929683	5.224426372687455	-0.15394800655064755	0.8804090743272663	0.9998640102074222	-5.120600438189303
COX1	-0.024592247015425173	15.967921591986403	-0.1544041256404112	0.8800577987830313	0.9998640102074222	-4.863953307327673
Wdr83os	-0.014542493292963421	5.517018471421605	-0.15472947651279875	0.8798072495063438	0.9998640102074222	-5.114831208193954
Dcun1d1	-0.011492441681823173	4.266587761300884	-0.1547918694014995	0.8797592029672239	0.9998640102074222	-5.027280688056154
Huwe1	-0.018170351603994384	4.5010395430205365	-0.15543532969634724	0.8792637266111489	0.9998640102074222	-5.064286351895668
Kif1b	-0.011609616334925299	6.5746264112580555	-0.1563117253694655	0.8785889724245195	0.9998640102074222	-5.09072856028518
Txlnb	-0.015759682504103978	7.913745242771695	-0.15640845769533868	0.8785145024628067	0.9998640102074222	-5.035328218865672
Golga2	-0.012822898149371653	4.831226327760214	-0.15667088501798365	0.8783124773866341	0.9998640102074222	-5.108430307315519
Grk2	-0.00799841957851477	4.8512723830874735	-0.15670545277622652	0.8782858666766137	0.9998640102074222	-5.109887211596971
Tmem259	-0.009048071484607512	6.0738130370114725	-0.1578756430867123	0.8773851316448336	0.9998640102074222	-5.10916093466102
Psmc1	-0.01221710367593598	7.186733454508862	-0.1579589769050501	0.8773209936748001	0.9998640102074222	-5.057078393123475
Clta	-0.010435869292554578	5.602682603816255	-0.15826623913185273	0.8770845168823622	0.9998640102074222	-5.113247965027992
Tmem65	-0.036362316344170864	6.599755210400552	-0.15964730878388542	0.8760217654606115	0.9998640102074222	-5.0891963065096695
Cavin2	-0.018612662559815973	4.284730052035028	-0.15966325724444727	0.8760094943925506	0.9998640102074222	-5.029659888566484
Ltv1	-0.013090024358527685	4.25096833154131	-0.16028633426443978	0.8755301129613648	0.9998640102074222	-5.024270418532125
TrnW	-0.0379978534154084	7.270479628067324	-0.16097220861869363	0.8750024768755349	0.9998640102074222	-5.05316112002599
Ifitm3	-0.029760256017621778	4.904011208982323	-0.16127688926205042	0.8747681094936647	0.9998640102074222	-5.112778160551064
Itgb5	-0.020941603641226436	5.8010158478792455	-0.1614399863877841	0.8746426565651433	0.9998640102074222	-5.11219933734082
Ube3c	-0.010278988604540018	4.363029636525382	-0.1614553254866431	0.8746308580448772	0.9998640102074222	-5.041776906389338
Nxf1	-0.016137235490830015	4.466999563357972	-0.16301525482241466	0.8734311588188882	0.9998640102074222	-5.058100932601171
Acot13	-0.017839731527933722	7.098960421530906	-0.16310101366051183	0.8733652136190861	0.9998640102074222	-5.060739692593436
Lypla2	-0.009710436430989233	4.569284082166674	-0.1633599178041979	0.8731661325227154	0.9998640102074222	-5.074160594665667
Slc6a8	-0.017783588085007906	5.402031411125303	-0.16427141241264795	0.8724653231131324	0.9998640102074222	-5.116536248600508
Rnf181	-0.0107897857972592	5.184001349394077	-0.1647022034463885	0.8721341458858651	0.9998640102074222	-5.119347301710153
Fitm2	-0.017649896646576124	5.585499824503309	-0.16583506774113776	0.8712633611457696	0.9998640102074222	-5.112561634106554
Cpeb1	-0.031050055602248605	5.276903325016616	-0.16590533798442683	0.8712093532356857	0.9998640102074222	-5.118761932128282
Cast	-0.012073765819195614	5.153303054349201	-0.1662182108858303	0.8709688954464064	0.9998640102074222	-5.119079326977549
Adipor2	-0.010536354315194174	5.882844070972409	-0.1665357700144516	0.8707248499698883	0.9998640102074222	-5.111320468312739
Anxa11	-0.01154380938539834	6.022721681726325	-0.1667696775986833	0.8705451000166717	0.9998640102074222	-5.109373795865743
Rsrp1	-0.01894197951946275	8.015917663124892	-0.16734996497774982	0.870099202011662	0.9998640102074222	-5.031390865409596
Pde4b	-0.03449642726590607	5.495676747108526	-0.16749396740681213	0.8699885565432887	0.9998640102074222	-5.113778748363523
1110004F10Rik	-0.010178106403167853	5.457724946970605	-0.16763383042370072	0.8698810944042347	0.9998640102074222	-5.114723532963011
Tspan7	-0.011025550580197496	5.679675598695955	-0.16778441050161003	0.8697654009967952	0.9998640102074222	-5.111630337531781
Fkbp1a	-0.010198324189734542	6.578226216824805	-0.16862441152909535	0.8691200713429401	0.9998640102074222	-5.089196346668149
Dnaja4	-0.03260221996239654	5.448196220820323	-0.17022625609646191	0.8678897322327623	0.9998640102074222	-5.11465106589986
Kansl3	-0.011066422252044461	4.298791615129888	-0.17036987926463057	0.8677794364218088	0.9998640102074222	-5.030727633075067
Grina	-0.00953845334835357	6.997177312565629	-0.17111194577841046	0.8672096111731025	0.9998640102074222	-5.06529200636828
Paf1	-0.015964247407175947	4.3937855522160625	-0.17136644910128956	0.8670141987831546	0.9998640102074222	-5.045566556362227
Med21	-0.017636448246775238	5.066867405475449	-0.17159884862500566	0.8668357661937502	0.9998640102074222	-5.117346039105064
Sh2b1	-0.010033176730499527	5.087862979280522	-0.1720298409632465	0.8665048777401655	0.9998640102074222	-5.117717719205135
Gphn	-0.010357037974415562	4.5710963414348145	-0.17260961412562503	0.8660598069269841	0.9998640102074222	-5.073383581773079
Mark3	-0.009955734637723701	4.69415689702122	-0.17293299733275713	0.8658115783992736	0.9998640102074222	-5.0913539176633105
Ly6e	-0.021742104395059414	4.350237840383766	-0.17300236204890573	0.8657583360981731	0.9998640102074222	-5.0385096680625185
Akirin1	-0.014543837901305423	4.707273422588864	-0.17328443467351937	0.865541832665536	0.9998640102074222	-5.092951460855035
Eif5a	-0.010621227878106154	8.612496390428822	-0.17451911793949773	0.864594293305783	0.9998640102074222	-5.014526223739434
Map2k7	-0.01574383144828939	5.422621061137528	-0.1747378245054307	0.8644264732867674	0.9998640102074222	-5.114744526444992
Amot	-0.019545531058976273	4.592509837735644	-0.17559736619719626	0.863766989128263	0.9998640102074222	-5.076289023943352
Srrm2	-0.025001986295888123	6.069935170659498	-0.17739710227864255	0.8623864909490389	0.9998640102074222	-5.106962417607929
Cmya5	-0.02599317280856006	8.828657065803005	-0.17742809904802914	0.8623627188762769	0.9998640102074222	-5.009722873872598
Fdps	-0.015666857783670274	4.36172190099442	-0.1774746938211339	0.8623269846345607	0.9998640102074222	-5.03980898372245
Eloc	-0.014308969669529326	6.149002140568579	-0.17763343488982178	0.8622052461007305	0.9998640102074222	-5.1045363399043175
Akap8l	-0.01748212917068681	5.1153418487110525	-0.17845149954456022	0.8615779314994232	0.9998640102074222	-5.117256006973131
Bicd2	-0.01081953438707206	4.276824170607131	-0.17878336615393767	0.8613234753561977	0.9998640102074222	-5.026353459307295
Tmem258	-0.018213330149764673	5.850050304397143	-0.1792354326051986	0.8609768833217597	0.9998640102074222	-5.109922399809142
Pak1ip1	-0.011313894391420831	4.932618592446234	-0.17951800168854026	0.8607602576724168	0.9998640102074222	-5.112071957516409
Tmem38b	-0.014266739128366623	5.3964561287652435	-0.18016351945463618	0.8602654298731097	0.9998640102074222	-5.11473219223371
ND2	-0.03261369519082713	14.567930062946157	-0.18060654918700264	0.859925857382187	0.9998640102074222	-4.887862872783738
Ndufs6	-0.014909225976110108	8.119361621406382	-0.18066029120406762	0.8598846673214661	0.9998640102074222	-5.02700320386871
E2f4	-0.012938979178899856	4.309967015110688	-0.1814916443530167	0.8592475400006202	0.9998640102074222	-5.03121965832134
Ogt	-0.019008139541961455	6.034970920286745	-0.18205932415176962	0.8588125450319842	0.9998640102074222	-5.107259568826371
Prdx6	-0.016388231155816335	5.443295589653512	-0.18271263382493308	0.8583119950849815	0.9998640102074222	-5.113209906929558
Gm10108	-0.01777587214075904	7.185791532848982	-0.18318451165416516	0.8579504941636145	0.9998640102074222	-5.054272682466377
Ggnbp2	-0.013174282044272623	4.988334501034091	-0.1835503854930613	0.857670225212502	0.9998640102074222	-5.113870578945357
Fau	-0.018107579670523677	8.140863530882534	-0.18425830435701687	0.857127998909283	0.9998640102074222	-5.025973979868623
Psmb7	-0.009904463920150874	8.426797490490893	-0.1847873744685795	0.8567228109220687	0.9998640102074222	-5.017922521781005
Rbm20	-0.027513569266412574	4.211121891161608	-0.18530371354402592	0.856327414489472	0.9998640102074222	-5.015327500117744
Mrpl37	-0.010009062310169625	6.096674096291596	-0.18534000627335923	0.8562996241890131	0.9998640102074222	-5.105202052820745
Rpl31	-0.018392527202824915	7.736010259378778	-0.1855491373691668	0.8561394909494109	0.9998640102074222	-5.036701707793909
Fbxo6	-0.008206871235269197	5.0470771431063275	-0.1856487505331806	0.8560632187802867	0.9998640102074222	-5.115161263498162
Tmem50a	-0.01380770672333842	5.200894492335491	-0.18567446258605813	0.8560435317310944	0.9998640102074222	-5.116742110185335
Rchy1	-0.009447932424510697	4.648688039908472	-0.18581892079462278	0.8559329257423853	0.9998640102074222	-5.083306255282107
Rps3a1	-0.012844657472689036	8.962788906081155	-0.1858371932771341	0.8559189354484403	0.9998640102074222	-5.006368535918012
Snrnp27	-0.01165358335151101	6.243986454261243	-0.18593606371210025	0.8558432363700386	0.9998640102074222	-5.100157067166209
Abtb1	-0.012047931441541593	4.495369356696121	-0.18602348154208215	0.8557763071141309	0.9998640102074222	-5.059904990588146
TrnS1	-0.023957143925068536	13.005165773416259	-0.18701489893791756	0.8550173362852493	0.9998640102074222	-4.919126811595467
Angel2	-0.009978091957584034	4.389445522064442	-0.18850216177431744	0.8538790622918785	0.9998640102074222	-5.042866555169866
Kctd20	-0.025626208509662796	4.181262510607749	-0.1887104880751086	0.853719647743889	0.9998640102074222	-5.01028408077175
Ubxn6	-0.013163330297534692	5.256806934693482	-0.18883206011930256	0.8536266220572875	0.9998640102074222	-5.116078077074046
Ublcp1	-0.011583335356723623	4.315143653070127	-0.18892409403020602	0.853556200191571	0.9998640102074222	-5.0311463387452795
Aebp1	-0.031715348468783766	5.318196939401625	-0.1892423168788514	0.8533127149086895	0.9998640102074222	-5.115174451372325
Nt5c1a	-0.025054600434859964	4.398967827349864	-0.18956511632865625	0.8530657441567303	0.9998640102074222	-5.044243422722128
Ttll7	-0.03321481894709777	6.0896227851293885	-0.19006058390429478	0.8526866986328142	0.9998640102074222	-5.104783330457152
Babam1	-0.0102451918864368	5.673698875772961	-0.19044437745998877	0.8523931132720247	0.9998640102074222	-5.108783344939826
Vps28	-0.01820395300635802	5.850213871312991	-0.1920153800324887	0.8511916081899185	0.9998640102074222	-5.1082458544276275
Klhl41	-0.016257046043920198	8.702703980914482	-0.19229542885511744	0.8509774676917907	0.9998640102074222	-5.010517996421591
5730455P16Rik	-0.015056082678943206	5.106346383341832	-0.19319888219998665	0.8502867238111489	0.9998640102074222	-5.115221144759867
Flot2	-0.013323792705218551	5.211777926341894	-0.19319953841393223	0.850286222144035	0.9998640102074222	-5.1157352893204004
Ccser2	-0.016606114615396628	5.166952751664403	-0.19351501609006128	0.8500450515266345	0.9998640102074222	-5.115628014674064
Pcbp2	-0.016080015406554793	6.570190541108618	-0.19359458782747702	0.8499842245014149	0.9998640102074222	-5.086417293441933
Oaz2	-0.010859891913773012	7.288786069408523	-0.19378489292231252	0.8498387537018579	0.9998640102074222	-5.048603177078041
Cdk11b	-0.015183893264462789	4.84280424881155	-0.19665818566436286	0.8476430961016699	0.9998640102074222	-5.1043023212780385
Selenos	-0.013828943634135449	4.897309219157211	-0.19704109713363016	0.8473505914954051	0.9998640102074222	-5.10785860676699
Srp9	-0.010593540444763683	5.922708960631111	-0.1972833761373406	0.8471655278696633	0.9998640102074222	-5.107063974491229
Eif5b	-0.022135681452741807	4.907687803193785	-0.19756623617669977	0.846949478775868	0.9998640102074222	-5.108377605826134
Actr10	-0.013826066531700043	4.425296152167356	-0.19800390689278863	0.8466152108095356	0.9998640102074222	-5.047341683397693
Snrpn	-0.029227627274538648	4.124803955030913	-0.19822632143215196	0.8464453553033485	0.9998640102074222	-5.000356430855125
Ppt2	-0.012603345359115004	4.578766961681899	-0.19853368457640588	0.8462106388815994	0.9998640102074222	-5.071288740117028
Kif1c	-0.018959216887369124	8.13413347507781	-0.19941854533801906	0.8455350060472292	0.9998640102074222	-5.0243139012734375
Gm10123	-0.02935397494289127	4.957401895786451	-0.20074068189039138	0.8445257339780943	0.9998640102074222	-5.110478767985137
Luc7l3	-0.01230654048274804	4.996529780149048	-0.20120082918979476	0.844174542015769	0.9998640102074222	-5.111723837001225
Ubqln4	-0.013519682360112029	5.783014959096639	-0.20121455499991445	0.8441640667943976	0.9998640102074222	-5.107134695391926
Mzt1	-0.012662046810144822	5.57445777602987	-0.2013142598483224	0.8440879752992974	0.9998640102074222	-5.1080889446130895
Pip4k2b	-0.015056984834584064	4.766536547606885	-0.20232651080883204	0.8433155523448574	0.9998640102074222	-5.0961552759247715
Dmac1	-0.014792909149277556	5.435288684529047	-0.20255163679990193	0.8431437877490943	0.9998640102074222	-5.110701843693866
Heatr3	-0.01119213079465542	4.927902416549419	-0.20342830062871928	0.8424749998258861	0.9998640102074222	-5.108587744674512
Pdp1	-0.03620426342035632	5.186465338547021	-0.2040550302832236	0.8419969606454789	0.9998640102074222	-5.1141808864864
Ubr5	-0.017292193357231866	4.5615620278797495	-0.20439173747826592	0.841740164020308	0.9998640102074222	-5.067892038866053
Pes1	-0.01225493471959549	4.3915739751090195	-0.2044409624432083	0.8417026232015901	0.9998640102074222	-5.0411610520162835
Aplp2	-0.017602689561298845	5.9615858814293565	-0.20471034689673448	0.8414971877037293	0.9998640102074222	-5.105508317064728
Decr1	-0.03131632066232637	6.255433258759603	-0.2051933187400014	0.8411288989594997	0.9998640102074222	-5.097100808044902
Sucla2	-0.020953975785612755	8.493943934624216	-0.20559212312692657	0.8408248217262455	0.9998640102074222	-5.0136509068846555
Dld	-0.023204070373475716	7.488772561101406	-0.2059496269073893	0.8405522580628635	0.9998640102074222	-5.040380369109206
Cdpf1	-0.01535927235030421	4.916706158467458	-0.20651282359258163	0.8401229167427682	0.9998640102074222	-5.107564127018503
Hccs	-0.029792641716067436	4.260514087898058	-0.20654887917727355	0.8400954323600822	0.9998640102074222	-5.020392364554585
Ube2f	-0.011815970701205103	5.066087829722389	-0.20676130645188018	0.8399335082132297	0.9998640102074222	-5.112599037288954
Chd4	-0.01331093874691991	4.7456399608080355	-0.2072873162819892	0.8395325868617576	0.9998640102074222	-5.093151020709052
Sox6	-0.019223001109942572	4.4790116212304	-0.20804820129859963	0.8389527291431936	0.9998640102074222	-5.054449967711077
Sympk	-0.015771609042139367	5.354431268764427	-0.2087646075063427	0.8384068590556522	0.9998640102074222	-5.111747861116455
Csde1	-0.016931229472035625	8.457628736282036	-0.20914382154935243	0.8381179504528944	0.9998640102074222	-5.014105016767185
Gna11	-0.013081988182285897	4.486105988568524	-0.21180235240171819	0.8360932188692974	0.9998640102074222	-5.055036225477639
Egln2	-0.01496975305198145	6.067651988175483	-0.21200650977037408	0.8359377840085418	0.9998640102074222	-5.1022832327561245
Rpl19	-0.012377983647683166	8.480916497966131	-0.21288570367391316	0.8352684947722339	0.9998640102074222	-5.013020328731824
Gm15500	-0.016620893511229085	4.663601598928551	-0.2129687592080273	0.8352052754957415	0.9998640102074222	-5.0817373522590925
Plpbp	-0.024585004120485365	4.395857313512854	-0.212971636534474	0.8352030853865386	0.9998640102074222	-5.040676057456136
Ppp1r37	-0.011778816997331631	4.924763009422926	-0.21303546445535482	0.8351545024253889	0.9998640102074222	-5.107011468055166
Mindy1	-0.03139503036352931	4.476944232921494	-0.21306129089438722	0.8351348446978479	0.9998640102074222	-5.053426763101413
Wbp1	-0.018330186112915925	4.799305919849197	-0.21386291579191716	0.8345247484214621	0.9998640102074222	-5.0979094900937705
Ramp1	-0.033009105207987055	4.270051863166051	-0.2140056657030435	0.834416116998901	0.9998640102074222	-5.020891473664829
Erbin	-0.03290584608061309	4.468689943220979	-0.21409881554591065	0.8343452327325898	0.9998640102074222	-5.051984550356258
Gnl3	-0.021070309340947446	4.656067559962078	-0.2143490081893637	0.8341548511524033	0.9998640102074222	-5.080451349739037
Rps27a	-0.018818256837400682	8.29728018102847	-0.2146070490017878	0.8339585091957639	0.9998640102074222	-5.017696580137415
Mrps17	-0.01821482588661727	5.035020904822075	-0.21573827947635674	0.8330979010664741	0.9998640102074222	-5.110601114273753
Des	-0.014733673474395914	10.645683808726076	-0.2160048256498033	0.8328951534205522	0.9998640102074222	-4.971485685374462
Morf4l1	-0.0129805592079979	7.549064420187028	-0.2160638454785351	0.8328502618557525	0.9998640102074222	-5.037370476525004
Strap	-0.01117097307128656	6.319811002424013	-0.21736374539480935	0.8318616919511901	0.9998640102074222	-5.092898803596139
Tmed1	-0.02223275950948178	4.686229943394906	-0.2179503774295002	0.8314156592435219	0.9998640102074222	-5.084258482941727
Phlda3	-0.014976810557614684	8.365088483177193	-0.21896106778289554	0.8306473484127026	0.9998640102074222	-5.015234017396884
Nkiras1	-0.01876305576940762	4.718412431279238	-0.21900892901018532	0.8306109696333421	0.9998640102074222	-5.088114812994383
Swi5	-0.015482245589351074	7.228277642342311	-0.21967524744254338	0.8301045515261963	0.9998640102074222	-5.0475443563695315
Dnajc2	-0.019290122352651373	4.621723516273271	-0.2210515414786125	0.8290587897226727	0.9998640102074222	-5.0745036401920185
Klc1	-0.0199342991849063	4.498688574264789	-0.221194162576402	0.8289504403631716	0.9998640102074222	-5.055655872970595
Gm15417	-0.024254012603747377	4.532421202020559	-0.22177371348770838	0.8285101932656896	0.9998640102074222	-5.060855444481543
Arpc3	-0.015343031033645538	5.7053422561517175	-0.22286351642042596	0.8276825073222169	0.9998640102074222	-5.103978556287001
Uri1	-0.016474133078201447	4.6432508920733255	-0.22293750359335096	0.8276263232752008	0.9998640102074222	-5.077328754128681
Syngr2	-0.01764804574526213	7.612610125823597	-0.2233494016680981	0.8273135563560707	0.9998640102074222	-5.034745452673387
Mrpl52	-0.014832279510268442	6.356349194787233	-0.22445503420247764	0.8264741699741261	0.9998640102074222	-5.090419738975691
Prkar2a	-0.01617720617120444	6.314755384319663	-0.22620004385394193	0.8251498343801663	0.9998640102074222	-5.0917260581146815
Ufsp2	-0.01338764713852747	5.015368121043176	-0.2269021718126631	0.8246171299951093	0.9998640102074222	-5.108382229516824
Slc25a46	-0.018893981452769104	4.708747399714599	-0.2269363963269596	0.8245911662118732	0.9998640102074222	-5.085702179347757
Tsc22d1	-0.018037375229143393	5.62659991892813	-0.22697683362641888	0.8245604894981297	0.9998640102074222	-5.1036432880512415
Lamtor5	-0.021410642543822078	5.712215339481156	-0.22704752507401416	0.8245068619894151	0.9998640102074222	-5.103303368220161
Pcyt1a	-0.01583973837810415	5.741336482593343	-0.22746141866319292	0.8241928953429414	0.9998640102074222	-5.103207425871578
Gm572	-0.012577629898832932	4.39001615841929	-0.22823638411959107	0.8236051172151564	0.9998640102074222	-5.037562794278329
Ngrn	-0.0168351344452784	4.376172302854123	-0.22827979453246652	0.8235721956072405	0.9998640102074222	-5.035388267723761
Ube2d2a	-0.01426817539501446	4.910682085943211	-0.228835720942225	0.8231506232031223	0.9998640102074222	-5.1038230145143535
Oxsr1	-0.01777203859389953	5.324938681151267	-0.22965957516668375	0.8225259817025385	0.9998640102074222	-5.109035412709761
Rorc	-0.025729807468764854	5.957232887008234	-0.23283949271998097	0.8201161927822378	0.9998640102074222	-5.101236135976551
Smim4	-0.0299095248014547	4.512304389346056	-0.23361631751140935	0.8195277964432792	0.9998640102074222	-5.055897770331891
Chkb	-0.02930413725144554	4.521273470949496	-0.23422200543387062	0.8190691059390565	0.9998640102074222	-5.057205108220209
Brd2	-0.01632587538690533	5.0430410516401984	-0.23497135394978289	0.8185017182277551	0.9998640102074222	-5.107713349554875
Mettl1	-0.022428296308715012	4.322714888331358	-0.23558216978248947	0.8180393040867796	0.9998640102074222	-5.02597511257079
Nt5dc3	-0.027184119685517594	5.527633950200255	-0.23625676486741062	0.8175286901392421	0.9998640102074222	-5.103377428291483
Dnajc27	-0.024456185206144454	5.110378519528104	-0.23679600744802223	0.8171205905497169	0.9998640102074222	-5.108595265189942
Otud6b	-0.01942696323741533	5.45009090011011	-0.23686874390169957	0.8170655478155314	0.9998640102074222	-5.104994278829389
Timm17b	-0.014221912644970303	4.283988293608585	-0.23944953370298144	0.8151132233856693	0.9998640102074222	-5.01940471753365
Pstk	-0.01870311034195904	5.003742754297735	-0.2394588045491039	0.8151062124947981	0.9998640102074222	-5.105978646494762
Eif4e2	-0.016385709493270895	4.483524501428479	-0.2404106226957048	0.8143865090913491	0.9998640102074222	-5.050339174160457
Cpeb4	-0.041264107289672225	4.587321233333487	-0.24236325681703955	0.8129106128664573	0.9998640102074222	-5.066040270061552
Pptc7	-0.031179580085511915	6.015213953171882	-0.24244471565063022	0.8128490587132958	0.9998640102074222	-5.098613409377912
Ppm1a	-0.01619546607353417	6.510348639345108	-0.24302372603561512	0.8124115690431996	0.9998640102074222	-5.081474610588599
Eif4a1	-0.017675755533310245	6.486136112868632	-0.24337431548390417	0.8121467024892254	0.9998640102074222	-5.082370294388965
Myo18a	-0.03903244729052968	5.379511191288428	-0.24347362492879102	0.8120716797242499	0.9998640102074222	-5.105644122567399
Rpl15	-0.016293265486303277	7.248389770519994	-0.24396796499423118	0.8116982625591568	0.9998640102074222	-5.042981839667336
Park7	-0.02249496484700053	9.485011941481789	-0.24409351063357157	0.8116034350125224	0.9998640102074222	-4.990439122418862
Luc7l2	-0.01929347135754167	6.3548713647398785	-0.24499895275356254	0.8109196268657466	0.9998640102074222	-5.087126835786748
Etfdh	-0.04634671063850959	6.985066517473448	-0.24531135535484608	0.8106837322457267	0.9998640102074222	-5.055623114110443
Pdzrn3	-0.02206377646432589	5.584410996051234	-0.24634158014846053	0.8099059504274673	0.9998640102074222	-5.100853013995865
Ccdc50	-0.03086490747119086	5.036000766205252	-0.24750304144048094	0.8090293464838642	0.9998640102074222	-5.105406192836808
Dennd4b	-0.018604563653792816	5.103386661581026	-0.24755831313202276	0.8089876373995659	0.9998640102074222	-5.106678190779744
Igbp1	-0.013912576895676487	5.1253166548528	-0.24868048409723012	0.8081409595034263	0.9998640102074222	-5.1066853353186765
Pdap1	-0.01712915719056962	5.338712568333321	-0.24941235119281488	0.8075889037338897	0.9998640102074222	-5.105428080880004
Dync1li2	-0.019781090964574588	4.937103303294269	-0.24958767960622086	0.8074566676988193	0.9998640102074222	-5.101672024253967
Spcs2	-0.0151973266166463	5.036162846360655	-0.2506640227231688	0.8066450067666506	0.9998640102074222	-5.104852141769282
Slc39a7	-0.014873484159121375	4.936245717408856	-0.25093080216056696	0.8064438673872875	0.9998640102074222	-5.1013908651622675
Adprh	-0.01504931399776499	4.530876484360424	-0.25179982376717913	0.8057887664790178	0.9998640102074222	-5.0558515106077895
Fh1	-0.020437544478786762	7.646811427504778	-0.2521142588861136	0.8055517718000568	0.9998640102074222	-5.029486618455292
Trpm7	-0.0348267004531051	4.089381785354263	-0.25254631523805965	0.8052261573664674	0.9998640102074222	-4.987402998800837
Nt5c3	-0.02336152379284684	5.763436517842125	-0.2528945162855576	0.804963767559157	0.9998640102074222	-5.098886529608267
Szrd1	-0.016187113329989344	5.648529726110708	-0.2530229450576968	0.8048669953042287	0.9998640102074222	-5.099087741638165
Hdhd5	-0.024637694382764863	4.193297165384866	-0.25509514074488987	0.8033060490781234	0.9998640102074222	-5.00298284971495
Tm9sf2	-0.016970102501506545	5.6111789558546326	-0.2577413349725716	0.8013140209102179	0.9998640102074222	-5.098548808115989
Elp3	-0.016070570791178795	4.997586941054047	-0.25881168931587095	0.8005086862092465	0.9998640102074222	-5.102369746615689
Mpc1	-0.025800085036344456	8.932034157212977	-0.2598409446112739	0.799734502347421	0.9998640102074222	-4.996720687895793
Il6st	-0.02498876604113409	5.324315725870859	-0.260448156872254	0.7992778753792118	0.9998640102074222	-5.1036961629582285
COX2	-0.037097669342411876	14.680866752333209	-0.2604902745016576	0.7992462055888445	0.9998640102074222	-4.877107601272162
Rilpl1	-0.023233044139324477	7.211386541973964	-0.2610317317261333	0.7988390975854299	0.9998640102074222	-5.0417358976499305
Gm42146	-0.10801732263820263	5.290322104666282	-0.26215279300983335	0.7979963981857446	0.9998640102074222	-5.103940932914632
Med24	-0.019611943309352675	4.328348926262344	-0.2627862049856706	0.7975203822652521	0.9998640102074222	-5.022504127650753
Rpl18	-0.031733402797690324	7.741177538226767	-0.2632736120654474	0.7971541490122357	0.9998640102074222	-5.025324849856281
Ndufa4	-0.024121280856380878	10.336527284712346	-0.264328835941333	0.7963614378786884	0.9998640102074222	-4.971110612024083
Becn1	-0.013519033364842059	5.484525604366987	-0.26461576599554204	0.7961459300622096	0.9998640102074222	-5.099219698573855
Bag6	-0.019648138175160312	5.897152224724868	-0.26538382871545096	0.7955691397262594	0.9998640102074222	-5.096201215737514
Got1	-0.0500310159374866	7.681272837164289	-0.26560717463588646	0.7954014380218759	0.9998640102074222	-5.026392591214665
Cyb5r1	-0.012658256160838377	5.938136417590606	-0.26594728076765645	0.7951460863460081	0.9998640102074222	-5.095668946924782
Capza2	-0.019698860924783013	7.975283420606608	-0.26679942981789245	0.794506402772197	0.9998640102074222	-5.018706502741548
Wdr26	-0.03182032034178395	5.2561950352117925	-0.2670875726712507	0.7942901378962388	0.9998640102074222	-5.103410023887465
Ndufa13	-0.03982024079005608	7.910383004412752	-0.267256881359934	0.7941630721019209	0.9998640102074222	-5.020360915782946
Clu	-0.04162975350003428	4.771319079014216	-0.26836140299747774	0.7933342840373585	0.9998640102074222	-5.085845344520827
Plin3	-0.04853197197506365	4.365529038567773	-0.26899113653205364	0.7928618766261817	0.9998640102074222	-5.02718275615292
Sypl	-0.023652153952134825	6.267831189404982	-0.2693004828797878	0.7926298459003582	0.9998640102074222	-5.0860403774135605
Dcun1d5	-0.09475607524522012	4.10916208789179	-0.2700436596041479	0.7920724985754821	0.9998640102074222	-4.987654830341629
Rxylt1	-0.019350041346452684	4.792941594315206	-0.270438846909496	0.7917761761259083	0.9998640102074222	-5.087680959543473
Ciao1	-0.015280795910113554	4.349888394901521	-0.2706850306055882	0.7915915980640099	0.9998640102074222	-5.024471608743684
Rab7	-0.03129696362520029	7.80499646774756	-0.2711930120627941	0.7912107772827559	0.9998640102074222	-5.022381471891083
Caprin1	-0.02436300632756705	4.435762189407099	-0.27128685551044274	0.791140431449286	0.9998640102074222	-5.037690012445623
Mylf-ps	-0.0729104384568302	5.3792665102391775	-0.27219512587206296	0.7904596846839209	0.9998640102074222	-5.100408663756688
Pigp	-0.023562781144818246	7.562767875115117	-0.2726381336168089	0.7901277173621328	0.9998640102074222	-5.028059859965673
Tlk1	-0.018022696987215703	4.762988151697761	-0.2726529706084999	0.7901166000311037	0.9998640102074222	-5.084141928756625
Ap1b1	-0.02012530791682199	4.227191109521899	-0.27447315722652804	0.7887531076284384	0.9998640102074222	-5.004963253507279
Tgm2	-0.03471953434846231	5.094400216044032	-0.275183630263905	0.7882210957469997	0.9998640102074222	-5.101452023693606
Flii	-0.016334261883678813	4.973456829007407	-0.2753065851704972	0.7881290368602705	0.9998640102074222	-5.0984919913578475
Dffa	-0.022312365760702058	5.313737575179763	-0.27569923045006606	0.787835077795822	0.9998640102074222	-5.100990387892414
Aifm1	-0.028035816026915406	4.6321053486052755	-0.2764990075546684	0.7872364207090545	0.9998640102074222	-5.0666099220492935
Ryr1	-0.044864866567357	8.492908574111679	-0.27672856637182264	0.787064615517423	0.9998640102074222	-5.002943187307877
Uqcc2	-0.03240437104794047	8.192543564470325	-0.2770624684135057	0.7868147394145977	0.9998640102074222	-5.0109412166825535
mt-Rnr2	-0.048990067442312935	10.14175079169168	-0.27730674286908896	0.7866319520993502	0.9998640102074222	-4.972718569417504
Lamtor1	-0.01872543735590515	6.50938572295291	-0.2784508959030444	0.785775976226733	0.9998640102074222	-5.07515311804609
Hsp90aa1	-0.02586495944441758	4.423832604407892	-0.2789649789817486	0.7853914709801026	0.9998640102074222	-5.0344653658309895
Ly6a	-0.03836014736844273	5.613454856701306	-0.27934981053959723	0.78510367765872	0.9998640102074222	-5.094441135484405
Atp5e	-0.032751238271510275	9.682644474596406	-0.28100902357647556	0.7838632318761927	0.9998640102074222	-4.981037823741637
Ecd	-0.01838388530798074	4.206361082589474	-0.2810434931280086	0.7838374686867016	0.9998640102074222	-5.000650492883041
Rnf6	-0.028345161597130186	4.517982835369598	-0.28124306796556403	0.783688308019113	0.9998640102074222	-5.04860700985161
Ostc	-0.03554947125024821	4.263818671618749	-0.28134481671990325	0.7836122652852775	0.9998640102074222	-5.00937156624368
ATP6	-0.04215272725118524	14.919337291565746	-0.28225922871768117	0.7829289780789961	0.9998640102074222	-4.869803647548278
Coa3	-0.02358653582652881	6.419254427015612	-0.2822877893141468	0.7829076394671368	0.9998640102074222	-5.077880889908088
Taz	-0.019277080408707015	5.3170689240069775	-0.28259793830080093	0.7826759283976242	0.9998640102074222	-5.099569114685558
Aldh4a1	-0.02275083752131213	5.645922124946628	-0.28288435584515015	0.7824619665117354	0.9998640102074222	-5.093467685653386
Cul1	-0.017578574402663527	5.842638972299332	-0.2842527525956579	0.7814399952143944	0.9998640102074222	-5.092802931907092
Abcf2	-0.018032709108378064	6.582289388159935	-0.284262599119854	0.7814326430077475	0.9998640102074222	-5.071025021672561
Fam210a	-0.0394617187914994	4.613858049825623	-0.2849164258991291	0.7809444932293337	0.9998640102074222	-5.062384941726053
Slc25a16	-0.019266423265290378	4.445505404965325	-0.2853291512124765	0.7806364014442504	0.9998640102074222	-5.036633940455654
Lars	-0.022225180082479312	4.476142426234905	-0.28575068856320573	0.7803217721577784	0.9998640102074222	-5.041305639582199
Timm9	-0.018104874897072243	4.672316083905917	-0.2859024847433594	0.7802084837569374	0.9998640102074222	-5.070506454011313
Eif4ebp2	-0.03185111874177338	6.534774625901213	-0.28707193639317585	0.7793358781042814	0.9998640102074222	-5.072443040538386
Hnrnph1	-0.02363998732497219	6.065989676562556	-0.28784735204751083	0.7787574635583449	0.9998640102074222	-5.089030603716924
Krba1	-0.03288580693896215	4.3059239673014105	-0.2878486148335713	0.7787565217079041	0.9998640102074222	-5.014649798948639
Mlec	-0.02847451408308377	5.630758887768154	-0.28853352333866844	0.7782457365263543	0.9998640102074222	-5.092428772660582
Mrpl11	-0.020338299526613923	4.505416476456569	-0.28865889264308814	0.7781522514990697	0.9998640102074222	-5.045263020234116
Nckap1	-0.01852208699986413	4.450720350180503	-0.2890149097862023	0.7778867976038717	0.9998640102074222	-5.036745956815571
Acads	-0.0316853274249107	6.0393995745870965	-0.28969820593092793	0.7773774003788512	0.9998640102074222	-5.089337053374019
Mlf2	-0.016944787305810394	7.264339240279433	-0.2897989224457721	0.7773023254420095	0.9998640102074222	-5.034330718583554
Myo18b	-0.040070622173339565	6.186376745300679	-0.28984490050921163	0.7772680537950014	0.9998640102074222	-5.084960135652294
Art3	-0.04069418190339391	7.820721486853721	-0.2905125026506839	0.7767704846918417	0.9998640102074222	-5.018507768203629
Rpl32	-0.03840330294464067	8.5322616864384	-0.2913783263170176	0.7761253350300534	0.9998640102074222	-4.9994029038905055
Mmachc	-0.019368212443437116	4.706671143592137	-0.29368790540428436	0.7744052647487725	0.9998640102074222	-5.073463783619643
Galnt1	-0.0147862878843954	5.2547219617789285	-0.29451805300481776	0.773787315992125	0.9998640102074222	-5.0979694895563465
Ttc1	-0.014315160554821738	5.486614756345996	-0.29472836934171537	0.7736307857564131	0.9998640102074222	-5.093232599609537
Chchd1	-0.026867644790703693	7.191876708658908	-0.2967009061514702	0.772163215256627	0.9998640102074222	-5.036044836147089
Klhl22	-0.02038727089608905	4.220303386497926	-0.29795210853023024	0.7712327996313681	0.9998640102074222	-4.999714292138263
2810004N23Rik	-0.02344032362431303	4.674764230971317	-0.2979864936318209	0.7712072355656914	0.9998640102074222	-5.068438681193505
Cab39	-0.0267124402511163	7.00782262416451	-0.2984537611448509	0.770859867344354	0.9998640102074222	-5.044757514058242
Supt4a	-0.025282074200743132	5.150074410764076	-0.2986011529808571	0.7707503066266509	0.9998640102074222	-5.097214906868518
Rock2	-0.02926005146502142	4.5742915869016265	-0.2986043083487936	0.7707479612051894	0.9998640102074222	-5.053832227463357
Psma5	-0.025971693428329168	6.226578791693505	-0.2995166014456938	0.7700699435061369	0.9998640102074222	-5.081565101926084
Acsl6	-0.028759299953912354	5.046897336607549	-0.2996413366958057	0.7699772556192255	0.9998640102074222	-5.095554337412328
Map3k20	-0.029059048717929414	6.558835819548888	-0.30057544788241847	0.769283258290955	0.9998640102074222	-5.068726752685202
Asb12	-0.03340053773566609	5.38354200244471	-0.30119919885730395	0.7688199601385688	0.9998640102074222	-5.0944285830268985
Lrrc14b	-0.020432388264962853	6.419504382955041	-0.30158439720074537	0.7685338966585741	0.9998640102074222	-5.073984416738885
Tecr	-0.032904047174014295	8.430343378599833	-0.3017915473063822	0.7683800736729262	0.9998640102074222	-4.999982875508355
Ewsr1	-0.027055565413539817	6.100218815862724	-0.3025635903179276	0.767806871061778	0.9998640102074222	-5.085050797875531
ND3	-0.04128248773641907	12.738408463891872	-0.3028091954307543	0.7676245521039261	0.9998640102074222	-4.909855185723402
Cfl2	-0.017988998837028092	8.080834026446555	-0.30304540800902074	0.7674492192917596	0.9998640102074222	-5.009272021837402
Dhrs4	-0.07197929890298038	4.357289214422156	-0.30364624873087853	0.7670032961917563	0.9998640102074222	-5.019519555414662
Ndufs1	-0.034082650282711846	7.920434310832044	-0.30399527345284433	0.7667443025406622	0.9998640102074222	-5.013397168432614
Atp2b1	-0.027053896723954196	4.346893084247069	-0.3043471973410747	0.766483187637929	0.9998640102074222	-5.017793873759026
Btf3	-0.020969549052058944	7.664119832759811	-0.30628546945515744	0.7650456018047677	0.9998640102074222	-5.019317688228555
Ddx47	-0.021449784538630112	4.251523284847262	-0.3070059293000307	0.7645114829112986	0.9998640102074222	-5.002738555110419
Fam160b2	-0.03068855378862434	4.262027391440957	-0.3073048584187614	0.7642899067839595	0.9998640102074222	-5.004282147483203
Ppm1g	-0.020993540166199587	4.904945811276753	-0.3091425732926906	0.7629282158754985	0.9998640102074222	-5.08832038479708
Ppp1r12b	-0.03160513482732075	5.93219714197753	-0.30973623194623473	0.762488511225667	0.9998640102074222	-5.086896825593944
Cacybp	-0.01780021971239787	5.288303386841796	-0.31122386900432025	0.7613870484188558	0.9998640102074222	-5.094016631333248
Hspb8	-0.034064408492278986	8.544133833965176	-0.31127999005450174	0.7613455065458503	0.9998640102074222	-4.995391080287506
COX3	-0.036379740311284436	14.848410694152337	-0.3117414498835286	0.7610039549115521	0.9998640102074222	-4.866915108638142
Nedd8	-0.021241748542774275	6.795261757148504	-0.3126670310526251	0.7603190418032406	0.9998640102074222	-5.053992007142296
Rnf14	-0.016348770108288058	5.520365986490967	-0.3128818859658935	0.760160083704103	0.9998640102074222	-5.0886799459573275
Cript	-0.015064037449737278	5.614031532882444	-0.31290748339115443	0.7601411464935519	0.9998640102074222	-5.087454673867734
Nrap	-0.04460871392251953	9.01983847629521	-0.31449027164072296	0.7589705040085426	0.9998640102074222	-4.9856194123923885
Trip12	-0.023828666594924997	4.838146908181503	-0.31472926147192437	0.7587937998921587	0.9998640102074222	-5.082811920555816
Ube2d1	-0.031268708112246024	7.815909892999418	-0.31473106718935817	0.7587924648368396	0.9998640102074222	-5.013938093450647
Sec24c	-0.02629428519385435	4.515462042775078	-0.3149747130854409	0.7586123330137298	0.9998640102074222	-5.04153165480579
Prps1	-0.025342483764276835	5.045769527752873	-0.31524871001194077	0.758409779963883	0.9998640102074222	-5.092144653989881
Nde1	-0.018959317291628253	4.336269297667996	-0.31538735639047105	0.7583072924130706	0.9998640102074222	-5.013985495430529
Rps27	-0.038314627928036415	9.039860837912293	-0.3160888696507154	0.7577888073172591	0.9998640102074222	-4.984994566284697
Eif2b4	-0.0180430264694893	5.128293035995223	-0.3167505481221109	0.7572998777196667	0.9998640102074222	-5.093086037398549
Fhl1	-0.1305432422240731	9.263970661276067	-0.3174889910930636	0.7567543557410529	0.9998640102074222	-4.981329603184123
Opa1	-0.023611583751061538	4.976816129068965	-0.3188924197711848	0.7557179590100731	0.9998640102074222	-5.089468924933173
Pbxip1	-0.027270748545710433	7.267674280534009	-0.31972226735821657	0.7551053729743125	0.9998640102074222	-5.028239711168262
Fxyd1	-0.021458351820196953	8.899539055405922	-0.3198275519873951	0.7550276653445219	0.9998640102074222	-4.986582849734586
Tab2	-0.02050662003289183	5.863298402478923	-0.32005388313855704	0.7548606262423196	0.9998640102074222	-5.085126889156517
Snrpd3	-0.03311570114548967	6.620825464147162	-0.32018931906664644	0.7547606767592944	0.9998640102074222	-5.061765537675885
Hspe1	-0.03180303996387934	6.336129415898142	-0.3202736534648323	0.7546984417279283	0.9998640102074222	-5.073095393758772
Mrps35	-0.03492209120917167	4.3558748630357735	-0.32028859231862744	0.7546874177081472	0.9998640102074222	-5.015967762974176
Gbe1	-0.07010282622274211	5.05747122674533	-0.3221260038424275	0.75333194818005	0.9998640102074222	-5.09082830220335
Eef1akmt1	-0.038076243962258616	5.031916602081386	-0.32260908448093656	0.7529757202950353	0.9998640102074222	-5.090179231722679
Chrnb1	-0.03680396757426241	4.866424818586936	-0.32297159241427187	0.7527084431406392	0.9998640102074222	-5.082968221992332
Susd6	-0.02048127955213097	4.829827374443672	-0.3235850160644847	0.7522562427688035	0.9998640102074222	-5.0802369836033066
Psmc3	-0.018367733041700696	7.506700930914851	-0.3239029942981034	0.7520218753986767	0.9998640102074222	-5.019608458454337
R3hdm1	-0.02981513539552072	4.870539231915828	-0.32606192324930816	0.7504313168469015	0.9998640102074222	-5.082557249103404
Fech	-0.018651756986417745	6.784605516518575	-0.3260711742350132	0.7504245039168108	0.9998640102074222	-5.051720387042642
Rexo2	-0.018611034211856392	6.145613547197569	-0.32653885136964916	0.750080109909109	0.9998640102074222	-5.078397012916013
Ssbp1	-0.019846784372052895	4.377675550882081	-0.32670575616801834	0.749957216183909	0.9998640102074222	-5.017955109215897
Grb2	-0.018835485871568025	4.9728842425127375	-0.32671725421013237	0.7499487503231723	0.9998640102074222	-5.087568696129486
Mthfd1	-0.020634034153057534	4.266815857773752	-0.32836505253719156	0.7487358531204484	0.9998640102074222	-5.000800129963139
Trdn	-0.04603762167533887	8.972479868872282	-0.3288996783945698	0.7483424823398475	0.9998640102074222	-4.9835436053955195
Capns1	-0.020485187567207852	6.9550985533158185	-0.33008542682168757	0.7474702905698671	0.9998640102074222	-5.041050891442972
Mccc1	-0.02504829581873036	4.398729226791582	-0.3324554366578875	0.7457281059623302	0.9998640102074222	-5.019951529983776
Ccng1	-0.02782984939843125	8.660991839878546	-0.3326310142116735	0.7455990984182306	0.9998640102074222	-4.988550698427535
Ndrg2	-0.023560319302696087	10.523109711227438	-0.33265889245519237	0.7455786153192328	0.9998640102074222	-4.955370794731181
Hnrnpul2	-0.02351385137263584	4.737658798975038	-0.33278401205277913	0.7454866881964584	0.9998640102074222	-5.068775336464375
Filip1	-0.08060916650036365	5.223698475835305	-0.33386744687116005	0.7446908463303261	0.9998640102074222	-5.089465051416719
Tapt1	-0.02496227543159346	5.080381742002317	-0.33527363280875416	0.7436583894750981	0.9998640102074222	-5.088230022778191
Acaa1a	-0.01904814101617891	4.890019588116087	-0.3367169323650089	0.7425992289504528	0.9998640102074222	-5.081237635730791
Oser1	-0.03229246957968712	4.774031239431027	-0.3377378948548471	0.7418503342265964	0.9998640102074222	-5.071539235036651
Rex1bd	-0.026727399915876582	6.8840562222529025	-0.33783310936214855	0.7417805068266843	0.9998640102074222	-5.043358730968786
Atp2a1	-0.036580618187603164	13.396608337861373	-0.33811280842107183	0.7415753981303181	0.9998640102074222	-4.890361801848772
Taf13	-0.021749861960734584	4.850527918937624	-0.3383250066312352	0.7414198030627014	0.9998640102074222	-5.078304566962653
Uqcr11	-0.032822606405492394	9.152534408846456	-0.3385134625549807	0.741281627211545	0.9998640102074222	-4.978783787022878
Drg1	-0.017620878104176008	5.335452257287635	-0.33911421963609906	0.7408412157174749	0.9998640102074222	-5.086835704232864
Stim1	-0.021912387975753234	6.292323535079861	-0.33936468055210023	0.7406576328648984	0.9998640102074222	-5.0703549582412215
Eprs	-0.03625176320054724	6.179785834397332	-0.3394759696440289	0.7405760655822861	0.9998640102074222	-5.074319364201902
Twf2	-0.05721368116187353	6.965193976810837	-0.33955820657181285	0.7405157936820599	0.9998640102074222	-5.038374360788212
Ltbp3	-0.035251691037214705	4.3236724732461145	-0.33956484916602464	0.7405109253671829	0.9998640102074222	-5.007020206453524
Pdlim5	-0.03841002643188496	8.716989169943592	-0.3396204196745269	0.7404701985604671	0.9998640102074222	-4.985949020784643
St3gal6	-0.021177121827453682	7.044071421081326	-0.3398510552596136	0.7403011780021141	0.9998640102074222	-5.034083712767072
Flcn	-0.05848659869730266	4.943112455843054	-0.34019947488450447	0.7400458668867871	0.9998640102074222	-5.083170721687355
D5Ertd579e	-0.029126805449273263	4.956786724573579	-0.34057311906983934	0.7397721082676731	0.9998640102074222	-5.083759199166759
Mrpl33	-0.030750071708988358	7.342688639241994	-0.3412987797802089	0.7392405443915024	0.9998640102074222	-5.020843714569765
Nrbp1	-0.015409224708588631	5.560059707282351	-0.3415748481774754	0.7390383549373805	0.9998640102074222	-5.081475673018066
Psme2	-0.030130379508668703	4.840082623426623	-0.3426955311213863	0.7382177904131862	0.9998640102074222	-5.076536119222484
Psma6	-0.02423021708347317	7.53938725606196	-0.34270536700134063	0.7382105900806829	0.9998640102074222	-5.014732206907242
Rrn3	-0.01753814371127227	4.39777904779195	-0.342818081285757	0.7381280797260572	0.9998640102074222	-5.017542479468762
Dynll2	-0.027077648384003616	7.284656676309911	-0.3430870621606523	0.7379311912726689	0.9998640102074222	-5.022539541194125
Golga7	-0.015568756405702544	4.552970425246886	-0.34380311236389155	0.7374071528403995	0.9998640102074222	-5.040961217296535
Vta1	-0.025416333815789116	4.227112432146562	-0.3440187072034213	0.737249397869768	0.9998640102074222	-4.991526550645514
Tuba8	-0.027433739171429217	7.61915221702504	-0.3440281187315455	0.737242511557517	0.9998640102074222	-5.012505483009226
Gstp-ps	-0.024461046968248468	4.822783011031925	-0.34408360493848705	0.7372019133952055	0.9998640102074222	-5.074920610098404
C1d	-0.03428694193105564	4.3614698707059185	-0.3442468579842616	0.7370824692123973	0.9998640102074222	-5.0117092601886
Nucb1	-0.018521636975227018	4.591500980889708	-0.34458053620134943	0.7368383558792063	0.9998640102074222	-5.046431120064138
Atp5j2	-0.03380408705422511	9.638760365488773	-0.34494628734302374	0.7365708133089688	0.9998640102074222	-4.969801021821817
Mdh1	-0.0562270733968564	8.765352995533178	-0.3453803204360863	0.7362533705382313	0.9998640102074222	-4.983795584705965
Bola2	-0.04489095617398231	4.7674766286961825	-0.34542509806086	0.7362206240343634	0.9998640102074222	-5.069045592603698
Slc6a6	-0.030098875234089384	4.845443092006385	-0.34574751090368716	0.735984855137047	0.9998640102074222	-5.07617867257077
Lrrc59	-0.027687443701015724	4.334070508409432	-0.34601314420341783	0.7357906283655649	0.9998640102074222	-5.007185388515
Srpr	-0.033390434291935556	7.189438653376146	-0.3472069063396924	0.7349180066159303	0.9998640102074222	-5.025490038244054
Hspa1l	-0.04706857323653679	4.180199673977745	-0.34861469488674696	0.7338894359594015	0.9998640102074222	-4.983532510258881
Cnbp	-0.027524637285788245	9.031694658371254	-0.34926068678350297	0.7334176377734507	0.9998640102074222	-4.978376493409014
Eif1	-0.02370266867892923	9.212985024087615	-0.34946127427087753	0.7332711626601365	0.9998640102074222	-4.975598375584956
Ctsa	-0.02013442996852355	5.38312688776928	-0.34958730890358997	0.7331791339817371	0.9998640102074222	-5.083348639065457
Dctpp1	-0.04099404733362633	4.544230028722825	-0.35017551633656885	0.732749691191211	0.9998640102074222	-5.038156174738641
Smpd1	-0.01618861188338183	5.642540669255167	-0.3508955188373787	0.7322241562921953	0.9998640102074222	-5.078375273495584
Thrap3	-0.03978641114202652	5.189584937058213	-0.35114948624202424	0.732038817823566	0.9998640102074222	-5.08526500126791
Rab11a	-0.020004247895688998	5.186376697329914	-0.35130911615386384	0.7319223333959903	0.9998640102074222	-5.0852231109586175
Acacb	-0.047120093902304205	6.018102935274971	-0.35206767378695886	0.7313688983809932	0.9998640102074222	-5.075745164288821
Mrps21	-0.036536002001517076	7.717978255794518	-0.35207476121417886	0.7313637282254359	0.9998640102074222	-5.008360062426325
Hibadh	-0.03351493798877314	7.017998355962943	-0.35302222538632294	0.7306726947838111	0.9998640102074222	-5.032429923295943
Trappc6b	-0.022726899991839744	5.549560859674131	-0.3530884118726045	0.7306244309399844	0.9998640102074222	-5.07881610107723
Fbxl4	-0.02329434681297382	4.950677068419058	-0.35353698003378775	0.730297362626322	0.9998640102074222	-5.080304745500467
Tpr	-0.04780924875159531	4.399996640706137	-0.35438644706060574	0.7296781367291227	0.9998640102074222	-5.015274163517042
Slc25a5	-0.03692177752147874	5.084567164281823	-0.35545634394875275	0.7288985125655134	0.9998640102074222	-5.083401733977793
Hsp90ab1	-0.02642906067044315	9.276945176952594	-0.35595857767564126	0.7285326495303772	0.9998640102074222	-4.973267388072612
Hipk2	-0.06633253110060888	4.642673787158432	-0.3563771099293701	0.7282278144812904	0.9998640102074222	-5.050928674922174
Sumo1	-0.02484769022445743	6.035467628018942	-0.356856021538322	0.727879062657359	0.9998640102074222	-5.074242576657111
Pigu	-0.02507114636548735	4.378504202143667	-0.35699558467754705	0.7277774424155835	0.9998640102074222	-5.011413568556004
Tox4	-0.020518623817617154	4.5104229201609085	-0.3574910626904453	0.7274167136155634	0.9998640102074222	-5.031293836368124
Sdf2	-0.029181689062461658	5.640019237228347	-0.3577741492750385	0.7272106455920231	0.9998640102074222	-5.0766848102565145
Glrx3	-0.019325647166066773	6.064300774490082	-0.3588530653195715	0.7264254734683546	0.9998640102074222	-5.0730486630548075
Snx17	-0.01727012886161372	4.743151998518906	-0.3611773640211581	0.7247350982460606	0.9998640102074222	-5.062622592044859
Sesn1	-0.09975075319427784	4.440641295437283	-0.3616823481374447	0.724368044020798	0.9998640102074222	-5.019743059266575
Pccb	-0.020150300158465306	5.881408754089448	-0.3623912042110269	0.7238529246774396	0.9998640102074222	-5.074939276092185
Ptp4a3	-0.04896566080652853	8.82657868769312	-0.3638924138668826	0.7227624799115335	0.9998640102074222	-4.978621562658131
Mylk4	-0.04869892664517472	9.560907353945238	-0.36414569412019326	0.7225785660386361	0.9998640102074222	-4.967068054338039
Klhl21	-0.0438833806039991	6.386450667315993	-0.3644533247261844	0.7223552114264291	0.9998640102074222	-5.060807194006446
Cbfb	-0.04432440665627535	6.21733444069361	-0.36463658006142424	0.722222172058341	0.9998640102074222	-5.066885474995004
Bnip3	-0.03698175669249615	8.204438276591953	-0.36508482021569305	0.7218967998623942	0.9998640102074222	-4.992823585010302
Pnpla2	-0.06819727563824785	7.038302479244133	-0.366256392031378	0.7210466407683243	0.9998640102074222	-5.028222489980802
Ncl	-0.046873200375666	5.3631246234425936	-0.3669598266449699	0.7205363772802806	0.9998640102074222	-5.079430011426443
Amotl1	-0.05317924808848762	6.515754091556481	-0.3670605874811583	0.7204632981199834	0.9998640102074222	-5.055296126214435
Mrps27	-0.028114683373914318	4.557271931718984	-0.3679781806749835	0.7197979261538946	0.9998640102074222	-5.035853825495447
Slmap	-0.030120672183009845	4.47699129544438	-0.36808364975150243	0.7197214631259892	0.9998640102074222	-5.023721861408238
Pde4dip	-0.043348009309575275	9.419992253196849	-0.36912064246947524	0.7189698339173964	0.9998640102074222	-4.96824238294614
Arih1	-0.027273668077167912	5.30832813198639	-0.3693457449403596	0.7188067168686434	0.9998640102074222	-5.079768173910782
Ppp6r3	-0.026284167865217256	5.018254304177295	-0.37027110592563384	0.7181363217082626	0.9998640102074222	-5.078249782217873
Zfyve9	-0.024425067978342874	5.0646537437801165	-0.37084007673875674	0.717724242830533	0.9998640102074222	-5.079086159326874
Aph1a	-0.02794047744861672	4.294449000937414	-0.37134851526040175	0.7173560838402997	0.9998640102074222	-4.99548782384868
Hprt	-0.01927642824310727	5.066375197495905	-0.3716887449124064	0.7171097662316823	0.9998640102074222	-5.078898136985688
Mrpl20	-0.030575398205434645	5.11903682442242	-0.37195787176273426	0.7169149489928826	0.9998640102074222	-5.079603345598268
Slc25a26	-0.022181529167456304	4.2253084760364965	-0.3725214673560752	0.7165070378964472	0.9998640102074222	-4.98491007732715
Gm26740	-0.05997525647791857	5.604051369243791	-0.3737494407498825	0.7156185923967051	0.9998640102074222	-5.072936762423907
Prrc2b	-0.04757836097464896	4.881223693938875	-0.3747115572324244	0.7149228023580954	0.9998640102074222	-5.071307935224898
Atp6ap1	-0.025439214711306946	6.202214418980722	-0.37482919687391403	0.7148377454195564	0.9998640102074222	-5.0647986067949375
Brk1	-0.02891999133839729	5.5987833896878865	-0.37553722283740837	0.7143259070140042	0.9998640102074222	-5.07252248565091
Mpc1-ps	-0.036783889241881695	7.133714881814191	-0.3759889093480367	0.7139994552315827	0.9998640102074222	-5.021158394249982
Fam160a1	-0.03408626422096095	4.457323419979	-0.37604141807922414	0.7139615089558028	0.9998640102074222	-5.018809836757733
Snhg1	-0.052240967377342074	4.552415533030893	-0.3760458184042663	0.7139583290270364	0.9998640102074222	-5.033144826370279
Ilrun	-0.0261269474598933	7.188724613277014	-0.37682002028509953	0.7133989342773044	0.9998640102074222	-5.018514974330854
Phf20l1	-0.04375517804776141	4.326539934457003	-0.37787867083996823	0.7126342971955084	0.9998640102074222	-4.998716248810792
Ranbp9	-0.027575852107682763	4.540545761187888	-0.3784366592323396	0.7122314083904195	0.9998640102074222	-5.0307496053665295
Ctsl	-0.031540239981867835	5.157469121395932	-0.3787583066669251	0.7119992083139121	0.9998640102074222	-5.078096927199142
Cst3	-0.029821876825723237	9.254977559586427	-0.38024426931545946	0.7109268744242152	0.9998640102074222	-4.968170992013772
Gls	-0.03328016388447974	4.728019155172356	-0.38052508176440175	0.7107243013625517	0.9998640102074222	-5.055920108920197
Gm10221	-0.04332722683617174	6.336028686805729	-0.38111343597478664	0.7102999487211534	0.9998640102074222	-5.058392172301915
Ndufb4	-0.03544397003292765	8.830203988209425	-0.3816556511180463	0.709908964682644	0.9998640102074222	-4.974499070682578
Psma4	-0.019161021367883002	7.065115502650315	-0.38194637070290055	0.7096993665418815	0.9998640102074222	-5.023001977104581
Fam98a	-0.018767372454393083	4.588656570823041	-0.38223797523588093	0.7094891555370539	0.9998640102074222	-5.036834009799885
Ywhae	-0.02315528118193555	8.12122252516435	-0.3827488896150094	0.7091209098822038	0.9998640102074222	-4.990933169523692
Hspa4	-0.022677459821334622	5.299160005272797	-0.3832675664015535	0.7087471486424504	0.9998640102074222	-5.076228292393719
Arl6ip5	-0.03850278384602657	6.42828118644823	-0.3833810759647562	0.708665363705453	0.9998640102074222	-5.054410969430058
Tmsb4x	-0.07709418639390897	7.889125113506217	-0.38377252923922384	0.7083833465224845	0.9998640102074222	-4.996756167856825
Nfu1	-0.024142042947766562	5.820948065924787	-0.3848853016756995	0.7075819137847836	0.9998640102074222	-5.069311683084744
Rpl15-ps3	-0.031570102545821044	5.624927168554585	-0.38500757372668243	0.7074938744036436	0.9998640102074222	-5.069745789932642
Cutc	-0.030750884808295353	4.363071115481384	-0.3882445358632529	0.7051647935174017	0.9998640102074222	-5.001632322201258
Pdxdc1	-0.025637910368860872	4.677331648341219	-0.3885784350315402	0.7049247227323933	0.9998640102074222	-5.047584741946542
Glud1	-0.03168996290162518	5.7963388971803305	-0.3886909600627703	0.7048438256947553	0.9998640102074222	-5.068327837550448
Aspscr1	-0.031438293709697085	4.42016591311215	-0.3887783166175953	0.7047810255227265	0.9998640102074222	-5.010070679528808
Tmpo	-0.03662232078328742	5.0316241942214575	-0.38996508096723126	0.7039280942055479	0.9998640102074222	-5.0733047567234415
Ptma	-0.05400756480298341	5.369342929960266	-0.3908013673237982	0.7033273073336093	0.9998640102074222	-5.072959815001644
Aimp2	-0.05018602361103586	6.704935273962707	-0.3912100427858884	0.7030337922437293	0.9998640102074222	-5.040380789363304
Hibch	-0.03722239543850403	5.175534776738001	-0.39130770157123157	0.7029636601254977	0.9998640102074222	-5.074760880279837
Pfkfb1	-0.04478531225808435	5.792756746136551	-0.393732600480694	0.701223182665293	0.9998640102074222	-5.066960087216521
Rheb	-0.022171735489892264	6.237702716155076	-0.39469433697724554	0.7005333877765385	0.9998640102074222	-5.058293012701522
Rora	-0.053194277308808324	4.598499779110732	-0.3947323394671386	0.7005061366855146	0.9998640102074222	-5.035011697370233
Arl1	-0.019679265487063446	6.58674072039837	-0.39514889363627353	0.7002074599224581	0.9998640102074222	-5.045136058628298
2900097C17Rik	-0.038843266387495134	6.716005827053827	-0.395440573808556	0.6999983514899264	0.9998640102074222	-5.038692847307697
Cul4a	-0.020150077113934906	5.506758253672839	-0.3962510771838336	0.6994174296536606	0.9998640102074222	-5.068209963187118
Gtpbp4	-0.037928662405693814	4.815188478010068	-0.39691867048541035	0.6989390880338529	0.9998640102074222	-5.060633615078326
Cetn2	-0.026156410698715327	4.842257258268553	-0.39898361488837525	0.6974603842766781	0.9998640102074222	-5.062178667849155
H6pd	-0.034741274469486605	4.627670270027807	-0.39904463714852884	0.697416706201635	0.9998640102074222	-5.037961731254653
Clcn3	-0.03132011802649526	4.296923787083298	-0.40001232691998	0.6967242130219199	0.9998640102074222	-4.988889332545991
Ccdc47	-0.0351328888771727	5.777866093358412	-0.40036452246281595	0.6964722481022338	0.9998640102074222	-5.065152082034801
Rbm18	-0.028185867829827238	4.559769451820908	-0.40288399852657547	0.694670899488316	0.9998640102074222	-5.027261589570339
Cd34	-0.08354256536179161	4.633201496603995	-0.40322719157052683	0.6944256786210911	0.9998640102074222	-5.037600782421451
Chp1	-0.026020776728302053	5.7241306006123445	-0.40525225540568793	0.6929794577536215	0.9998640102074222	-5.0638264174575305
Ubb	-0.03597947719067207	9.901084951822849	-0.40568070041047144	0.6926736423379674	0.9998640102074222	-4.951202409375143
Eif3l	-0.02064125003629602	5.329736203833822	-0.4061100188643444	0.6923672607307364	0.9998640102074222	-5.069404498589414
Etf1	-0.029420274723218398	5.880054751599156	-0.4066589529158518	0.6919755994449421	0.9998640102074222	-5.063085825058625
Rps15a	-0.04133071132936905	5.2181343862464935	-0.40787882330631836	0.6911055652287199	0.9998640102074222	-5.070152383921276
Nme2	-0.030001531727853248	8.792801403580258	-0.4089388008808118	0.6903499468611514	0.9998640102074222	-4.968587599653225
Txndc17	-0.03183644247862194	4.914662942246454	-0.4100554279719809	0.6895543254937334	0.9998640102074222	-5.0634463404726295
Maz	-0.025464895900146445	4.885038788952306	-0.41241567074436963	0.687873888472939	0.9998640102074222	-5.0611927967240256
Snrpc	-0.029419519840388375	5.653176315195351	-0.4127559608388443	0.6876317545489219	0.9998640102074222	-5.061862219196442
Jph1	-0.023398881903921698	7.43456556948703	-0.41345094238642294	0.6871373528301049	0.9998640102074222	-5.000346140565357
Mtss2	-0.03900969831564538	4.3527621349497	-0.4141016454125472	0.6866745885355698	0.9998640102074222	-4.993488858460725
Sf3b2	-0.023992173785819304	5.3265016286065885	-0.4149550102418959	0.6860678989173392	0.9998640102074222	-5.066919277054798
Gtpbp2	-0.020310570895680335	4.644715445445591	-0.41589690158240544	0.6853985400920154	0.9998640102074222	-5.0356742881325065
Use1	-0.03393019997582236	6.03999689562157	-0.41601911761613125	0.6853117073931637	0.9998640102074222	-5.058273031826902
Tbrg1	-0.028834514741514994	4.840347104733685	-0.41645130868849656	0.6850046799878771	0.9998640102074222	-5.057114351654962
Srp54a	-0.02470120182026836	4.731472047434336	-0.4165113066645093	0.6849620622693112	0.9998640102074222	-5.046513461473182
Pon3	-0.036305825600839725	4.342391589355021	-0.41652851122163614	0.6849498417516942	0.9998640102074222	-4.991323913688452
Tor1aip1	-0.030715528250826907	6.038250923563842	-0.41685443247339404	0.6847183553577758	0.9998640102074222	-5.058063767260366
Cacna1s	-0.04285706017994606	7.9780670636622615	-0.41766621917288344	0.684141928558521	0.9998640102074222	-4.985916229720408
Sppl2a	-0.033782684820578446	4.987853250252498	-0.4184622518352887	0.68357689187735	0.9998640102074222	-5.064078496879361
Zswim7	-0.03348421010431846	5.579703470623339	-0.4189217557581738	0.6832508205672381	0.9998640102074222	-5.06071409772101
Mrpl44	-0.02636322760214327	4.880155238912078	-0.4189866477916059	0.6832047775709449	0.9998640102074222	-5.059028313750611
Atp5mpl	-0.04325147289318565	9.114140800649327	-0.41939267841947586	0.6829167162118546	0.9998640102074222	-4.960741475502939
Hspb6	-0.08037210981715504	9.313549857950235	-0.4197871770008135	0.6826368867519609	0.9998640102074222	-4.957773086361764
Alpk3	-0.059559706275441826	5.709764565797637	-0.4198169820531786	0.6826157471702079	0.9998640102074222	-5.0596691052431355
Ppip5k1	-0.05743014557446813	4.589850039343315	-0.4242499122783448	0.6794748082385116	0.9998640102074222	-5.025684485321558
Sec23a	-0.03431641682139652	5.503197576113823	-0.4248583699848395	0.6790441802704519	0.9998640102074222	-5.060089537673214
Speg	-0.04608058828387129	5.700631435084786	-0.42493910585118705	0.67898704948713	0.9998640102074222	-5.058180918118943
Ssr3	-0.029226236322720922	7.044526233797013	-0.4253958888579021	0.6786638576393145	0.9998640102074222	-5.012516083107175
Rnf167	-0.023701450218827524	4.80393673969891	-0.42581387542339877	0.6783681747981221	0.9998640102074222	-5.051308501648246
Smarce1	-0.026294323922476437	4.383084245929618	-0.42608939939364965	0.6781733005627697	0.9998640102074222	-4.994749081074622
Col4a3bp	-0.041252765272779435	4.620406574782546	-0.42610548996589137	0.6781619206850408	0.9998640102074222	-5.029456266930025
Naa50	-0.02967034378775324	7.421294092187824	-0.4261598328279343	0.6781234879205608	0.9998640102074222	-4.99730388402791
Naa38	-0.03414721052978198	5.441612411347469	-0.4264235170364443	0.6779370167604195	0.9998640102074222	-5.0610604468523706
2310001H17Rik	-0.08763606050690864	4.904432519419638	-0.4266319523269519	0.6777896322226793	0.9998640102074222	-5.058113811872337
Xirp2	-0.05266041520238929	7.894218525673662	-0.4277663072700072	0.6769877766551389	0.9998640102074222	-4.985342227808547
Rmnd5a	-0.03939861742183304	6.295015571418144	-0.42867603785166325	0.676345005450985	0.9998640102074222	-5.046647099212222
Ogdh	-0.05678233166012969	7.832008063596904	-0.4292256417974441	0.6759568123210057	0.9998640102074222	-4.986466265657147
2310009B15Rik	-0.03628278414302244	4.290182360432924	-0.4298309141220278	0.6755294134139314	0.9998640102074222	-4.980138848518262
Ctsz	-0.03166475395408064	4.644415100228197	-0.43132828021489733	0.6744725957931871	0.9998640102074222	-5.031230447139874
Bcas2	-0.03297210727606803	5.064002411203345	-0.43147001076521363	0.674372602445115	0.9998640102074222	-5.062034412280152
Sdhaf2	-0.03176717645777938	4.258482733476498	-0.4315268457034801	0.6743325062569641	0.9998640102074222	-4.975047624704821
Ndufb5	-0.04703306025747622	8.76739117380877	-0.43235061257252044	0.6737514696274576	0.9998640102074222	-4.963040282184695
H1f2	-0.05310454815691301	7.107812219102179	-0.43254754652257693	0.6736125968535778	0.9998640102074222	-5.007412456798665
Rtl8b	-0.03638163595151056	4.490990540920942	-0.4331293101789176	0.6732024261051094	0.9998640102074222	-5.008741189005083
2310065F04Rik	-0.07284643070469787	5.923478185245769	-0.4333358602573703	0.6730568252203868	0.9998640102074222	-5.0549964431273695
Sorbs1	-0.10899302851816639	5.195854415801846	-0.4340679459580223	0.6725408772941035	0.9998640102074222	-5.062416407019263
Ddx17	-0.053049533012411665	6.132995471652055	-0.4345084238612112	0.6722305287985995	0.9998640102074222	-5.050322440299073
Psmd14	-0.033149069516466234	5.8798900710299105	-0.435250303392514	0.6717079649988034	0.9998640102074222	-5.05473018876641
Eif2s3x	-0.03419671892224141	5.15173592686899	-0.43576980510268426	0.6713421469138239	0.9998640102074222	-5.061801578437593
Pdhx	-0.03877491667646815	5.663177826772213	-0.43591084364697413	0.6712428469606915	0.9998640102074222	-5.0550038928603165
Slc25a51	-0.028599429802635967	4.662936801005503	-0.43664189688306715	0.6707282446489311	0.9998640102074222	-5.032181801261485
Eif4g1	-0.03812466376839119	7.628165220103045	-0.4381593498452342	0.669660642614089	0.9998640102074222	-4.98876559535428
Trafd1	-0.0384646630224319	4.806506256953928	-0.4385093201750298	0.6694145292655913	0.9998640102074222	-5.047784341590886
Thap4	-0.031327594213834686	4.680615618013646	-0.4392347803877811	0.6689044850841566	0.9998640102074222	-5.033816095352527
Uba52	-0.038734257527250904	9.0318276295724	-0.43999820065501816	0.6683679405908942	0.9998640102074222	-4.956612660662967
Mfap1b	-0.035873125210159174	4.406141607945114	-0.4421117023261249	0.6668835441261782	0.9998640102074222	-4.993702338946392
Oga	-0.03388963008341417	4.626387505225113	-0.4422489066126205	0.6667872313564301	0.9998640102074222	-5.025577432438841
Timp3	-0.03190936651412368	5.665538953182642	-0.44261854929724503	0.6665277858423782	0.9998640102074222	-5.052952651546844
Hif1an	-0.04609148318123513	6.127747293385489	-0.4427262164659923	0.6664522247520268	0.9998640102074222	-5.047997419156893
Syf2	-0.04065525180503915	5.445403460664209	-0.4444910212641236	0.6652142306470199	0.9998640102074222	-5.055492775504393
Psmd4	-0.04637007416433203	7.4615019192501055	-0.4450133642407024	0.6648480111562363	0.9998640102074222	-4.990917925134806
Lmod2	-0.19217511493201034	7.065984754067276	-0.4455550191099449	0.6644683481851202	0.9998640102074222	-5.005711800226373
Lpin1	-0.0838545169160696	6.666600632721773	-0.44595242138592184	0.6641898587900075	0.9998640102074222	-5.026907504584783
Acsl1	-0.08833544229219559	7.007060756962338	-0.44706008405127035	0.6634139160177458	0.9998640102074222	-5.008225017312178
Eif4a2	-0.030598516657653008	8.159090896791389	-0.44740254165037285	0.6631740999180507	0.9998640102074222	-4.973138536294993
Gm2274	-0.03603253803967377	4.8443778663443835	-0.4494038876653278	0.6617733853672958	0.9998640102074222	-5.047530431210599
Tmem126a	-0.038327254953954615	7.016175553179427	-0.44974080528931637	0.6615377137966357	0.9998640102074222	-5.006971214490924
Nfe2l1	-0.04628896219400325	8.169009459199051	-0.4498692412968515	0.6614478837505793	0.9998640102074222	-4.972189438485533
Tex261	-0.033527047768918905	5.316579764927357	-0.451061676583525	0.6606141422439602	0.9998640102074222	-5.056171242825613
Hipk3	-0.04815249927640064	6.667648308570639	-0.45117093046134027	0.660537776761702	0.9998640102074222	-5.02528307465445
Oxr1	-0.030015664083401283	4.881124811567011	-0.452393627723066	0.6596834197199859	0.9998640102074222	-5.048996617306506
5031439G07Rik	-0.03878149782470075	5.800478120358182	-0.4533632006514174	0.6590062921463553	0.9998640102074222	-5.049412122545211
G6pc3	-0.0335288767301094	5.477775777642931	-0.454876096614729	0.6579503564932211	0.9998640102074222	-5.051486179985002
Pdia3	-0.03854312054234743	4.4066194113880375	-0.45490454354682586	0.6579305092093759	0.9998640102074222	-4.990094464908292
Gng5-ps	-0.07400674887836	4.789385588392016	-0.45500112377323554	0.6578631277134878	0.9998640102074222	-5.0410458950228945
Cdc37l1	-0.025394307340965483	4.861216347093301	-0.45585656266432256	0.6572664487555411	0.9998640102074222	-5.046653096176988
Atg4d	-0.03200745047201092	4.733025668120422	-0.45609448891930415	0.6571005365452002	0.9998640102074222	-5.0349161640480515
Rtl8a	-0.0292238657640862	4.4530752709486885	-0.45646343429736386	0.6568432993636094	0.9998640102074222	-4.996424262392095
Inppl1	-0.03982521995686472	5.109880559080648	-0.4566012632806132	0.6567472137235193	0.9998640102074222	-5.054968892709556
Dynlt3	-0.0329738282689771	5.208346380903599	-0.4568356136455574	0.6565838543395077	0.9998640102074222	-5.055341994392845
Cdipt	-0.03678877544666026	4.351661423067451	-0.4570881088625892	0.6564078676023535	0.9998640102074222	-4.981447391513687
Tspyl1	-0.027630482444587656	5.500621923714828	-0.457099097134013	0.6564002093761809	0.9998640102074222	-5.050258715130401
Ndufa3	-0.047064278782515956	8.67446119137817	-0.45715313439353983	0.6563625489508501	0.9998640102074222	-4.958084788122426
Camk2b	-0.03375850059080854	6.2146271579562	-0.45813848453078004	0.6556759991673096	0.9998640102074222	-5.040480341731284
Gcsh	-0.022503384061975495	5.75968898278013	-0.4612898084492469	0.653482519357947	0.9998640102074222	-5.046959480257825
March6	-0.042428115588806214	5.986359253760846	-0.46198944212504633	0.6529960007821469	0.9998640102074222	-5.04526789306075
Tnfrsf12a	-0.13293817750792059	4.670742356375852	-0.4631903028055317	0.6521613258109579	0.9998640102074222	-5.025181721505452
Tfb2m	-0.019591135729196907	5.307166644620127	-0.46335511469534385	0.6520468097171641	0.9998640102074222	-5.05240019753091
Ppib	-0.0699750651022022	4.693335916765965	-0.46381074479668816	0.6517302733379338	0.9998640102074222	-5.027918313377047
Arih2	-0.03491076876779875	5.398900187808001	-0.46608314244238513	0.6501526568823228	0.9998640102074222	-5.049766123347645
Tst	-0.05547987433291546	4.363184496237299	-0.46713390039266167	0.6494237693657134	0.9998640102074222	-4.980174750678599
Cgrrf1	-0.0408443325227168	5.485825076825012	-0.4682319652640677	0.6486624746420284	0.9998640102074222	-5.047021297001695
Prkacb	-0.033735538819828825	4.638810729617351	-0.4689957148471346	0.6481332092256518	0.9998640102074222	-5.019096639277611
Cnot8	-0.03073662889142259	4.572246896240816	-0.4702639118103797	0.647254817981174	0.9998640102074222	-5.009524217795503
Urod	-0.027052919429308098	5.311966997830649	-0.47043255028184816	0.6471380560535988	0.9998640102074222	-5.050028515261265
Pa2g4	-0.02860863718775075	5.013926195127242	-0.47070372451515263	0.6469503211587753	0.9998640102074222	-5.048659071543591
Dap3	-0.05497197988320668	4.546136720200647	-0.47208417923980034	0.6459950245863517	0.9998640102074222	-5.005264627858521
Qrich1	-0.0314664559432698	4.263518933390336	-0.4721273310980983	0.6459651735266576	0.9998640102074222	-4.964392471479638
Ppp3cc	-0.038180205859854155	4.302696313905174	-0.47276425187379995	0.6455246479393837	0.9998640102074222	-4.9698156894975325
Gm2260	-0.03735120235053291	4.862156780471594	-0.4731253979495032	0.6452749245802706	0.9998640102074222	-5.0411839259110724
Tmcc2	-0.04433983932333785	4.923749260624178	-0.4733850087995505	0.6450954384174754	0.9998640102074222	-5.044472847258362
Vps36	-0.024919294464891273	4.5025541722676765	-0.47475881314906854	0.6441460290677761	0.9998640102074222	-4.998093548877151
Npepps	-0.03691799198100032	4.979182602705627	-0.47479567526049304	0.6441205634862581	0.9998640102074222	-5.046310759909941
Hoxc10	-0.031336701296487135	5.912406922733198	-0.4757164252804957	0.6434846330697408	0.9998640102074222	-5.04179661671207
Rps27l	-0.07440815766804754	7.3882913559717025	-0.4799604154433069	0.640557306755299	0.9998640102074222	-4.982664632997076
Usp4	-0.03692339102197817	5.042544001699804	-0.4807703665705622	0.6399993579653716	0.9998640102074222	-5.04596696296475
Fus	-0.05229514177471284	5.962546010045278	-0.48102523379318	0.6398238362483091	0.9998640102074222	-5.039452563877858
Rbm38	-0.04146848040466544	6.46477406826287	-0.4822856884040181	0.6389561254929383	0.9998640102074222	-5.023948442906211
Cryab	-0.1293397783413095	9.049101562231762	-0.48361254451455093	0.6380433114574058	0.9998640102074222	-4.944204133998159
Tnfaip1	-0.02738739787300304	4.857049733791842	-0.483628324279898	0.638032459486213	0.9998640102074222	-5.037382076379362
Tmem230	-0.03577581135305774	4.341067982213916	-0.48405708768076744	0.6377376265819692	0.9998640102074222	-4.9719159803067265
Clip1	-0.06381905109080854	6.997382011933399	-0.48463098102016805	0.6373430994096061	0.9998640102074222	-4.997260204371549
Exoc6	-0.025171234435844347	5.31074182195437	-0.48560842723534337	0.6366714164916323	0.9998640102074222	-5.045003301196704
Clint1	-0.03805444980940287	4.550219165971333	-0.4857832633642866	0.6365513081978851	0.9998640102074222	-5.001545558066072
Eef1b2	-0.028382272953359156	6.620384489824151	-0.4859244070361024	0.6364543537688279	0.9998640102074222	-5.016608237510246
Foxo4	-0.04386673751644299	6.368158425501745	-0.4869301223365508	0.6357637132128482	0.9998640102074222	-5.025858885405876
Mospd1	-0.048833194409547254	6.377921711726954	-0.488967552457499	0.6343656843325551	0.9998640102074222	-5.0248385925533
Spag9	-0.05881879833761339	6.263015933412496	-0.49070906796383545	0.6331718811679994	0.9998640102074222	-5.028270043621821
Oxld1	-0.04899997772223408	4.322360429489723	-0.49086927157351506	0.6330621167185071	0.9998640102074222	-4.967160258483621
Ces1d	-0.09600083768097978	5.035354133324429	-0.49122726128191924	0.6328168712362461	0.9998640102074222	-5.042283349353114
Prpf6	-0.03851669849028827	4.520806213037504	-0.4923055359242522	0.6320784632927354	0.9998640102074222	-4.995188594180959
Pef1	-0.03337484952233627	4.903482151122167	-0.4923487633871427	0.6320488696171412	0.9998640102074222	-5.037165050939048
Gm12338	-0.05037955336559108	6.163278312238496	-0.49319102104489776	0.6314723911360445	0.9998640102074222	-5.030711776480116
Canx	-0.0317856646475958	4.970583938187524	-0.49372036440575523	0.63111021572796	0.9998640102074222	-5.03970685462879
Polr2c	-0.025368103825729627	5.827246293971534	-0.49437534909583347	0.6306622165627596	0.9998640102074222	-5.035947238065942
Gsk3b	-0.06270323254638832	4.201587167968385	-0.4949349791770183	0.6302795609801113	0.9998640102074222	-4.948851064363143
Ube3b	-0.035768872114195105	5.876106894972494	-0.49648539230457794	0.629220032935913	0.9998640102074222	-5.03503591985957
Usp7	-0.029386297134977646	4.735891705189922	-0.49721897978910723	0.6287190135863663	0.9998640102074222	-5.021931659293805
Pgam5	-0.025473356102629907	4.457584478613299	-0.4975118262620103	0.6285190621853723	0.9998640102074222	-4.984438499350413
Mir22hg	-0.05649124103973069	4.80557275162557	-0.4975621036509132	0.6284847366237328	0.9998640102074222	-5.028736359933334
Sun2	-0.046224631380868075	6.030936404643181	-0.49815045742623054	0.6280831216557867	0.9998640102074222	-5.032534879482453
Ost4	-0.05331267122276717	6.425696333588152	-0.4986050640488775	0.6277728894839942	0.9998640102074222	-5.019928303411861
Gsk3a	-0.029872183734954483	6.130464667044496	-0.4990364819651839	0.62747855104485	0.9998640102074222	-5.02970222349439
Tbc1d1	-0.08214359794359005	5.420487035853605	-0.4991657520546618	0.6273903686082474	0.9998640102074222	-5.038184317459274
Emc3	-0.03609043368753628	5.817359722491517	-0.49983758088062796	0.6269321738863686	0.9998640102074222	-5.034093477743582
Nfil3	-0.15742699812670757	4.220720130538173	-0.5006265248610362	0.6263943146973966	0.9998640102074222	-4.949799128716375
Pdpr	-0.05253769831859234	5.810325544504275	-0.5016344629858959	0.6257074865903174	0.9998640102074222	-5.0334855272403285
Msantd4	-0.03930763568496509	4.37735250367523	-0.5034226422537679	0.62448989827365	0.9998640102074222	-4.971051949152515
Sarnp	-0.05264501643220054	5.290106419875766	-0.5038224088949287	0.6242178529298169	0.9998640102074222	-5.039053725407406
Cct5	-0.02631480819838572	6.454043304033904	-0.5039105839836605	0.6241578567252717	0.9998640102074222	-5.017131173878296
Lgals1	-0.0438507272880404	8.52797496623929	-0.504043371124068	0.6240675108925422	0.9998640102074222	-4.947386741640191
Uba3	-0.024999347986324416	4.694271953841449	-0.5043298409758391	0.6238726242256821	0.9998640102074222	-5.0147957647319
Mapk1ip1	-0.07661688776597853	5.28000011690652	-0.5049939386592528	0.6234209511314306	0.9998640102074222	-5.038776502965328
Emc2	-0.03570351898032964	6.468449576468412	-0.5053389836767197	0.6231863391809471	0.9998640102074222	-5.016126034843389
Isoc1	-0.040383072904894846	4.417770944370128	-0.5054097063046203	0.62313825700013	0.9998640102074222	-4.976209998056715
Tma7	-0.05912305429396181	7.703675804464208	-0.5060014465575665	0.6227360224292939	0.9998640102074222	-4.9667895493782135
Atf1	-0.028710389591712904	4.999883619285558	-0.5064051151483239	0.6224617028995872	0.9998640102074222	-5.0361839524576855
Uxt	-0.039582554486019994	4.779342218208811	-0.5073434681559217	0.6218242607888248	0.9998640102074222	-5.0228732441268775
Mrpl58	-0.06576072680161094	4.213652853600072	-0.5096772415986434	0.6202402837964303	0.9998640102074222	-4.946021427165485
Pcmtd1	-0.046162661147447714	5.076116899557418	-0.5106452091410786	0.619583893595498	0.9998640102074222	-5.036320728206026
Srsf5	-0.056892515541543176	6.939535536160313	-0.5120607358611274	0.6186246302900096	0.9998640102074222	-4.991345179294998
Tom1l2	-0.040758858760804983	5.53178015506157	-0.5132968989378558	0.6177875220823543	0.9998640102074222	-5.030913341865459
Tmem63b	-0.04292613519812338	5.308715222573966	-0.5136097503857934	0.6175757541121334	0.9998640102074222	-5.035331420060876
Rpn2	-0.04576181734232154	5.047769786198707	-0.5154093466734034	0.6163583180998115	0.9998640102074222	-5.0341068803651305
Ppme1	-0.039568609109909225	4.3391698260172165	-0.5155427027813376	0.6162681497963846	0.9998640102074222	-4.961763075654403
Uqcrq	-0.06376478264859387	8.01622768678069	-0.5160951841535694	0.6158946616035803	0.9998640102074222	-4.956209914983786
Cd99l2	-0.03595607025290626	5.347295872228286	-0.5172320480470518	0.6151264760724928	0.9998640102074222	-5.033404035893439
Kpnb1	-0.028070117366041814	4.680082513058631	-0.5173091678140861	0.6150743831975408	0.9998640102074222	-5.008592493452019
Ramac	-0.04453536384078127	4.831622826690885	-0.5173189733508803	0.6150677599101646	0.9998640102074222	-5.024128505393645
Slc27a1	-0.10098936837669914	5.793527465281406	-0.5191444260376371	0.6138353557414634	0.9998640102074222	-5.027367394170556
5430431A17Rik	-0.09997988545727221	4.726596342268812	-0.5196740096053495	0.6134780542955847	0.9998640102074222	-5.013155053378647
Cd36	-0.13383785537149873	7.510555612450167	-0.5198948043078855	0.6133291185876407	0.9998640102074222	-4.966657529553903
Stat5b	-0.07192361515346679	6.205534114282696	-0.5199643909948379	0.6132821830858264	0.9998640102074222	-5.020118345434188
Galnt2	-0.03206948135640886	4.858467903473452	-0.5200320434053192	0.6132365539658697	0.9998640102074222	-5.024934133627085
Sqstm1	-0.06628928820330415	9.071348145416342	-0.5201938748046195	0.6131274114322179	0.9998640102074222	-4.93286509735595
Eif3e	-0.032419482691648405	7.395426036341823	-0.5203204802593768	0.6130420328394314	0.9998640102074222	-4.969597102234503
Mafg	-0.06943664759726165	4.485284984107421	-0.520379853197125	0.6130019957262566	0.9998640102074222	-4.98088386166764
Araf	-0.03065740163956132	6.2360750999856265	-0.5206832277627378	0.6127974408838925	0.9998640102074222	-5.018861076846662
Gm10698	-0.02562294332889259	5.438740632397671	-0.5212871170076531	0.6123903618543425	0.9998640102074222	-5.029966705145056
Larp1	-0.04378931679661324	5.282524896256475	-0.5213000406113746	0.6123816516005631	0.9998640102074222	-5.032948887196177
Mrps5	-0.03900924109579673	5.125780343029518	-0.5220718118638322	0.6118616062376212	0.9998640102074222	-5.032850664492397
Tmem143	-0.037669989914443036	5.240054033271563	-0.5222721056140366	0.6117266780053627	0.9998640102074222	-5.033013444765338
Dpm1	-0.06583773756639744	4.973954722168139	-0.5225682998915236	0.611527173736901	0.9998640102074222	-5.029680453423564
Ndufs5-ps	-0.07448018658190048	4.2614987273387905	-0.52379787576582	0.6106993334014525	0.9998640102074222	-4.948220461404781
Qk	-0.0709114882063302	6.031853041256299	-0.52482469533794	0.6100084377966992	0.9998640102074222	-5.023162862225205
Txndc5	-0.029826175565936808	4.448806818716491	-0.5251536090062768	0.6097872119080601	0.9998640102074222	-4.974101265336872
Ube2e3	-0.029359684897424465	4.504729265384727	-0.525334380203433	0.6096656432982899	0.9998640102074222	-4.981959822133954
Polr1d	-0.03652907860571908	6.373464345083753	-0.5260144647510807	0.6092083965209374	0.9998640102074222	-5.012265145642773
Tmem242	-0.036097647807448396	6.75899527091561	-0.5264631511254887	0.6089068227746204	0.9998640102074222	-4.996087540737351
Prune1	-0.04125414507656178	5.845931660762605	-0.526628411992185	0.6087957657459069	0.9998640102074222	-5.024561560288457
Sgk1	-0.083120249242981	7.405546515164191	-0.5270730436536524	0.6084970196557099	0.9998640102074222	-4.967063368395059
Nploc4	-0.05130217661772729	5.373711421951907	-0.527533294407152	0.6081878575728569	0.9998640102074222	-5.029203037561969
Fam192a	-0.030326760957989585	4.329779904949926	-0.5284947982045327	0.6075422486937447	0.9998640102074222	-4.956215590642941
Trim28	-0.03804273385407342	4.398066830636115	-0.5286632668747259	0.6074291650421784	0.9998640102074222	-4.965744701000839
Gpt2	-0.09180674077903284	6.83350305291738	-0.5293145267294073	0.6069921112362093	0.9998640102074222	-4.991113259111732
Prmt5	-0.031557371629602926	4.7120833219054035	-0.5299961928794926	0.6065348236147194	0.9998640102074222	-5.007875806019988
Fkbp5	-0.28383158004656384	4.957727113334162	-0.5302387265625054	0.606372165125638	0.9998640102074222	-5.026375721954821
Rcsd1	-0.0500677159313101	6.322118046053496	-0.530246196710771	0.6063671555227879	0.9998640102074222	-5.0125316292214475
Mat2b	-0.0376025466389045	6.038588980448476	-0.530970139470978	0.6058817678483164	0.9998640102074222	-5.020826479299164
Ube2g2	-0.038320113335347905	6.205759812737044	-0.5312140568437396	0.6057182712734902	0.9998640102074222	-5.0160872263531555
Hsdl2	-0.10966410919251146	5.72587631252401	-0.5314787421269286	0.6055408795481538	0.9998640102074222	-5.022986056859578
Gart	-0.030629463137461066	4.52766282503146	-0.5317977614710664	0.6053271084565717	0.9998640102074222	-4.9829844474685325
Dhx32	-0.04780019723137929	4.866587998775049	-0.5325471683265447	0.6048250914293823	0.9998640102074222	-5.020957602534621
Hmga2-ps1	-0.09951528723082159	4.571496631296001	-0.5330286849307164	0.604502642612273	0.9998640102074222	-4.988675019935351
Aldh2	-0.08951233976269624	5.187837429652073	-0.5352164840611505	0.6030386856700971	0.9998640102074222	-5.028330732098257
Oaz1-ps	-0.03863836727405978	6.1550663287647005	-0.5367072303031039	0.6020422013102176	0.9998640102074222	-5.015657036293886
Ptp4a1	-0.0651133319718733	4.661738294656654	-0.5369786808222737	0.6018608421928577	0.9998640102074222	-4.999259446212612
Sar1b	-0.04105799773555496	9.41569592104909	-0.5369927594504973	0.6018514368703534	0.9998640102074222	-4.922836486647157
Rpl26	-0.05030267207624384	8.85472677577304	-0.5372430527119341	0.6016842393801007	0.9998640102074222	-4.9307456922192126
Oat	-0.05337214657394984	7.340601646405298	-0.5374245990697791	0.6015629802022734	0.9998640102074222	-4.9655489633889145
Pum2	-0.03100351324081796	4.901974019351321	-0.5388116067892911	0.6006369793870725	0.9998640102074222	-5.020614878001271
Rhbdd3	-0.04427568946728311	4.324032262875248	-0.539529951918104	0.6001576830759354	0.9998640102074222	-4.951738305223311
Acbd5	-0.06435563461639848	4.2118366912484655	-0.5404332160691686	0.5995552845457546	0.9998640102074222	-4.935948742936625
Arglu1	-0.033028654896849474	5.3675719704781555	-0.5418746967174642	0.5985945893298692	0.9998640102074222	-5.0240429573869045
Nadk2	-0.03898156296992816	4.464311600489454	-0.5424581678910647	0.5982059530704289	0.9998640102074222	-4.970371156348782
Rpl17	-0.05766545987621896	8.27593097402196	-0.5438703108052567	0.5972658989669108	0.9998640102074222	-4.940597145701604
Rhoc	-0.05352118665838468	4.698166006758463	-0.54406796592592	0.5971343823724272	0.9998640102074222	-5.001254944714746
Leng8	-0.047948457589108706	5.369482032233123	-0.5444609727204447	0.5968729264704025	0.9998640102074222	-5.023035264863456
Echs1	-0.06630650442444885	6.500314232078835	-0.5450796603427013	0.5964614520697011	0.9998640102074222	-5.00095856042548
Mrpl48	-0.044844892482530874	5.269202800379772	-0.5460076834590206	0.5958445221782779	0.9998640102074222	-5.023973349300086
Stxbp3	-0.033225795373504674	4.66210565270628	-0.5464370769263454	0.5955591828311284	0.9998640102074222	-4.995892821612915
Ccnl2	-0.06542371537832281	4.497497381205661	-0.5472160169852001	0.5950417451445036	0.9998640102074222	-4.973351622509747
Tns1	-0.09649423926584966	6.246993224095072	-0.5485776305814017	0.5941378087848777	0.9998640102074222	-5.008373609189369
Klhdc1	-0.036198053377572315	4.56815934894619	-0.5491557028421539	0.5937542596518216	0.9998640102074222	-4.982504289668083
Arfgef1	-0.04447474675059482	4.9445785437280945	-0.5506139170901843	0.5927873132026664	0.9998640102074222	-5.018211815776308
Ubr2	-0.05614854254695523	4.735213864128916	-0.5507999046721384	0.5926640434304927	0.9998640102074222	-5.002890704717193
Scp2	-0.04014715978612671	6.360631480316627	-0.5517941277097572	0.5920053146520973	0.9998640102074222	-5.003335191720254
Bloc1s1	-0.050567761977049486	6.623460698718489	-0.551876756819221	0.5919505854560791	0.9998640102074222	-4.993608602090339
Snx3	-0.039108093416415635	6.630229088169373	-0.5522694250869565	0.5916905387441593	0.9998640102074222	-4.993166511426574
Tomm6	-0.03401141698885368	5.454029732095923	-0.5545949631348432	0.5901516654823915	0.9998640102074222	-5.017295905665617
Trpc4ap	-0.03062009771908958	6.023127496577866	-0.5546292916713604	0.5901289650757462	0.9998640102074222	-5.01231964202228
Ddx6	-0.04860448726398303	5.248987342333309	-0.5557997273685015	0.5893552662680329	0.9998640102074222	-5.020445483072085
Wdr45	-0.036032379589397756	4.7375002825171855	-0.5566574288151555	0.5887886344264153	0.9998640102074222	-5.000960503746135
Usp24	-0.04643565498425062	4.5964192837589755	-0.5567248653454366	0.5887440953179836	0.9998640102074222	-4.983574614541368
Ube2e1	-0.03951481401494927	6.069266779862414	-0.5569635792765141	0.5885864486419649	0.9998640102074222	-5.010456326831076
Zfp367	-0.05006706254215931	4.524474180626208	-0.5577769140389401	0.5880494892641505	0.9998640102074222	-4.973343009908781
Clptm1	-0.040654804421540014	4.807586769206075	-0.557858342655121	0.5879957447315608	0.9998640102074222	-5.0072565676098915
Gpr157	-0.07251958709425654	4.848949246170484	-0.5589648627779611	0.587265675752294	0.9998640102074222	-5.009964963846072
Josd2	-0.05014184733275062	5.211028661269263	-0.5610324762822955	0.5859027716503264	0.9998640102074222	-5.018582644800047
Tmem60	-0.0640454789425764	4.856951910195591	-0.5625052101573775	0.5849330140333251	0.9998640102074222	-5.009129483559125
Immp1l	-0.06507912407295624	6.33738079461123	-0.5632045175312284	0.584472835901385	0.9998640102074222	-4.999842968130739
Spryd7	-0.057438977271547564	5.42931245480975	-0.5632664515349	0.5844320895805729	0.9998640102074222	-5.014524801579542
Map2k3	-0.07649718230991454	6.7075951503801035	-0.5634724361278006	0.5842965833532834	0.9998640102074222	-4.9853765286248555
Nup88	-0.03196598975653675	4.637637750107019	-0.5636185142008535	0.5842004965153587	0.9998640102074222	-4.986425648145919
Cd2bp2	-0.042441162304059254	4.267380785110242	-0.5641759167258413	0.5838339268281492	0.9998640102074222	-4.935548427001124
Mtg1	-0.04026131502681629	4.273464055250928	-0.5643618712708156	0.5837116630146912	0.9998640102074222	-4.936319220817136
Rsl1d1	-0.04202498736324767	5.687299140841052	-0.5646081752000031	0.5835497408321291	0.9998640102074222	-5.0106118236542425
Cd81	-0.049806861072245745	5.903001776493273	-0.5650639245874189	0.5832501904395119	0.9998640102074222	-5.009964307932018
Ache	-0.06751846356181712	4.33818231304226	-0.5658744151782068	0.5827176812192901	0.9998640102074222	-4.944627525597722
Cep85l	-0.1752382673322339	4.571618717726282	-0.5661057582863742	0.5825657314184856	0.9998640102074222	-4.976786670796539
Dnaja2	-0.032055035636837204	7.094159518182124	-0.5663717713615671	0.5823910358931623	0.9998640102074222	-4.964791650669471
G3bp2	-0.027438162671349353	4.896814498593599	-0.5683229226911436	0.5811105327854367	0.9998640102074222	-5.0091704320964165
Rhot2	-0.04424313399731794	5.875994955680648	-0.5716581720147629	0.5789251550398826	0.9998640102074222	-5.007521893771093
Uba1	-0.04258874392571954	5.536082874785303	-0.5721216282432837	0.5786218299251052	0.9998640102074222	-5.008947428763651
Ramp2	-0.0567541587239484	4.257520663790906	-0.5727629790637342	0.5782022159260576	0.9998640102074222	-4.931216707267774
Gstp1	-0.04702520904109697	7.419398478179829	-0.5739638678927095	0.5774169541165678	0.9998640102074222	-4.950348301877017
Agpat3	-0.060460191698424204	5.297316357744527	-0.5745240263126253	0.5770508620886275	0.9998640102074222	-5.012637897657679
Dtna	-0.06525520164320753	5.201022915292504	-0.5759804180157858	0.5760996197218102	0.9998640102074222	-5.0127275081874645
Ndufb1-ps	-0.05852446112026222	8.4259845036874	-0.5763534239965462	0.57585612656797	0.9998640102074222	-4.925917246587056
Dnajb6	-0.05755811836508329	6.055796244789812	-0.5768519568618973	0.5755307776926073	0.9998640102074222	-5.003115625303885
Emc7	-0.05761363965375832	5.6483077005729605	-0.5774742998688879	0.5751247676855447	0.9998640102074222	-5.005721485314653
Myl12b	-0.06603902941141016	4.489316542397682	-0.5779856088008215	0.5747913106517921	0.9998640102074222	-4.961073073739139
Rpl34	-0.07476067172668088	8.111931715051554	-0.5781720190699329	0.5746697666052822	0.9998640102074222	-4.9328704791451665
Nr1d1	-0.25500383788561454	4.471656216178837	-0.5783483575473496	0.5745548023699512	0.9998640102074222	-4.958515552913252
Synpo2	-0.06242902947271567	6.252101068038929	-0.5789196391263275	0.5741824393675896	0.9998640102074222	-4.996643287375694
Ubap2l	-0.04434737033679337	4.75585851177541	-0.5802089525332338	0.5733425400227097	0.9998640102074222	-4.993793225270145
Cox7b	-0.061996646634614905	8.882251563015902	-0.5811562143994553	0.5727258871704299	0.9998640102074222	-4.915610217718076
Tulp4	-0.06793199190671384	4.329056375769558	-0.5824360206932739	0.5718933232410347	0.9998640102074222	-4.937476950249788
Rcn2	-0.03449594209611018	4.25097797011189	-0.5827648404933679	0.5716795190425809	0.9998640102074222	-4.926808298943222
Sf1	-0.032844872910902545	5.016180956579892	-0.5832315575577823	0.5713761261042887	0.9998640102074222	-5.007800523703054
Psmb5	-0.03209432212160568	7.295185560429968	-0.583404950809313	0.5712634327631303	0.9998640102074222	-4.950678033946332
Fbxl5	-0.037388727460700544	4.786296802730971	-0.5839094180654628	0.5709356333173896	0.9998640102074222	-4.995218180084278
Atp6v1g1	-0.044037689452595785	7.63383506861264	-0.5850889717136365	0.5701695657889213	0.9998640102074222	-4.941268318303674
Myh1	-0.17171040653128244	9.747179720515888	-0.5853859104457501	0.5699768053357853	0.9998640102074222	-4.901695814346217
Vps37a	-0.045000633012358016	4.567021713247234	-0.5890934150445638	0.5675730310440554	0.9998640102074222	-4.967517919803471
Ube2l3	-0.030970022376915374	6.1800821279587375	-0.5892093004245786	0.5674979855552504	0.9998640102074222	-4.994881811747723
Abcd3	-0.05777624964058692	5.292221503864955	-0.5894620222824263	0.5673343457713365	0.9998640102074222	-5.006742648453039
Ivd	-0.04988124093071722	5.920159792388404	-0.5894858904571432	0.5673188922347007	0.9998640102074222	-5.000201313554533
Dync1h1	-0.08023675646918971	4.2911170713809925	-0.589520620805067	0.5672964063549364	0.9998640102074222	-4.929805222061847
Sec61b	-0.08574896622995265	5.163753048216312	-0.5900718927180768	0.5669395550308156	0.9998640102074222	-5.007026045634348
Rbbp4	-0.036402537303629856	4.792058807921721	-0.5910725126361959	0.5662921435515658	0.9998640102074222	-4.9929098661041245
Arf5	-0.03498316767314069	5.664720407152287	-0.5911193981963828	0.566261818024888	0.9998640102074222	-5.000236245091221
Sorbs2	-0.08457503664837063	5.437093702432921	-0.5915928844155234	0.5659556174595168	0.9998640102074222	-5.003152521760689
Mrps31	-0.03822099399775425	4.63526515710179	-0.5925817525066364	0.5653164149735144	0.9998640102074222	-4.975071066442001
Mybbp1a	-0.06140873618910625	4.8228653529602665	-0.5934898948596312	0.564729741944654	0.9998640102074222	-4.994724793284956
Nudt7	-0.14468400119745795	4.454908674343655	-0.5943715619043016	0.5641604918408376	0.9998640102074222	-4.950218546214126
Ttc4	-0.046074906654941294	4.553947680301025	-0.594534197772541	0.5640555200732471	0.9998640102074222	-4.963697143067877
Acot2	-0.16013251245760873	4.713767450837486	-0.5946527885791595	0.5639789835290558	0.9998640102074222	-4.98370561087367
Abcb7	-0.06540203251105403	4.2802333810370765	-0.5947142275314715	0.5639393340878103	0.9998640102074222	-4.926464308605881
Wipi1	-0.060850686297288625	5.731366897044557	-0.594937636162813	0.5637951709064304	0.9998640102074222	-4.998570566196091
Lsm7	-0.08790404871691049	4.23217324523088	-0.5950648193321361	0.5637131100184357	0.9998640102074222	-4.919898728766947
Sgms1	-0.05569688392519723	4.93084894810455	-0.5951057340963207	0.5636867124649366	0.9998640102074222	-5.000150804663002
Sptb	-0.07311539911650833	5.41601593849404	-0.5959255421145929	0.5631579285246135	0.9998640102074222	-5.001873111848574
Nedd4	-0.044530249811144174	7.114198286989664	-0.5963599596687353	0.5628778356438411	0.9998640102074222	-4.952722504467735
1810013L24Rik	-0.0512449240949735	4.416485068864963	-0.5975615175324683	0.5621035244057018	0.9998640102074222	-4.943794074003321
Asb16	-0.04010958549990651	5.525268632408892	-0.5988724719025331	0.5612593850526446	0.9998640102074222	-4.998422934615355
Cd63	-0.045367196773463014	7.154014202400813	-0.5993625064849708	0.5609440254177585	0.9998640102074222	-4.949934046975905
Jup	-0.08547624596590353	4.602941290770099	-0.6008040748171785	0.5600168774329495	0.9998640102074222	-4.967717904876955
Tsr1	-0.055682213575422246	4.184984425499595	-0.6012891656085319	0.5597050806526046	0.9998640102074222	-4.911411055495003
Hsp90b1	-0.04152829741360442	5.80713086631618	-0.6023396007587625	0.5590302323705365	0.9998640102074222	-4.9954769916892365
Gm15427	-0.09134012840236849	4.443111654395772	-0.6028098448628707	0.5587282717004873	0.9998640102074222	-4.9454072154919135
Magoh	-0.08027847333560167	4.724889650640713	-0.602926235378177	0.5586535471039149	0.9998640102074222	-4.981603657450509
Tomm7	-0.04714948226198956	5.542726064689372	-0.6038724548323574	0.558046264315311	0.9998640102074222	-4.996119377594029
Rdm1	-0.03736772804949684	4.672015565227714	-0.6041181241829574	0.5578886537982413	0.9998640102074222	-4.975127510691507
Alkbh5	-0.0407273275146256	5.353913128187293	-0.604333803020189	0.5577503042060907	0.9998640102074222	-4.99971456811091
Mvb12a	-0.0407834260313269	4.298882335198613	-0.6053398295424098	0.5571052287270146	0.9998640102074222	-4.925039007406034
Rab14	-0.03420849705759643	5.527552938734005	-0.6059413187341488	0.5567197450317587	0.9998640102074222	-4.9954909005305925
Ptpn3	-0.14564108364821848	4.736524930599025	-0.606278309697654	0.5565038383064626	0.9998640102074222	-4.981509557271836
Yipf3	-0.0563771100260535	4.318505870477513	-0.607104772557205	0.5559745288936422	0.9998640102074222	-4.926990083915358
Gpr180	-0.052318234709188616	4.458671028588369	-0.6073789928781174	0.555798965943491	0.9998640102074222	-4.945765786224338
Ubr4	-0.10219938880733803	4.532031731107928	-0.6099073985658466	0.55418166944819	0.9998640102074222	-4.95471590659374
Bcl2l13	-0.0362594345373628	4.437519126317265	-0.6099967984316715	0.5541245328322543	0.9998640102074222	-4.941894661810193
Wbp11	-0.054420537955853554	4.290157476248623	-0.6100972653561629	0.5540603270366985	0.9998640102074222	-4.922113661752233
Cpt2	-0.06436544100113384	5.228800538007257	-0.6137989071491802	0.5516976007265337	0.9998640102074222	-4.9973161497054255
Bckdhb	-0.05428137084049922	4.380949976869184	-0.6140107066245595	0.5515625817222882	0.9998640102074222	-4.9327199463885565
Tspan8	-0.06591339336506152	6.483908468796191	-0.6140177887933648	0.5515580672651643	0.9998640102074222	-4.974871223067799
Dnajc15	-0.04283517528123326	6.561994137122163	-0.6146578575085655	0.5511501473848328	0.9998640102074222	-4.971832096733018
Ube2n	-0.03972773678408448	4.421191613305998	-0.6151592215448971	0.5508307430053758	0.9998640102074222	-4.937708709591129
Nudt4	-0.05700776826509557	6.876079526623641	-0.6154006918410392	0.5506769463738113	0.9998640102074222	-4.956721511076078
Ppp2r5c	-0.031105672573923826	4.7990346905451595	-0.6175959795276562	0.5492798350145984	0.9998640102074222	-4.982754717647698
Otub1	-0.033369289013180925	4.915064874696264	-0.6195714536451035	0.5480243209995684	0.9998640102074222	-4.989334414211665
Ppp3cb	-0.040141938788461395	7.435588410135848	-0.6196137376972787	0.5479974650159012	0.9998640102074222	-4.932810779587139
Rps24	-0.053046586990284084	8.249424613728593	-0.6199087075226463	0.5478101406621236	0.9998640102074222	-4.914275175618826
Sfpq	-0.08208113467231559	4.246023642677129	-0.6208982502337868	0.547181982546004	0.9998640102074222	-4.912225274835101
Rps6ka2	-0.05099578264563487	5.4665118935005035	-0.6219423396282718	0.5465196390470373	0.9998640102074222	-4.989957829952709
Mcee	-0.061755053254256786	5.844469444357729	-0.6220402372086695	0.5464575585518028	0.9998640102074222	-4.9872075799294
Capn7	-0.03788420592035102	4.694783859876745	-0.6225111782445463	0.5461589729875993	0.9998640102074222	-4.970388054693716
Tor1aip2	-0.04010616838158043	5.252765488003635	-0.6228605801606122	0.5459375050977874	0.9998640102074222	-4.993298151196527
Atp5k	-0.06603594469309293	8.975443982830733	-0.6237243297633878	0.5453902365386838	0.9998640102074222	-4.8989988250083725
Ppp5c	-0.03876211806089902	5.499498521410744	-0.6238428160889485	0.5453151882455192	0.9998640102074222	-4.988440136335113
Clcn1	-0.06307801164678928	5.99070740944574	-0.6276999516040705	0.542875302985198	0.9998640102074222	-4.983536360728241
Ube2g1	-0.05187836140594637	5.984757780390804	-0.6288734916371677	0.542134195018356	0.9998640102074222	-4.983127103985771
Gm1821	-0.05126264613930687	8.084117327070857	-0.630429989481288	0.5411521313359402	0.9998640102074222	-4.914220532388395
Ankrd11	-0.09162868543368674	4.232003721346287	-0.6319108524422288	0.5402187299174861	0.9998640102074222	-4.906237689784367
Cipc	-0.0546763245545101	4.726281579332837	-0.632834244770611	0.5396371722007739	0.9998640102074222	-4.969446636308463
Bmi1	-0.03456470620699292	4.585662738602554	-0.6330474855617105	0.5395029227324959	0.9998640102074222	-4.952496965628766
Cap2	-0.049983227908572125	7.27824375573437	-0.6338721967324216	0.5389838908649593	0.9998640102074222	-4.9318666577730825
Hectd1	-0.07699847055470777	5.408228340785604	-0.6350659256751501	0.5382331231755144	0.9998640102074222	-4.985629914379442
Tpp1	-0.04488782483594811	4.644502643000464	-0.6352143591554467	0.5381398112531617	0.9998640102074222	-4.959016706944552
Fam120a	-0.038251089624704804	5.354611408586846	-0.6367117497976401	0.5371990022304487	0.9998640102074222	-4.986003701825185
Gstz1	-0.0384466457615007	5.11082561578052	-0.6379619816456941	0.5364142049767286	0.9998640102074222	-4.986577470471204
Mrpl14	-0.08785412545528537	6.592116419114035	-0.6379789031767455	0.536403587480913	0.9998640102074222	-4.961057356262884
Paip2	-0.03138519010328178	6.903608284725628	-0.640046945510523	0.5351068922882584	0.9998640102074222	-4.945334852846897
Vps33a	-0.053614660188745944	4.471819572398919	-0.6406361359328241	0.5347377904764121	0.9998640102074222	-4.9343744288440075
Txn1	-0.05860812412361582	5.574945089213591	-0.6420986135466866	0.5338222456609008	0.9998640102074222	-4.979582438912656
Eif4g2	-0.03594411938574371	7.080752451232454	-0.6424314262297829	0.5336140233308874	0.9998640102074222	-4.936015167188322
Eif3j1	-0.057031672423404345	6.734228015487908	-0.6424612991545374	0.5335953357961272	0.9998640102074222	-4.952823673371486
Sos2	-0.04620869168915842	4.320444075698598	-0.6427081120139015	0.5334409520827805	0.9998640102074222	-4.913574509444294
Copa	-0.04575260146955262	5.750030666224344	-0.6431411520412026	0.5331701437506129	0.9998640102074222	-4.978334402345065
Slain2	-0.04086487672529149	5.824852539955452	-0.6434599150915925	0.5329708509415397	0.9998640102074222	-4.978101456536376
Sec62	-0.061798177147453615	4.919892379186942	-0.6458396587471598	0.5314843770668625	0.9998640102074222	-4.978292169245515
Smim8	-0.04759583534702294	5.039969892799739	-0.6469629837018637	0.5307835406103001	0.9998640102074222	-4.981552864996488
Arcn1	-0.037081740018160225	5.7033910262887435	-0.6480474233250875	0.5301074718452385	0.9998640102074222	-4.9762397002658165
Tusc2	-0.03790694215437718	5.224254576300772	-0.648104376042079	0.5300719797757827	0.9998640102074222	-4.9825518658193575
Flot1	-0.029666675774524975	5.708147834923735	-0.6481637594896169	0.5300349743771222	0.9998640102074222	-4.976182051696206
Prdx1	-0.048925963685713114	7.838031165070512	-0.6481736880297416	0.5300287874524283	0.9998640102074222	-4.912846975987605
Rnf115	-0.08898644227167907	5.898428802233406	-0.6497912294458228	0.5290213824416847	0.9998640102074222	-4.975066283094453
Surf4	-0.04163274254145133	5.820042833864699	-0.650120145572182	0.5288166693457362	0.9998640102074222	-4.97520153918781
Rpl35	-0.0695049348241259	9.155100554687277	-0.6511764194032742	0.5281595691649037	0.9998640102074222	-4.886310945878436
Cul5	-0.03980053528812988	4.9725983721779174	-0.651301427998459	0.5280818336211519	0.9998640102074222	-4.978003055611463
Zfp260	-0.03491718199595084	4.249922354244059	-0.653141771340181	0.5269382008507664	0.9998640102074222	-4.900337866377191
Cep85	-0.048031786439303836	4.845567688496348	-0.6556154302046129	0.5254032829684834	0.9998640102074222	-4.970054008204848
Mtmr6	-0.04769144675113779	5.147886505861781	-0.6560356736413351	0.5251427790161338	0.9998640102074222	-4.978908201074679
Clip4	-0.11279918037662551	5.071900112172756	-0.6572133885420962	0.5244131289817708	0.9998640102074222	-4.9775716400363255
Ap1s2	-0.06413918113776695	4.893276761309982	-0.6599366044244154	0.522728237046626	0.9998640102074222	-4.970841297425982
Wdtc1	-0.059655297991135114	5.4020696877243415	-0.6600318043230143	0.5226693928952486	0.9998640102074222	-4.97479737425218
Mknk2	-0.08094385084973332	7.2177235795291566	-0.6601815189704843	0.5225768603958674	0.9998640102074222	-4.92326878612308
Mrpl47	-0.0691819395286224	4.572144925857835	-0.6611539595555986	0.5219760681783567	0.9998640102074222	-4.939006892304219
mt-Rnr1	-0.12603919002782504	10.373589863053057	-0.661266504102979	0.5219065621643804	0.9998640102074222	-4.864368105313331
Ppp2ca	-0.06487921006673325	7.0202776099432525	-0.6621011652836697	0.5213912558500967	0.9998640102074222	-4.930542817932946
Gadd45b	-0.07586243517845048	4.750988323241866	-0.6627096745955507	0.5210157601864117	0.9998640102074222	-4.959080735410485
Rapgef1	-0.05014399017454174	5.932472767294727	-0.6631932952001764	0.520717443385546	0.9998640102074222	-4.968838855894791
Plec	-0.08954453046092414	6.1230191867710495	-0.6657922471727834	0.5191160230579828	0.9998640102074222	-4.96416460400012
Bet1	-0.048951520971707296	4.290952472460669	-0.6658160759694624	0.5191013536642913	0.9998640102074222	-4.90056137585229
Tbc1d17	-0.04113817682587406	4.924232590094777	-0.6687070342937039	0.5173234441092021	0.9998640102074222	-4.968337743392487
St3gal2	-0.10036613557281093	4.621383049380775	-0.6707580513088789	0.5160642709999274	0.9998640102074222	-4.941042797108963
Ndufb4c	-0.060003656259368654	5.027896674110099	-0.6721345224659523	0.515220235964789	0.9998640102074222	-4.970055397272086
Fundc2	-0.04402416759338301	6.953938823204152	-0.6723717890636759	0.5150748296102133	0.9998640102074222	-4.929274266020823
Npc1	-0.16017061466724858	5.1917392627147105	-0.6741737630948127	0.5139713017962487	0.9998640102074222	-4.9708270327966755
Suox	-0.03695929463943859	5.022916147193435	-0.6758458796663933	0.5129485534720932	0.9998640102074222	-4.968264069978159
Prr13	-0.07164626739408497	4.472715663393285	-0.6764666956988021	0.5125691397798542	0.9998640102074222	-4.91958398494188
Cnst	-0.045369134433751235	4.2840195921028705	-0.6788977858527894	0.5110849771239802	0.9998640102074222	-4.894357661570233
Il11ra1	-0.09842792848938497	4.798503968177585	-0.6797481029109562	0.5105664692265639	0.9998640102074222	-4.955733927348154
Ubxn4	-0.0675260482821658	5.086363733993937	-0.6806567875060017	0.5100127164125838	0.9998640102074222	-4.967193447077568
Ppp2r2a	-0.03968469188984258	4.33718823025134	-0.6814522157884608	0.5095282760969142	0.9998640102074222	-4.900030708652663
Psma2	-0.03972082035753477	6.958200282779128	-0.6847718276822281	0.5075094967401115	0.9998640102074222	-4.923704644392353
Atp6v1b2	-0.042826404120325456	4.884984696627507	-0.6865084985651251	0.506455271901598	0.9998640102074222	-4.958417187072658
Dhx15	-0.04916520292664028	4.932364119290909	-0.6881540050868408	0.5054575990411385	0.9998640102074222	-4.9598114774196445
Lap3	-0.03918534613911184	5.0533276129386335	-0.6891594419071092	0.504848582177603	0.9998640102074222	-4.962700828739253
Supt5	-0.053507496287591216	5.337960157070805	-0.6915403921857641	0.5034081432094254	0.9998640102074222	-4.961593904250996
Gps2	-0.04195785551841169	5.323584892250505	-0.6916749709987178	0.5033267989653967	0.9998640102074222	-4.9617516278128155
Nop53	-0.04131482479204873	5.869030058216025	-0.6919866229856877	0.5031384557442128	0.9998640102074222	-4.956156635815715
Srp54b	-0.04088071885862021	4.96469629510131	-0.6922750338782502	0.5029641958144938	0.9998640102074222	-4.959192607884189
Ociad2	-0.05918761471174694	5.260326285374318	-0.6939805627597265	0.5019344463187938	0.9998640102074222	-4.961432209336874
Serinc2	-0.046782114665615104	5.94131093027178	-0.693995198313822	0.5019256152951237	0.9998640102074222	-4.954719635814141
Lrrc2	-0.08414494134846251	5.9973882441313435	-0.6945119641291013	0.5016138613337788	0.9998640102074222	-4.9537418151851575
Tubb4b	-0.07318716623490396	7.669956411690295	-0.694821868132627	0.501426958809327	0.9998640102074222	-4.897086105930019
Prob1	-0.07201153133495986	4.827839129296124	-0.6956752547535537	0.5009125002075381	0.9998640102074222	-4.950846036536999
Fto	-0.051198367610913564	5.308789040550164	-0.6977975907229466	0.4996344468145074	0.9998640102074222	-4.959097328758338
Lars2	-0.20199921560013223	5.710200573533362	-0.6982151082595118	0.4993832535556725	0.9998640102074222	-4.953529696701933
Tex264	-0.05027603627923405	4.457834579740387	-0.6990185675905847	0.49890007924319835	0.9998640102074222	-4.907922479383811
Asph	-0.07441700796486828	7.379811889834388	-0.7007389420615321	0.49786645467826407	0.9998640102074222	-4.900935768595353
Pias2	-0.04092860312687918	4.368116471133663	-0.700994554654719	0.49771299001225644	0.9998640102074222	-4.89566691975754
Flnc	-0.1484333660966577	6.939305394262512	-0.7016285996990776	0.4973324460023122	0.9998640102074222	-4.917162826582938
Cltc	-0.05643328560464855	5.40946267278821	-0.7029117548730281	0.4965628567145962	0.9998640102074222	-4.954926937222144
Itm2c	-0.10923715295064795	4.624950220090894	-0.7037016128018347	0.496089488950779	0.9998640102074222	-4.926805736005969
Dync1i2	-0.03635338349867201	5.126677850032445	-0.7039155529775235	0.49596132023694195	0.9998640102074222	-4.956716320307202
Asb5	-0.08982221628243447	7.81937237544094	-0.7045159175104279	0.4956017573885182	0.9998640102074222	-4.8899454928748565
Dram2	-0.03977309817057417	5.492186271862961	-0.7060023675577058	0.4947121939935504	0.9998640102074222	-4.951733376698745
Rpn1	-0.0438383109131939	5.021257763084106	-0.7061430522862149	0.4946280518731103	0.9998640102074222	-4.95411597277913
Bckdha	-0.0730004483820581	6.8890024752719485	-0.7061756172885008	0.4946085763156449	0.9998640102074222	-4.917518682860692
Art1	-0.05060835421879162	8.793856196118783	-0.7077899597469905	0.4936437017468275	0.9998640102074222	-4.86872544128435
Rragd	-0.05015264836208555	6.621945812525153	-0.708229425077756	0.49338123714526083	0.9998640102074222	-4.928903490968057
Selenof	-0.05738018498722042	6.485879959586479	-0.7089228952833604	0.49296724490348853	0.9998640102074222	-4.933417164056124
Rbm42	-0.05320378241860446	4.738323071292959	-0.7092153300486455	0.4927927289420849	0.9998640102074222	-4.936811139560464
Reep1	-0.10900573754758014	5.4613249957638645	-0.7092624053586328	0.49276463938931725	0.9998640102074222	-4.950829403191752
Herpud2	-0.06910829423700982	4.968270352294607	-0.7094266260850812	0.4926666575315436	0.9998640102074222	-4.951224590575101
Atg4a	-0.05326535722333503	4.90834581626524	-0.7098949942085341	0.4923872723263244	0.9998640102074222	-4.948595387002983
Kcnj12	-0.08940580037743562	4.646678626029404	-0.7105154817056859	0.49201729587039145	0.9998640102074222	-4.926250527945856
Rtn4	-0.04628887447587715	8.979716094920333	-0.7110407349902547	0.491704237345586	0.9998640102074222	-4.864744544222308
Gtf2a2	-0.06451797980893748	5.270687029006792	-0.7126356178506612	0.49075441114958085	0.9998640102074222	-4.9524953258284565
Arpc2	-0.03503348738687517	5.929516958666509	-0.712818491450945	0.49064557334584746	0.9998640102074222	-4.945994027669984
Vezf1	-0.06108652333437803	5.428920367854648	-0.7131439399369599	0.49045191822037526	0.9998640102074222	-4.949647760002135
Vapb	-0.03609489301879609	5.254424286641041	-0.7133710627933865	0.4903167986053194	0.9998640102074222	-4.952283806182314
Kif5b	-0.07525138187776736	5.249575752628566	-0.7134861067001539	0.4902483655485851	0.9998640102074222	-4.952270746704292
Ubtf	-0.08029210302783962	4.506845450614519	-0.7135126078269755	0.4902326023697243	0.9998640102074222	-4.907710695701936
Slc25a28	-0.03513251905262038	5.257177075630583	-0.7137517137816777	0.49009039340918026	0.9998640102074222	-4.952077007877123
Ppp3ca	-0.05473592726701337	6.3651134993594445	-0.7162418328076964	0.4886108916961338	0.9998640102074222	-4.933809865281693
Txndc15	-0.042610694029118434	5.0861316573869955	-0.716260352574064	0.4885998984808837	0.9998640102074222	-4.950418348451086
Copb2	-0.03920320237794961	5.468574787337373	-0.7183935075630369	0.48733468822113424	0.9998640102074222	-4.946311638733681
Mrpl24	-0.05467760506580799	5.42912642512137	-0.7190188783678383	0.4869641526362025	0.9998640102074222	-4.946822974915034
Atp5md	-0.09636241397550194	9.539541756442294	-0.7192999883790382	0.4867976499498752	0.9998640102074222	-4.854393409055404
1110038B12Rik	-0.08859697128761557	4.3168862614160375	-0.7195357368805454	0.48665804211350017	0.9998640102074222	-4.881267105639835
Eif3j2	-0.05880100666926058	4.71920931674148	-0.720213334602593	0.48625691303142315	0.9998640102074222	-4.9297247814369705
Dctn1	-0.04999639327753869	5.421427952004256	-0.7214815734185634	0.48550667981508944	0.9998640102074222	-4.945793705914997
Obscn	-0.12216491591952483	7.23283451356437	-0.7228637592043039	0.4846898542661926	0.9998640102074222	-4.895640658702914
Syncrip	-0.06280870809337902	4.494701863822797	-0.7237298768496405	0.4841784404449547	0.9998640102074222	-4.901564118355356
Ppp1cb	-0.0616534254603156	7.699338339986505	-0.7249434695549921	0.48346241528370226	0.9998640102074222	-4.8834449971101535
Nucks1	-0.05697354092322637	4.507600726564655	-0.7265907730932105	0.48249154730640353	0.9998640102074222	-4.901873302134385
Rnf139	-0.05778095407392758	4.4944416037713975	-0.7267003688816448	0.48242699791746846	0.9998640102074222	-4.900179198609755
Vps41	-0.04785804632030555	4.769325786622154	-0.727070912267713	0.4822087960352093	0.9998640102074222	-4.931184813094803
Ndufb4b	-0.06819044466333324	4.86645326415534	-0.7287227353234096	0.4812368311267844	0.9998640102074222	-4.93749781863094
Ccndbp1	-0.057231276398440833	4.559033409972198	-0.7287419220872039	0.48122554840483167	0.9998640102074222	-4.907324230292024
Capn1	-0.061295629179659805	5.574995437459584	-0.7291133506882379	0.48100716321089565	0.9998640102074222	-4.939524593144651
H2-K1	-0.08329012858914453	5.969310544832724	-0.729792841709591	0.4806078088084257	0.9998640102074222	-4.937393054457859
Thra	-0.06462504223042664	4.8547586120032	-0.7305685216127619	0.4801521734372046	0.9998640102074222	-4.935916274712824
Dnase1l1	-0.06936790325609454	6.7585453927988555	-0.7306595650536853	0.4800987120048642	0.9998640102074222	-4.91249914895424
Ksr1	-0.10278901546236341	5.929506530661671	-0.7312814707498323	0.47973362296263333	0.9998640102074222	-4.937111314349171
Tspan3	-0.045202969052467346	6.42618013798163	-0.7328268934624157	0.4788271318759565	0.9998640102074222	-4.924035381610062
Bud31	-0.06809735416206575	5.592780846632894	-0.7329371930575063	0.4787624747550946	0.9998640102074222	-4.937495901355411
Elof1	-0.05772282862240896	4.979099064904214	-0.7331368775875214	0.4786454344168235	0.9998640102074222	-4.940054794724247
Rap1a	-0.05273325182838473	5.407092090785802	-0.7331756981544655	0.4786226827327993	0.9998640102074222	-4.94040307420911
Rpl41	-0.08721728841143239	8.966420385096288	-0.7334637423973522	0.4784538888260138	0.9998640102074222	-4.8555004418800065
Gstm2	-0.11340213186089887	5.769917854316986	-0.7335738511905798	0.47838937487414956	0.9998640102074222	-4.93658659978683
Snap23	-0.040479988839559056	4.628299332593057	-0.7337192709079553	0.47830418016549403	0.9998640102074222	-4.913289424913007
Timm10b	-0.08171562249469222	4.51674645978376	-0.7340148279728301	0.47813105602661565	0.9998640102074222	-4.8996013257699875
S100a6	-0.16290837052053497	5.293636721587577	-0.7342276562792237	0.4780064148798687	0.9998640102074222	-4.941755704980631
Cbr4	-0.045713049056926636	4.969811234185723	-0.736962868688796	0.47640636296801964	0.9998640102074222	-4.937933845666894
Dbi	-0.07344316518863181	7.498284054339593	-0.737409927694618	0.47614515941717184	0.9998640102074222	-4.881864444648965
Ptpa	-0.053677583648544136	4.773004040171984	-0.7398184266170957	0.4747394834260823	0.9998640102074222	-4.9253496458419335
Mmut	-0.05617818620112658	5.000481357076391	-0.7409178460962982	0.4740986914677676	0.9998640102074222	-4.936777943176549
Gga1	-0.04161572990485052	4.673139653481505	-0.7415891309527608	0.4737077023932208	0.9998640102074222	-4.914708802819231
Calu	-0.045072232940069235	5.7465612869750995	-0.7418552103733373	0.47355278067278106	0.9998640102074222	-4.932537775800322
Cacna2d1	-0.09208362451011087	6.8268199299920695	-0.7428458702338204	0.4729762594633552	0.9998640102074222	-4.9035442383052805
Plin5	-0.24001676209013834	4.748145597826133	-0.7429241677496837	0.4729307124703196	0.9998640102074222	-4.9216581089393285
Bmpr1a	-0.057906365436599216	4.719478282031053	-0.7432156302832993	0.4727611879526411	0.9998640102074222	-4.918754802613506
Atg101	-0.07175249369017234	5.07246830986116	-0.7435026433310098	0.47259428866487174	0.9998640102074222	-4.936855851325777
Hint3	-0.07004805271507486	4.623008867480118	-0.7438170942545363	0.47241147658473437	0.9998640102074222	-4.907881186554099
Gdi1	-0.039936948651257076	4.709897903260582	-0.743981234457683	0.4723160681595977	0.9998640102074222	-4.917438099164578
Picalm	-0.08847779288607782	5.6375778777945875	-0.7447225731244271	0.47188530703200815	0.9998640102074222	-4.9313377364891675
Zfp652	-0.15575493932975792	4.350430069793544	-0.7447232311084386	0.4718849248144307	0.9998640102074222	-4.874198035671845
Mtrex	-0.04373552149607285	4.480026707067542	-0.7448188630247099	0.4718293750774538	0.9998640102074222	-4.89005339830619
Ywhag	-0.06363499832679764	7.157012539928053	-0.7470246956227033	0.47054921288184426	0.9998640102074222	-4.887275360148345
Memo1	-0.1067099213730831	4.366066110170364	-0.7473349441395807	0.4703693345532317	0.9998640102074222	-4.874912194315377
Sccpdh	-0.040583029381747515	5.202277894350669	-0.7478536957735561	0.4700686653269258	0.9998640102074222	-4.935548869916663
Sumo3	-0.05375458410631584	4.46256084751837	-0.7479206694300787	0.47002985611532133	0.9998640102074222	-4.8864612112100625
Papola	-0.059139136558815864	4.332851090088703	-0.7481480571110161	0.4698981068721494	0.9998640102074222	-4.870530075092451
Tbca	-0.08907581764689176	5.018988690268764	-0.7482117678388308	0.4698611968171986	0.9998640102074222	-4.933570809908588
Anapc4	-0.04524272604278501	4.592453642884219	-0.74864726273469	0.4696089469068948	0.9998640102074222	-4.901979943380993
Ddx5	-0.05466995953796605	7.807033032094503	-0.748753821637108	0.4695472382258222	0.9998640102074222	-4.870700861261382
Hras	-0.09588735633560397	5.807120295104131	-0.7496516706228974	0.46902749321680626	0.9998640102074222	-4.928610927985645
Erlec1	-0.08452770175784075	4.250314439038413	-0.7510153374808739	0.4682387905428176	0.9998640102074222	-4.859356675898182
Slc20a2	-0.08011759287276021	4.851786371880547	-0.7528693506535548	0.46716783009612617	0.9998640102074222	-4.924783761071407
Nae1	-0.055374653578972755	4.836912272184066	-0.752886839752685	0.4671577349885724	0.9998640102074222	-4.923918405499645
Dusp22	-0.08018325459453646	4.772252491314804	-0.7529976445405459	0.46709377913713446	0.9998640102074222	-4.918829247651966
Tars	-0.07105892110433665	5.074452400755027	-0.7541937141716427	0.46640376730837607	0.9998640102074222	-4.93153557857946
Psmc2	-0.055556279678709686	6.975627810641199	-0.7554003019741834	0.465708341185062	0.9998640102074222	-4.890719752121984
Ubl3	-0.04991851308710071	6.152383064113083	-0.7561190459723045	0.46529439971548825	0.9998640102074222	-4.92075566123614
Nktr	-0.08330868514604362	4.189646155867828	-0.7563441874299094	0.4651647834354219	0.9998640102074222	-4.849850580658954
Dtx3	-0.06201554974320356	4.575255255180924	-0.7568808858287343	0.46485589285603024	0.9998640102074222	-4.89598956345504
Adh1	-0.10533062632060641	4.660608946686692	-0.7572803065220229	0.4646260952730147	0.9998640102074222	-4.905677673322171
Fahd2a	-0.06050937917266186	4.271067274276567	-0.7583298438759433	0.46402261124164046	0.9998640102074222	-4.858555592188146
Ftl1	-0.12408813318916678	7.927292408971387	-0.7600775423229897	0.46301878875941826	0.9998640102074222	-4.863149150765368
Scn4a	-0.07938651273758435	6.687815218706819	-0.7607424025881635	0.4626372766039273	0.9998640102074222	-4.901253445513574
Styx	-0.05708224465952849	4.556651335316811	-0.7617237268690629	0.4620745353084983	0.9998640102074222	-4.891464683767777
Eif1b	-0.04814551728833294	5.36678582643483	-0.7638849618160976	0.4608367094053476	0.9998640102074222	-4.925858735889362
Ipo13	-0.09429443252800063	6.908794973880939	-0.7644538850767314	0.4605112157419753	0.9998640102074222	-4.889411449554973
Smim27	-0.11736712731669208	4.620499833213711	-0.7648644584465346	0.4602764086203821	0.9998640102074222	-4.897427589649907
Ttc7b	-0.05949353472967189	5.622056996014972	-0.7654854768323992	0.45992139294941137	0.9998640102074222	-4.921052064946544
Coa5	-0.06762524084821742	6.269388816930667	-0.7670745381158565	0.4590137746720657	0.9998640102074222	-4.911995114900112
Tmem161a	-0.05520283439390017	4.97450093717389	-0.7673360201582633	0.45886453457752785	0.9998640102074222	-4.922834333991337
Taf12	-0.041646315599455086	4.897668742515716	-0.7679811202488057	0.45849647818397943	0.9998640102074222	-4.919553902286501
Slirp	-0.09335076604370585	6.510614168329425	-0.7695372202517657	0.45760943510279184	0.9998640102074222	-4.903480636823017
Pcmt1	-0.04098551807572015	5.926156413293709	-0.7712913639159578	0.45661081588238717	0.9998640102074222	-4.917217068335779
Cyp27a1	-0.0919256561514592	6.5000574737120775	-0.7724230399225851	0.4559673034695858	0.9998640102074222	-4.902374655442562
Gm8797	-0.11560142673163032	4.259909281004971	-0.7731178366102075	0.45557250477846867	0.9998640102074222	-4.850525712636544
Mrpl55	-0.05307275767228514	5.6312968159571435	-0.7754515444209231	0.4542480464846367	0.9998640102074222	-4.915895400425979
Sidt2	-0.05413135801570146	4.239443375671549	-0.776018666276428	0.4539265594961397	0.9998640102074222	-4.846818043219829
Tmem37	-0.15891712913149192	6.159886032151819	-0.7765502535482505	0.4536253489555332	0.9998640102074222	-4.910273136895508
Bbip1	-0.039498772029745055	4.456757085666231	-0.7775109957348465	0.45308129465051594	0.9998640102074222	-4.871783132105434
Sept2	-0.05114679632082897	5.0405117605716505	-0.7778419859574336	0.45289395696298484	0.9998640102074222	-4.918917082141609
Crip1	-0.15152938329136578	5.184101242377893	-0.7787568293629291	0.4523764225961392	0.9998640102074222	-4.9197897535944675
Hp1bp3	-0.049984170803743844	5.045355792524855	-0.7805533784449786	0.45136120884872843	0.9998640102074222	-4.9175954328980325
Pim3	-0.1007663544010029	4.544577816820089	-0.7827005153981944	0.45014980940061	0.9998640102074222	-4.879813242463707
Acyp1	-0.07763164622857754	5.287476838942751	-0.7830386571512602	0.44995922369444485	0.9998640102074222	-4.917110727929458
Ndufaf8	-0.08303276996243625	5.015321047818704	-0.7835499915271888	0.44967112100964546	0.9998640102074222	-4.9154861987972165
B230219D22Rik	-0.05069188189622231	4.445210219826186	-0.7844656321397191	0.44915551668778786	0.9998640102074222	-4.867057238828449
Ppp1r3c	-0.29063838544238685	8.532166431098533	-0.7845648014204155	0.44909969664335814	0.9998640102074222	-4.839563623200813
Ube4a	-0.12816672635483162	4.305849440874607	-0.7850512178570523	0.4488259692814237	0.9998640102074222	-4.8503628308721005
Pde4d	-0.09194194261093802	5.645204452420836	-0.7851136204209743	0.44879086049645023	0.9998640102074222	-4.910848067793147
Ktn1	-0.08183980230107224	6.378359854215816	-0.7853096883643422	0.4486805607657972	0.9998640102074222	-4.8995444807798885
Prss23	-0.05703456996844469	4.944591319606298	-0.7857090643848686	0.4484559425457495	0.9998640102074222	-4.912390833199214
Rgcc	-0.15415019488100423	6.220067452771925	-0.7873744480498348	0.4475200771477499	0.9998640102074222	-4.903104386042675
Mapt	-0.07965033581499181	4.481970668285884	-0.7876636782577404	0.4473576727158509	0.9998640102074222	-4.869888169848452
Scoc	-0.051218664706619954	4.69955850354068	-0.7878079449516876	0.4472766804092012	0.9998640102074222	-4.894685337695602
Ubc	-0.1240983343469022	9.74920994749578	-0.7883659924906427	0.4469634781814781	0.9998640102074222	-4.821872750115419
Sdhaf4	-0.11483580741199262	5.051125501122952	-0.7934331017789932	0.44412609160760763	0.9998640102074222	-4.9109592802511735
Arl2bp	-0.05511951575695573	5.269398815045125	-0.7938066307293046	0.4439173942412784	0.9998640102074222	-4.911639295292302
Srsf11	-0.08264935378191662	4.919243884303064	-0.7952253124206945	0.44312533272977195	0.9998640102074222	-4.906403995577651
Eif2s3y	-0.09081239378035288	5.648940876681474	-0.7954068281287042	0.443024057485106	0.9998640102074222	-4.9054754023855285
Kat2b	-0.04921314068847504	5.228991566138733	-0.7962875987234399	0.442532852641517	0.9998640102074222	-4.910635504038672
Nmt1	-0.08209488695525202	4.7328868001661455	-0.7988905944490473	0.441083240473103	0.9998640102074222	-4.892176671360959
H1f0	-0.0452912930020295	6.460291208604486	-0.8012639180528908	0.43976423816594745	0.9998640102074222	-4.888931337813536
Fbxo31	-0.07193602603348737	5.776351744988787	-0.8034338067946261	0.43856055670350724	0.9998640102074222	-4.901069349073824
Pcmtd2	-0.09473204615954867	4.968949426130966	-0.8043899692619111	0.43803083936399745	0.9998640102074222	-4.903411852025763
Cse1l	-0.04551860286981757	5.266869230446589	-0.8047235427636221	0.4378461371728335	0.9998640102074222	-4.90587461278945
Atpaf1	-0.06688225497850464	5.376766162277054	-0.8065955795938787	0.4368105235584867	0.9998640102074222	-4.903427196922486
Psme4	-0.06743878542352899	6.611034449504349	-0.8074675404847211	0.4363287026535443	0.9998640102074222	-4.880869996587086
Gm10076	-0.17477864356559447	4.174063521369078	-0.8078562160120086	0.4361140440555663	0.9998640102074222	-4.824739283019973
Ghr	-0.05981434427760046	6.054984228236514	-0.8089162869742619	0.43552893834756445	0.9998640102074222	-4.895904607475586
Stau1	-0.05338826479484826	4.31981483629983	-0.8109796767565554	0.43439153173226286	0.9998640102074222	-4.8396461775518125
Timm8b	-0.07459665676382787	7.573135679317958	-0.811547989157524	0.4340786033894004	0.9998640102074222	-4.845523633547832
G3bp1	-0.03703435216666673	5.532056581556149	-0.8126327166158918	0.43348173496413045	0.9998640102074222	-4.897393292817512
Nomo1	-0.06425670474522871	5.291517137537157	-0.8127265317717716	0.4334301388403643	0.9998640102074222	-4.901355557065089
Xirp1	-0.21469878240361773	4.858829048922188	-0.8135347316363787	0.4329858155953028	0.9998640102074222	-4.893928539125697
Lrpap1	-0.049477544255000616	4.250583495228416	-0.8140868097141648	0.4326824728712867	0.9998640102074222	-4.830337783235376
Cat	-0.13632893295341297	6.405752777147159	-0.8141343781723366	0.4326563426472362	0.9998640102074222	-4.883831138964416
Gpx4	-0.06016657502506462	9.018064810522047	-0.8143262284925629	0.4325509663223863	0.9998640102074222	-4.8188459287549135
Smarcc2	-0.06981389192432186	4.283742932091686	-0.8145502803444836	0.4324279243141962	0.9998640102074222	-4.833860543332259
Schip1	-0.10556280334692936	5.576980111284841	-0.8148253252460315	0.4322769101544909	0.9998640102074222	-4.895724762642256
Slc35f5	-0.12963329084656738	4.431453656590348	-0.8151351272700984	0.43210685418206607	0.9998640102074222	-4.850437283157433
Ensa	-0.04676155272564397	7.2492715781389165	-0.815778890032892	0.43175362231052816	0.9998640102074222	-4.8510867926284105
2310002L09Rik	-0.0685891803840546	6.612335925825313	-0.816621974387634	0.4312913113575282	0.9998640102074222	-4.876076913931655
Kpna6	-0.05187389149727295	4.923312170274919	-0.8194569224964265	0.4297391487072324	0.9998640102074222	-4.893695273532459
Ythdf1	-0.05868243248291627	4.571354079421772	-0.819578828386183	0.4296724870015871	0.9998640102074222	-4.86437990592593
Tomm70a	-0.06150046403545684	5.056161414431975	-0.8203181825278849	0.4292683331986855	0.9998640102074222	-4.896691808364287
Cope	-0.04001117891779149	6.450442499806498	-0.8204265711887602	0.42920910577494087	0.9998640102074222	-4.8792265941953294
Retsat	-0.13093866198640214	4.967914196036473	-0.8205168678607382	0.42915976859089944	0.9998640102074222	-4.89475166969415
Gaa	-0.07494293119918272	6.888883153984715	-0.820767352558135	0.42902292596162594	0.9998640102074222	-4.862286482290351
Chmp5	-0.046798420799175844	4.628515584138229	-0.8207719343127935	0.4290204231663495	0.9998640102074222	-4.870127454466962
Riok3	-0.05883563655975266	6.275416278173823	-0.8210176200888578	0.4288862308442204	0.9998640102074222	-4.883944308578765
Dpp8	-0.08858827675904735	6.228570276019604	-0.8222030565087783	0.42823914238343563	0.9998640102074222	-4.884626564144822
Tead1	-0.11595246072556531	5.265302171232721	-0.82235681786642	0.42815525686332945	0.9998640102074222	-4.896400713319387
Gmppa	-0.06613667016998281	4.851393138967596	-0.8237581722514817	0.42739124104741677	0.9998640102074222	-4.88805059225035
Atp5l2-ps	-0.12792311708670834	4.6999387238448715	-0.8248038215569029	0.42682174484134183	0.9998640102074222	-4.875547327348084
Eepd1	-0.10080081763094917	6.732196912018749	-0.8269762173419276	0.42564019631441896	0.9998640102074222	-4.865935948384703
Gpx4-ps2	-0.07777319503668689	6.067761725988032	-0.8316683553176437	0.42309561248289485	0.9998640102074222	-4.883452782296315
Mia3	-0.08230022831569794	5.12105646930902	-0.8324087807472428	0.4226950025239846	0.9998640102074222	-4.890887568328918
Ece1	-0.09736900367409973	4.759407566650907	-0.8342082685260142	0.42172243863885206	0.9998640102074222	-4.875843874096768
Fgf13	-0.06257013631976704	4.2732195067296725	-0.8347463122852108	0.42143193427692704	0.9998640102074222	-4.822893974191592
Stip1	-0.05715361935671304	5.754898821092244	-0.8353823067490795	0.4210887162274346	0.9998640102074222	-4.883929021437182
Fcgrt	-0.09385014088263155	4.430984428002468	-0.8353994752938004	0.4210794537156134	0.9998640102074222	-4.840215778722742
Arl2	-0.05736823958500192	5.806810246257507	-0.836693780084315	0.4203815624333208	0.9998640102074222	-4.883156967517627
Ano5	-0.06300287118062453	5.143480988047065	-0.8394881264436049	0.41887748764373456	0.9998640102074222	-4.887147905628551
Gpn3	-0.0488697372703264	4.399947405658411	-0.8409067497738423	0.4181152867978546	0.9998640102074222	-4.833912147263612
Rpl10a-ps1	-0.08391955653731031	4.910157601842892	-0.8410069831553623	0.4180614684200904	0.9998640102074222	-4.881467091564272
Mrpl3	-0.07234958977270356	5.332313979972106	-0.8424626458623024	0.41728040249105036	0.9998640102074222	-4.884609248440468
Mbnl2	-0.060328840976026754	5.885692243540248	-0.845687741974194	0.41555340434562005	0.9998640102074222	-4.878003890823055
Safb	-0.0844363926092413	4.228587600929066	-0.8473526077171223	0.4146637747443537	0.9998640102074222	-4.811851817390118
Gosr2	-0.0453767618845724	5.149724201218395	-0.8491762521832504	0.41369077444081204	0.9998640102074222	-4.881799649314638
Tsc2	-0.06235891056890974	4.2839267280399165	-0.8494240094915396	0.41355870312961496	0.9998640102074222	-4.816834350692397
Morf4l2	-0.0541902056016319	6.636040366416114	-0.8539672770815984	0.4111418804371144	0.9998640102074222	-4.855404981448313
Rnf146	-0.06600409342678404	4.293148844368372	-0.8563507303378454	0.4098778135241682	0.9998640102074222	-4.8143698822224845
Sqor	-0.040885926544021345	5.102954136168114	-0.8582650228259114	0.40886447475076937	0.9998640102074222	-4.876393979882734
Ahcyl1	-0.06928309126885068	4.282627703780674	-0.8606062338461751	0.4076274564695308	0.9998640102074222	-4.811104078691083
Ubald1	-0.08434983237089888	5.213322113712052	-0.8610439945451133	0.40739644054896085	0.9998640102074222	-4.875235059790691
Nsa2	-0.0451126620942679	4.964534460192117	-0.8613258560076582	0.40724774315246337	0.9998640102074222	-4.872171315324888
Ywhah	-0.05654038970591202	4.633913151574259	-0.8614301039396494	0.4071927559875709	0.9998640102074222	-4.849127677668403
Psma7	-0.06258647303731824	7.20687861462937	-0.8623096638597306	0.40672901952758855	0.9998640102074222	-4.82866173618772
Csgalnact2	-0.05699269212915237	4.749938518931993	-0.8647975230862973	0.4054192732632159	0.9998640102074222	-4.858382410159352
Prrc2a	-0.0795845384623437	4.7269614785057605	-0.868272992763624	0.4035944074313962	0.9998640102074222	-4.854486286627746
Zcchc17	-0.05626526133168053	4.840532155514662	-0.8729090712931423	0.40116887729296813	0.9998640102074222	-4.860398326099757
Glyr1	-0.06245176112286277	4.730738263764245	-0.8730918240921856	0.4010734683030449	0.9998640102074222	-4.852149370903665
Sgcg	-0.05376707442347417	6.149979000433342	-0.8732397331529343	0.400996261406363	0.9998640102074222	-4.858665508137727
Utp3	-0.0567334807394726	4.802540790500924	-0.8742586474149902	0.4004646757776106	0.9998640102074222	-4.857163064987795
Ddx24	-0.06339731145808969	5.1918117275845965	-0.8744501629532275	0.40036481261694334	0.9998640102074222	-4.867607030660459
Kcnj11	-0.08161927287415782	6.276021424788566	-0.8744845430988231	0.4003468873652736	0.9998640102074222	-4.854733213946076
R3hdm2	-0.08781123279663117	5.267708648828472	-0.8745301057157859	0.40032313260074404	0.9998640102074222	-4.86730511673581
Sugt1	-0.06073428573504547	5.650342296697994	-0.8756348526081937	0.3997474514254338	0.9998640102074222	-4.8616733534306364
Ccl11	-0.19019029531513176	4.698269370741896	-0.8762455814844378	0.399429445543925	0.9998640102074222	-4.847517206627227
Tmbim4	-0.07126671754662084	5.978042282204008	-0.878098583177169	0.3984656510950113	0.9998640102074222	-4.859079695036043
Arnt	-0.08845076780626648	4.447955680478308	-0.8791580623100965	0.39791530600923497	0.9998640102074222	-4.819394515081715
Diaph1	-0.09592221147804736	5.170230113468066	-0.8793697382016362	0.39780541381855405	0.9998640102074222	-4.864760825935242
Cpe	-0.06567423685310025	7.600299451353268	-0.8815470229160086	0.3966762796487183	0.9998640102074222	-4.809640451377239
Fbxo40	-0.08243885514808369	7.230296945001887	-0.883139217890931	0.39585196770387365	0.9998640102074222	-4.816959940009649
Laptm4a	-0.06011843153345975	7.528263748069198	-0.8859282152707023	0.394410889770928	0.9998640102074222	-4.808585348188916
Abce1	-0.047849856039221095	4.905255009731598	-0.8867523698513228	0.3939857411828127	0.9998640102074222	-4.855581629243574
Eif2a	-0.05855227383692885	5.417637656082571	-0.8910336517113914	0.39178228562830475	0.9998640102074222	-4.855713857162026
Rbfox1	-0.0816110738905218	6.65718277616629	-0.8914785458560398	0.3915538005771507	0.9998640102074222	-4.834014606564971
Net1	-0.2227870563800476	5.0512641121467405	-0.8921452020603686	0.3912115973260104	0.9998640102074222	-4.85633492716246
Msi2	-0.09541713640856209	5.567259170268674	-0.8922999948250534	0.3911321698025553	0.9998640102074222	-4.8527203018274
Dag1	-0.08026753339341663	5.952187996945233	-0.8928891248146223	0.3908299764744847	0.9998640102074222	-4.8509108992889916
Dctn3	-0.049847492393799264	4.864189758017823	-0.8941697889505211	0.3901736193162455	0.9998640102074222	-4.849509393756457
Calcoco1	-0.07203389151336292	5.940143354996467	-0.8957408712460897	0.38936946231556	0.9998640102074222	-4.849374531722905
Six1	-0.09262860811447382	5.511552476091339	-0.896116996391211	0.38917711356542073	0.9998640102074222	-4.851135596481456
M6pr	-0.06614483529237436	4.2586225065309185	-0.8976955790725559	0.38837055191099734	0.9998640102074222	-4.789656213356437
Sgcd	-0.12925088104929472	4.476821079881553	-0.8996960582073583	0.3873500938549027	0.9998640102074222	-4.8114785263142466
Fabp4	-0.178094550999516	8.34240676131856	-0.8998358754699707	0.3872788418154398	0.9998640102074222	-4.786858420242982
Rab11fip3	-0.11743366073018624	4.739444356979017	-0.9015500096658705	0.38640604501081943	0.9998640102074222	-4.836851070583577
Sec11a	-0.08710105743984187	4.215022530994321	-0.9018194926727057	0.386268955120612	0.9998640102074222	-4.783100073516938
Ppp2cb	-0.045971081318678664	5.089333268565862	-0.9026774389597333	0.38583273080010216	0.9998640102074222	-4.850740057182846
Tubg1	-0.05777967547861529	4.460681976079197	-0.905633773186904	0.3843322043003331	0.9998640102074222	-4.806523880021613
Dnajb5	-0.06429237398476051	6.43672822255229	-0.9083695075749647	0.38294727408012286	0.9998640102074222	-4.831181193864992
Prkaa2	-0.06927190997386301	6.033204049496063	-0.9084924362410457	0.3828851249056221	0.9998640102074222	-4.840851048948261
Otud4	-0.07470935750062413	4.25999163770016	-0.9086416184564117	0.3828097121550518	0.9998640102074222	-4.784106339473561
Rere	-0.1012184844463011	4.381331513573526	-0.9126553984529919	0.38078460902698685	0.9998640102074222	-4.794384270232214
Bclaf1	-0.12597210425279037	4.33958872772225	-0.9141540057523482	0.38003043014095184	0.9998640102074222	-4.7892890740382095
Atad1	-0.07363398827228185	5.286761557300208	-0.9143400941823686	0.3799368536005965	0.9998640102074222	-4.843972297486387
Sms	-0.06336366691302153	6.436982872055456	-0.9156110396098558	0.37929817673657495	0.9998640102074222	-4.827006061559507
Frg1	-0.07435913699535579	4.304053139215919	-0.9169884517307344	0.3786068481785858	0.9998640102074222	-4.78416629042476
Nisch	-0.07522369197896328	4.320342750381798	-0.9201482824234981	0.3770242577118931	0.9998640102074222	-4.7841239557298225
Snhg3	-0.0950405516159396	4.900326772947042	-0.9210098535252186	0.3765935501557065	0.9998640102074222	-4.835414847661741
Snx13	-0.09362497899821243	4.601185327333634	-0.9214106712562148	0.3763932954879773	0.9998640102074222	-4.812460474578399
Paip2b	-0.08374095174209994	6.394911806802427	-0.9227627972438	0.37571830500880865	0.9998640102074222	-4.823970427540453
Tpp2	-0.05883917600943178	4.5173766546805645	-0.9234656162000305	0.3753677895726406	0.9998640102074222	-4.802630126013214
Rad23b	-0.06633181460564153	5.992097193178798	-0.9249606316388179	0.3746229493327258	0.9998640102074222	-4.83171657892921
Uchl5	-0.06815762177634355	4.3151745967578385	-0.927726720575184	0.37324758688438586	0.9998640102074222	-4.77953797961525
Ccni	-0.0859883814346345	5.244821438619412	-0.9298850759826739	0.37217688013204686	0.9998640102074222	-4.835020052644182
Cdadc1	-0.082633886949945	4.4507122773301795	-0.9304189468776528	0.371912374895887	0.9998640102074222	-4.79183672432371
Ipo4	-0.06351596106431323	4.312608495296243	-0.930950081295171	0.371649357247373	0.9998640102074222	-4.777546172137347
Naca	-0.12450638901885824	6.685698879736646	-0.9322989088190654	0.3709820089967155	0.9998640102074222	-4.809773364051732
Gstp2	-0.07653464800002396	6.259538376760801	-0.9328627541008627	0.3707032912070587	0.9998640102074222	-4.821557776592159
Rasd2	-0.18091023426284547	5.640948689817739	-0.9338011535944929	0.37023975370482565	0.9998640102074222	-4.8277885406063366
Aup1	-0.0543663315172811	5.783307702662976	-0.9348263826754426	0.36973379438481824	0.9998640102074222	-4.82697654159262
4833439L19Rik	-0.05807851548801857	7.257356407211542	-0.9393928824713829	0.36748613662354757	0.9998640102074222	-4.7855183435030675
Zfp207	-0.09948055848188453	5.400836808984138	-0.9394652735069757	0.3674505835660341	0.9998640102074222	-4.827372569389909
Ap2s1	-0.07903345300644027	5.270844360653154	-0.9408802774191707	0.3667561298365135	0.9998640102074222	-4.828192045465212
BC005537	-0.09993764855740839	5.665162468303601	-0.9414787053562444	0.3664627148348484	0.9998640102074222	-4.823113664581002
Rpl3	-0.13374259626762264	5.472480173591924	-0.9419344973516605	0.36623934753634313	0.9998640102074222	-4.8246391818965435
Apool	-0.09439695213385679	5.043507491961855	-0.9420019854103191	0.36620628228664576	0.9998640102074222	-4.826645551073436
Gpx3	-0.13248876726449943	7.874690692064551	-0.9422776328535715	0.3660712529952358	0.9998640102074222	-4.772662284672919
Zwint	-0.09210014334132666	5.319521735408874	-0.9425281367527485	0.36594857127745095	0.9998640102074222	-4.826695833355237
Tacc2	-0.256187833947652	6.534440695560738	-0.9430163039882048	0.3657095803635402	0.9998640102074222	-4.808393105775887
Atp6v0c	-0.04643991162375816	6.440839558524782	-0.9431834388491566	0.3656277820422067	0.9998640102074222	-4.8107927346204
Retreg3	-0.055106731818270305	4.645836194683019	-0.9432688184908294	0.36558600097944727	0.9998640102074222	-4.804226659525595
Scrn3	-0.0668893849058918	5.487288433644526	-0.9436402002989569	0.36540430247244293	0.9998640102074222	-4.82335314379152
Txnl1	-0.07339629814457727	5.327171922617938	-0.9438915890880192	0.3652813469988978	0.9998640102074222	-4.8257717419910335
Dusp1	-0.23268663355822472	4.652299286420354	-0.9450962742929789	0.3646925381583884	0.9998640102074222	-4.803773673411423
Clcc1	-0.06667335935854268	4.771852564766849	-0.9455265800289827	0.3644823833096382	0.9998640102074222	-4.813611126744569
Odf3l2	-0.3660961997597232	7.1385906542731545	-0.9479141716599352	0.36331788622523675	0.9998640102074222	-4.78412542799833
Trim55	-0.0671058054284206	5.159753303298414	-0.9517486600868095	0.36145325121189065	0.9998640102074222	-4.821781424370618
Bnip3l	-0.06549681113608852	5.344759822675492	-0.9521172319427256	0.36127438274382684	0.9998640102074222	-4.820538538824627
Ighm	-0.20207718689364285	7.349731139998853	-0.952687013662233	0.36099799129091426	0.9998640102074222	-4.775836313403973
Dph3	-0.0921123634201848	4.782660541017139	-0.9538963460929156	0.3604118654524249	0.9998640102074222	-4.809349212589697
Chmp2a	-0.05651703207240111	6.170273711914241	-0.9540993433663454	0.3603135457169033	0.9998640102074222	-4.811033982566016
Matr3	-0.08312072030063433	4.964508104556387	-0.9548558304229917	0.35994731758083853	0.9998640102074222	-4.817274428778493
Fam114a2	-0.0831463378770323	5.002388052904701	-0.9550095950585895	0.3598729101047954	0.9998640102074222	-4.81801379918905
Itgb1	-0.05835205255304832	6.048898683519617	-0.9550766326876152	0.3598404737059202	0.9998640102074222	-4.812885224678704
Hsph1	-0.07182100456563134	4.959521832314442	-0.9552735315294042	0.3597452155853813	0.9998640102074222	-4.816894438951139
Fam234a	-0.06296796725811493	4.706695920110927	-0.9566742544349212	0.3590680775959719	0.9998640102074222	-4.801872832402388
Atp6v1d	-0.055141325932912544	6.490795393939492	-0.9568537062489585	0.3589813929235186	0.9998640102074222	-4.801372636159328
Blmh	-0.0670580242160197	4.212336559622938	-0.957266678234743	0.35878196264801776	0.9998640102074222	-4.75366908731252
Snrnp70	-0.08224168323598047	5.617992862980082	-0.9585267389645367	0.3581739512454045	0.9998640102074222	-4.812978179442636
Mt1	-0.3188333664750589	4.41245423718506	-0.9589229464959078	0.35798292370928586	0.9998640102074222	-4.772018787205864
Mob4	-0.056977805071212195	4.845289232733242	-0.9594797418102458	0.35771459382406223	0.9998640102074222	-4.809864397108931
Fam214b	-0.058947029887934654	4.319637183459655	-0.9598821892749916	0.35752073681809104	0.9998640102074222	-4.7624295544241555
Hsd17b10	-0.047537932917866677	6.034228227797978	-0.9635933706351794	0.35573663001793265	0.9998640102074222	-4.8079171883145255
Atg13	-0.07892326497485858	4.511896616139596	-0.9655359841809188	0.3548052959238094	0.9998640102074222	-4.778086196773031
Phtf2	-0.06358814278783598	6.06108887798385	-0.9659401112095101	0.35461176857091603	0.9998640102074222	-4.806045697282209
Clcn4	-0.04696056403530324	4.598037643769946	-0.9686341231390713	0.3533236073830128	0.9998640102074222	-4.784748254480708
Uso1	-0.04810821443076296	5.336368492041667	-0.9696103493169338	0.35285765076223896	0.9998640102074222	-4.809867489323903
Ptges3	-0.08121587508172468	5.585342641703256	-0.9697937787057768	0.35277014863275413	0.9998640102074222	-4.806290540583765
Bcap29	-0.06678710905831409	5.32147951001665	-0.9715315657904312	0.3519419403769509	0.9998640102074222	-4.8088565647393375
Cdkn1b	-0.1324178875916262	4.286943983143428	-0.9719347051479051	0.35175000963025826	0.9998640102074222	-4.752662419068452
Srsf6	-0.07810940593490479	4.921364435352304	-0.9729142986409113	0.3512839494040245	0.9998640102074222	-4.804757731398664
Zfp330	-0.06312710931307652	4.264162917800473	-0.9729399117367084	0.3512717694693229	0.9998640102074222	-4.749967759496033
Pik3ip1	-0.11965761876058778	5.208197891673864	-0.9744721171817353	0.35054370605849783	0.9998640102074222	-4.807793785487251
Tango2	-0.12847442852036117	5.149737833599385	-0.9770847690407674	0.34930475879556855	0.9998640102074222	-4.806079872300253
Pih1d1	-0.08749197453512458	4.742375447668316	-0.977638758659514	0.3490424584887444	0.9998640102074222	-4.792087847356446
Pick1	-0.05530069327707299	4.981479937533522	-0.9784426245768167	0.34866210145136656	0.9998640102074222	-4.803088041602515
Usp14	-0.07922498564264657	4.617296980425637	-0.9798756185687633	0.3479848105937988	0.9998640102074222	-4.779882061556211
Fbxo32	-0.2171190781031882	7.442614317998024	-0.9815402586326986	0.3471992315756477	0.9998640102074222	-4.7575853466240785
Slc25a20	-0.15270126768141967	6.066224797174671	-0.9819697294825467	0.34699676392221634	0.9998640102074222	-4.796077508645816
Mef2c	-0.09020608119125573	7.56547025765258	-0.982016014612289	0.34697494859634015	0.9998640102074222	-4.755266454419125
Cops3	-0.05644928126148763	6.358870439412971	-0.9826107747242783	0.3466947119431395	0.9998640102074222	-4.7891193610939355
Sfr1	-0.056992496814724625	6.095452167645998	-0.9834467865935433	0.34630108086920797	0.9998640102074222	-4.794634571883213
Pcyox1	-0.051863181382304724	4.86408703643087	-0.9842792303406314	0.3459094521283269	0.9998640102074222	-4.795496830947799
Tmem87a	-0.1041836297668155	4.815177833182009	-0.9849719803010004	0.34558378842772863	0.9998640102074222	-4.79260374768775
Bfar	-0.06170724487705481	4.951999166885385	-0.9854314813484047	0.34536789853764316	0.9998640102074222	-4.7980053562434755
Zfand5	-0.1570512843757328	6.677407302450268	-0.9869764911657449	0.3446427165804983	0.9998640102074222	-4.7777233121848335
Ssb	-0.07338798492068488	5.263972666851537	-0.987289039001429	0.3444961505319425	0.9998640102074222	-4.799544494220981
Rsrc2	-0.06958593178702976	5.079610412578893	-0.9873341534370305	0.3444749983303037	0.9998640102074222	-4.799117748121506
Cog6	-0.09570621710460614	5.947869842395628	-0.987927574762788	0.3441968566982061	0.9998640102074222	-4.7938674231311875
Pkia	-0.06624971730315288	8.161057894605833	-0.9887868043259349	0.34379441794531584	0.9998640102074222	-4.742142820271654
Auh	-0.0760899369743333	5.5471221513639115	-0.9899969636794094	0.34322819433882734	0.9998640102074222	-4.794048837156292
Eif3d	-0.07680107668296277	5.35889421111102	-0.9907179138091401	0.342891190497419	0.9998640102074222	-4.796390979044857
Atp6v0d1	-0.08728335116639041	4.654264512226508	-0.9907489593063764	0.3428766838771067	0.9998640102074222	-4.776699159631083
Hsd17b4	-0.12846429499268908	5.086219474393423	-0.9908047353694087	0.34285062253524135	0.9998640102074222	-4.797016344375556
Atl2	-0.07532282208279018	7.084807839914088	-0.9914233875374058	0.34256165429256547	0.9998640102074222	-4.760668167400329
Isca2	-0.067636251632881	5.480459056681697	-0.9915905384333199	0.3424836096867666	0.9998640102074222	-4.793886097879295
Gm38560	-0.11068974326537351	4.284202011978413	-0.9944409744668288	0.34115470300159345	0.9998640102074222	-4.7398249757833675
Mat2a	-0.11509165221821238	7.139838016399449	-0.9944777617984303	0.34113757692890745	0.9998640102074222	-4.757202085883809
Fhl3	-0.1422407047888381	7.397088821324474	-0.9953024603318242	0.340753809172057	0.9998640102074222	-4.750501384687725
Sf3b1	-0.09281001004244516	5.417293018851064	-0.9954352182775839	0.3406920606281628	0.9998640102074222	-4.792496596316663
Usp2	-0.18771556957502789	6.297469262082732	-0.9960052524435431	0.34042701841844736	0.9998640102074222	-4.782346438146634
Slc43a3	-0.08535726648020425	4.438145034053469	-0.9965699259449972	0.3401646171141418	0.9998640102074222	-4.752858787412171
Glul	-0.40795827191741907	8.170721260642653	-0.9974210813452374	0.33976936804015634	0.9998640102074222	-4.737131477938746
Nfix	-0.09780285346634976	5.9024021383786724	-0.9996502731824316	0.33873579346265426	0.9998640102074222	-4.786851558305627
Bola1	-0.09455758569837958	4.466296043430843	-1.000029347020984	0.33856026312837617	0.9998640102074222	-4.753491112252883
Psmd3	-0.05489340582959734	6.305243673778897	-1.0022841316055406	0.337517558585094	0.9998640102074222	-4.778253127676097
Psme3	-0.04810791900302025	5.144503555516143	-1.003411749706298	0.33699698451822513	0.9998640102074222	-4.789428548516561
Sbds	-0.08257247910868326	4.625825177122781	-1.0042372848923633	0.33661624252850986	0.9998640102074222	-4.765916452052623
Oip5os1	-0.298977033444638	6.730025331218386	-1.0047142111783567	0.33639642483850807	0.9998640102074222	-4.765150778230441
Dnttip2	-0.08556812072344666	4.393399410389178	-1.005812412664567	0.3358906584235839	0.9998640102074222	-4.743274240762765
Map3k7cl	-0.1852965178893764	4.108711807518052	-1.0060923314126269	0.33576183367927637	0.9998640102074222	-4.7179333026711605
Syap1	-0.07284551574757447	4.796665632589317	-1.007159974054736	0.3352708138132108	0.9998640102074222	-4.777511946259016
Vldlr	-0.10935677400648647	6.66243669919644	-1.0084747037561235	0.3346668802174798	0.9998640102074222	-4.765102375620025
Usp9x	-0.17707307799707905	4.168407525509013	-1.0087817326108186	0.3345259586941519	0.9998640102074222	-4.721574706819505
Serf2	-0.053756244211159654	6.865850492190082	-1.0089784098389902	0.334435709768763	0.9998640102074222	-4.757659908167415
Stag2	-0.09244061819676119	4.271882494732729	-1.0148761542788043	0.3317377269566165	0.9998640102074222	-4.727121625303109
Gfer	-0.060073791082396966	4.845415692060455	-1.0168698270282637	0.33082933436974904	0.9998640102074222	-4.774118195405185
Hmgcl	-0.07273280653298286	4.868813629771439	-1.017967296684958	0.3303300687062769	0.9998640102074222	-4.774477056230464
Tom1	-0.055153399271215875	5.189356583583701	-1.0201969767461279	0.32931744450246636	0.9998640102074222	-4.778738782040221
Psenen	-0.06776093743688794	6.73047121689516	-1.020873226391328	0.32901077443398175	0.9998640102074222	-4.755201181180181
Zyg11b	-0.10367839383717747	4.540552301676374	-1.0222456900688945	0.32838902906689893	0.9998640102074222	-4.747129060963402
Ubr3	-0.13691992405054076	6.76836179011247	-1.0235019894408448	0.3278206690948706	0.9998640102074222	-4.752255616668932
Tspan31	-0.08561883240149282	4.507304932411855	-1.0239614206028071	0.3276130004090875	0.9998640102074222	-4.742999218490082
Sap18	-0.06252048322653181	4.6644076047394325	-1.0246505599999267	0.32730168310123886	0.9998640102074222	-4.756694121601329
Ogfr	-0.06795608301319156	4.4337029497269365	-1.025175856536721	0.3270645284595116	0.9998640102074222	-4.7355428041148295
Nub1	-0.08130832923267839	4.723474264192442	-1.028334130617748	0.32564134812662726	0.9998640102074222	-4.759110265652112
Ddx21	-0.11846571245467707	4.520970382557225	-1.0331164651956397	0.32349507600330485	0.9998640102074222	-4.738676534679604
Gm2000	-0.19866915170603683	4.3201983697827755	-1.0348101683231656	0.32273747920940665	0.9998640102074222	-4.71978511209098
Kctd9	-0.07238027525249535	5.105281475730157	-1.035046745707267	0.32263176266682303	0.9998640102074222	-4.76877146759094
Retreg1	-0.2598531210826316	7.456812662230324	-1.0350556401718236	0.3226277886043678	0.9998640102074222	-4.726059306768477
Pcnp	-0.05708250069963405	5.101354258159369	-1.0353660866080359	0.3224891033781724	0.9998640102074222	-4.7685355130410665
Atp6v0a1	-0.13328526856221412	5.032533309115847	-1.0367584675219457	0.32186763229327264	0.9998640102074222	-4.76678981871717
Mff	-0.04878480171820421	6.474955173574558	-1.0376885357735144	0.3214530048086489	0.9998640102074222	-4.7519408946928365
Eps15	-0.08131118889456079	5.200207846674498	-1.0383542290024006	0.3211564806291257	0.9998640102074222	-4.766926370775455
Dgkz	-0.12309578153355893	4.895963063617	-1.0387131043786955	0.32099670883501774	0.9998640102074222	-4.762133097670852
Psma1	-0.07552186277233552	6.568418281574942	-1.0396480106055501	0.3205807651409751	0.9998640102074222	-4.748411271775976
Nfkbib	-0.06930567250844444	4.6941826231033845	-1.0402913093145978	0.3202947919894198	0.9998640102074222	-4.749339201524714
Lamp1	-0.0511487678002549	8.541884799642117	-1.0409212796614378	0.3200149280129548	0.9998640102074222	-4.7068463375135705
Creb3	-0.09301907973543955	4.44717398738029	-1.0410916188780834	0.3199392862059847	0.9998640102074222	-4.727176425192414
Psmd7	-0.07234161009335516	7.229368357792809	-1.043207262796744	0.3190009112562799	0.9998640102074222	-4.725725865367717
Fgfr1op2	-0.04747675561537523	5.244599421721937	-1.045334032237799	0.31805967172501537	0.9998640102074222	-4.762272077539803
Itm2a	-0.11656336636759601	5.689617162370918	-1.0478180788207443	0.3169629391340609	0.9998640102074222	-4.756227054437915
Nr1d2	-0.06959106007039928	5.555282826355551	-1.048014391845254	0.31687638548293207	0.9998640102074222	-4.756765273908546
Rab5a	-0.06155939469965954	5.327724216467596	-1.0487783330338283	0.316539734866919	0.9998640102074222	-4.759299173828016
Apod	-0.17785779633104237	4.513101460986674	-1.0488761893818244	0.31649663123616234	0.9998640102074222	-4.728276268055566
Sult1a1	-0.10801516075053019	4.86329870740417	-1.0509986703159673	0.31556280319676816	0.9998640102074222	-4.752878644937184
Pdlim3	-0.1711875997619643	9.090530760622451	-1.0540620942173338	0.3142186257310765	0.9998640102074222	-4.6938342876461565
Cacng6	-0.08552053253813785	7.061076132420072	-1.0553784026957076	0.31364237149587354	0.9998640102074222	-4.722771673779498
Gucd1	-0.1443256627106928	5.670882647755864	-1.0568990833113878	0.31297763376799254	0.9998640102074222	-4.750302539458152
Clpx	-0.12335204046679582	5.603086761408372	-1.0578102223423218	0.3125798525662188	0.9998640102074222	-4.749989714746773
Tfeb	-0.06920195279776564	5.354991083513594	-1.061073194829225	0.31115843014863015	0.9998640102074222	-4.750857802839884
Tmem214	-0.09700119369233384	4.168425063810966	-1.0614165501056556	0.31100913988296125	0.9998640102074222	-4.691827320757561
Mcl1	-0.08316848382871189	6.361789784375497	-1.0620365182531653	0.31073971518977406	0.9998640102074222	-4.738867216054712
Maob	-0.07578458152313505	4.28030338605436	-1.0628617274617236	0.3103813694293567	0.9998640102074222	-4.699924581530997
Plpp3	-0.07889447911398939	5.114901222328251	-1.0645003807722813	0.3096707082794092	0.9998640102074222	-4.749377873482528
Rhoa	-0.06571979118909521	5.8989843853793476	-1.0651962010785816	0.3093693112825975	0.9998640102074222	-4.744488355189668
Cdc42	-0.07862860900028146	6.798542288210707	-1.0654514275321054	0.30925881441687025	0.9998640102074222	-4.724924152736586
Myoc	-0.2539697396094498	4.6214337008384705	-1.066251369456434	0.3089126827934931	0.9998640102074222	-4.726754251039756
Hnrnph2	-0.10058862421164783	5.17365699650969	-1.0668603585491245	0.3086493713257734	0.9998640102074222	-4.748036423858553
Sorbs3	-0.12318243499038584	5.7655052636949575	-1.0678408593635254	0.3082257828690801	0.9998640102074222	-4.742983613190885
Tax1bp1	-0.07331859080465186	5.643567455154719	-1.069932328199022	0.3073237066128758	0.9998640102074222	-4.741742081484592
0610009B22Rik	-0.08419077957629106	5.500980468296462	-1.0716099285913772	0.3066015771091673	0.9998640102074222	-4.741715563809007
Mef2d	-0.09227212795016548	5.948036244409279	-1.0716996054964096	0.3065630114268098	0.9998640102074222	-4.7398518187013385
Clec3b	-0.242870290143812	5.081191860035069	-1.0742459248775917	0.30546949068133794	0.9998640102074222	-4.742575656159
Polb	-0.07707562211145991	6.146556324363446	-1.0767555167908711	0.3043946287724189	0.9998640102074222	-4.733750441717396
Wdr61	-0.08199586784808943	4.227165918153608	-1.0801338969796097	0.3029521843952237	0.9998640102074222	-4.685470367584268
Socs7	-0.10672041342584837	4.300228396272931	-1.0817226136521283	0.3022756527415249	0.9998640102074222	-4.690246930523937
Tm2d1	-0.06780738545062182	5.409827317546068	-1.082416239175044	0.3019806417998659	0.9998640102074222	-4.735812591821761
Klhl7	-0.13233485094605157	4.432348610656143	-1.0830556927082426	0.30170886455249485	0.9998640102074222	-4.700147355534056
Zfp445	-0.09601620164480806	4.312426359091248	-1.0835450272927991	0.30150101538619867	0.9998640102074222	-4.690109301773723
Smim26	-0.11186955213092098	6.019032946055736	-1.0870448616442645	0.30001759547774093	0.9998640102074222	-4.728903517580515
Sf3a2	-0.10232401152937776	4.215618005998523	-1.0892901542677238	0.2990688412451304	0.9998640102074222	-4.679160935769851
H2-D1	-0.13378819085018812	5.946101667370137	-1.0900660896532863	0.29874149851488124	0.9998640102074222	-4.727583571350975
Ube3a	-0.15128853390845798	4.4368534850813095	-1.091238925471419	0.29824723323253716	0.9998640102074222	-4.6954122595782115
Gabarapl1	-0.20596341846363586	5.699980638997936	-1.0930595521104836	0.29748120394936867	0.9998640102074222	-4.726144315947826
Klhl30	-0.09921103818561061	5.067173234588967	-1.093763036029335	0.2971856143683487	0.9998640102074222	-4.7292200532055775
Bub3	-0.06239621362480996	4.627646934443207	-1.0960677681063233	0.2962187798823225	0.9998640102074222	-4.707992645318109
Asb11	-0.09592318804534905	7.095715501497167	-1.0970642239630324	0.29580151000074706	0.9998640102074222	-4.695674190487093
Ankrd9	-0.20606149322490275	7.104169606835565	-1.0972862728561372	0.29570858723275695	0.9998640102074222	-4.69530525679722
Map4	-0.1258847320428842	7.725862203023996	-1.0974434140144744	0.295642840432475	0.9998640102074222	-4.6845518624423255
Calr	-0.06736361442864158	6.3597063522916235	-1.09780839768865	0.2954901767465086	0.9998640102074222	-4.715358929681637
Trim35	-0.09320819035210004	5.472986291651908	-1.0979343855228076	0.29543749309999745	0.9998640102074222	-4.724393410064374
Rnh1	-0.08311342655282239	5.1972074951468334	-1.098467574139055	0.29521461184782055	0.9998640102074222	-4.726686538793714
Pfkfb4	-0.2808105459208807	5.230490506699277	-1.0989996921452707	0.29499230605559723	0.9998640102074222	-4.726328158723026
Enpp4	-0.07043544174568073	4.7824589899443914	-1.1002836454359124	0.2944564280798514	0.9998640102074222	-4.716072749316019
Dnajb4	-0.11005783566579108	4.631012819828058	-1.1012155239637629	0.29406795972611216	0.9998640102074222	-4.704890440339827
Srp54c	-0.06216418060938711	5.084749946046636	-1.1015842561730913	0.29391435598419247	0.9998640102074222	-4.724087290426371
Gm3724	-0.09206060468544042	4.314985616241775	-1.1017801606420237	0.29383277248285267	0.9998640102074222	-4.679202028416356
Mrpl50	-0.07188531726949243	5.221429493738275	-1.1023565201749772	0.29359285057369494	0.9998640102074222	-4.724036438576744
Cct4	-0.0590301343395927	6.316189208865955	-1.1055135054996748	0.2922813436990583	0.9998640102074222	-4.711123082297936
Psmd13	-0.052401782561308785	6.074403183291776	-1.1055307733922188	0.29227418243959213	0.9998640102074222	-4.715697940055963
Rars	-0.056577616419994925	5.022977651637278	-1.1088186178878936	0.29091310823010796	0.9998640102074222	-4.718386008784091
Smim13	-0.07291838871474265	4.403204909640708	-1.113533231081434	0.2889698737933235	0.9998640102074222	-4.678720373149022
Gcdh	-0.08445388415613575	4.840504614892835	-1.1145795679054686	0.2885399559919872	0.9998640102074222	-4.709453681272357
Srsf7	-0.10465621180364248	4.561475555728342	-1.1147981198978163	0.2884502196036223	0.9998640102074222	-4.690507567247111
Anxa2	-0.19534629911300083	4.437065511241426	-1.11653970767887	0.28773589781512393	0.9998640102074222	-4.679463859544528
Ppa1	-0.05646866257347849	5.596468706255624	-1.1187213722765048	0.2868429949463094	0.9998640102074222	-4.70901733013345
Rab6a	-0.0676042753644035	5.833867669648987	-1.1189874343729973	0.28673424804858705	0.9998640102074222	-4.708381962776197
Selenot	-0.06463486671912211	6.35289919352095	-1.1200548271808777	0.2862982940193367	0.9998640102074222	-4.7005628319250485
Pon2	-0.06737746088327334	5.289275808976256	-1.1242235132197103	0.28460056747100826	0.9998640102074222	-4.708597354680902
H2ac18	-0.08636486311213609	5.63963579407786	-1.1242672855918472	0.2845827821055414	0.9998640102074222	-4.704968481691944
Fzd7	-0.22268384845005418	4.258464030380366	-1.1248994571264352	0.28432601692345033	0.9998640102074222	-4.660820482216407
Bcat2	-0.08421886096757891	5.346071967350641	-1.1253637451415548	0.2841375537137386	0.9998640102074222	-4.7072641623974985
Atn1	-0.13675139432610006	4.175365442763097	-1.1282438601412024	0.2829706125196234	0.9998640102074222	-4.652951850822871
Vim	-0.20896582486611415	5.540852498669617	-1.129017821568609	0.28265765657316	0.9998640102074222	-4.702309657393309
Rbm24	-0.12802404573991044	6.910675401065485	-1.1314296093875043	0.28168414954650145	0.9998640102074222	-4.678694088251593
Gpbp1	-0.06620638146517255	5.091341820598333	-1.1315408336947865	0.28163931693543764	0.9998640102074222	-4.703465223726482
Tmem140	-0.31810494852943094	5.226258829737062	-1.1342890232646667	0.28053331967520356	0.9998640102074222	-4.701932663170665
Lactb2	-0.09713440183715161	4.259675312107341	-1.1350358416831978	0.2802333470246505	0.9998640102074222	-4.654664862368164
Klhl33	-0.13674592818502163	5.6052381357838295	-1.135705000117106	0.279964778747535	0.9998640102074222	-4.697234775208206
Vps35	-0.061598365606694294	5.523334603717159	-1.1377936403729885	0.2791277795572518	0.9998640102074222	-4.696375567767023
Hook1	-0.11600980777511705	4.390127190365844	-1.140786978366264	0.27793161427703594	0.9998640102074222	-4.660426194251744
Ppp1r15a	-0.23496244777305542	4.665435538828802	-1.1415175738903325	0.27764026588962076	0.9998640102074222	-4.680635386775511
Igfbp6	-0.27182123422612214	4.3254582596170215	-1.1418702385569202	0.2774997143492158	0.9998640102074222	-4.655057973742834
Ube2h	-0.09518372435496048	4.2829919091859905	-1.1419026036836861	0.277486818265564	0.9998640102074222	-4.652047655686204
Ifitm2	-0.17746583454681986	5.162343611758931	-1.1445318896958787	0.27644071564453965	0.9998640102074222	-4.694697228842195
Map3k7	-0.07195658631855117	4.66020397531679	-1.145666681830452	0.2759901679241611	0.9998640102074222	-4.6774411540079495
Ykt6	-0.06623278677502142	5.202416799931763	-1.1485124437830334	0.2748628213674361	0.9998640102074222	-4.691930681776519
Gdi2	-0.069019060268257	5.796401687208888	-1.148690468380474	0.2747924162260049	0.9998640102074222	-4.687837262144887
Pxn	-0.11285372647441516	5.080950270095018	-1.1487858596568021	0.27475469666971264	0.9998640102074222	-4.691258184181184
Dlgap4	-0.12348545762784813	4.756923197437047	-1.150260720594245	0.2741720204735325	0.9998640102074222	-4.6805815438286915
Lman2	-0.07755130521612053	4.626226023056944	-1.1527385672301136	0.2731952582818952	0.9998640102074222	-4.670198888220882
Adhfe1	-0.11408484766948579	4.31470653436083	-1.153184571956926	0.27301973225464116	0.9998640102074222	-4.647156434768406
Qdpr	-0.0604509560988582	5.106557339843382	-1.1545780424290317	0.27247189526255533	0.9998640102074222	-4.687376329133161
H2ac19	-0.08856028579680508	5.554603825952023	-1.15920181428716	0.2706602169135885	0.9998640102074222	-4.681103908289736
Clk4	-0.11570264233456129	5.433764144265786	-1.1629254334876857	0.2692080819952123	0.9998640102074222	-4.6798073390952135
Fopnl	-0.0654239589386787	6.1222539009431785	-1.1636098239474464	0.268941847455875	0.9998640102074222	-4.67486970884115
Ttc19	-0.1074818284156267	4.5736950260667	-1.1645612686419913	0.26857206833960623	0.9998640102074222	-4.658395063481735
Mapre3	-0.071275110295133	5.6885952480901665	-1.16683838101742	0.26768868332702067	0.9998640102074222	-4.6751393339008995
Tcaim	-0.12712285045565963	4.366761429986875	-1.1683583233180406	0.26710030246248695	0.9998640102074222	-4.641039051376684
Lypla1	-0.06287140527625645	6.058392068694834	-1.1687082637252617	0.26696498150205744	0.9998640102074222	-4.672219790246916
Mtdh	-0.07482621428494252	5.897825945988764	-1.1689426494788717	0.2668743752333875	0.9998640102074222	-4.67339442996414
Erp29	-0.0827603241714403	4.7438247863867185	-1.1751122440603117	0.26449805684217015	0.9998640102074222	-4.662585520759421
Slc25a42	-0.15086239447625172	4.550961174672102	-1.1786481291757398	0.2631436602911018	0.9998640102074222	-4.647257772665998
Tbc1d15	-0.12287930324094543	4.248800907644337	-1.180991386722435	0.2622490991191945	0.9998640102074222	-4.625186581921119
Prpf18	-0.054445195929204715	4.596771159176836	-1.182167522283289	0.2618010006603431	0.9998640102074222	-4.648072019807625
Arhgdia	-0.06905515167806797	5.547264014497723	-1.1832069240896168	0.26140549849227995	0.9998640102074222	-4.664109867226197
Taf9	-0.08527794053820514	5.327272743032347	-1.1844670297661333	0.2609266474736792	0.9998640102074222	-4.665649308692287
Vmp1	-0.08231659538231906	5.323771238337228	-1.1855138487161938	0.26052937288991573	0.9998640102074222	-4.664927643694047
Atp8a1	-0.10993388136469662	5.088633935891806	-1.1857559935700155	0.26043754525432666	0.9998640102074222	-4.664977609054604
Rab1a	-0.05864379216862936	5.806165069231738	-1.186183771280851	0.26027538313792314	0.9998640102074222	-4.66129853027022
Emc10	-0.0708184359713897	4.939697267553108	-1.188816479169083	0.259279126964793	0.9998640102074222	-4.660608672351946
Zranb1	-0.10670865770661031	5.540742540818926	-1.1910377350361832	0.25844091225867877	0.9998640102074222	-4.658548762531143
Cry2	-0.10930446005724459	4.651917921255624	-1.1916866881956745	0.2581964270259701	0.9998640102074222	-4.64524523866032
Rnasek	-0.06505429719276723	6.494825653241052	-1.1928512410303749	0.2577581538532538	0.9998640102074222	-4.647597788860679
Akirin2	-0.13429802775807342	4.3162898397777765	-1.1950579038463818	0.25692930035155365	0.9998640102074222	-4.620424326957574
Atp6v0c-ps2	-0.066325233891809	5.335710294107473	-1.1965591962435065	0.2563665992463204	0.9998640102074222	-4.656836140657454
Dctn2	-0.055153736048628055	6.260030894636665	-1.1993160319054854	0.25533584561932976	0.9998640102074222	-4.647269523449305
Ulk1	-0.1659942764841027	5.21563368273238	-1.200684243834495	0.25482550427233097	0.9998640102074222	-4.654538700543168
Rab5b	-0.06757740838329074	6.075800739527647	-1.2017588044390881	0.25442526120545544	0.9998640102074222	-4.648440775369568
Lrrc30	-0.2379329418648739	6.993095641543005	-1.201956815584633	0.25435156209855503	0.9998640102074222	-4.629209527085786
Rn18s-rs5	-0.363731990848974	10.648311447062758	-1.2027749453706276	0.2540472361763098	0.9998640102074222	-4.59501089465791
Tpd52l2	-0.10093873507209405	4.666852934080006	-1.2066355474037112	0.2526150720005037	0.9998640102074222	-4.635771692735671
Nmd3	-0.08960148634434084	4.347902733852076	-1.2091713679478562	0.25167785247993946	0.9998640102074222	-4.613170823240857
Mylk2	-0.167585982463466	9.556237404890222	-1.2112572788838294	0.25090898821019586	0.9998640102074222	-4.597151191305829
Eif4a3	-0.10284280160491033	4.690623805737979	-1.2122343965744502	0.2505494664758672	0.9998640102074222	-4.633340622098851
Gnb2	-0.08982007936008163	5.565406265449933	-1.2132697098393368	0.25016897926315373	0.9998640102074222	-4.642297741476348
Chpt1	-0.15496437711218203	6.302725309901638	-1.214390433250437	0.24975762122004422	0.9998640102074222	-4.635744587723099
Mpp5	-0.12375817187042681	4.5715909804473736	-1.2145695110412544	0.24969194117038562	0.9998640102074222	-4.624021580699255
Psmb1	-0.08013039312642167	7.398290433541265	-1.214690298210799	0.24964764803270073	0.9998640102074222	-4.613081975264389
Mib1	-0.2866536802059141	5.532786867270874	-1.216752694313371	0.24889232368031639	0.9998640102074222	-4.639992574755712
Klf15	-0.22239960296088146	5.325450221269172	-1.2194421176395296	0.2479100944240863	0.9998640102074222	-4.640228800049418
Tmem30a	-0.08748943767705608	5.892419648604325	-1.222807716311749	0.24668526815754477	0.9998640102074222	-4.634668641469403
Nfic	-0.11810101289030506	6.431975088375367	-1.2240130271746825	0.2462478010044615	0.9998640102074222	-4.626609769889712
Plin4	-0.40708281069512253	7.225308062522366	-1.2245293491274036	0.2460605916803093	0.9998640102074222	-4.609048857790645
Tsn	-0.08605733348978539	4.449506977758976	-1.2274141653726576	0.2450166980785146	0.9998640102074222	-4.6072809108862245
Cct3	-0.06411779631252479	5.664087647258437	-1.232580668044306	0.24315600644454086	0.9998640102074222	-4.627767504102177
Cuedc2	-0.14207725652159908	5.436187771349744	-1.234032959240558	0.24263501165811974	0.9998640102074222	-4.628316092015566
Son	-0.14132186284600845	5.431570981100911	-1.2388861084254204	0.24090047710828733	0.9998640102074222	-4.6247814531338625
Atg9a	-0.09845758499882074	5.868342784645591	-1.2429722708596112	0.2394477905898543	0.9998640102074222	-4.619914468726038
Setd7	-0.14412932377932108	6.474129252036168	-1.2434175427274146	0.2392899162535364	0.9998640102074222	-4.611925782846107
Psap	-0.08025137539005733	8.57969444358672	-1.251181096597924	0.2365507121575393	0.9998640102074222	-4.5775222800274005
Nosip	-0.07329283480014492	4.258429170449539	-1.2518300274449263	0.23632289831589037	0.9998640102074222	-4.579936970988579
Mir7091	-0.24559437805911166	4.081359501037063	-1.2534739808825017	0.23574656235021535	0.9998640102074222	-4.570185012462686
Lamb2	-0.07797515515977427	4.6419920746653185	-1.2547194623491866	0.23531067683765156	0.9998640102074222	-4.600028008568655
Serpinf1	-0.25884821400546887	4.387185665833786	-1.2550985825672123	0.23517812384544046	0.9998640102074222	-4.584718112826235
Ppp1r3a	-0.11964023247164679	6.894222424959503	-1.2553609934437913	0.23508641156267934	0.9998640102074222	-4.594474937500663
Srp72	-0.08681202283062728	4.591021891019543	-1.256418326436807	0.2347171671025565	0.9998640102074222	-4.595802515243859
Rbl2	-0.13800667714046888	4.6456504263691	-1.2593914990894128	0.23368137498362282	0.9998640102074222	-4.596875775802822
S100a1	-0.14542722870524916	7.450103377048142	-1.2602886781495517	0.23336954189955147	0.9998640102074222	-4.581612115285448
Ppp1r2	-0.06788718279754313	5.786270885878298	-1.2613351596200633	0.2330062403056941	0.9998640102074222	-4.606395280862394
Bsdc1	-0.08352436088198356	4.93883329412047	-1.2646588789640631	0.2318553908331849	0.9998640102074222	-4.604917336754882
Mbnl1	-0.07291511744520651	6.984430792556336	-1.2648238314376956	0.23179839535701507	0.9998640102074222	-4.5857864300289
Polr2k	-0.12032903700513753	5.290278867116183	-1.2650915850654358	0.2317059034623206	0.9998640102074222	-4.606536622994321
Impad1	-0.11427593276723158	5.175913138443301	-1.2679977052023108	0.23070394222005763	0.9998640102074222	-4.604609713864014
TrnM	-0.4972084992618928	9.214394769473863	-1.2711079788659743	0.22963548171544132	0.9998640102074222	-4.561062557381964
Etl4	-0.20470618820766173	4.881788822335594	-1.273090906300669	0.2289563891338141	0.9998640102074222	-4.597285724441443
Klhl38	-0.22840879855242324	6.168324777912685	-1.2731420563284852	0.2289388933575383	0.9998640102074222	-4.594920710874681
Zdhhc18	-0.10001111176718247	4.6024490914125025	-1.2731459277072166	0.22893756920342984	0.9998640102074222	-4.584493270981641
Atp6v0e	-0.14538213459416482	4.583117952427986	-1.2768446541693883	0.22767530283418466	0.9998640102074222	-4.58072144034463
Zfr	-0.09677409669521797	4.687158886320434	-1.2771337370589149	0.2275768857473687	0.9998640102074222	-4.586345652167687
Epdr1	-0.09893805672743206	6.163524151586109	-1.2776572841581817	0.22739873417429907	0.9998640102074222	-4.591618246545034
Lamp2	-0.13767174634136303	5.54545407328734	-1.2787408506834415	0.2270303799152816	0.9998640102074222	-4.59392517223069
Senp3	-0.07800321777836672	4.496907134709362	-1.2791100057616427	0.22690499777154427	0.9998640102074222	-4.57421709310687
Rbm25	-0.10827629586905996	4.828153739600627	-1.2810463678184996	0.22624824050913564	0.9998640102074222	-4.589755379549355
Rab5c	-0.08311591964240783	4.685141109065255	-1.2834523867217071	0.22543434239202134	0.9998640102074222	-4.581598846668784
Klf9	-0.17932381468583003	6.695108492815387	-1.2845493525084697	0.22506405628365359	0.9998640102074222	-4.5779671421389105
Acvr1b	-0.238803685926265	5.200082648980875	-1.2920070333786973	0.2225597808099309	0.9998640102074222	-4.586385175515658
Actr1b	-0.09078393612764568	6.570793076263246	-1.2929085543279657	0.22225859609058435	0.9998640102074222	-4.574187980549765
Gm12481	-0.1330074550536997	6.496686809672305	-1.2949636755922396	0.22157325308629636	0.9998640102074222	-4.573827347600904
Ddx3x	-0.13637180413632866	6.39517922397233	-1.295959988966895	0.22124162301890316	0.9998640102074222	-4.5745828471141605
Vps37c	-0.09643996571935087	4.576088748724641	-1.2973309153296504	0.22078596267112363	0.9998640102074222	-4.565542869627548
Cisd2	-0.10248397960948274	4.829371541313099	-1.2982610940152004	0.22047723194609295	0.9998640102074222	-4.576841282206656
Asb2	-0.1895004764718351	8.87527705162581	-1.2988159778105413	0.22029323133091405	0.9998640102074222	-4.544531181493298
Art5	-0.1744359119655634	4.641175933996741	-1.3040404764095648	0.2185669217882115	0.9998640102074222	-4.564080591967193
Acad11	-0.10048646623389956	5.015353724994463	-1.3077382009421563	0.21735179813316421	0.9998640102074222	-4.573400609178969
Trappc3	-0.09767091719920273	4.250666702989602	-1.3132135266501752	0.21556269731523325	0.9998640102074222	-4.538494046667763
Eif1ax	-0.06304932188900558	5.134414338369621	-1.3141022638862414	0.2152734385898498	0.9998640102074222	-4.569315386636749
Pafah1b1	-0.0839967689545924	5.624946191847102	-1.3153175194074276	0.21487842297289755	0.9998640102074222	-4.5657487861903565
Ccn1	-0.27564556762586623	4.4046226718756785	-1.3156607319278173	0.21476697043085458	0.9998640102074222	-4.543655535861187
Acox1	-0.12043121525341682	5.930296843852589	-1.3180312166928354	0.21399849016592096	0.9998640102074222	-4.563235918473956
Lamtor3	-0.07781966660087569	5.270254136530675	-1.3180724623424758	0.2139851388784993	0.9998640102074222	-4.566192536540196
Ddx3y	-0.17491027468830467	5.066962303635071	-1.3182395885341507	0.21393104684677458	0.9998640102074222	-4.565754970022872
Vps25	-0.07423976109461794	5.5461009353080835	-1.3200814217908072	0.213335663145996	0.9998640102074222	-4.562445586525055
Clk1	-0.10819340592961701	5.509299937476728	-1.3228052676738333	0.2124576604021041	0.9998640102074222	-4.5605825905372726
Fcf1	-0.11591232162946419	4.496745383885451	-1.322847321456714	0.21244412814094252	0.9998640102074222	-4.542968406842324
Actr1a	-0.059581023554299506	5.403281544789755	-1.325034305807587	0.21174136676039382	0.9998640102074222	-4.5598464144018
Ahnak	-0.0881637937412858	5.12883759224926	-1.325635205367424	0.21154861022059798	0.9998640102074222	-4.5603660112382585
Eda2r	-0.3516526150738635	4.303095332236013	-1.3298213804420793	0.2102097744768583	0.9998640102074222	-4.529285096013874
Rbis	-0.09864510223848288	5.5858239096564795	-1.3326449177044903	0.209310690731348	0.9998640102074222	-4.552565110319861
Kpna1	-0.08993558221994657	6.073606359491685	-1.3344511757315736	0.20873719874604854	0.9998640102074222	-4.549617628381407
Smu1	-0.07746256941298224	4.421020217050618	-1.3395473967196472	0.20712612193744032	0.9998640102074222	-4.527451832157907
Gpihbp1	-0.1446373821755662	5.455826155918532	-1.3412146612749622	0.2066012822761123	0.9998640102074222	-4.546796922909913
Scamp2	-0.12420612840950174	4.798340460733444	-1.3415674535869513	0.20649036751418035	0.9998640102074222	-4.542713852862989
Srsf10	-0.155603447748895	4.406705399540303	-1.3428528916922853	0.20608665363903558	0.9998640102074222	-4.524466394939886
Csnk2b	-0.06263151987562132	6.444513331071138	-1.3482667344010293	0.20439350333343378	0.9998640102074222	-4.5344788638778635
Osgepl1	-0.09027673358036559	4.901438371595897	-1.3519886882974204	0.20323617778008285	0.9998640102074222	-4.537385556339373
Mcrs1	-0.11266240810424755	4.401415684143423	-1.3537656054520208	0.20268557195520265	0.9998640102074222	-4.516440851773542
Chmp7	-0.06231769213768423	4.905981314308999	-1.3548763554184633	0.2023420174398059	0.9998640102074222	-4.535223223077085
Pcbp1	-0.07807600884126309	6.534519812740225	-1.354992104592485	0.20230624408198825	0.9998640102074222	-4.528191910218761
Tcp11l2	-0.15500645377381872	5.2273359177120895	-1.3550104717085851	0.20230056803656582	0.9998640102074222	-4.5375170095401
Wbp2	-0.09261167450638208	5.765135959384642	-1.361003311812317	0.20045562779739481	0.9998640102074222	-4.530224713660026
Map1lc3b	-0.08928561711462901	6.745871214444902	-1.361478964173061	0.20030979544842675	0.9998640102074222	-4.5200099370412925
Max	-0.1156305075640649	4.398575442579592	-1.361625726248367	0.200264816825121	0.9998640102074222	-4.510688262393513
Eef1a1	-0.180871588193404	7.7091161371168795	-1.3789889839525253	0.19500244581520237	0.9998640102074222	-4.496520475282383
Jun	-0.2628355183896387	5.633541120881254	-1.382176996826527	0.19404888631615588	0.9998640102074222	-4.513680291981923
Dcn	-0.29816055068199976	8.038537151802007	-1.3825531583375066	0.1939366309095865	0.9998640102074222	-4.492148240082643
Selenop	-0.13373186034549622	6.754498305615019	-1.3906986410543898	0.19151911596028656	0.9998640102074222	-4.497744026169459
Eif4g3	-0.1488328623174313	5.467934439266437	-1.3921139344939129	0.1911016516921726	0.9998640102074222	-4.506628549041835
Tspo	-0.1501389016324044	4.4923843356828055	-1.3930977908460518	0.19081189640162755	0.9998640102074222	-4.491300284948334
Tmed10	-0.09460922073286859	5.709384385256845	-1.397408563626945	0.1895466700985973	0.9998640102074222	-4.501532187326471
Hnrnpf	-0.1030154846755087	4.979051631882453	-1.4086823903854089	0.18627101424257517	0.9998640102074222	-4.493722937373684
Tceal7	-0.22816520545935326	4.796377204608291	-1.4108453461301442	0.18564803283920744	0.9998640102074222	-4.488595999971058
Serping1	-0.3120020222097972	5.2244789723478915	-1.4112918235130638	0.1855196556241618	0.9998640102074222	-4.492663403942544
Rnf13	-0.08270495881042539	4.870639818589901	-1.4138647329088245	0.18478131366379746	0.9998640102074222	-4.487965840136587
Timp2	-0.1789696273621315	4.972432077856238	-1.414933949184875	0.18447521202150227	0.9998640102074222	-4.488638584470126
Tm9sf3	-0.08749558326507145	4.943416255382417	-1.4159129876117387	0.1841953019201409	0.9998640102074222	-4.4874886887736345
Itm2b	-0.10007892932938134	7.287681342128375	-1.4200029421169644	0.183029840605073	0.9998640102074222	-4.469195499480136
Sdcbp	-0.15995860371352766	4.491728211969005	-1.4204493671346463	0.18290300604724732	0.9998640102074222	-4.470827177562691
Fnip1	-0.15563944847169964	4.475278442824054	-1.4221334666882124	0.18242520120569183	0.9998640102074222	-4.4690291866611735
Ubap1	-0.08369332750400904	4.81028326576367	-1.4227382503933068	0.1822538721353328	0.9998640102074222	-4.479551441563309
Mlycd	-0.17007345549493635	6.5022152374415825	-1.4273080325516538	0.18096368685624817	0.9998640102074222	-4.472634311717211
H2c8	-0.12359340228618887	5.232144419794731	-1.4298426539348446	0.1802514219246198	0.9998640102074222	-4.47763936410289
Kpna3	-0.09860431885547793	6.425642106422351	-1.4330880154771968	0.17934289193419983	0.9998640102074222	-4.46882005650726
Mlxip	-0.17255959744251914	4.717442915187054	-1.4339048248184394	0.17911483986274207	0.9998640102074222	-4.468022686602553
Nr1h2	-0.11462565872878994	4.782871080711494	-1.4343236789389555	0.17899799161187308	0.9998640102074222	-4.469558545930859
Ube2b	-0.08767868092052566	8.666530407173134	-1.434892342040025	0.1788394542684369	0.9998640102074222	-4.4525431948278404
Sdhaf3	-0.13439782161107505	4.302049117644596	-1.4380757713306471	0.17795414208243027	0.9998640102074222	-4.452540010175861
Snora28	-0.15059923283454335	4.538569824049828	-1.44030026946292	0.17733771549466384	0.9998640102074222	-4.45728077860558
Dnajb11	-0.10178681269283807	4.784751325492929	-1.4468530428006439	0.17553240324616057	0.9998640102074222	-4.459586240301607
Abra	-0.21369642789855003	7.132111893765456	-1.447102502156917	0.17546398573386426	0.9998640102074222	-4.450167572697383
Cyb5a	-0.21560733591376469	4.912599432669954	-1.4567566146271118	0.17283357100470237	0.9998640102074222	-4.454014389736359
Klhl24	-0.13474639760711415	5.366653259851005	-1.4605685790690923	0.17180422121895897	0.9998640102074222	-4.452020647966257
Rnase4	-0.3248882564279816	4.875684373806087	-1.46387874478182	0.17091461415453196	0.9998640102074222	-4.447696830297417
Jagn1	-0.11273110302954148	4.614540881607561	-1.4685976373061806	0.16965320458945685	0.9998640102074222	-4.437578979383514
Tollip	-0.11291550422151797	4.375412070379068	-1.4700538631073023	0.16926554786784115	0.9998640102074222	-4.430584991678024
Aldh6a1	-0.1069458953142437	6.568339880689415	-1.4708103762991889	0.16906445784467927	0.9998640102074222	-4.437605729504156
Nudt2	-0.12549161026121958	4.554674315896554	-1.4710858687436883	0.1689912794332806	0.9998640102074222	-4.434008843261595
Tob1	-0.1533493685479943	6.759145409870267	-1.4766096046465926	0.16752972280090744	0.9998640102074222	-4.431127028559536
Cd151	-0.09502521061801339	6.1901814214748345	-1.4936254531391946	0.16309519151850072	0.9998640102074222	-4.42210653791058
Pdk4	-0.5134897328290808	9.829792778803302	-1.4958115761372615	0.16253282677104935	0.9998640102074222	-4.408666457933193
Rap1b	-0.156425022368488	4.267976892688286	-1.4979633793486884	0.16198091765015105	0.9998640102074222	-4.4083253679815435
Ppp6c	-0.09456912328074019	5.139405168927772	-1.4993500664126573	0.16162610454833662	0.9998640102074222	-4.420359193970403
Kif1bp	-0.07888411190309252	4.423513105849784	-1.5039231380662097	0.16046071860421296	0.9998640102074222	-4.405894254841804
Cops2	-0.08141054888169119	5.708123241490537	-1.5040914959366318	0.1604179531608438	0.9998640102074222	-4.414926228132001
Capn2	-0.08154174365311828	4.838118413017972	-1.505706191546164	0.1600082939130664	0.9998640102074222	-4.412830647649169
Prcc	-0.09278985693230801	4.641193698264454	-1.511582395158828	0.1585250545887755	0.9998640102074222	-4.404100583577288
Vbp1	-0.08483056595344873	5.228421683247833	-1.5241304736469945	0.15539737203078258	0.9998640102074222	-4.3996450759188415
Cebpd	-0.6811479491616792	5.208786216072742	-1.524236260856641	0.15537123211378587	0.9998640102074222	-4.399553719074827
Tmem59	-0.09243590367701504	6.279058424866966	-1.5367183192417233	0.15231349807362432	0.9998640102074222	-4.386107343933324
Gsn	-0.36089972019907357	8.434214305147373	-1.5373154547831211	0.15216853280071774	0.9998640102074222	-4.379184524273957
Stk25	-0.09938284474259529	5.39548844465256	-1.5381504719392785	0.151966018029571	0.9998640102074222	-4.387347078172497
Snrpb2	-0.14162425977423343	4.366234382877206	-1.546337210154071	0.14999285214308627	0.9998640102074222	-4.372889256415517
1810058I24Rik	-0.0824419081599439	5.201456482299289	-1.5495689668065342	0.14922007832653034	0.9998640102074222	-4.37814664005858
Atp1b2	-0.20188960329985672	6.4991484061687474	-1.5597141135529626	0.14681661901303017	0.9998640102074222	-4.366029606998088
Vps26a	-0.06996150775335952	4.815980690113446	-1.563632691264891	0.14589733903684735	0.9998640102074222	-4.364352001252386
9530068E07Rik	-0.14330685637572937	5.66376652251445	-1.5701334617158667	0.14438334877501138	0.9998640102074222	-4.359635399908542
Rab18	-0.0989961938144468	5.514981188951931	-1.5731532304010387	0.14368473651183306	0.9998640102074222	-4.357295784204185
Synpo	-0.18021014603822483	5.853063141956425	-1.5772866309484157	0.1427332744059483	0.9998640102074222	-4.35352634050931
Rb1cc1	-0.14104100357147864	4.513365083134504	-1.577894173280895	0.14259388993747085	0.9998640102074222	-4.349162139383172
Wbp1l	-0.26621281039262623	5.409194254094909	-1.5812993152340964	0.14181486993036158	0.9998640102074222	-4.350689415849801
Hbp1	-0.151056009565397	5.870894411946879	-1.5880785741539842	0.14027500143958377	0.9998640102074222	-4.344348643067572
Arrdc3	-0.5167933154119373	5.78213328389334	-1.5909222795701703	0.1396334404211694	0.9998640102074222	-4.341956821956432
Hexa	-0.09948988888872012	5.369846193055469	-1.5979430184834258	0.13806050678694234	0.9998640102074222	-4.336547513566979
Abhd5	-0.10408852035905625	4.519750845914091	-1.603265025456032	0.13687853565967334	0.9998640102074222	-4.328859067296362
H3f3b	-0.12122860613450914	5.562257234176518	-1.6033938506684575	0.13685003516452615	0.9998640102074222	-4.331421846214324
Cbr1	-0.10967123162734715	4.252887456477309	-1.6039993441181033	0.1367161493235071	0.9998640102074222	-4.3293523887664795
Plrg1	-0.12333185614155173	4.2715270313722415	-1.604552763627614	0.1365938786293792	0.9998640102074222	-4.3287449309288375
Smoc2	-0.271589576338541	5.443653234941259	-1.6049315638746562	0.1365102431203959	0.9998640102074222	-4.330345126100329
Sparc	-0.1806587191718272	5.681906931630081	-1.6060846289938415	0.13625593405576517	0.9998640102074222	-4.329022940933301
Tcea1	-0.11813086181687105	4.550803629291371	-1.6093130911815492	0.13554610826826577	0.9998640102074222	-4.3240496061872795
Msl3	-0.10466908322108548	4.409794333259139	-1.61055682984193	0.1352735222217157	0.9998640102074222	-4.3231509075846635
Plac9a	-0.4332505598430547	4.616052944781566	-1.6214398849301583	0.1329088180860786	0.9998640102074222	-4.31431249390658
Scn1b	-0.15889954066620327	8.311550370550698	-1.6217213444570109	0.1328481476554386	0.9998640102074222	-4.316010648121447
Acadsb	-0.12971952731410497	5.569327371800863	-1.6242041791135333	0.13231401288330177	0.9998640102074222	-4.313541978952203
Ncln	-0.14062284699386218	4.3561949458109055	-1.6265504242662931	0.13181100354759015	0.9998640102074222	-4.31099980392256
Sec61a2	-0.0979081618109161	4.589215947141236	-1.6284316337007136	0.13140891179163594	0.9998640102074222	-4.308490175711813
Isoc2a	-0.11925683238218365	4.866238426725708	-1.6293994106795158	0.13120247993728246	0.9998640102074222	-4.308872141930797
Ythdf3	-0.13220872480352153	4.46993148699841	-1.6368587393034582	0.12962094928940837	0.9998640102074222	-4.301933940333816
Tceal9	-0.15355435927186	4.357217146448138	-1.636963352360584	0.12959888944173542	0.9998640102074222	-4.302857238418884
Tns2	-0.1828547349465337	4.22396614588176	-1.637036742690001	0.12958341553836772	0.9998640102074222	-4.304796756194865
Ptms	-0.15249870579074276	4.886054480132702	-1.638382885944529	0.12929987893418166	0.9998640102074222	-4.301212324371684
Csnk1d	-0.11067164717048072	4.772505304376141	-1.6410759711422354	0.1287342830553425	0.9998640102074222	-4.298436287019605
Klhl40	-0.10873000610276051	6.207791362581926	-1.6460478673746974	0.12769584277501156	0.9998640102074222	-4.294275772273981
Gpam	-0.23658150096679176	6.0693333353481425	-1.6460975957854358	0.12768549395013182	0.9998640102074222	-4.294412929535814
TrnQ	-0.7934050296793194	7.2955736585520174	-1.6475883812677712	0.1273755957656105	0.9998640102074222	-4.293684641088323
Bzw1	-0.08096846336319086	4.8263902512521595	-1.6488381302181434	0.1271163165581208	0.9998640102074222	-4.29199430955487
Atxn2l	-0.16139004569920523	4.184303535924349	-1.6518708116101861	0.12648908366205508	0.9998640102074222	-4.29443538963591
Ucp3	-0.6199701389336312	7.73435540955766	-1.6572994613619472	0.12537315191281592	0.9998640102074222	-4.287051461461978
Arl8b	-0.08291008338430306	6.1205882633280835	-1.663408669151011	0.1241277730260302	0.9998640102074222	-4.279420256271138
Ecpas	-0.17812899268596638	5.7011699805615095	-1.6699381680757972	0.12280887215113867	0.9998640102074222	-4.273873058432288
Snw1	-0.10170993930756378	5.493628443329303	-1.674609651622997	0.12187293274111426	0.9998640102074222	-4.269849477509738
Stom	-0.2641507776874912	4.668373479983264	-1.6758227272186732	0.12163093116369615	0.9998640102074222	-4.268814036886061
Washc3	-0.15070414230542362	4.403315202503412	-1.6786123965992548	0.12107603006286986	0.9998640102074222	-4.269251453596202
Srsf3	-0.13689021383807098	4.975726679888134	-1.6809767343715512	0.12060749865189452	0.9998640102074222	-4.2643063407876864
Dedd	-0.11604554017175861	4.275350241699625	-1.688028997943945	0.11921955920044641	0.9998640102074222	-4.2645862318756
Lmna	-0.08593176491455168	5.041965053150888	-1.6950771858137434	0.11784667090979978	0.9998640102074222	-4.251917925407525
Trim63	-0.5196889463024501	8.820008767029764	-1.6966796892488967	0.11753650168202825	0.9998640102074222	-4.261030710260094
Inmt	-0.43585016956168054	5.113332502928807	-1.699214263914286	0.11704741574624891	0.9998640102074222	-4.248268976521664
Eif4h	-0.07524142353997298	5.802845534048601	-1.713745232377568	0.11427839149322189	0.9998640102074222	-4.235497714982775
Zranb2	-0.11008564673323917	5.2538679875409375	-1.714183408508152	0.1141958110273246	0.9998640102074222	-4.234989546015773
Sspn	-0.11115874842491369	4.809812255946978	-1.7199210217506777	0.11311939999493978	0.9998640102074222	-4.230281400655005
Ap2a1	-0.11681973220200703	5.024527562780982	-1.723387371864018	0.11247350803957777	0.9998640102074222	-4.226840589952632
Arf4	-0.15168557248764802	4.349894737404636	-1.7296387618018672	0.11131703382079225	0.9998640102074222	-4.2297486070523815
Kpna4	-0.15210582890810098	5.689043793494347	-1.7327406377507615	0.11074717600178341	0.9998640102074222	-4.218723981782125
Bag3	-0.17178461064460127	5.865810976832533	-1.749674702020926	0.1076821458291174	0.9998640102074222	-4.203732967632945
Pcna	-0.12741598522910902	4.561796047547503	-1.7509658720591867	0.10745161042055586	0.9998640102074222	-4.206626418057599
Mybph	-0.7029340730464533	5.46370187470876	-1.7535701447141407	0.10698797644515275	0.9998640102074222	-4.2000594637984925
Stac3	-0.10776999755592431	7.632880332917941	-1.7556588372592725	0.10661743437523778	0.9998640102074222	-4.208415137494639
Mettl7a1	-0.14329702416642043	4.773192002849519	-1.7628145928871501	0.10535673602295198	0.9998640102074222	-4.192925386018404
Tmbim1	-0.09286730100052054	5.0061403623274146	-1.7785259335245676	0.10263583021698693	0.9998640102074222	-4.177566687626354
Psmc6	-0.10886347230167015	6.879978595829046	-1.7793661378277073	0.10249212935943108	0.9998640102074222	-4.182609945157902
Trim23	-0.1479369304692817	4.34313335654371	-1.7812836184473104	0.10216486290265518	0.9998640102074222	-4.188561661122704
March7	-0.18383958273314338	4.496443645620755	-1.788823805564781	0.10088709802537484	0.9998640102074222	-4.176649574681811
Mrpl32	-0.11416052028187895	5.485479166162691	-1.789358491884171	0.1007970420082404	0.9998640102074222	-4.168055417694879
Mrps22	-0.14461606595532306	4.373006632164499	-1.7951886613685666	0.09981979980385651	0.9998640102074222	-4.176068688213218
Acyp2	-0.13039265508165876	7.641240546913474	-1.7981496627947042	0.0993267809224947	0.9998640102074222	-4.174088427425332
Mmgt1	-0.10233194680984514	4.414736255621899	-1.8035213900849105	0.09843800622503983	0.9998640102074222	-4.167502007164746
Osbpl9	-0.10409768657376617	5.516723319109083	-1.8087693960335254	0.09757668552721575	0.9998640102074222	-4.150660184433328
Arrdc2	-0.6977922278599369	6.852137793457711	-1.8105701909673342	0.09728271549630828	0.9998640102074222	-4.155700498822206
Tmem52	-0.3015398268515499	5.972532732848927	-1.8132856482757178	0.09684095472599054	0.9998640102074222	-4.147013376981588
Ddi2	-0.43915125783480047	4.837396400499101	-1.8230471610115258	0.09526795211651709	0.9998640102074222	-4.138622628613293
Sf3b6	-0.17537718621607468	4.421461905487745	-1.8315131148757828	0.09392260894376873	0.9998640102074222	-4.144074908084466
Sept7	-0.09350409934082027	5.755292056475927	-1.8341470897180419	0.09350758638737472	0.9998640102074222	-4.128013196283536
Guk1	-0.1275746819521224	5.4879958562205235	-1.837736030733628	0.09294478841120148	0.9998640102074222	-4.1243807976359745
Pde7a	-0.1983880704322356	5.454327747779549	-1.8410388357009257	0.09242959550262346	0.9998640102074222	-4.121246421115904
Malat1	-0.40136307814104555	7.152086714332781	-1.8470859245348463	0.09149308802263552	0.9998640102074222	-4.128934617191513
Depp1	-0.6593250644629141	4.509568318705093	-1.8524707860169465	0.09066645054066932	0.9998640102074222	-4.122433803323195
Ppp2r1a	-0.0870882828948405	5.990442403477703	-1.8544329415672294	0.09036693996468771	0.9998640102074222	-4.109950113764587
Nsfl1c	-0.09422540524641931	6.115182372891751	-1.854809566351534	0.09030955428119626	0.9998640102074222	-4.110190127131945
Psmd11	-0.1832932966026002	6.148746815855159	-1.8564712421555634	0.09005676560238268	0.9998640102074222	-4.108902254815801
Fgfr1	-0.17594640194210065	4.779477163383337	-1.8631831488592634	0.08904227263583628	0.9998640102074222	-4.1036388162307285
Tmem106b	-0.17484249833000387	4.3226912197104514	-1.8632735455711946	0.08902868107722717	0.9998640102074222	-4.123190915877782
Nfe2l2	-0.20106009467403485	4.683998529022801	-1.872999609730613	0.08757738539469254	0.9998640102074222	-4.09753393819158
Dpt	-0.4072891686056064	4.603205104777884	-1.8743738566164971	0.08737408332674436	0.9998640102074222	-4.099459652691305
Gadd45a	-0.15330442955481338	4.798879595855728	-1.8810103734744847	0.08639838120237434	0.9998640102074222	-4.087143920983115
Tsc22d3	-0.3130732940269434	7.718403825817921	-1.8831007534725532	0.08609313205636204	0.9998640102074222	-4.1053014968367485
Asb15	-0.35119016403803816	6.051397083638035	-1.8871431666152105	0.08550564587466529	0.9998640102074222	-4.080533547501899
Stau2	-0.13758609056628668	5.177390947323866	-1.8874379041469345	0.08546295599382783	0.9998640102074222	-4.078033121384176
Etfrf1	-0.14269031664072784	5.427045040880365	-1.8999223156990814	0.0836726132960193	0.9998640102074222	-4.067302274491264
Tob2	-0.6078173427685325	5.3914394639478855	-1.9090042613263718	0.08239197962734947	0.9998640102074222	-4.058735857768003
Per1	-0.6007860575374764	4.600862963307698	-1.9171236980191089	0.08126239648524582	0.9998640102074222	-4.062214133511085
Prnp	-0.16939011184593245	6.3098862635884	-1.9200406362522664	0.0808600918413869	0.9998640102074222	-4.052960654271948
Nfkbia	-0.3817422976110807	4.786141497321675	-1.9230718972620027	0.0804439694003156	0.9998640102074222	-4.049430656771914
Actr3	-0.1339950017405247	4.5628385230268975	-1.936102199506941	0.07867765143227903	0.9998640102074222	-4.047672838192222
Cetn3	-0.16260661450517588	4.40665262835606	-1.94273210811669	0.07779277555822382	0.9998640102074222	-4.052064554549249
Ogn	-0.29710947402112087	4.296737389296178	-1.9483405050478186	0.07705144458773112	0.9998640102074222	-4.055568197495704
Ate1	-0.1053032211027185	4.258663600608087	-1.9658248098493247	0.07478216620259874	0.9998640102074222	-4.044425081638173
Slc35e4	-0.2426838061865837	4.309106322039889	-1.9663301097651231	0.07471751567049462	0.9998640102074222	-4.039836942134934
Aldh1a1	-0.2262915348090111	6.848530839823673	-1.97367353454897	0.07378380529338871	0.9998640102074222	-4.0141385845464335
Tbce	-0.12873815835451374	4.1476400219791785	-1.9737040314957894	0.07377995034977569	0.9998640102074222	-4.047951954042757
Usp5	-0.11356697728181686	4.851359847077495	-1.9878791273608147	0.07200830403391438	0.9998640102074222	-3.9882726658902863
Slc44a2	-0.12170600377388929	6.1660199118203485	-1.9918377650081072	0.07152066473886265	0.9998640102074222	-3.985850952462159
Rab28	-0.1242437872442661	6.3872895174181	-1.9957882432925411	0.07103710006284156	0.9998640102074222	-3.985313502025032
Ddit4	-1.4643079756665953	6.014075059023152	-1.9992299385690266	0.07061830034120668	0.9998640102074222	-3.9775092903839115
Ctsb	-0.09857131490521276	6.17577863576319	-2.004923368896321	0.0699305532267005	0.9998640102074222	-3.9739400325405465
Fbxl3	-0.131404027328629	5.052041054886726	-2.019532062991621	0.06819437675029555	0.9998640102074222	-3.955684709718749
Dnajb9	-0.21899738632715327	5.478226229295942	-2.035692810694868	0.06632074329745984	0.9998640102074222	-3.941821061395807
Cxcl14	-0.47095479571793053	4.77141738955627	-2.0398936486495263	0.06584166416752195	0.9998640102074222	-3.9432935815475316
Homer1	-0.1582905876642382	4.840787128795651	-2.042232863754894	0.06557629923040663	0.9998640102074222	-3.9382908517456956
Nipa2	-0.12579098868080685	4.287223844565404	-2.043709023277776	0.06540935728731019	0.9998640102074222	-3.9780934669312478
Surf1	-0.10676712500505747	5.059068213340874	-2.062871247335581	0.06327813340114091	0.9998640102074222	-3.914927441788974
Chordc1	-0.10190413344758742	4.920254953671847	-2.0774912931700467	0.061696157115759806	0.9998640102074222	-3.903258108496891
Scn4b	-0.14394151892915819	7.417714045247929	-2.0795922720959537	0.06147190045365526	0.9998640102074222	-3.936692280568918
Crbn	-0.16319779903097675	4.689110606896761	-2.0796866903176294	0.06146184037471889	0.9998640102074222	-3.9115135330637187
Rraga	-0.11985015514435737	5.218406740042828	-2.083027396751278	0.061106890673869464	0.9998640102074222	-3.895334510512667
Eif2s1	-0.11658105090135784	4.37807666840312	-2.0891194594049978	0.06046457524274354	0.9998640102074222	-3.930954511493298
Zfp36	-0.6929096388580906	3.9619103316413917	-2.0917790557805165	0.060186160982837314	0.9998640102074222	-3.9780068462696825
Diablo	-0.10795869480838949	4.996646535965634	-2.0947854416450236	0.059872899128220226	0.9998640102074222	-3.8855412051578537
Hars	-0.11410006983595267	4.434503885706813	-2.095980935579658	0.05974875784696458	0.9998640102074222	-3.9193157297398384
S100a10	-0.358737653986144	4.722215801326658	-2.1146335040374633	0.05784304178592413	0.9998640102074222	-3.8773982939972758
Slc25a25	-0.9850355434829563	5.16514131386136	-2.119768295435459	0.057328591175371264	0.9998640102074222	-3.860591054109652
Pnrc2	-0.20520632477976264	5.230414753360925	-2.1362659059065865	0.05570484312759973	0.9998640102074222	-3.8449045539162228
Prkar1a	-0.1463410651389676	5.450142763396437	-2.1575987956386267	0.05366971991151219	0.9998640102074222	-3.826833098608549
Cd74	-0.7083045366793206	4.654052617062101	-2.1678228566713984	0.05271956162113034	0.9998640102074222	-3.834182613358643
Lyz2	-0.7228098664131268	4.744605649655656	-2.180608008964996	0.051553875221084004	0.9998640102074222	-3.8149740312865568
Ormdl3	-0.1269721965827877	4.8597504075278355	-2.187857134174219	0.050903871636899765	0.9998640102074222	-3.8015097177178085
Setd3	-0.31059887514573514	5.921585923620567	-2.2084615675532975	0.04909869882328867	0.9998640102074222	-3.7810969304024624
Apoe	-0.3897182014349161	5.486666077487688	-2.2197652862020396	0.048134475312396105	0.9998640102074222	-3.7684849534354026
Sgcb	-0.1311052473279588	5.726741426089859	-2.2582728059182093	0.044983758900194924	0.9998640102074222	-3.7335679853840205
Ywhab	-0.12288212032716572	4.662173036273754	-2.2584467349776474	0.044969986293688285	0.9998640102074222	-3.7506521491009472
Gstm1	-0.1518941083207883	6.831312123694334	-2.261029785369967	0.04476592209755802	0.9998640102074222	-3.7576097344165733
Mfge8	-0.17592197930906028	4.506124888473748	-2.284007053518579	0.04298936699302211	0.9998640102074222	-3.7467638455493084
Klhl9	-0.18224437313765218	4.624679021546904	-2.2931154684013166	0.04230403221096949	0.9998640102074222	-3.723289645622271
Rhob	-0.41671867301223475	4.523516273381511	-2.3118223569478933	0.040929290717213844	0.9998640102074222	-3.71971156965367
Amy1	-0.2809431736312833	5.9393768285692055	-2.362889267033081	0.0373921464692824	0.9998640102074222	-3.6350510897641337
H2-Aa	-0.7030563144930868	3.9985922119788664	-2.3800158701853102	0.036273444059266996	0.9998640102074222	-3.752515612660804
Lonp2	-0.13664063467204013	5.675234862225986	-2.3807589540440004	0.03622564693666373	0.9998640102074222	-3.617263250041948
Yme1l1	-0.14668384089706432	4.63016895380632	-2.3964927887134015	0.03522781383043612	0.9998640102074222	-3.62846088654954
Rab9	-0.20558851044652116	4.276598868277747	-2.4131057402737515	0.034203170030356556	0.9998640102074222	-3.6726831114765397
Vamp2	-0.18981105004734733	4.920969529549265	-2.427352893837958	0.03334754390788273	0.9998640102074222	-3.5718491339249017
Scarb2	-0.12218204930160415	5.339587202341614	-2.4491608264934275	0.0320780180845398	0.9998640102074222	-3.546872373998859
Hdac5	-0.16483371843218553	4.837394320164996	-2.451569168176391	0.03194073770654319	0.9998640102074222	-3.5537623353466934
Pnrc1	-0.22042845702104508	5.692506145723444	-2.4944458024357283	0.029590417258391614	0.9998640102074222	-3.5092901546964677
Scamp3	-0.3369674385775774	4.220501094190293	-2.5809158337834943	0.025353546394696665	0.9998640102074222	-3.5461319279939687
Serinc1	-0.16212602440611068	6.943150800393777	-2.6188472975704844	0.023688596833557053	0.9998640102074222	-3.444375649972125
Creg1	-0.1726432375104423	5.523974197236818	-2.6507009254814706	0.02237401185821915	0.9998640102074222	-3.3592984996006487
Igfbp4	-0.44116364511093487	4.683925139524025	-2.8076713275400893	0.0168789429311286	0.9998640102074222	-3.244362183977157
S100a11	-0.4754148646808698	4.30459163748456	-2.83822997229572	0.015976927636789415	0.9998640102074222	-3.314802127889788
Alkbh6	-0.18960106257921705	4.2637088497004285	-2.8860322712963313	0.014661481125908376	0.9998640102074222	-3.287993501282995
Gadd45g	-0.6539180353136631	6.808633086290896	-2.9531191664710477	0.012996105893246908	0.9998640102074222	-3.1376961507269394
App	-0.1866243112422321	5.149382694468031	-3.0679771255682122	0.010573738914345685	0.9998640102074222	-2.9605255012770457
Nr4a1	-0.44036792359278376	6.22979014220255	-3.393187154542774	0.0059125613693929305	0.9998640102074222	-2.7033958962714997
Mustn1	-0.33957554761827957	6.334973050588831	-3.405496453217818	0.005784581501345456	0.9998640102074222	-2.702004230595553
Retnla	-0.9959787388878705	4.153595609289011	-3.4583278402734914	0.005266664202192169	0.9998640102074222	-2.8957624671172018
