gene_symbol	logFC	AveExpr	t	P.Value	adj.P.Val	B
ENSMUST00000022460.10	2.7236518205692635	6.015815378650711	20.733922566911136	1.240337706638464e-10	2.0800463340327043e-07	14.851035369626956
ENSMUST00000023083.7	1.4663057919836149	5.446418254905302	18.296360350933746	5.19159074552609e-10	3.2981069012165656e-07	13.4565471062863
ENSMUST00000026318.14	1.2326063147156763	7.091398464590534	18.280114671755502	5.244455418352718e-10	3.2981069012165656e-07	13.540545557344391
ENSMUST00000023829.6	1.4605911937000071	7.5249032790075585	17.7021258850542	7.562612313782428e-10	3.8665970937686825e-07	13.190090999341345
ENSMUST00000086199.11	1.442873871951825	7.947289774414713	17.67706214828343	7.685543815878915e-10	3.8665970937686825e-07	13.179680246267957
ENSMUST00000044158.12	0.7674124529917785	6.786517366909692	15.973493441558189	2.4248570643426026e-09	9.386214798658356e-07	12.048042917233087
ENSMUST00000019998.8	1.213010543841329	7.632622593648181	15.548888337892588	3.286181446852022e-09	1.1809127756508943e-06	11.748705769239606
ENSMUST00000034215.7	2.2296785870400626	9.315366814215794	14.421700596328638	7.65160343978026e-09	2.1386231614185823e-06	10.887791354495553
ENSMUST00000053175.12	0.9758789791337605	5.601559238828727	13.829427195304534	1.2221745934673815e-08	3.0743801898671984e-06	10.446201345173945
ENSMUST00000024894.1	1.1706397685155094	6.771706210211955	13.638133581585254	1.4272105077290353e-08	3.2637709383567167e-06	10.282840542839297
ENSMUST00000024866.4	1.206071019838892	5.173682714559988	13.454098711533788	1.6599127570206042e-08	3.60187722934507e-06	10.066590395166426
ENSMUST00000010049.5	0.7276957657243122	5.238200485494383	13.41232525108326	1.7182479329016434e-08	3.60187722934507e-06	10.074378238255845
ENSMUST00000034214.7	2.9074525097849193	8.429677297160191	13.289724755427022	1.9026158127913696e-08	3.607515221378234e-06	9.976012766641595
ENSMUST00000106112.1	0.8604155542885685	6.346326430171372	13.268867505011935	1.9360546805249912e-08	3.607515221378234e-06	9.97829649365084
ENSMUST00000035222.5	0.5454070887233273	5.3777214007913114	13.21831289624652	2.0197673749100753e-08	3.6290891654187817e-06	9.947076406663111
ENSMUST00000079413.9	2.2553123656796092	4.748619616909343	13.007335091525793	2.4137794078053164e-08	3.837655329970052e-06	8.290503450685248
ENSMUST00000087638.3	1.1997017719554899	6.307544464823096	12.99866522476063	2.431653400016016e-08	3.837655329970052e-06	9.749272694923693
ENSMUST00000036884.1	0.8331588055598242	7.650329332041459	12.58368256294966	3.479383226599499e-08	4.698193619845506e-06	9.374395546035482
ENSMUST00000066264.12	0.7686437796807244	7.044721636261954	12.55535543479026	3.566864024777553e-08	4.698193619845506e-06	9.354019441345846
ENSMUST00000059018.13	1.193204442725337	5.539565584452777	12.531614500923524	3.642010558019772e-08	4.698193619845506e-06	9.361730026705363
ENSMUST00000005810.8	1.3170473178337883	5.595422939806343	12.48330217919592	3.8002612741265394e-08	4.756292526371107e-06	9.317965173318825
ENSMUST00000137771.1	1.0274013776258988	5.388636683725808	12.460326871761652	3.878108219377604e-08	4.756292526371107e-06	9.303800289496959
ENSMUST00000029865.3	2.1341829124683125	6.064923835179796	12.278081126331749	4.5601500456880896e-08	5.322568632098358e-06	9.122078168334195
ENSMUST00000030840.3	1.9522683246136188	8.007652114216743	12.152138282053501	5.106605324161566e-08	5.585072040403661e-06	8.975862293804177
ENSMUST00000013886.8	0.4921350107797293	6.729781153752108	12.097183356790952	5.3668349594383364e-08	5.676340902585684e-06	8.941461945148845
ENSMUST00000019721.6	2.380203444827057	5.352838114567858	12.087183056480901	5.415709865317289e-08	5.676340902585684e-06	8.9736303458191
ENSMUST00000106372.9	1.7562080883813325	4.941268390970725	12.029017463600175	5.709672262408548e-08	5.7065657479296696e-06	8.57281014975866
ENSMUST00000002908.7	0.8440316292496668	7.85871671084812	11.974115412706324	6.002978974687525e-08	5.80788215801018e-06	8.81343511196586
ENSMUST00000045902.12	1.0054501991987532	9.823120822245281	11.79309995076078	7.091019059969646e-08	6.3766607652179e-06	8.595604185095521
ENSMUST00000090746.2	1.46107212520245	6.461612358380796	11.768358309803261	7.255549632841568e-08	6.379217297716055e-06	8.635584020740586
ENSMUST00000058714.9	1.146799955845962	5.79155117244034	11.753798005846905	7.35429543366192e-08	6.379217297716055e-06	8.648163715426154
ENSMUST00000004959.2	1.7541707718602995	4.665485566357424	11.561629413267168	8.802609312398199e-08	7.260763183870537e-06	6.898986906403364
ENSMUST00000033570.5	0.5832130945638712	6.27604077798033	11.298182845180825	1.1309705285331804e-07	9.031607506429255e-06	8.187896876149964
ENSMUST00000070515.1	0.956892010096051	5.45887528225101	11.18327256294773	1.2635670206106446e-07	9.631826788927506e-06	8.116558929659892
ENSMUST00000000724.14	0.5627106293780173	6.251338573519902	11.156469265405057	1.2968467099545346e-07	9.656244582218748e-06	8.04911091747249
ENSMUST00000025095.7	0.40518270470776585	8.561044908933027	11.134871138331452	1.3243507775255288e-07	9.656244582218748e-06	7.983017327103498
ENSMUST00000045153.10	1.4594089211773174	5.157284230877775	11.027051642701425	1.471383456357179e-07	1.0426098829483054e-05	7.980554733664847
ENSMUST00000030677.6	1.892182035857243	4.393220774976062	10.982369219939565	1.537390120872166e-07	1.0595355750832694e-05	4.614132560569361
ENSMUST00000028010.8	1.976869291319396	8.277553645499363	10.774355366408852	1.889593441958057e-07	1.2508611324330243e-05	7.623921286588574
ENSMUST00000019422.5	1.1066489277458915	7.633419823327186	10.697849923891361	2.0402268094717623e-07	1.3159462921092867e-05	7.5617227356109655
ENSMUST00000062519.13	0.8819470729231966	5.281430318876085	10.6222473604534	2.2018601054407837e-07	1.4022225557560231e-05	7.5840753424756375
ENSMUST00000038757.7	0.7684170545303886	6.086883950346426	10.510212920811187	2.46726815417816e-07	1.513759278496381e-05	7.400472159170381
ENSMUST00000067752.3	0.44317176575338024	7.045476650562081	10.480122358037415	2.5442827290062177e-07	1.536500417169125e-05	7.341441936720752
ENSMUST00000041053.9	0.8468422251382819	6.321963934349663	10.396194330746662	2.773097651720659e-07	1.6222621262565855e-05	7.265193902868781
ENSMUST00000025696.4	0.6900419663445208	7.96779699145395	10.361207290944666	2.87494199185732e-07	1.6625095587395608e-05	7.1980685526686194
ENSMUST00000106373.7	1.6284346479948901	6.205118265717793	10.267412070295697	3.168371344781933e-07	1.7910198017525736e-05	7.135232608025648
ENSMUST00000058550.14	0.47682467603566714	8.625517787446144	10.100462157179669	3.773503111351045e-07	2.0635319731746854e-05	6.896489494395576
ENSMUST00000063694.9	0.7176650416679768	6.180453205449561	10.076349629328552	3.870723024123723e-07	2.093936294017898e-05	6.930872717435355
ENSMUST00000025835.4	0.8849482423430448	6.768044433759911	10.013253020124015	4.138107935151252e-07	2.179425075665592e-05	6.844170066679981
ENSMUST00000105365.8	1.0972305306805001	7.000964800539444	10.008574177172862	4.158712130071493e-07	2.179425075665592e-05	6.834669360549257
ENSMUST00000172314.8	0.5497153539071657	6.425649198516626	9.837629402328123	4.992634112117629e-07	2.511794221806379e-05	6.654334899617411
ENSMUST00000015981.11	0.5693645376620182	6.994782467700598	9.81359061490784	5.123652088624792e-07	2.5271660448893457e-05	6.618946146752899
ENSMUST00000115621.8	1.3430886112432097	5.78505605928563	9.734460956228727	5.58171389475089e-07	2.6760113502148657e-05	6.581355564323123
ENSMUST00000043881.11	0.40753939187877375	6.01208336714909	9.70742903954916	5.748132313828653e-07	2.6760113502148657e-05	6.536691667211013
ENSMUST00000085248.11	0.7895751483147242	6.877403093050349	9.702413584930643	5.77959200033372e-07	2.6760113502148657e-05	6.496551119170594
ENSMUST00000169681.1	0.8525516659455894	8.058361359443255	9.697598542966368	5.809968839265204e-07	2.6760113502148657e-05	6.466317387706851
ENSMUST00000103069.9	1.1744935149199192	6.263770008102713	9.687168455663489	5.876359851173852e-07	2.6760113502148657e-05	6.494161640846148
ENSMUST00000023143.13	0.42454799052196	5.756637510781495	9.662054956279093	6.039586022511392e-07	2.6842297611184684e-05	6.501947112014173
ENSMUST00000121820.8	0.9304932599990394	4.979485561767728	9.63482802176983	6.222072493670006e-07	2.722021453535113e-05	6.512063406901846
ENSMUST00000074246.6	0.6005096368125526	5.789695944406061	9.561184254516863	6.746028265843098e-07	2.8762091699539516e-05	6.386397439614658
ENSMUST00000030622.2	0.4028552854474903	7.431449925456631	9.482354119122029	7.359893862006912e-07	3.060134381798081e-05	6.238650873198678
ENSMUST00000075994.10	0.5306537574790333	6.614033257836029	9.35261195454773	8.504809879743469e-07	3.423015880399151e-05	6.100389317804661
ENSMUST00000049357.9	0.5596954326878585	7.27803691559541	9.338193461297713	8.643406808871886e-07	3.451188861542417e-05	6.074001646203779
ENSMUST00000056660.12	1.1968638842527248	4.725848020937247	9.265070080698353	9.38467794211642e-07	3.68861833803029e-05	5.556504394988195
ENSMUST00000029041.5	1.554556616775387	8.507402558565605	9.169438548382441	1.045889116748507e-06	4.0166932414975106e-05	5.840196721048413
ENSMUST00000090726.5	0.9530563649741648	7.338440872324611	9.085446307111544	1.151165826496479e-06	4.2995656219225597e-05	5.775726086325875
ENSMUST00000031251.15	0.5434994315211785	6.917618229238462	9.083505134365186	1.1537295944336028e-06	4.2995656219225597e-05	5.779093899425437
ENSMUST00000040430.7	0.3616891499254624	7.287225183057222	9.025708824424871	1.2329428898535955e-06	4.528981501956099e-05	5.7051083755342304
ENSMUST00000115616.7	1.3808133543850643	6.475516904104762	9.025461254152244	1.2332945056012435e-06	4.528981501956099e-05	5.716358247522051
ENSMUST00000077037.11	0.6154828387214071	7.126127796936497	8.979697950714643	1.3001778705341564e-06	4.705895587523267e-05	5.651689261035305
ENSMUST00000177978.2	0.43656200631483877	5.660700151953217	8.969278002627899	1.3159446467284682e-06	4.728941084064945e-05	5.70697244689569
ENSMUST00000020223.7	0.7492685690918002	5.337334236790093	8.921528760958847	1.3908678772463264e-06	4.9409947250181526e-05	5.705635675236463
ENSMUST00000211932.1	0.4592317531825456	6.666552416719231	8.919225396373735	1.3945960066638395e-06	4.9409947250181526e-05	5.586996999328484
ENSMUST00000051676.6	1.686066437067467	4.5557114260222615	8.876048476067528	1.4665027106444323e-06	5.118380377260588e-05	4.460360336703255
ENSMUST00000227653.1	0.6400015096199745	6.881266242355683	8.858105673247763	1.497546365434297e-06	5.118380377260588e-05	5.509014942797184
ENSMUST00000190703.6	0.8447589806077866	5.875197168159434	8.854812433818473	1.5033203809795554e-06	5.118380377260588e-05	5.5550702502797495
ENSMUST00000113337.9	0.41289235645389954	5.3949279445648735	8.853456189071103	1.5057052193094157e-06	5.118380377260588e-05	5.606455948717295
ENSMUST00000039064.7	0.8003081355499697	4.985225145356361	8.843137709407777	1.5239828967984903e-06	5.1457435931498025e-05	5.675023810113703
ENSMUST00000020886.8	0.9372325615009034	5.876393755393192	8.769994898981476	1.6605748269404126e-06	5.424903866452737e-05	5.452177367256686
ENSMUST00000108838.3	0.4438958229241834	6.855945040399609	8.74713323745766	1.7059192963697176e-06	5.537083858087774e-05	5.374236464317999
ENSMUST00000047864.10	0.38627149922129433	10.431561699059563	8.721218208256886	1.7589321437470217e-06	5.672556163584145e-05	5.23563289355416
ENSMUST00000106157.7	0.5249246967055203	5.514810424317858	8.693584811369016	1.8174136019837136e-06	5.786966982012698e-05	5.387703332699181
ENSMUST00000000985.6	0.41290588115943905	5.319741281921842	8.657602339996856	1.8967111432955068e-06	5.9639711011998094e-05	5.395201342491614
ENSMUST00000032264.8	0.501120083475791	8.154387776058236	8.571513517918028	2.1018992295315142e-06	6.3705654545804e-05	5.12511446465129
ENSMUST00000084882.8	0.4998514206585991	8.47216538125058	8.542336857172836	2.1767420684135287e-06	6.518565087016943e-05	5.0770572523221675
ENSMUST00000177768.2	0.43855183573576006	5.430436931402702	8.497385914153655	2.2976982406713676e-06	6.643517154492903e-05	5.16205518784752
ENSMUST00000033210.12	0.38981989350027835	5.676813346805465	8.433454042057075	2.482306797613227e-06	7.084709739454204e-05	5.050787381758149
ENSMUST00000069180.7	0.7102295522608539	7.065202559496151	8.396536479712166	2.5961028869117104e-06	7.33187654439503e-05	4.933192150684114
ENSMUST00000102486.4	0.39900393574131954	8.84703672376205	8.392576245788275	2.608638245769649e-06	7.33187654439503e-05	4.872796545075644
ENSMUST00000071329.7	0.4936202977939317	6.227637847376328	8.366704343052326	2.6921444858356682e-06	7.47884442142131e-05	4.919954631502255
ENSMUST00000019071.3	1.1865351869710459	5.9017921890441984	8.311548559409566	2.8798920243712664e-06	7.917342499787891e-05	4.88053224942946
ENSMUST00000027356.6	0.6309637722479007	5.195712990915581	8.250807021355596	3.1030168207425394e-06	8.438528446030117e-05	4.95105615787709
ENSMUST00000092673.10	1.0885265894834237	6.550265145210259	8.228645031581967	3.1889795753567516e-06	8.6256753997956e-05	4.727998581790834
ENSMUST00000171688.8	0.6518874136569774	5.5715243885908965	8.216868619824911	3.2356936834356573e-06	8.659149502590404e-05	4.785864717422687
ENSMUST00000221170.1	1.0532010551248172	5.2454578136715435	8.216847432302094	3.2357783869747487e-06	8.659149502590404e-05	4.8846725414556325
ENSMUST00000030536.12	0.454626510156241	7.7767831167264205	8.197402331176146	3.3145270681359947e-06	8.75422135069211e-05	4.6636552253116115
ENSMUST00000111632.4	0.6799596787358588	8.472246448802693	8.185797489439004	3.3625008954052015e-06	8.75422135069211e-05	4.622869494313356
ENSMUST00000064780.3	1.4186769691674224	5.115624680454527	8.185607345495255	3.3632931091086785e-06	8.75422135069211e-05	4.904180115947691
ENSMUST00000038661.7	1.2285371034800434	6.456785414394125	8.182633709105534	3.3757084914217243e-06	8.75422135069211e-05	4.670289677656752
ENSMUST00000033995.13	0.3814028416688311	8.077379383958416	8.154336658411276	3.4963403475312364e-06	9.02055809663059e-05	4.596676760699712
ENSMUST00000031377.8	0.5498735535900279	7.742327414841051	8.144883386299776	3.5376627848990146e-06	9.080602791238236e-05	4.597058563518413
ENSMUST00000038627.8	0.277190873652275	6.734782678706781	8.120727097029398	3.645651046685021e-06	9.283167003584576e-05	4.586723763313685
ENSMUST00000202622.3	0.4762309695249991	6.96456059745897	8.114963616944843	3.6719344736897846e-06	9.283167003584576e-05	4.573845107040858
ENSMUST00000079703.10	0.5126079775960699	5.312774713045643	8.108270798166787	3.7027109819025937e-06	9.314169474975975e-05	4.714020453563917
ENSMUST00000027153.5	0.43747733253883947	7.458591988561109	8.09494818237918	3.7647998088994737e-06	9.423237730633459e-05	4.540497113143617
ENSMUST00000115467.10	0.5114509023487184	7.194013882128533	8.06934711529479	3.8872641689278895e-06	9.681597046473372e-05	4.511196961721225
ENSMUST00000110356.2	0.6107891298485111	5.997260600389963	8.059564377130593	3.93518139465915e-06	9.735656397584119e-05	4.548436195795736
ENSMUST00000038275.10	0.6575071363963128	5.245736428920298	8.04460115594419	4.009701375313845e-06	9.792500979622184e-05	4.666305028962321
ENSMUST00000115832.3	0.5981716566408499	6.223607404962244	8.03803005117574	4.042903200125632e-06	9.792500979622184e-05	4.497663814666838
ENSMUST00000019734.10	0.8008637573903981	6.272680352206576	8.036912475084065	4.0485792163812644e-06	9.792500979622184e-05	4.491770798159983
ENSMUST00000000080.7	0.6388195307667228	8.188130726345983	7.961106636989128	4.454243067902573e-06	0.00010568411196314531	4.340028370634788
ENSMUST00000023583.5	1.6733904405803148	5.139762344142042	7.950423043903675	4.514828233464686e-06	0.00010568411196314531	4.599931442364778
ENSMUST00000020308.4	1.1536820814664779	5.024703767436402	7.947846510764267	4.529571061679858e-06	0.00010568411196314531	4.632717021503073
ENSMUST00000003569.5	1.418999169242432	7.123924699124026	7.918401853745476	4.701761460868942e-06	0.00010801169821749612	4.313678270043791
ENSMUST00000057725.9	0.6224872661815004	5.259818879508689	7.892965730298425	4.856156249021318e-06	0.00011105146404011932	4.463876683984541
ENSMUST00000073554.3	0.9308802202189153	9.354546072308839	7.872596111436314	4.9837108478688876e-06	0.0001129416634037314	4.175196653657576
ENSMUST00000035804.7	0.9932518388038138	7.390974926016166	7.855810639831123	5.091517214367368e-06	0.00011486736818601896	4.227011541297996
ENSMUST00000114513.8	0.6071170759357019	5.1538108944031835	7.843612454541019	5.171426317879514e-06	0.00011614931163058854	4.456690466270983
ENSMUST00000108468.4	0.5159686742131093	6.09557608810335	7.822326959863715	5.314098255823218e-06	0.00011855960925806471	4.226336210586506
ENSMUST00000024594.8	0.6150145931681585	5.059647288969069	7.820597524636885	5.325873920159536e-06	0.00011855960925806471	4.4666122253052105
ENSMUST00000171143.1	0.5560518507633274	5.490012935137216	7.787442507506892	5.557109413866059e-06	0.00012208653913170367	4.2385617249275995
ENSMUST00000021077.3	0.7196335076459777	4.966756704680946	7.7440740386262545	5.87592729955599e-06	0.00012742150967269908	4.37950930227799
ENSMUST00000021506.5	1.014738031022966	6.010990362598022	7.723288920044854	6.035614556331367e-06	0.00013032264735151548	4.1028879435758006
ENSMUST00000014339.14	0.513270178766378	6.085671928501875	7.7180981480715	6.076214454601097e-06	0.00013063861077392358	4.088065981982451
ENSMUST00000053426.14	0.3209439696955023	5.635217871482683	7.667035270107878	6.491545040957039e-06	0.00013745986207153177	4.059406702291451
ENSMUST00000107773.2	0.514883667487128	5.481279158790198	7.648966147328204	6.64570362312623e-06	0.0001387325100744733	4.055307775928453
ENSMUST00000022428.12	0.4135562321884194	8.776594531538272	7.62526650251404	6.8538623021972684e-06	0.000140741964254508	3.8651084950504373
ENSMUST00000034270.16	0.3667694734404501	7.409241651482114	7.618140757911441	6.91780444674375e-06	0.00014147753728279599	3.9069282720651834
ENSMUST00000179801.2	0.5626943487898179	5.185275299409625	7.58126235479887	7.2590830615422315e-06	0.00014717850192462332	4.096415139672918
ENSMUST00000037879.7	0.4531031990484875	6.10613620180271	7.56936125923957	7.373025558723873e-06	0.0001483747663437592	3.8846710105856364
ENSMUST00000084241.11	0.34493052847301886	6.388446284584822	7.541752513547822	7.644785583130238e-06	0.00015323074210648696	3.821597084969998
ENSMUST00000111467.3	0.4207145468147937	5.94232213320657	7.533904557823443	7.723975613944409e-06	0.00015420365600696162	3.8535144197481035
ENSMUST00000043839.4	0.4643220066011251	5.454021215109308	7.528497624169862	7.7790444678139e-06	0.00015468922022755623	3.898408789599216
ENSMUST00000030181.11	0.6545962120481175	7.692853761049105	7.503255162611606	8.041747873521961e-06	0.0001586589551046627	3.741962317951364
ENSMUST00000044019.15	0.7043052264948049	5.187386402739643	7.464126611330078	8.467887951124979e-06	0.00016576632016385124	3.9387925577985694
ENSMUST00000049257.7	0.32725554431863646	5.401923159190553	7.430986933030892	8.847694562563576e-06	0.0001703953063843103	3.781432250957261
ENSMUST00000072465.8	0.7841676097801988	6.188457467724518	7.429736667751523	8.862375359202785e-06	0.0001703953063843103	3.6843753685758456
ENSMUST00000073339.6	0.2979082964191573	8.219998263500088	7.427165153747656	8.892652354503565e-06	0.0001703953063843103	3.6163235165476895
ENSMUST00000102774.10	0.42378018487635316	7.99273349724899	7.425901914279645	8.907566205341604e-06	0.0001703953063843103	3.622873435243097
ENSMUST00000152946.7	0.8822822805320447	6.252957913136966	7.359267267397089	9.733432604483016e-06	0.00018340411772716872	3.580184556741644
ENSMUST00000090413.5	0.33803850317266715	6.404144558255267	7.347034274677479	9.89374574985189e-06	0.0001843534624722402	3.552043626910378
ENSMUST00000033050.4	0.84795131805308	5.5832523589233185	7.338691222384098	1.0004698005583467e-05	0.00018573297293760302	3.6161289136003756
ENSMUST00000004232.9	0.7127195844944296	6.117936233473701	7.322226269557924	1.0227580952511733e-05	0.00018917264622090636	3.5428246952056934
ENSMUST00000212050.1	0.4928843424360947	5.116911556627146	7.288249804076564	1.0704457312350243e-05	0.00019654790050523384	3.743654454775573
ENSMUST00000062153.11	0.32748036456884133	6.39548491278897	7.28449067002023	1.0758659985226636e-05	0.000196824794129728	3.465067787726718
ENSMUST00000215902.1	0.8637404433609968	5.998294187222714	7.251639167947951	1.1245009900073677e-05	0.0002015840159624892	3.4573773659519436
ENSMUST00000080853.10	0.7824105369122565	7.305699273396213	7.25144985286949	1.1247879734220316e-05	0.0002015840159624892	3.401386021859947
ENSMUST00000049506.6	0.42578906711537456	5.1138232412186415	7.2259570122744385	1.1641564157043751e-05	0.0002055042430669723	3.66097529824415
ENSMUST00000020307.10	0.6574045642954829	5.619128764780493	7.215509856922923	1.1807126845753692e-05	0.0002076980949684854	3.440721369548071
ENSMUST00000065418.6	0.33876660290769145	5.9361412097517166	7.2020426814658975	1.2024268587329039e-05	0.00021004894188490414	3.3940976389165867
ENSMUST00000091288.12	0.49694065408729493	7.3199628975484465	7.17463285628853	1.2479500930860411e-05	0.00021501496295602305	3.292691521747698
ENSMUST00000002678.9	0.5200238246099005	5.785459158687883	7.156989158742999	1.2782243944787987e-05	0.00021947941735914116	3.3433568294634934
ENSMUST00000090839.11	0.4342294319179585	5.841801567663224	7.15086423680743	1.2889165112093194e-05	0.00022056254992837025	3.3301840302189607
ENSMUST00000166407.7	0.31690727001299646	7.452153604745777	7.1193886221451494	1.3453894168283436e-05	0.00022815427792624953	3.2117329725546213
ENSMUST00000002677.10	0.28109923591542696	8.672200639119946	7.117581662786072	1.3487105950760341e-05	0.00022815427792624953	3.161162429106735
ENSMUST00000014065.15	0.4509444702273724	6.13778759924151	7.0625872054749905	1.4540939476545315e-05	0.0002415537152779306	3.174218796488498
ENSMUST00000026387.10	0.41973849928886775	7.360068778556709	7.055619715516701	1.4680601603296182e-05	0.00024295429824402331	3.122426892160356
ENSMUST00000179857.2	0.25359627180156075	5.6238708243356195	7.0382251618796605	1.5035557840309042e-05	0.00024720225978625747	3.1894450793890012
ENSMUST00000172142.7	0.5171148699757433	5.3194871908012225	7.03360559042927	1.513135677939805e-05	0.00024764654033217437	3.26408683455044
ENSMUST00000023803.6	0.7627545006319068	5.818665241211616	7.032181101487629	1.5161028507714113e-05	0.00024764654033217437	3.163390487135719
ENSMUST00000032491.14	0.3836290895045993	7.210136379460814	7.025401297904591	1.5303103378306033e-05	0.0002483545583750247	3.0813810046858325
ENSMUST00000190686.6	0.6152623956081005	5.622196283328929	7.014211383592716	1.5540710880344496e-05	0.000250593962945555	3.155324168698936
ENSMUST00000055738.11	1.3520656521310714	5.8123235771403845	7.002198475228041	1.5800181168037747e-05	0.00025316217600322976	3.120997485280096
ENSMUST00000065917.15	0.4762395518105693	5.130983866641653	6.982274829067179	1.624076017166944e-05	0.0002593881410275205	3.3146328587549903
ENSMUST00000001809.14	0.33918098650348405	8.942624352095404	6.968569781752739	1.655142204717786e-05	0.00026351330480807537	2.9347854071156334
ENSMUST00000023611.5	0.440590545638309	5.843428568078022	6.8988749141305545	1.823239424614113e-05	0.0002848670045103603	2.969618150230314
ENSMUST00000023225.6	0.575828978927909	7.320568972925086	6.8449813960784045	1.965683655569995e-05	0.0003011275360655656	2.818367001796269
ENSMUST00000073192.13	0.3470266954605776	6.0676702026251785	6.837682107619835	1.9858705046019483e-05	0.0003011275360655656	2.8578222954361827
ENSMUST00000074058.10	0.2572266108433823	7.17258591439018	6.837216231579654	1.9871664077473224e-05	0.0003011275360655656	2.8091492447235265
ENSMUST00000036872.15	0.37066487389297986	5.396057434706352	6.825792221519328	2.0192277034973184e-05	0.0003047954879786779	2.93102010241014
ENSMUST00000150290.8	1.0445795328941383	5.616068200086495	6.823871908326138	2.0246709477388936e-05	0.0003047954879786779	2.8814062483553045
ENSMUST00000068725.9	0.369401779885977	5.958321945365344	6.819854102727587	2.036110321471912e-05	0.0003048711615275354	2.8441418708242114
ENSMUST00000000356.8	0.33193147692993996	8.44418097892845	6.807592072515023	2.0714503719433486e-05	0.00030832742074695226	2.722583543427783
ENSMUST00000023818.9	0.5371526187776867	6.969161698246946	6.8025867683587276	2.0860634034383674e-05	0.0003095865776607205	2.761729503493309
ENSMUST00000164016.7	1.4347610512009457	6.0172372157944825	6.75492031971794	2.2308603986485755e-05	0.0003292445507640104	2.7425406959520595
ENSMUST00000075869.12	0.6667173898232761	5.560710603935255	6.754681634967725	2.231611842785282e-05	0.0003292445507640104	2.7865082216511627
ENSMUST00000018113.7	0.43508129149954655	9.894411613400115	6.750373326444933	2.2452220339388653e-05	0.00033028397815048044	2.577835239941324
ENSMUST00000021564.10	0.5243028007494743	8.919116452871501	6.728001640551283	2.317331794144429e-05	0.00033890977489362277	2.5834241775490785
ENSMUST00000021413.8	0.9721235704933813	7.071153193320365	6.721227941580493	2.3396487838962844e-05	0.0003404091801864594	2.640037748729844
ENSMUST00000043577.1	0.8312041749468806	4.97403396613559	6.714955528020037	2.3605184609065612e-05	0.00034224116359714437	3.0277910320475394
ENSMUST00000005671.9	0.5637478343988507	5.8558357760580035	6.683875078688599	2.4668966205021544e-05	0.0003566366924639753	2.6542228200513165
ENSMUST00000220409.1	0.5894919374065228	9.088214538715253	6.647708756448619	2.5971465555068908e-05	0.0003716439976569148	2.456699212860329
ENSMUST00000070198.13	0.4080064265097354	6.003015766356227	6.640218869663996	2.6250251320930116e-05	0.00037412185381189634	2.574854480684281
ENSMUST00000030556.7	0.46829603814804965	5.34241194913738	6.634482922846078	2.64659067816828e-05	0.0003750703577990033	2.6758595274135573
ENSMUST00000050027.8	0.5836377357548752	10.219041124498974	6.612647764207496	2.7304266841403342e-05	0.0003831480917247528	2.3637745291902874
ENSMUST00000028062.7	0.3745518967556034	11.75759943770607	6.609774359980606	2.7416679193184458e-05	0.0003831480917247528	2.313538704641368
ENSMUST00000046835.13	0.5102650904509636	5.247184969041281	6.589370659157207	2.822921641846806e-05	0.00039016809835525497	2.66905996027959
ENSMUST00000005651.12	0.6771552445116047	6.610774838963379	6.529598391694811	3.076057240082022e-05	0.00042014455776192834	2.364385178945751
ENSMUST00000042834.3	0.32525549750443083	6.881360024810048	6.528357624059634	3.0815611571089556e-05	0.00042014455776192834	2.357001669559711
ENSMUST00000065494.7	0.9650564272228088	5.898029006656746	6.5244888398806	3.0987900734939184e-05	0.0004213516989121055	2.4132152386248373
ENSMUST00000051209.10	0.5605317738858862	5.684703113986586	6.520888842403912	3.114914091805613e-05	0.00042240250123649697	2.4271436797698946
ENSMUST00000035295.5	0.40314868105142576	7.498410680624824	6.506916315249185	3.1783464032109453e-05	0.000429845719208448	2.313071108257022
ENSMUST00000185315.6	1.0374577591420628	5.255452475633036	6.5000274051639035	3.2101252097159706e-05	0.0004318219232641991	2.5314688353952306
ENSMUST00000032373.11	0.2866999474764427	7.51132072607548	6.493154633151794	3.242166687124005e-05	0.00043381225007768274	2.2919930535191755
ENSMUST00000103143.9	0.5059125949432026	5.260024762489403	6.450958244562013	3.446498396377576e-05	0.0004539092521511934	2.455344634685571
ENSMUST00000038626.9	0.7683048972770781	5.685815104155336	6.42268793794604	3.591029414855493e-05	0.00046906269709688745	2.2792936878635075
ENSMUST00000026050.7	0.3467936326184109	5.717478238411008	6.421192693784506	3.59885114449212e-05	0.00046906269709688745	2.2738783370927127
ENSMUST00000033880.6	0.4009244778367984	5.891930862984989	6.417725033955694	3.6170605440297236e-05	0.0004702178707238641	2.2529739732651013
ENSMUST00000029663.10	0.3088833100159398	6.784946304224071	6.404953336060808	3.6849770232561493e-05	0.0004765840463753647	2.1732395496094865
ENSMUST00000046303.11	0.41811082736894	5.586130952939012	6.393662868374876	3.746146499493213e-05	0.00048325289843462454	2.2459258681212715
ENSMUST00000027677.7	0.29743159835919997	11.500651926704936	6.382329667569909	3.808634548733579e-05	0.0004900572996081493	1.9766407563402248
ENSMUST00000029490.14	0.5785212146389593	7.124699658421551	6.380452468411562	3.8190914443555056e-05	0.0004901492106263405	2.1278709523039083
ENSMUST00000048393.6	0.39576904845256955	5.100619485584919	6.3770814165231835	3.8379465224444505e-05	0.0004913157494762858	2.466772531860678
ENSMUST00000055676.3	0.9371507253145621	4.837490679916127	6.33877150692166	4.059313924110246e-05	0.0005144183464029886	2.5125288461711817
ENSMUST00000110191.9	0.7570305267939865	5.451117354056254	6.334712975742067	4.083548457723364e-05	0.0005161892535378454	2.1821318178075977
ENSMUST00000003818.13	0.5663241871409799	5.9314073802169505	6.328024252109056	4.1238247584505856e-05	0.00051997399397907	2.1128199397313088
ENSMUST00000050952.3	1.3375104386419565	7.140206298249095	6.3245160143953765	4.145118318567659e-05	0.0005213522565178473	2.0421959215775924
ENSMUST00000096350.9	0.8089775719778807	5.1088621784675885	6.315395117464548	4.201027176341142e-05	0.0005257554160241863	2.3687776250557677
ENSMUST00000028347.12	0.3128282335140167	6.463219704524338	6.300733655252826	4.292584608559124e-05	0.0005339088760878381	2.0189902781750533
ENSMUST00000159216.8	0.47526386548054234	9.940239718389632	6.2816787573737995	4.4147591796935407e-05	0.0005443787606136814	1.8677574695144905
ENSMUST00000105680.8	0.4325836203837641	5.875452720988381	6.246476295453894	4.6502915133548045e-05	0.0005678547719341752	1.9932835314397828
ENSMUST00000224069.1	0.4644282921088374	6.951538545241151	6.230752978778665	4.759773519548439e-05	0.0005770221825746554	1.9014441750483195
ENSMUST00000052556.3	0.48304017841757396	5.9381409509474175	6.2168790820235085	4.858652896511492e-05	0.0005861842379460268	1.9416148748636157
ENSMUST00000041965.4	0.3218303823626103	6.050840487465757	6.177468447888386	5.1516215873650064e-05	0.0006170906715722225	1.8675824159866146
ENSMUST00000036044.8	0.4422669087394846	5.476266144431939	6.160913185508531	5.2802335973917016e-05	0.0006280107619025449	1.909192522567296
ENSMUST00000224947.1	0.415182414151003	6.218932665701739	6.158799615736388	5.296896992982374e-05	0.0006284245101708617	1.8184557608576188
ENSMUST00000108304.8	0.6513790335735372	7.228478082988275	6.1552907718200105	5.3246841501548366e-05	0.0006288376985781451	1.7797752655929084
ENSMUST00000053063.6	0.34669516562370895	5.9351257150726475	6.118057393470766	5.629261745903824e-05	0.0006555744408250496	1.7888416165834204
ENSMUST00000086278.6	0.4439985908497679	5.015607957164895	6.101662216054179	5.769194385289643e-05	0.0006703190982076719	2.1209386353729123
ENSMUST00000048946.6	0.25722847659270176	6.696254795358196	6.083585448812969	5.9277693546965574e-05	0.0006855771867466295	1.679380365947397
ENSMUST00000024709.7	0.3370455514528867	6.22875511537122	6.0695665863791515	6.053929833666501e-05	0.0006969638671207361	1.6782124794073017
ENSMUST00000078124.7	0.3135568075607127	7.398633931081387	6.042543474658482	6.305229406263507e-05	0.0007128451492789148	1.6005460882245526
ENSMUST00000073456.8	0.34696298639505585	7.412901527623983	6.030199344078482	6.423683956272028e-05	0.0007229877848770597	1.5808408282022706
ENSMUST00000065796.9	0.41852407714223716	5.823186700186999	6.022499570742089	6.498764931214315e-05	0.0007278385034937857	1.650293525306556
ENSMUST00000018521.10	0.375642479432301	6.582950320140591	6.0169784928551	6.553174077751627e-05	0.0007310203721766837	1.5760415335973361
ENSMUST00000099269.3	0.4894889977863608	5.266492866925184	6.013909349508074	6.583628668440495e-05	0.0007320129573164677	1.7852338734049145
ENSMUST00000047734.14	0.6200995283227897	5.7385443211071445	6.013151464174459	6.591172126105345e-05	0.0007320129573164677	1.6432421191551025
ENSMUST00000050467.7	1.1945506061359437	6.350168152612012	6.004760288413381	6.675307360552737e-05	0.0007380982710096883	1.5647652077183434
ENSMUST00000087351.7	0.42305707968291095	8.598143826230372	5.98627369567827	6.864711016533392e-05	0.0007557190617982385	1.4625585415371614
ENSMUST00000015501.10	0.7509646391816238	5.174710806694061	5.975822206601807	6.974306066556163e-05	0.00076610772534594	1.799553781285958
ENSMUST00000089473.4	0.31860513724080786	5.966893602740688	5.9241004902327115	7.544651945502845e-05	0.0008109858419886092	1.4808729487660761
ENSMUST00000047875.15	1.010276705087147	6.0000436326658	5.914445262986536	7.65649360059444e-05	0.0008195706235019283	1.4616205522566332
ENSMUST00000040320.8	0.49545704632373155	6.047316248595516	5.89362141400129	7.903733162124958e-05	0.0008420994586689035	1.4227725247161143
ENSMUST00000015358.7	0.3765256070613088	5.02086211295912	5.89250918248374	7.917174397741828e-05	0.0008420994586689035	1.8011230064571215
ENSMUST00000110551.3	0.3656154187823395	6.177635373900562	5.88299142144035	8.033191307913891e-05	0.0008490543165990502	1.3896474600245927
ENSMUST00000093389.8	0.31918671339951565	5.229832135062008	5.874987087914156	8.132154942150131e-05	0.0008559178140995253	1.5954026969915471
ENSMUST00000033342.6	0.3508182089807983	7.367647575333795	5.858714003571407	8.337356218359443e-05	0.000873859148636799	1.3098805724666613
ENSMUST00000053764.6	0.4027135041845753	5.626368513232708	5.807199412836799	9.023917331809714e-05	0.000936068620542983	1.3289562879526127
ENSMUST00000032174.11	1.128019405854559	5.040916708336555	5.801575703874631	9.102414333900881e-05	0.0009405955709414968	1.6455253601156201
ENSMUST00000045174.5	0.23642818944988697	6.0816373590039206	5.796000379072437	9.180950156460768e-05	0.0009465032835482403	1.2627047305716594
ENSMUST00000073211.11	0.9197958401391162	8.670588552761636	5.778691405967529	9.429375197471119e-05	0.0009659431112727046	1.127492047316263
ENSMUST00000079812.7	0.26598719716958374	5.984387291685726	5.756074803473993	9.764753448765076e-05	0.000994463048597917	1.2107222144574878
ENSMUST00000081265.11	0.355558567145585	5.94471186712187	5.735213774931177	0.00010085306272900909	0.0010209089710053213	1.1818119054955547
ENSMUST00000010451.7	0.6859304523762662	4.9183455824526785	5.731702790610195	0.00010140342639335643	0.001022366008386726	1.6250104551897753
ENSMUST00000031556.13	0.4770597722901133	7.12693521579728	5.725971728013152	0.00010230863843308863	0.0010236470830714875	1.1004057244738554
ENSMUST00000155672.7	0.364882292171651	5.762126101464845	5.720675921070824	0.00010315270744835176	0.001026423240138841	1.17601525670843
ENSMUST00000006435.7	0.2537825401305893	5.575613264032264	5.704774928905809	0.00010573165719902707	0.0010491833675903455	1.1705910103993844
ENSMUST00000032260.5	0.3912394850757739	5.842467156374636	5.6988086398777895	0.00010671684535929846	0.0010568748996114775	1.1333991357993094
ENSMUST00000101010.2	0.6345750936763581	6.776473460928839	5.695800576063782	0.00010721723321888183	0.001059744401422779	1.0602966622601668
ENSMUST00000114233.2	0.8254298536760176	5.033597771237636	5.687629976778396	0.00010858897370358639	0.0010677573842367597	1.4745525664671177
ENSMUST00000045296.5	0.4468547951580639	5.05440773191646	5.687182490150641	0.00010866463540632498	0.0010677573842367597	1.455959638611687
ENSMUST00000022925.9	0.21808924280213482	8.611438778471648	5.6489640937122925	0.00011533704219945081	0.0011192570601767477	0.9202052677311778
ENSMUST00000008021.2	0.7149369439436963	6.298777341842227	5.637666413785214	0.00011739143868141787	0.00113358220346682	0.9816865465526208
ENSMUST00000072697.12	0.2055959212534333	7.52346153904838	5.6329372818882515	0.00011826285362109755	0.0011398092271412677	0.9420093586148557
ENSMUST00000108625.7	0.5825540127084494	6.476832904557246	5.5990102700741655	0.00012471853347238693	0.0011906241781775686	0.907444624262145
ENSMUST00000020629.4	0.4902649311136793	5.414492491853768	5.5949500325253005	0.00012551572666140933	0.001194679175667521	1.0319860924512012
ENSMUST00000034905.8	0.35278637332770035	5.146796051499319	5.594429976441298	0.00012561822379807564	0.001194679175667521	1.223897193786045
ENSMUST00000099626.4	0.539363289590014	7.850879360965696	5.576433109548772	0.00012922027672942002	0.0012243073676567085	0.836127610237309
ENSMUST00000092074.11	0.24333500903304728	6.626770376800101	5.567964509182592	0.000130952884216096	0.001231446655123699	0.8547008380634065
ENSMUST00000002572.4	0.4427494558067693	5.5720791256828095	5.565337872753017	0.00013149524868721522	0.0012342399181816785	0.9450160730342141
ENSMUST00000042564.16	0.2680118539023262	6.942320672853313	5.548851205643159	0.00013495419199899993	0.0012625483634379291	0.8158113499172579
ENSMUST00000204542.2	0.2970984674848065	7.090802322623552	5.542498893714517	0.00013631246987564594	0.0012723340184496747	0.8021613813618158
ENSMUST00000031727.9	0.5542203509041226	5.6023939254535815	5.5339541140253505	0.00013816237803616885	0.001287212822036973	0.890082551067759
ENSMUST00000098334.12	0.3952846618418002	5.245460642938763	5.532261101613784	0.00013853204644009688	0.0012882712119041172	1.0363698061312636
ENSMUST00000212889.1	0.7021884749944407	5.015311829161968	5.521117800567017	0.00014099140581845315	0.0013039113284423489	1.2282553398598983
ENSMUST00000084203.10	0.5397482647802088	5.603586352148525	5.510224849363526	0.00014344013585414534	0.0013241235293251473	0.851092736070683
ENSMUST00000039303.6	0.7770089640454634	6.956500877154863	5.507582446002714	0.000144040892005024	0.0013248075460279263	0.7475927110726852
ENSMUST00000032492.8	0.34764175654812846	10.37189301607575	5.5040832286907	0.00014484054014018597	0.0013297313092067073	0.6126298197338107
ENSMUST00000015449.5	0.46872783248916416	5.832876004604575	5.490450301348381	0.0001480009689527978	0.001346460894758636	0.7949344696978926
ENSMUST00000097414.9	0.34429885120163206	6.397898337451326	5.483360770859166	0.00014967319879841755	0.0013591416609003738	0.7211999859534917
ENSMUST00000003313.8	0.440467057387143	6.2933721574537085	5.482256625225622	0.00014993542788205088	0.0013591416609003738	0.7277630848271084
ENSMUST00000096240.2	0.20820780817898665	6.386380593717442	5.477818054380369	0.0001509944721282962	0.001363829783262941	0.7126900525166757
ENSMUST00000107619.2	0.48406110221176224	6.31141952783168	5.467562232329116	0.00015347184497802057	0.0013762852559292232	0.7018241215380039
ENSMUST00000172868.7	0.5018983264521415	5.107667394266949	5.45261822938341	0.00015715880475670815	0.0013969363016448739	1.0321770654200026
ENSMUST00000176207.7	0.2765426693737165	7.494524889219808	5.435907752338937	0.00016139260598899103	0.0014270056251856132	0.6191512530812755
ENSMUST00000064762.5	0.42580294134199725	8.22308114461483	5.421053454977029	0.00016525724994916646	0.00145097595897776	0.5638394083255411
ENSMUST00000020662.14	0.2670759678917456	5.463364680078933	5.390691140797837	0.0001734637091246175	0.00152037616830305	0.6806702436736831
ENSMUST00000106348.7	0.47626113517402935	7.095923744057542	5.383157633120191	0.000175565766587754	0.001534521427704972	0.5388330648998068
ENSMUST00000031224.14	0.2892017144706749	6.025373141346376	5.3816394779839545	0.00017599261852231543	0.001534521427704972	0.5939208584788211
ENSMUST00000194632.1	0.40797820872146673	7.8063070127374	5.36295699476079	0.00018133605363833966	0.00156752866985307	0.48555589196381277
ENSMUST00000039782.13	0.3218915002608176	5.888015227881817	5.360832486259123	0.00018195444062356938	0.0015701763135114537	0.5752722801869412
ENSMUST00000032185.8	0.4863173942195136	6.527071682757308	5.353529203344248	0.00018409725198548522	0.001580534598530676	0.501609322755014
ENSMUST00000096232.5	0.9282346488540902	5.219740551696319	5.351729069222702	0.00018462949674174492	0.00158240374464688	0.76246441689152
ENSMUST00000031351.10	0.5817981303559341	5.5695741759002635	5.341464774909467	0.00018769550914098706	0.0016059457593338535	0.5767680415928167
ENSMUST00000005256.12	0.4502451525786926	6.751206969936674	5.32139421902416	0.00019384692808753305	0.0016480544191504066	0.4448913528932552
ENSMUST00000046038.7	0.48093590966953226	5.40152653718583	5.317736892850916	0.00019499057765099838	0.0016542961149446423	0.5829023092925167
ENSMUST00000033597.8	0.42864975487491996	6.646739305809661	5.310940500557791	0.0001971347524920274	0.001663420093591723	0.4292317814566564
ENSMUST00000000804.6	0.39916217420425504	8.642393312785458	5.310189413590876	0.00019737323175973115	0.001663420093591723	0.3587203248474333
ENSMUST00000068519.6	0.46142713271340074	5.866045801173022	5.300894609271118	0.00020034974866694493	0.001679932642572333	0.4776739236442129
ENSMUST00000027127.13	0.40078143756566753	7.508829726132122	5.279090568333532	0.00020751941309406495	0.0017228220582116184	0.35736581435496806
ENSMUST00000085679.12	0.21591894154738434	7.125138769061349	5.274246325599762	0.00020914872644884415	0.0017328238323985644	0.356476727731879
ENSMUST00000035214.10	0.3381092343647838	6.1109897223921825	5.273416719789949	0.00020942910577755925	0.0017328238323985644	0.40233113478801474
ENSMUST00000034827.9	0.30716857348752935	6.844149886895455	5.272446688944648	0.000209757446617119	0.0017328238323985644	0.3603050019638516
ENSMUST00000128246.7	1.0884130806837096	6.349626072727923	5.264794122609182	0.0002123668254864462	0.001746078681964247	0.360907610454289
ENSMUST00000022511.9	0.3121460004659298	5.363057648695463	5.264211500929457	0.0002125668848013039	0.001746078681964247	0.5135985502208396
ENSMUST00000102518.9	0.4345782703775223	7.0757714657779545	5.263017281594882	0.00021297757418651264	0.001746078681964247	0.33838539956451896
ENSMUST00000046305.11	0.36177855206778187	5.198319783614642	5.257201605825973	0.00021498955792950393	0.0017587194568184296	0.6263694528792545
ENSMUST00000117786.7	0.4391825207768516	5.837822079882871	5.253109469568898	0.0002164172670955239	0.0017675247901908777	0.4005525969243857
ENSMUST00000119694.1	0.23415163475814005	7.0370997026262465	5.2350675829004	0.00022283208247147665	0.0018062314696638485	0.29207858540266596
ENSMUST00000022268.9	0.2669424506473632	6.870166429004566	5.230362184547336	0.0002245378182958519	0.0018103361600103058	0.2887319248733391
ENSMUST00000089651.5	0.361548793855353	5.2115924091328765	5.20948444964356	0.00023227372282985445	0.001857820508039742	0.5344791819829604
ENSMUST00000102889.9	0.2309794047970719	5.569316391622926	5.201190129894588	0.0002354245184610109	0.001868171533718211	0.34234237367170106
ENSMUST00000046859.11	0.36808397730567943	6.1829717971637095	5.199423014949252	0.0002361015974820297	0.0018705939164284904	0.2687489845878206
ENSMUST00000045281.12	0.42887788960594	5.2217554915293025	5.147570861013209	0.0002569100079887941	0.002000796052928209	0.42212618599605545
ENSMUST00000107237.7	0.2096478365336072	6.342540621950884	5.146530865494882	0.0002573465957250763	0.0020010984900971545	0.1621556482852764
ENSMUST00000034630.14	0.8245899820599689	5.636402512554478	5.140839198540463	0.00025974981576763837	0.0020166687085293035	0.2323841554927597
ENSMUST00000072899.8	0.8138915961334448	5.595659838968908	5.128284368697098	0.0002651348023393577	0.0020489910761433312	0.21609379123889116
ENSMUST00000028398.13	0.2779748921685927	5.991897433978023	5.126927646901878	0.00026572371812609157	0.0020503926777490286	0.17105069468708134
ENSMUST00000021046.5	0.19265059777777793	6.243712485648257	5.125229326022019	0.00026646285337547095	0.002051121094732797	0.13594167905044685
ENSMUST00000103077.1	0.7653941562299496	5.092963449009572	5.123923464071814	0.0002670326556766169	0.002051121094732797	0.5097922771148076
ENSMUST00000124992.7	0.2699802619555296	6.256462765343437	5.123903886544884	0.0002670412079208869	0.002051121094732797	0.13221791570244257
ENSMUST00000029546.14	0.3245774596894675	6.635320318880387	5.113488895846712	0.0002716320079314939	0.0020800314032014397	0.09651213895747457
ENSMUST00000208089.2	0.40379516326423115	5.645467340567064	5.100495089548523	0.00027747622797076534	0.002111925723027111	0.16306039417533746
ENSMUST00000023085.5	0.30193842899252843	8.410524066668746	5.091431318332022	0.00028163105539865085	0.00213142248391071	0.0006162466915275999
ENSMUST00000168162.4	0.31051598712417317	6.13742757940431	5.09121188931745	0.00028173244917523794	0.00213142248391071	0.09133687770455001
ENSMUST00000176274.1	0.368501144702698	5.497795433136945	5.0784705650338555	0.0002876863071252965	0.002166691334052944	0.14862902055963634
ENSMUST00000046288.14	0.39314756265327677	7.127270164539717	5.07588149538727	0.0002889122423137078	0.002172671885022816	0.02097597696350917
ENSMUST00000037246.5	0.20930588553602458	6.2485049240916855	5.063172647544766	0.0002950101150790845	0.0022068456678924725	0.02986692275550329
ENSMUST00000085192.6	0.9050692536582439	6.226400739789429	5.062369051091668	0.0002954002129518056	0.0022068456678924725	0.0311365707610598
ENSMUST00000117634.1	0.4457233181865732	6.077488332378417	5.061855557136568	0.00029564976747356917	0.0022068456678924725	0.049367168660561234
ENSMUST00000046963.9	0.20235888248310552	5.524958075533598	5.052465446067797	0.0003002526013364039	0.0022361539159520675	0.09795735988021015
ENSMUST00000069507.8	0.48989265997301157	5.544651459159678	5.050582713760824	0.00030118451086620304	0.0022361539159520675	0.09124269157992426
ENSMUST00000053699.12	0.38660894562737	6.255648474887721	5.040427175324085	0.00030626398380862894	0.002262575774656699	-0.009760031865446273
ENSMUST00000182328.7	1.0950775928491083	7.238156861050596	5.02898889058628	0.0003120930600072237	0.0023022583356251355	-0.0606821470291683
ENSMUST00000219527.1	0.3839641486695964	5.954398438163865	5.027627586962117	0.00031279452101079985	0.0023040545171381173	0.006871590162846886
ENSMUST00000098852.2	0.524414776621307	8.119865354784457	5.02632185628693	0.0003134689032508534	0.002305646275226672	-0.09751056777920208
ENSMUST00000023024.7	0.9979047960249785	5.359952656083254	5.020322667259032	0.0003165870561860924	0.002321927007333495	0.1046590728332717
ENSMUST00000023509.3	0.7595861465145397	5.746441345496353	5.0202874978723395	0.00031660543172943304	0.002321927007333495	0.015518510544010766
ENSMUST00000023707.9	0.33757794623434023	9.506816468422683	4.995779218934019	0.00032968732549475284	0.002400371830049351	-0.2162353185427568
ENSMUST00000065090.7	0.21241863812111816	6.768454292839336	4.987123326608175	0.0003344423141263137	0.0024210026339448677	-0.12156015571457512
ENSMUST00000046633.9	0.23531763759587143	6.856595925114581	4.978964200549708	0.0003389904057795788	0.0024468590121622105	-0.13824318766590782
ENSMUST00000059352.2	0.3470984445010288	9.778701317044002	4.9652293238818705	0.0003467938972776516	0.0024953169949262478	-0.279567176743055
ENSMUST00000013759.5	0.46599896377515915	5.236331283442453	4.961593021653686	0.0003488912992573858	0.0025003876446779314	0.09612773812080722
ENSMUST00000222726.1	0.6031511392019988	5.588524679442382	4.959218518950994	0.0003502680882489441	0.0025066838577246626	-0.07079847807253792
ENSMUST00000031492.14	0.20186561583969098	5.970474632911797	4.953265103776668	0.0003537451566685532	0.0025243856499283564	-0.12240290663991171
ENSMUST00000070642.3	0.7173159317593312	6.026154748687847	4.949255138897737	0.00035610757678140295	0.002537644785817618	-0.13646357152391264
ENSMUST00000065086.5	0.37113933498196694	6.808384727453575	4.944419340018372	0.0003589785819401337	0.0025544805687897844	-0.1960557667421945
ENSMUST00000038562.8	0.6071615057281434	6.752694566855206	4.94215126643072	0.00036033349655820906	0.002556893964999083	-0.19846482687850742
ENSMUST00000044604.14	0.4391897604516295	5.732746136361722	4.924697678692898	0.00037094137170858265	0.0026284592127688443	-0.1467786011442218
ENSMUST00000022610.14	0.38382274984390463	7.293108557847552	4.890904997866864	0.0003924223433355653	0.0027612263067429777	-0.2990299776938654
ENSMUST00000074628.12	0.26263489907290705	7.330577109925035	4.884335134071581	0.00039674807726458117	0.002786020177086707	-0.31108384680137036
ENSMUST00000114996.7	0.21578124274800192	5.254710673991025	4.874267159624508	0.0004034743823992594	0.0028205017224028155	-0.0682788802127039
ENSMUST00000110557.4	0.35450619199366784	5.752493876491004	4.87175320128054	0.00040517252674042285	0.0028272163412358772	-0.2399826707910515
ENSMUST00000052068.10	0.3545153099622951	8.180725434029933	4.847914055598435	0.00042165316797795535	0.002938140011214811	-0.4076598440088057
ENSMUST00000002303.11	0.3120355053221422	7.962470282429352	4.842985539220274	0.0004251472434692787	0.0029544104549451343	-0.40680838594983815
ENSMUST00000067327.10	0.44436450658770976	5.3208035559722635	4.842963936221835	0.00042516262559735184	0.0029544104549451343	-0.17524300055663566
ENSMUST00000028592.11	0.3872772307493024	7.449357423588352	4.841952821085658	0.00042588323002272526	0.002955335903785284	-0.3870688764356318
ENSMUST00000018287.9	0.4377070505625831	6.844913598560304	4.831110500340188	0.00043369136061324856	0.002993005809664271	-0.39305536052980283
ENSMUST00000026474.4	0.534917686406116	5.0489818086639096	4.816084325953722	0.0004447615225598709	0.003063119754371804	0.04174438643061329
ENSMUST00000027263.13	0.6755282216864424	6.516934945985526	4.814858583978072	0.00044567753134568887	0.003063119754371804	-0.4152250452544015
ENSMUST00000021692.8	0.26916792253794597	5.679362419503725	4.812469658901184	0.000447468485983742	0.0030688210409403932	-0.3344918303406894
ENSMUST00000034349.9	0.38869940872729813	5.72555750344994	4.807455379909691	0.0004512522244712085	0.003084578724612296	-0.348378952272264
ENSMUST00000067908.13	0.68919460434154	6.194667565287445	4.806170963672878	0.00045222682107398085	0.0030869023732172946	-0.4058161240132261
ENSMUST00000048188.8	0.24919359672573727	5.503829135051697	4.805391541904082	0.00045281931056139206	0.0030869023732172946	-0.3210300358603364
ENSMUST00000099274.2	0.315125555829713	5.213285591962417	4.797575386998358	0.00045880606935296215	0.003123482185270301	-0.16365156169510797
ENSMUST00000051572.7	0.4149069271079817	7.004931997444361	4.786892517476514	0.0004671230732655695	0.003175805650809568	-0.4747827806419931
ENSMUST00000058615.9	0.3690449770627602	5.842246968140622	4.77108993510054	0.00047971683092576254	0.003248257572526933	-0.42309823168742255
ENSMUST00000152265.7	0.6192782398471657	5.538876221477014	4.768850149711011	0.0004815303925383041	0.003256155114059419	-0.3921410353742907
ENSMUST00000036489.9	0.33551184971470605	5.312358075263296	4.756843920781006	0.0004913750809571907	0.003307955879961101	-0.3177862637403628
ENSMUST00000160289.8	0.21949459048448539	6.670367363705536	4.756241578293181	0.0004918745012328073	0.003307955879961101	-0.5189746568427367
ENSMUST00000036680.7	0.4698682001363297	5.8153332901163335	4.7556816113788125	0.0004923392635579573	0.003307955879961101	-0.44725413456398755
ENSMUST00000042842.5	0.27268050085741447	5.354075519194252	4.754415961782168	0.0004933914252309009	0.0033096696804488833	-0.3486041011401184
ENSMUST00000102926.4	0.20928271572092427	8.108207228511523	4.751236744985068	0.0004960447781288895	0.0033172724541826485	-0.5729122861492
ENSMUST00000183482.1	0.8199991795029833	5.924217587398405	4.750689616071448	0.0004965029135359837	0.0033172724541826485	-0.4672655647334807
ENSMUST00000167487.7	0.3467634857431108	6.18305468918164	4.73912813658015	0.0005062881884716896	0.003369227349472315	-0.5210783426690133
ENSMUST00000033054.9	0.44427693065382456	6.316840863933002	4.73519404319575	0.0005096637627460475	0.0033782850993087812	-0.5431263798343231
ENSMUST00000027684.10	0.3614077157751563	5.512997499009083	4.7329292125636	0.0005116177394003531	0.0033865132892457826	-0.44916817231797523
ENSMUST00000001455.12	0.24992128710417028	6.359545201533242	4.7303864682655465	0.000513820835874907	0.0033924312667803895	-0.555478153907103
ENSMUST00000030811.1	0.740735179394755	7.284430693682712	4.712347922436866	0.0005297378607926893	0.0034792574120731325	-0.6094634187688364
ENSMUST00000222375.1	0.2319531918572899	6.969636057069301	4.710239484428545	0.0005316317358927911	0.0034871437591611895	-0.6076655968922102
ENSMUST00000152594.7	0.23518933713904744	5.826495283079127	4.704437123442273	0.0005368803063917651	0.003512411991491509	-0.5376924481767409
ENSMUST00000030460.14	0.2527703727754247	5.908265484473506	4.689515136963191	0.0005506287174978201	0.0035951383392070126	-0.5723073212058427
ENSMUST00000080975.5	0.2923009571452102	6.163973005311633	4.685921638042342	0.0005539943260471466	0.003609619637759986	-0.6116734674873632
ENSMUST00000049093.7	0.8991008079534835	7.636920751840211	4.684116068691139	0.0005556935097520397	0.003612007813388258	-0.6683587477946089
ENSMUST00000100167.9	0.19459306410328114	6.265627402942069	4.6803355305096455	0.0005592689831248309	0.003625879193429155	-0.6339398076820535
ENSMUST00000033662.8	0.26049691254356055	7.731780727938873	4.674068275991584	0.0005652494146200607	0.003655231111765457	-0.6903020728574853
ENSMUST00000112390.7	0.5155464239036567	5.826138562489884	4.673309868554909	0.0005659776384285988	0.003655241975525392	-0.5920869003859623
ENSMUST00000015877.13	0.18855131205587838	7.730085919328762	4.66958724593021	0.0005695663659192125	0.003673703060178921	-0.6980868916836265
ENSMUST00000025375.13	0.2830549739164807	5.579190817434777	4.6602258346163365	0.0005786966705332553	0.003709545688586579	-0.5874958167981594
ENSMUST00000204293.2	0.463350741440685	5.528122192087328	4.6601105580402225	0.0005788100507931752	0.003709545688586579	-0.5797165738120933
ENSMUST00000091291.4	0.478530391910712	5.771265267907768	4.649553609568018	0.0005892924758127115	0.0037623482814895326	-0.6283528625111776
ENSMUST00000040518.4	0.20965487406193173	7.324403055609835	4.643874371880634	0.0005950135809835498	0.003789257374592708	-0.7303236690652568
ENSMUST00000090227.5	0.33776559639634396	5.843934729410186	4.643044530241243	0.0005958543917610575	0.0037898147218076864	-0.6469012362219013
ENSMUST00000004622.6	0.4935005710482727	5.791687383493119	4.638015400478287	0.0006009766518965166	0.003812753512851671	-0.6505880822549255
ENSMUST00000058033.7	0.33675092724701905	5.566495394936719	4.637111311598243	0.0006019023553113024	0.0038138170649510863	-0.6262455143224228
ENSMUST00000102621.10	0.2948983116197077	6.277088144405523	4.611476478967937	0.0006287801567577811	0.003969125431177411	-0.7561122928290107
ENSMUST00000029692.14	0.426634272864276	5.879022517103395	4.5967169241452925	0.0006448217924694839	0.004048896514929807	-0.7319803432418182
ENSMUST00000051379.13	0.45696180920416474	6.928616420889333	4.59627745065514	0.0006453059473594371	0.004048896514929807	-0.8066382112928228
ENSMUST00000076265.12	0.35377284231434913	5.348195688306613	4.596154682603162	0.000645441265150806	0.004048896514929807	-0.6210313512433778
ENSMUST00000034497.7	0.6686593207776959	7.2917446594508455	4.590820060028688	0.0006513499419831985	0.004080873671379168	-0.8231724419142772
ENSMUST00000048263.13	0.258893164633208	5.432058310822606	4.588309693154311	0.0006541499790849259	0.004092917833048784	-0.6785915070656774
ENSMUST00000074807.7	0.35333959015120797	5.151211974076322	4.58763971071703	0.0006548993948726438	0.004092917833048784	-0.46188197495230465
ENSMUST00000042235.14	0.20120867383949737	11.88453486833541	4.586087872379736	0.0006566386672295677	0.004098696197061979	-1.009865273194115
ENSMUST00000001963.13	0.4731470030999825	8.035307950615262	4.581506224476131	0.0006618019118075494	0.004115606203094909	-0.8680488154625126
ENSMUST00000025404.8	0.7923219290955856	5.495085422903538	4.578347139210904	0.0006653867075654031	0.004130630111856508	-0.7151049118610784
ENSMUST00000086399.5	0.418373517136323	5.146733515919137	4.562205138558374	0.0006840232645585209	0.004232867212784648	-0.5013865018988879
ENSMUST00000109728.7	0.7553952147745537	6.725873606198728	4.556934577527621	0.0006902257547644061	0.004266002177174112	-0.8700476810496625
ENSMUST00000032865.16	0.33520547006563195	5.499646207467378	4.546062214840762	0.0007032068316206101	0.0043409000857463674	-0.7731399861780899
ENSMUST00000081650.13	0.3165852392577335	9.907635286167674	4.539454168088093	0.0007112208563213449	0.004374269105321133	-1.0289494119075595
ENSMUST00000125541.1	0.44156254534869444	5.082702324265583	4.534417788823223	0.0007173928216660017	0.004401467421709335	-0.478332946263321
ENSMUST00000116456.9	0.3851405644907606	7.123272362884103	4.507844429291682	0.0007508965848882148	0.004590231735811189	-0.9673748840044496
ENSMUST00000183610.7	0.8389927554737495	6.268218066581443	4.506356731843226	0.0007528198949199748	0.004596403994347564	-0.9408925083518298
ENSMUST00000077853.4	0.2737630683753123	5.797218471478165	4.4985687059566315	0.0007629725702526895	0.0046358876822962325	-0.8969051957792686
ENSMUST00000120230.7	0.5781389737677127	5.2377649929457055	4.497507791602972	0.0007643666234993576	0.004638755709077525	-0.7073364821879098
ENSMUST00000064667.8	0.21298655670745514	7.414299007135772	4.496640402649009	0.0007655083569237988	0.004640087402028472	-0.9923460983809562
ENSMUST00000047672.8	0.25580892749743445	7.961318016081006	4.489208387499532	0.0007753642727106879	0.0046899851246145945	-1.0282411085552479
ENSMUST00000033486.5	0.22854740069906487	8.02462368629061	4.484068695756077	0.0007822576090362902	0.004718870540841218	-1.0402706279961231
ENSMUST00000025484.7	0.20427695440631322	6.005556576739865	4.4794183542587405	0.0007885497277945323	0.004751130156328494	-0.9542711797145254
ENSMUST00000034866.8	0.201603013191213	7.262602453038084	4.476097631765306	0.0007930751075500354	0.004772680461823239	-1.0258475398772813
ENSMUST00000057561.8	0.30667448758891336	5.347213906042812	4.449692219943792	0.0008300379189282933	0.004965423032257127	-0.8783646391381161
ENSMUST00000109354.9	0.6293612300444318	5.188377274714409	4.447319896397463	0.0008334455408666465	0.004975893291715042	-0.7466714032201622
ENSMUST00000057792.8	0.19290825817136348	6.751735246805306	4.446841454855344	0.0008341345432324428	0.004975893291715042	-1.0659420675339941
ENSMUST00000020188.12	0.2599965771169863	6.965971416752354	4.446410752291629	0.0008347553047520365	0.004975893291715042	-1.073367785187001
ENSMUST00000029786.13	0.21585672155365732	5.5826833725726654	4.443371663753912	0.0008391491838737612	0.0049926737301293125	-0.9702427665652475
ENSMUST00000053429.9	0.36683449682606195	5.045587469175287	4.436527253466045	0.0008491332805330334	0.005043671233012622	-0.6050311358055129
ENSMUST00000213774.1	0.5141896739364924	10.282598980755804	4.434720907169504	0.0008517888370915059	0.00504965092168968	-1.2266570151369196
ENSMUST00000108479.1	0.45480910639281014	5.551578667493581	4.434477449118865	0.0008521474125451278	0.00504965092168968	-0.981574888890167
ENSMUST00000064104.12	0.19826078556104854	5.263070515317493	4.42899193545376	0.0008602685614503354	0.005085794515460209	-0.8501837317462364
ENSMUST00000051241.6	0.5742046354246328	6.211875096892686	4.418040099681828	0.0008767246659162357	0.0051599388477273035	-1.0910474872031823
ENSMUST00000023189.13	0.5598557285265651	5.205601301415625	4.41791621141065	0.0008769126843185936	0.0051599388477273035	-0.8169351946402355
ENSMUST00000100539.9	0.3185555713583854	5.801408631135347	4.416807729335153	0.0008785968375455485	0.005163809216929503	-1.0424353722355244
ENSMUST00000029477.10	0.2420200035721285	5.71838098037258	4.411962528935958	0.0008859979697309933	0.0051951699134226426	-1.0424790172962526
ENSMUST00000170811.7	0.25496395417636997	5.454569391146094	4.410860241832647	0.0008876907862583515	0.005199036490879822	-0.999677642785378
ENSMUST00000219143.1	0.3070470634075182	7.114008294421416	4.405598587048732	0.0008958178339514265	0.005228375316252467	-1.1491689849102134
ENSMUST00000029087.3	0.3017004363156621	5.172427542715432	4.403448528724153	0.000899161047396539	0.005241806754869047	-0.8065946305370115
ENSMUST00000100026.9	0.36799249423442415	6.599157235200003	4.399196518595511	0.0009058110001379428	0.00527446196955323	-1.1484952373504278
ENSMUST00000114913.1	0.24342599448971747	8.540585411821068	4.392261252198296	0.0009167675969682546	0.005319789827390183	-1.2282445549153342
ENSMUST00000131728.3	0.30052630590689233	6.777726482566825	4.385283659369341	0.0009279304498281016	0.005378361858393063	-1.1763538982116089
ENSMUST00000225023.1	0.5456661841770991	5.9267561390048895	4.372095849702399	0.0009494168176040211	0.005483944901682927	-1.1353191162400682
ENSMUST00000071858.4	0.258982956682301	6.147374157096486	4.367338244855291	0.0009572948022691485	0.005521883527837597	-1.173192061760112
ENSMUST00000113234.7	0.7705008722802154	5.6758407112761	4.366806124896905	0.0009581801470487423	0.005521883527837597	-1.1180074177731187
ENSMUST00000075641.9	0.36596029417100695	8.681824159493786	4.363297306513891	0.0009640395280777524	0.005549293896749625	-1.2875336237284465
ENSMUST00000022808.13	0.5289581212491168	6.482355640679853	4.361544975001915	0.0009669797041475978	0.005557447392277233	-1.2140713010017192
ENSMUST00000060396.6	0.21172442227660415	5.398082719798934	4.361137185206045	0.0009676652585241216	0.005557447392277233	-1.0642142307139908
ENSMUST00000069792.13	0.251181213164803	6.347564681763874	4.358223836006936	0.0009725777691335869	0.005573117398774401	-1.212569957283458
ENSMUST00000059193.6	0.3743582716253435	7.037684659892419	4.358205222942649	0.0009726092379494979	0.005573117398774401	-1.2325404695336717
ENSMUST00000029165.3	0.22230909433929646	6.859779717055499	4.35306613856933	0.0009813384846714115	0.005603988554349456	-1.2366003350002828
ENSMUST00000023502.4	0.22292913050074858	6.925002438014348	4.348523122079494	0.0009891231623378445	0.005631336054608555	-1.2468644938214464
ENSMUST00000002084.13	0.2744116092166484	5.1051425642953445	4.347509787279361	0.0009908683113285393	0.005631336054608555	-0.8313646167195952
ENSMUST00000038584.8	0.24378384974936118	6.078440545424739	4.347013568659838	0.000991724059706456	0.005631336054608555	-1.1999922438282606
ENSMUST00000089230.6	0.1738322331230986	5.833025807366126	4.3421652921522425	0.001000125685999572	0.005665536025591064	-1.1786873050307687
ENSMUST00000034766.13	0.38774378941737453	5.803219630303362	4.339650686561134	0.0010045124117598018	0.005678316790520857	-1.180215526516343
ENSMUST00000102484.4	0.3075578112770483	5.442871499505616	4.334233422346986	0.0010140309907378828	0.005719496432614649	-1.1323741626452346
ENSMUST00000205335.1	0.3363337735000478	6.0800590311193705	4.334210807031803	0.0010140709238505797	0.005719496432614649	-1.2231195904534369
ENSMUST00000200392.4	0.31415721988266654	6.37078141572202	4.322950340615463	0.0010341588333113686	0.0058262632591147764	-1.2776610555065417
ENSMUST00000128553.7	0.4151963046609808	5.0627342161825775	4.320282647202005	0.0010389781975281612	0.00584686723910982	-0.8279178920290979
ENSMUST00000000348.14	0.2965963319127791	5.395626184778691	4.317095556455176	0.0010447665340163714	0.005872871991772474	-1.1414248829222693
ENSMUST00000032341.2	0.3231374184518545	5.815748117908005	4.311409885924065	0.0010551761980062881	0.005911571773017411	-1.2319750328145433
ENSMUST00000024078.13	0.1963972328274819	6.310923730420063	4.301382590748556	0.0010737984911013084	0.005975973682224207	-1.3108654255331462
ENSMUST00000094053.6	0.4065861114717446	5.864306972041875	4.288364120303843	0.0010984871237010294	0.006099877173664326	-1.2782763661039018
ENSMUST00000002699.5	0.31234847720882897	6.42539263153787	4.2794211843374645	0.001115788187184305	0.00618911837896829	-1.3589152010120102
ENSMUST00000143567.7	0.3111191180187314	6.714891420755148	4.274826446042794	0.0011247871243479	0.006232163020478287	-1.3728173300065407
ENSMUST00000002044.9	0.3228631251705707	6.131116000554717	4.272568816770541	0.0011292363704287094	0.006248413117312825	-1.340726237377516
ENSMUST00000110583.9	0.38340955626738893	5.833681459757731	4.271871297188627	0.0011306147103617914	0.006248413117312825	-1.3046370984533384
ENSMUST00000022293.13	0.18767927123204586	7.160685364167875	4.271451091613996	0.0011314459053611574	0.006248413117312825	-1.390176609018809
ENSMUST00000019333.9	0.36385612569202497	6.058531715062868	4.266244317626197	0.001141798109002939	0.006291770302731419	-1.3420090594556244
ENSMUST00000001592.14	0.3655286512735305	6.394817980052237	4.250294950743192	0.0011741258933964085	0.006420681923562317	-1.4096468870847616
ENSMUST00000146444.7	0.37810695851650333	6.069289077850234	4.248895328620587	0.0011770078143539698	0.006429453109679503	-1.3746714318533693
ENSMUST00000116371.7	0.23897621789683932	6.625504830288847	4.238226129766349	0.0011992194172352458	0.006515413486080477	-1.4373868053010286
ENSMUST00000210587.1	0.411601470998221	5.1141938998215	4.229639280315454	0.0012174119403143594	0.006592895017999508	-1.0498836802370377
ENSMUST00000174216.7	0.5785606165450154	5.19489479025984	4.2229864655375575	0.0012317038646625317	0.006641695758968057	-1.1508487570603245
ENSMUST00000062213.11	0.23145589456054694	6.959154425843259	4.218180213624701	0.0012421372338130203	0.006662252050440624	-1.482154523409835
ENSMUST00000050148.4	0.6466910879765164	5.774221496139666	4.200645603294216	0.0012809858056643585	0.006826387269394073	-1.4267307165114511
ENSMUST00000025357.8	0.2731755972702885	6.0750344458127215	4.200089939036664	0.0012822373225158813	0.006826387269394073	-1.4633301762575481
ENSMUST00000067664.9	0.13136548389867997	8.20359825196953	4.183963140867793	0.0013191179164994576	0.006993131968291645	-1.5862145498420066
ENSMUST00000053981.5	0.23937726494514955	5.2956911453552085	4.159909179465394	0.0013761850461811128	0.00724982928516982	-1.3576672620692554
ENSMUST00000040912.8	0.46086447177064205	6.672926375009729	4.1575918299903725	0.0013818164751427662	0.007264282848948022	-1.5833962964100712
ENSMUST00000099489.8	0.42773244218203654	5.166178821026959	4.1442510139916235	0.001414704343455433	0.007398691221767726	-1.2595333483317592
ENSMUST00000216816.1	0.4296422235060051	5.686959290996638	4.133371418969106	0.0014421252033247536	0.007519138635549931	-1.5384164785387862
ENSMUST00000069195.4	0.3705081397520482	5.152441915382648	4.133321690639563	0.001442251795528858	0.007519138635549931	-1.2638504367005643
ENSMUST00000112091.8	0.2167554188359695	6.286169520781076	4.129210721481666	0.001452756930409823	0.007566066373594016	-1.6186614953915788
ENSMUST00000169273.1	0.3395003964813075	6.235149438017127	4.127106653073972	0.0014581643037783795	0.007586374986875933	-1.6166145950646307
ENSMUST00000167962.1	0.22360215529166894	7.20531093738253	4.12617365732382	0.0014605687385666143	0.007591034425339501	-1.6530549209586107
ENSMUST00000073109.11	0.2540130283355415	6.014594774435541	4.124145210388035	0.0014658104640018488	0.0076104153192913335	-1.5921602169449924
ENSMUST00000057557.13	0.15587356357520132	5.415606719707202	4.119276258216958	0.0014784720799472786	0.0076562926879794125	-1.507084733705124
ENSMUST00000048162.9	0.21048363315812058	5.480052826958886	4.118992994007362	0.0014792121830085449	0.0076562926879794125	-1.5302306177322684
ENSMUST00000050214.7	0.45745726736754655	6.29782230216489	4.116208063676061	0.001486509029686612	0.0076861530610003535	-1.6434095105480147
ENSMUST00000027744.9	0.33832615926080134	5.791261725774662	4.115289998384835	0.0014889226360596253	0.007690728728969173	-1.5824751494603833
ENSMUST00000053484.7	0.3101312550394546	5.883440105347315	4.113025971803317	0.0014948921648438361	0.0076907954862434486	-1.5961618396755917
ENSMUST00000102729.9	0.2658154225762628	5.606685339238546	4.111780133741708	0.0014981876224816131	0.007691206049698976	-1.567565320228061
ENSMUST00000088357.11	0.21005519095959357	6.259955168676249	4.107600342255359	0.0015092989938434152	0.007732467655831183	-1.6549696019997864
ENSMUST00000179569.1	0.3225126066149553	6.104175047388857	4.1061301038383755	0.0015132276796582978	0.007744708500875785	-1.6371675289690737
ENSMUST00000047028.8	0.19388045383649644	7.147308634428738	4.092074961083051	0.0015513240814010066	0.00791552885753394	-1.7140417730413926
ENSMUST00000111055.8	0.272447471284905	5.061306099309194	4.082699111149913	0.0015772885120177301	0.008007405150314027	-1.2456080949027362
ENSMUST00000111817.7	0.20732335424284898	5.737064031703966	4.079741367965519	0.0015855724094599225	0.008018933343676505	-1.641217460397704
ENSMUST00000097650.9	0.22345501529968992	7.326179112848619	4.079069757656926	0.0015874596900633067	0.008018933343676505	-1.7406049528167449
ENSMUST00000017153.3	0.25146284760363713	8.173215076317403	4.061754287657659	0.001636929133311635	0.008235390469690835	-1.806463152634512
ENSMUST00000073868.8	0.20736167275587647	9.974861514280029	4.054302109851962	0.0016587082890472218	0.008320001398002565	-1.9041598729530795
ENSMUST00000057676.6	0.37410892272642826	5.851121203187948	4.052009778922944	0.001665467822662361	0.008345586270731413	-1.7031827240059005
ENSMUST00000055128.11	1.0663653894786655	4.881694032887903	4.05052736368946	0.001669854282266629	0.008350931306245934	-1.0847958362963634
ENSMUST00000021930.9	0.22602795315851054	5.614427217407272	4.047385118394631	0.0016791917452779418	0.008389288649943719	-1.6851519739667538
ENSMUST00000022601.6	0.2656044286132122	5.190978337782194	4.033863545461333	0.0017199929400379265	0.008536268467027496	-1.485107300232559
ENSMUST00000108246.8	0.38735314664537857	5.476466573687036	4.031973018252008	0.0017257787774691633	0.008545662430558426	-1.6866826791748277
ENSMUST00000172450.2	0.18323500630869827	5.248434659626333	4.024637765029973	0.0017484191287792411	0.008632283255042554	-1.559471968252729
ENSMUST00000100013.8	0.44504687851626024	6.275573859861114	4.022614595852287	0.0017547175598832754	0.008654886317424273	-1.8109661364782426
ENSMUST00000107305.7	0.15525477324086445	5.453478825858414	4.021498313980236	0.0017582027548907382	0.008663582820622236	-1.6986154202020467
ENSMUST00000019323.10	0.15643958066466634	7.74129294628741	4.018618033934492	0.0017672285158214492	0.008699536852346097	-1.8643343443238596
ENSMUST00000098230.10	0.2538649407008382	6.302687109088279	4.009013217899044	0.001797674383497697	0.008824938273765716	-1.838528705616934
ENSMUST00000190729.1	0.3573146012729964	5.755769702244347	4.001123855095289	0.001823087991016013	0.008930823449660723	-1.7858421392197599
ENSMUST00000018755.9	0.5295421428662479	7.02099884120731	3.9849660247999226	0.001876302227568273	0.009155845302517925	-1.906655495278648
ENSMUST00000115995.2	0.36413522321449054	6.797054416287824	3.9779548607893207	0.0018998897793831148	0.009235116405870967	-1.912446271731743
ENSMUST00000025684.3	0.1992730664497815	6.397325100873149	3.971016838929639	0.0019235329700942462	0.009330920774055899	-1.915787655357689
ENSMUST00000008537.8	0.1909879008838642	6.403301084634462	3.970541721500577	0.0019251631412184505	0.009330920774055899	-1.9170005818172058
ENSMUST00000113573.7	0.2012197606093995	5.914064497216181	3.9635114805669582	0.0019494520288415437	0.009421415136505098	-1.870953523529188
ENSMUST00000105782.1	0.2933450357704084	5.752441350868682	3.9627333933038216	0.0019521596405780272	0.009422097378970923	-1.855319392325958
ENSMUST00000088737.10	0.1811667373766639	5.896153067813395	3.9623948826125353	0.001953338812615121	0.009422097378970923	-1.8709893405813798
ENSMUST00000030626.11	0.1978410416996823	8.455620524309207	3.95884774219057	0.001965739295427019	0.009454717395117909	-2.0076825140509573
ENSMUST00000085614.5	0.27560128360047464	5.286955026350993	3.956538028935921	0.0019738575255947082	0.009475646193957039	-1.7170131627802565
ENSMUST00000020343.8	0.14251996680221612	6.434096454329733	3.9558515890827786	0.001976276907568473	0.009478216512847462	-1.9453998571389146
ENSMUST00000112971.1	0.2436223015317971	5.213993782733497	3.9507571345605865	0.001994328467674774	0.009555682400830275	-1.6602338315261758
ENSMUST00000050584.9	0.3594691071010896	5.501309753778349	3.9415324876612243	0.0020274493588434447	0.009686702492252014	-1.8578132517494632
ENSMUST00000031621.10	0.21561207015258965	5.829840499743201	3.9368758246327724	0.0020443841851735937	0.009749096526642985	-1.9102993576349574
ENSMUST00000020904.7	0.3849276285789429	7.692759925586069	3.931295542415956	0.002064870418190589	0.009828158064254354	-2.021244778031308
ENSMUST00000006774.10	0.19059408055420057	5.497118424179231	3.927311061013073	0.0020796277446843803	0.009889042706528467	-1.8825809789434178
ENSMUST00000183108.7	0.39348457598672226	5.270234948301503	3.926636635241228	0.00208213636706419	0.009891622344381434	-1.7563121275410936
ENSMUST00000036407.4	0.28166846426356784	5.8213143784569406	3.9178502602420595	0.002115105373288095	0.010020523535182535	-1.9441139271772219
ENSMUST00000109381.7	0.24149856895720845	5.142447150136728	3.9163902652659095	0.002120635668878229	0.010036611524107591	-1.6418595730988503
ENSMUST00000050067.9	0.2077503841848518	5.1943135693411255	3.9118184310256456	0.0021380499613287644	0.010100027563798136	-1.7089844235933835
ENSMUST00000009138.11	0.24387396425957863	5.983623785982719	3.9103211863039076	0.002143785039572437	0.010117619637982111	-1.9765376331204259
ENSMUST00000105447.10	0.22935865089930108	6.51934800449038	3.909510205836319	0.0021468980602703113	0.010122815502549143	-2.0327189313901535
ENSMUST00000118366.7	0.4316587358644721	5.640898000789898	3.9073871218501304	0.002155069810419277	0.010142335094686046	-1.9430926167929705
ENSMUST00000019516.4	0.5014286299321871	7.155069237138256	3.9035448017067154	0.002169940577176876	0.010202776676426975	-2.0575833325233237
ENSMUST00000040914.2	0.5298145945022856	6.796908105648944	3.8969994797819365	0.0021955168404124846	0.010303773529958218	-2.0602412866047892
ENSMUST00000216063.1	0.23534647158609445	6.07928090784299	3.894017459384125	0.002207272169254654	0.010349288241864086	-2.0195409104651443
ENSMUST00000086831.3	0.2000149591214928	7.13877388913601	3.887630527269351	0.002232668780039225	0.010448889890583573	-2.086456907829798
ENSMUST00000049167.13	0.26095774864826016	5.502338673746081	3.8819236005574194	0.0022556163207751163	0.0105366812533144	-1.966694326128076
ENSMUST00000008893.8	0.18299575202130747	6.813197592251577	3.877427880927903	0.002273864744406946	0.010612071919398277	-2.0965683230599756
ENSMUST00000071204.11	0.3567187387485449	5.931845889713079	3.8749471025219537	0.0022839994796443933	0.010622444561865894	-2.03453312477464
ENSMUST00000026243.3	0.27747241924867616	6.277583832664953	3.874816846686181	0.002284532899212661	0.010622444561865894	-2.0807698480896075
ENSMUST00000053872.11	0.1770110589783247	7.507924741660459	3.8726782614984567	0.0022933091500054775	0.010643577798595531	-2.1213074888222163
ENSMUST00000027438.7	0.31904858709594297	7.151374290870094	3.871074230159433	0.0022999145190293066	0.010662182772018679	-2.1169327397719764
ENSMUST00000143123.2	1.2421251014263008	6.291377844645383	3.8706762450028167	0.002301556448104211	0.010662182772018679	-2.089793384771448
ENSMUST00000029266.13	0.18828839258282137	9.218321951202162	3.869570302505675	0.002306125474775378	0.010673520941669665	-2.2101640460069776
ENSMUST00000021820.13	0.5142324868989547	7.496182288638298	3.866339861921577	0.0023195251370644564	0.010725671842436838	-2.1325788885439154
ENSMUST00000042701.12	0.2960486825890918	6.823997490763688	3.8595450350964287	0.002347972154075219	0.010827358301697917	-2.129657081856326
ENSMUST00000023612.14	0.2650359625204972	5.945504344593498	3.8578444353524324	0.0023551479181707032	0.010834101963424643	-2.067416680731106
ENSMUST00000087951.5	0.2102216043739098	5.486387313723447	3.855917843541964	0.0023633045722942837	0.010858251418458942	-2.0097512253574656
ENSMUST00000168621.2	0.3507590485495182	5.633764988995563	3.8480801092045254	0.0023967885522889576	0.010988074593208538	-2.0504555990585107
ENSMUST00000108539.7	0.6777643794120731	5.2326108433632825	3.8295001176279064	0.002478131514705341	0.011323778065833397	-1.8982263083445288
ENSMUST00000064941.6	0.7470681245019648	5.513612673517396	3.8263483172671413	0.0024922095882678914	0.01137777353772755	-2.0711639526159598
ENSMUST00000219063.1	0.5118948049068042	7.248086165058972	3.822979517272381	0.002507347994177644	0.011428173878061353	-2.206537183954226
ENSMUST00000053536.4	0.8989800219200843	5.402382213517931	3.822880921300905	0.0025077924789067246	0.011428173878061353	-2.038183996234709
ENSMUST00000080058.10	0.3160763861267135	6.166893733021496	3.8213281613663446	0.002514803250352086	0.011449751269250087	-2.1647858730428178
ENSMUST00000096495.10	0.3129282536759943	5.085847802427639	3.8071285672551642	0.002579858370130384	0.011703577511384997	-1.770105896171569
ENSMUST00000023112.11	0.3980782455196614	5.706362020358279	3.8000764157528497	0.002612808850731045	0.01182108033096033	-2.1470440688366654
ENSMUST00000016105.8	0.1565876219163851	6.494292500178523	3.792651511298231	0.002647969196900835	0.011958647243813375	-2.246226396019683
ENSMUST00000020027.10	0.2613382506289845	8.848730025942437	3.7852251290257994	0.0026836235895246214	0.012099646003352452	-2.3466499534532366
ENSMUST00000113127.6	0.16149048516071307	6.208715920341111	3.785147231064916	0.0026840001867901686	0.012099646003352452	-2.2365773274285603
ENSMUST00000117456.7	2.52506564227276	5.489299200127153	3.7837722479641016	0.002690656489242642	0.01211238403478311	-2.142416557164336
ENSMUST00000032183.5	0.13460582684236666	7.909102485611671	3.777132971711931	0.002723036979746421	0.012220873367621983	-2.3147557837673167
ENSMUST00000123555.7	0.23974788355173082	6.278508651286977	3.768129848180689	0.002767587471612391	0.012367560781968295	-2.2763364351894904
ENSMUST00000015712.14	0.5333820672159817	6.647612643561487	3.765541651049581	0.002780532915369727	0.012401472603922957	-2.2979374801311874
ENSMUST00000163389.8	0.3715085532217772	7.311639130073633	3.749747068422805	0.00286089341672638	0.012681193638370412	-2.3420818562770505
ENSMUST00000038116.11	0.31435996567558355	5.756044233055357	3.746724559487787	0.0028765415685816317	0.012728127204515558	-2.250396206579512
ENSMUST00000049488.8	0.28973968792677596	5.71645993938833	3.7398481338258773	0.00291247070573557	0.012844024656662857	-2.258575762132997
ENSMUST00000084030.5	0.5442470603532774	6.024870392122513	3.7397577225958365	0.002912946160455639	0.012844024656662857	-2.2943929989169467
ENSMUST00000212524.1	0.2429764461796653	5.3507739539166765	3.7352805904354924	0.002936590519995095	0.012925622839978411	-2.16828924602902
ENSMUST00000228072.1	0.4361310418461608	4.998579608745398	3.7322508544188806	0.002952702739396419	0.01298518136530016	-1.7921598174105613
ENSMUST00000015889.9	0.2738066229903504	6.873035084809632	3.727268689838693	0.002979395712843535	0.013079703168687456	-2.3740166891239944
ENSMUST00000026538.12	0.29841739439627357	6.592210600725107	3.7209432625607404	0.003013642913377319	0.013172578190444215	-2.379307001554203
ENSMUST00000167493.8	0.2761320548947923	6.892932703258565	3.720343666728604	0.003016910156139677	0.013175412322516246	-2.3874214377656457
ENSMUST00000114573.8	0.42908734848522645	6.4291823842875875	3.7132164794842852	0.003056026433009214	0.013334665207692414	-2.389580722797091
ENSMUST00000044271.14	0.23020701995785853	5.322458246888245	3.7117925545994432	0.003063903583846576	0.013357451412766138	-2.192564505013766
ENSMUST00000033386.11	0.33731685190969074	6.811158090474534	3.7059933509149836	0.0030962006712826687	0.013463254604341491	-2.410998236254806
ENSMUST00000023128.7	0.9607525242928991	8.406536350560623	3.7006244033468203	0.003126413059462334	0.0135594690535819	-2.4788055068009074
ENSMUST00000147545.7	0.20108208372362402	5.654162046493288	3.699752355921474	0.003131348771541377	0.013569178010012634	-2.324616724146967
ENSMUST00000040270.4	0.12417658716898838	7.386659939021231	3.695589680793064	0.0031550195621143228	0.013659985728913217	-2.443214056290129
ENSMUST00000173286.7	0.20519164682366142	5.265102309066565	3.688870718414823	0.003193614551506273	0.013791480522427518	-2.184550633475281
ENSMUST00000040357.10	0.26052820226407913	6.349872679926467	3.68823128056176	0.003197312755819548	0.013795437691909825	-2.4303464176542127
ENSMUST00000020381.4	0.2697062592322288	5.159832409168025	3.687482388629164	0.00320164957657932	0.013795437691909825	-2.0763512776400717
ENSMUST00000020930.13	0.2042745035454958	5.218102254837868	3.687291297097523	0.0032027571504970533	0.013795437691909825	-2.142905728859442
ENSMUST00000109462.7	0.47929840828164405	5.337595239836982	3.672923916004566	0.003287166810339167	0.014086657770712392	-2.2740868933141263
ENSMUST00000028386.11	0.22856306177060848	7.252376424401578	3.671132847775144	0.0032978482599543796	0.014120403911345093	-2.485579627873066
ENSMUST00000105598.1	0.3328554677925615	6.735807047880994	3.667070798516577	0.003322205314027335	0.014212597733734287	-2.480521907754853
ENSMUST00000005017.14	0.21068128081068327	7.805846966767631	3.6561136643086876	0.003388830919870952	0.014436247551118341	-2.531977157083266
ENSMUST00000112392.7	0.27792115626623115	6.256578314008964	3.6433997620081575	0.0034678578613803125	0.014735466976861783	-2.503113104550443
ENSMUST00000027337.14	0.3233051172517696	5.1703753313018534	3.640577683343328	0.0034856539426529275	0.014798586485642936	-2.1738549795997804
ENSMUST00000146623.7	0.1728485982949719	5.658489148562926	3.6367245670000474	0.0035101029626862417	0.014889821252339362	-2.4408850232299235
ENSMUST00000164614.1	0.30071429719873066	5.759161790722935	3.6311073132539486	0.0035460610221455043	0.01497292967626588	-2.462990404898905
ENSMUST00000043531.9	0.2822697453287626	5.950167843831579	3.630929556441377	0.0035472050463635947	0.01497292967626588	-2.4842038043384775
ENSMUST00000023807.6	0.36328979484753443	7.506772796500262	3.63087571873021	0.0035475516148099637	0.01497292967626588	-2.565459378172143
ENSMUST00000102944.10	0.16896067050192176	6.160583442537834	3.6299048977643245	0.003553807016170323	0.01498675867422707	-2.5154600182973006
ENSMUST00000038942.9	0.2251028085917195	9.409445413547585	3.6289332081521937	0.003560079327144926	0.015000635757844324	-2.6623608549217144
ENSMUST00000023069.7	0.25632439852421207	6.195843342598398	3.6277001962508573	0.003568054812996805	0.015021660053712908	-2.524204174865223
ENSMUST00000025462.6	0.22439983489301873	5.613997161850882	3.626766317329117	0.003574107594390224	0.015022001092211542	-2.453522854468847
ENSMUST00000020575.4	0.36844761252411207	7.949355977100607	3.625340720162402	0.003583367650837984	0.015048349458569197	-2.596063617178511
ENSMUST00000021166.5	0.2747397939983305	7.960571755470182	3.6230804723954155	0.0035980996183477836	0.01509761399491885	-2.6007696899829202
ENSMUST00000031617.12	0.22692964597109366	9.574334178885577	3.6203398014198926	0.00361604614123365	0.015147650405117813	-2.6858811591889378
ENSMUST00000155712.8	0.15056865047370493	5.783791246950903	3.618088898025553	0.0036308540927328615	0.015197027404774565	-2.489493435744955
ENSMUST00000033313.2	0.1678727159648652	6.890657917872854	3.6141153528317647	0.003657146453423481	0.015247602163376351	-2.5828467992018105
ENSMUST00000022634.8	0.24755666541649113	6.767214061278181	3.609371349203301	0.0036887922520972725	0.015341474619481139	-2.5875324080641864
ENSMUST00000105379.2	2.499129936163615	4.978423351863667	3.602513044483174	0.0037350381760258822	0.015516909218485725	-1.9965077193638505
ENSMUST00000041589.5	0.4323202595794733	5.948956869969884	3.599147095478614	0.0037579516012508267	0.015573521009796466	-2.542517652325704
ENSMUST00000117811.7	5.902303259162345	6.441397746430757	3.591465107301669	0.0038107863991602726	0.015756641211455074	-2.6142870440986172
ENSMUST00000115072.7	0.3052301577718728	6.440596335681703	3.5913570546666143	0.00381153495415242	0.015756641211455074	-2.6144473984172834
ENSMUST00000037029.5	0.41246936906244436	6.031237815261493	3.588856355362118	0.003828901109220248	0.01580173818571172	-2.5726736411754647
ENSMUST00000003635.6	0.5234268231012287	6.35932409328549	3.5864325303030498	0.0038458106613223383	0.01584625179124708	-2.618613498826389
ENSMUST00000045847.14	0.31606663251025413	5.104889989535079	3.583868134171875	0.0038637840692006026	0.015881288931493653	-2.1991547867456447
ENSMUST00000121270.7	0.7244734021251436	6.929888971076382	3.5829373397217408	0.0038703290785974728	0.015882239473428945	-2.641590262158079
ENSMUST00000050096.13	0.2786636759557526	5.6083215280458445	3.5814003724594916	0.003881161307368175	0.015913710299404474	-2.5361612409434358
ENSMUST00000011302.8	0.24767631710800142	5.410499351010656	3.5805670315291804	0.003887047481341272	0.01592486635067422	-2.4864846279081982
ENSMUST00000052965.6	0.2192349691663118	5.874202817917842	3.5784005051378385	0.0039023931625176604	0.015968613041768814	-2.5720583215751702
ENSMUST00000009699.15	0.22932410038468642	5.346721347187593	3.5683187376893435	0.0039746222119373216	0.016230782750208332	-2.4716300113229215
ENSMUST00000053106.5	0.26085071031130624	6.323194309322636	3.5527775534796495	0.004088651920785095	0.016642401143583993	-2.6771391096985324
ENSMUST00000017851.3	0.24396306128219436	9.25893202205291	3.5453681872139686	0.004144187946820697	0.01681166518364941	-2.809193387719371
ENSMUST00000025083.13	0.17884686115811732	7.495084037802907	3.545003101506116	0.0041469442442673265	0.01681166518364941	-2.723431567263
ENSMUST00000110463.7	0.473343587575223	5.887477348960207	3.5440903877986947	0.004153843180385837	0.016817086104359644	-2.636706934404435
ENSMUST00000100487.5	0.2317615460768181	5.062368552163966	3.543500328717396	0.0041583095038408655	0.016817086104359644	-2.2156670885545706
ENSMUST00000163748.7	0.23571652512473928	6.086144804315824	3.531552482269327	0.004249809065705045	0.017145781403016903	-2.6860015707910483
ENSMUST00000014642.9	0.2063288036256461	5.337633490773822	3.529944964330811	0.004262275823692463	0.01718229941426024	-2.5362665026216815
ENSMUST00000023554.8	0.21851521079235603	5.043502373331783	3.5284964183704437	0.004273541695774838	0.017200150617154568	-2.217958036372085
ENSMUST00000020640.7	0.1914963172534403	9.171524811410912	3.527678821769607	0.004279913863747252	0.01721202769665262	-2.837518354592845
ENSMUST00000036355.12	0.4808945575122179	6.124824919721697	3.5268437142126885	0.004286432524432882	0.01722447446519316	-2.700239739884238
ENSMUST00000056578.6	0.2810635233714702	8.234574058765748	3.5250572384865464	0.004300411410707509	0.01726685539287269	-2.794015861743711
ENSMUST00000060945.11	0.33737609084435327	6.813018918910496	3.521010909458058	0.004332245647541671	0.01738080371035259	-2.7518016951848248
ENSMUST00000105287.10	0.26638111590642843	11.07329973084575	3.5174473675211697	0.004360480792778748	0.017480142524677198	-2.9256562601865808
ENSMUST00000040005.12	0.31829759761185006	5.191230774657564	3.515219580459676	0.004378227658540902	0.01753731158448987	-2.4269343919842914
ENSMUST00000061483.8	0.3453206545805996	6.295753528222514	3.4987983632827	0.004511336375780835	0.01802742915532437	-2.7738504873202157
ENSMUST00000031061.11	0.2236423208357019	6.706614218222483	3.497819583873068	0.004519399460809702	0.01804531641851874	-2.7917653722214384
ENSMUST00000043983.10	0.20819737146020412	5.245947206267961	3.497337795056211	0.0045233737858667526	0.018046862424025086	-2.51710917340331
ENSMUST00000119878.7	0.18555283535007216	5.384695598004701	3.4940588264281494	0.004550517204425496	0.018121220182673713	-2.6308680788539096
ENSMUST00000021933.7	0.2727978839396048	8.769210337339716	3.48563876833558	0.004620982379261691	0.018334512894373475	-2.894827727761051
ENSMUST00000033913.10	0.5225393710984436	7.269579815922805	3.4766196626883983	0.004697695948100687	0.01858364401845598	-2.8444659147029823
ENSMUST00000111159.1	0.2923405336786917	6.805252504167762	3.4682598416713777	0.004769961194461022	0.018806955148380405	-2.8488636121501534
ENSMUST00000016703.7	0.24066797453250288	8.57260115276063	3.4660542126169944	0.00478921566270802	0.018833574700518878	-2.9203968493350665
ENSMUST00000192880.5	0.6552466186248065	7.0883484484838615	3.4628376241561534	0.004817437587163927	0.018905248440734566	-2.867027796511226
ENSMUST00000201185.3	0.3261414208069109	8.467137321206092	3.4551334484821363	0.004885724068118799	0.019143362762231834	-2.934882760389155
ENSMUST00000015049.4	0.26735383768583265	6.079333122443995	3.4534207133555386	0.004901038529731277	0.01916321972542805	-2.8290398108190633
ENSMUST00000044567.3	0.15927942488030933	5.588656052166659	3.4375158499292944	0.005045608687594182	0.019647412776537407	-2.7983207251530278
ENSMUST00000023150.5	0.2119204939967574	5.694348696602026	3.4337447758199287	0.005080518893467644	0.019768051471798696	-2.8187935924205707
ENSMUST00000058351.15	0.1213515802446139	5.628705774611627	3.432205648318101	0.005094837730618343	0.019793149515630028	-2.8134774489423036
ENSMUST00000068044.13	0.2761334168022689	6.082479776439492	3.427716265484374	0.005136838555918894	0.019940382156788374	-2.876885181826718
ENSMUST00000002099.10	0.22734764102674365	5.136102766387845	3.4273093338095477	0.005140663020742301	0.019940382156788374	-2.5222543525945627
ENSMUST00000038431.7	0.29311313897587965	5.737659355637406	3.4256990129172937	0.005155825743408157	0.01998378991917291	-2.8387681096434845
ENSMUST00000099145.5	1.0919747437306047	6.22020023172271	3.4241142790650905	0.005170791980988591	0.02002636986632302	-2.902626608395865
ENSMUST00000092956.2	0.26843391813403805	8.504128714354946	3.4227475199786634	0.005183735170619242	0.020045635390765107	-2.9967003437015967
ENSMUST00000156690.7	0.19831494784993797	5.829232226136256	3.405443881498655	0.005350480060661876	0.020627023130413716	-2.8857175748469794
ENSMUST00000107722.7	0.15043354374588258	7.95010017703844	3.40424985755051	0.00536218547124849	0.020656320908002415	-3.0041313092419184
ENSMUST00000224756.1	0.5047516805454224	5.619796429198707	3.4008557790463754	0.0053956011836736005	0.020737409896915113	-2.870035399366248
ENSMUST00000009774.10	0.16191096686644446	7.442935210810999	3.3995313826498923	0.005408697631078099	0.02077187616943047	-2.990490405692534
ENSMUST00000102880.4	0.16586633847417964	6.862470468915508	3.3991055232383363	0.005412915656007172	0.02077221866161105	-2.978467430001621
ENSMUST00000028767.8	0.21744678364751113	5.965424484473129	3.3951450207151446	0.005452303950779529	0.020891501276749283	-2.9204986906628836
ENSMUST00000212543.1	0.327527527976172	7.137354999268963	3.394066471898935	0.0054630808200663745	0.020916864235733586	-2.994736860990172
ENSMUST00000027856.12	0.33569178802241684	5.167876583274723	3.3901047820562087	0.0055028522757144495	0.021006622682419727	-2.6279313847670647
ENSMUST00000019937.4	0.17402088314530584	6.089091236266997	3.38810222189212	0.005523067875016616	0.021045304532766727	-2.9508824422631807
ENSMUST00000132583.7	0.320667116927023	7.943617858102575	3.3878213944696833	0.005525908822855267	0.021045304532766727	-3.034156426793076
ENSMUST00000170953.2	0.21546465868022757	8.973366045561406	3.3870060425596638	0.005534165626359269	0.0210608073118105	-3.0876552539739013
ENSMUST00000000707.8	0.3298485399186939	6.120583622065676	3.385433990100878	0.005550120706315328	0.02109877246317073	-2.960355724217556
ENSMUST00000058470.15	0.28531373880068056	5.470638501774745	3.384992190299041	0.005554613032827778	0.02109877246317073	-2.869518319728206
ENSMUST00000047419.7	0.24486024826363462	8.36375419412019	3.3847848080238414	0.005556723020016144	0.02109877246317073	-3.059437254373365
ENSMUST00000102742.10	0.17471406934608336	5.626766179740092	3.3836942267462096	0.005567832428122877	0.021125011271407385	-2.902568158612244
ENSMUST00000069949.12	0.26220304158396157	6.386023796653529	3.378396200753999	0.005622123805498877	0.021314924540666805	-3.0042461222651777
ENSMUST00000076110.10	0.3013594611729111	5.257319707844145	3.3777763252941804	0.00562851101867314	0.021323071487157057	-2.7469542504304085
ENSMUST00000022341.6	0.16327277208278002	7.490553335376429	3.3753201293487742	0.005653892304410127	0.021403109242654136	-3.0364856575902612
ENSMUST00000066632.13	0.22695277457035612	5.328143391215223	3.3716696394171213	0.005691829951621634	0.02151434747303414	-2.820505762645255
ENSMUST00000056997.14	0.2327098745443239	5.590909236360052	3.370568181607836	0.00570332754495394	0.021541622281278733	-2.921910987750568
ENSMUST00000154617.7	0.1971773574991369	5.311975795245816	3.368830740412901	0.005721511849308108	0.021594093108678988	-2.813242553471553
ENSMUST00000006181.6	0.21775338875557626	6.382419067068153	3.3679955416368736	0.005730274107534994	0.021594763322103788	-3.0232077316805466
ENSMUST00000020826.5	0.2221346411460967	6.060842045353012	3.3672661406625624	0.005737937567228	0.021607458009524003	-2.9852406226828068
ENSMUST00000025218.7	0.17622898140781373	6.696568999458668	3.3652650044886916	0.005759016031591984	0.02165441678246582	-3.0361555027318445
ENSMUST00000066728.9	0.28609109971903113	5.79925481041565	3.3617956435332026	0.005795746226722739	0.02175461133625932	-2.963033248717739
ENSMUST00000091269.10	0.3152204744742457	5.301418687572724	3.358975932697814	0.005825773768095957	0.021840139960723367	-2.8220037457859846
ENSMUST00000077078.11	0.19395231602211194	5.33760920136352	3.3574809424642047	0.0058417581903078995	0.02188375685438499	-2.8530162883600134
ENSMUST00000028735.7	0.2416957388918659	5.71186721115336	3.356078984485936	0.005856788375287574	0.021923736842315317	-2.9639847529826007
ENSMUST00000099002.9	0.23899285185496488	5.266414463055094	3.355124613225233	0.005867042506812985	0.02194579245485214	-2.7969927179133958
ENSMUST00000020081.10	0.3255326938301897	5.468042977176097	3.3487432452916965	0.005936076398882045	0.022138176695904795	-2.9354190984735045
ENSMUST00000098651.5	0.2430348435765488	5.93394279581865	3.3458311072993605	0.005967853490087186	0.022240200673058246	-3.007372596900054
ENSMUST00000036615.6	0.17117642493554097	5.614276512602839	3.3395556507878257	0.006036919146628332	0.022447701571830847	-2.982186220823767
ENSMUST00000087557.11	0.2236463167067333	5.597420986909221	3.3387260344359317	0.006046110146793651	0.022448693836545287	-2.9814324297281605
ENSMUST00000034966.8	0.15494528954134168	10.54013577919743	3.33658292926645	0.0060699185577432905	0.022503876392046054	-3.24259485148478
ENSMUST00000021913.15	0.34387318160810665	5.510805012585294	3.335554056711739	0.006081382394663086	0.022511945290556563	-2.9719496280467608
ENSMUST00000074519.12	0.8185114237793423	6.766109183862045	3.335514185834014	0.0060818270832609135	0.022511945290556563	-3.0926861620009767
ENSMUST00000063854.6	0.5030452307386222	5.960129144637738	3.3351832907370627	0.0060855189018399775	0.022511945290556563	-3.0303112340356284
ENSMUST00000086723.9	0.4078225317595079	5.813073395400285	3.3246218450447302	0.006204555766266745	0.022868219824240286	-3.0329491630429315
ENSMUST00000100206.2	0.2692118376644732	5.218167883459233	3.3240789429232906	0.006210738197475164	0.022874248807831295	-2.8071556532987145
ENSMUST00000176540.7	0.15243108580271691	6.664460748457427	3.3227913594231144	0.006225425864064198	0.02291157097447475	-3.1139993601810074
ENSMUST00000087026.12	0.24037049126178545	5.5853359547730275	3.321160748898001	0.006244077061483114	0.02296341498269119	-3.0121263551488484
ENSMUST00000002487.14	0.21643710324485	5.292663411154332	3.317399383288209	0.006287316612136152	0.023105544102013865	-2.890372755652508
ENSMUST00000008445.6	0.23156776129648105	5.959276985178278	3.309318082723524	0.006381246640049096	0.023416522134272068	-3.077861466460903
ENSMUST00000055844.9	0.29144150258696655	7.282267585721216	3.308674619536189	0.006388786572073389	0.023427102947595643	-3.1546789899964223
ENSMUST00000060366.6	0.29911044046046165	6.438902746406567	3.307881910523853	0.006398087744454171	0.023442520943070377	-3.137274144699438
ENSMUST00000032781.13	0.7129973829320093	7.303206111854399	3.3045545457648022	0.00643727901015327	0.023536301380872895	-3.162666911836194
ENSMUST00000040718.5	0.1803114097498062	5.112116227944712	3.2972436435869676	0.006524247053593075	0.023802383558104972	-2.7298989861962077
ENSMUST00000107107.8	0.20805484508130156	5.75301685744512	3.2965442356468455	0.006532629127614804	0.02381569358045658	-3.0783735198061333
ENSMUST00000147845.1	0.4011248114785664	5.37863861845087	3.2948940597066567	0.006552448976122296	0.023870652280138502	-2.993446949614932
ENSMUST00000050328.14	0.26021219938081686	6.53927616215947	3.287335059194596	0.006644019844545168	0.0241517802297014	-3.1779783186884325
ENSMUST00000027921.10	0.16481748368749827	5.487659660337647	3.275954195811609	0.006784340496488424	0.024608519854241718	-3.075135624569369
ENSMUST00000188330.6	0.38426290929194096	5.810312906002764	3.274870646324291	0.006797855632617503	0.02463977787298174	-3.1242933129345367
ENSMUST00000159294.8	0.21995539118424468	5.647188750279241	3.2703438825136506	0.006854613499883848	0.024791919854720082	-3.1139002688506565
ENSMUST00000019649.3	0.15105024800124767	10.145686650791642	3.268031010258845	0.006883797885595023	0.02486172804194441	-3.357278168940211
ENSMUST00000028600.13	0.2992375808720986	6.672049138711918	3.2559907601501945	0.007037768531710379	0.025326905209610097	-3.2372981607792193
ENSMUST00000097773.3	0.3582320615964294	5.379867016694857	3.254895211445205	0.007051950222411861	0.02535980097852328	-3.067658898479543
ENSMUST00000179343.2	0.1511059804053474	6.435138712951784	3.2537093215181954	0.007067333952569082	0.025396969368125036	-3.2369773028109643
ENSMUST00000025955.6	0.2322016323440561	7.887487092127814	3.2512110597296724	0.007099853362135425	0.02549060561392543	-3.2834656576730303
ENSMUST00000030184.11	0.34603766839181205	5.862253197325718	3.2509297976417337	0.00710352396555823	0.02549060561392543	-3.1739614787233235
ENSMUST00000037315.12	0.23915288177549598	5.550810994162161	3.2501769886568987	0.0071133579266379485	0.025507700448264805	-3.137553267840876
ENSMUST00000025541.5	0.18820533865021716	6.384877730250234	3.245015677915478	0.00718115210760692	0.025695857932695885	-3.2501852091369354
ENSMUST00000136591.7	0.2829502303735145	5.811954907256039	3.241934731505513	0.0072219316266769465	0.025786755155295753	-3.185099037017678
ENSMUST00000025912.8	0.15551281413328422	6.481187210145112	3.239442257821779	0.007255093392854348	0.025886790680461153	-3.2652261939495046
ENSMUST00000202643.1	0.3123006847260612	5.964579793923938	3.2382498670147184	0.007271012271404159	0.0259152622472244	-3.209476720663041
ENSMUST00000105502.7	0.4215055428309453	5.6263213731981505	3.238073103774628	0.007273375132792854	0.0259152622472244	-3.170596133364226
ENSMUST00000070663.5	0.2229933859085751	8.070201768302626	3.2364798757199384	0.00729470748126987	0.025948647073928577	-3.319466441435206
ENSMUST00000162443.7	0.1867007440211763	7.089111094034703	3.236467889277398	0.007294868211899917	0.025948647073928577	-3.284753149532439
ENSMUST00000127096.1	0.39734040021367534	5.479371687668049	3.235568384850426	0.007306940219922254	0.025948647073928577	-3.147014680312777
ENSMUST00000053251.11	0.8216784655361629	6.772679585734573	3.232936076375055	0.007342383879936914	0.02604569309396866	-3.2820413253312894
ENSMUST00000108496.8	0.5105248729463723	5.249533487026255	3.232651864792567	0.0073462211290680835	0.02604569309396866	-3.005511576092549
ENSMUST00000034843.8	0.19601220193943103	5.392134443802208	3.2211583772535755	0.00750310937270029	0.026527156186967785	-3.1368555793669923
ENSMUST00000003529.8	0.17587528501385385	6.09045247569243	3.211865126563442	0.007632436408630207	0.02689212261858408	-3.2758691536565725
ENSMUST00000091579.5	0.1443285760228985	6.0497548791202425	3.211820331071849	0.007633065215531319	0.02689212261858408	-3.270076888433531
ENSMUST00000025867.5	0.16634988565710884	6.62078863023273	3.18878568755281	0.007963438646319827	0.027919205456191674	-3.3605884854486265
ENSMUST00000110251.8	0.37952202598550944	5.543802482608386	3.185327379065226	0.008014270627802871	0.02807785203932886	-3.2556016063264894
ENSMUST00000163119.7	0.20766893475028336	5.831007557965519	3.1807258367867277	0.008082414419827242	0.028238415835202715	-3.2997026445870596
ENSMUST00000029380.13	0.2539699623811469	7.085653463195432	3.1775460083111255	0.008129845427072846	0.028344596218713436	-3.393255463829405
ENSMUST00000029344.9	0.17300189473380723	5.8187149472331905	3.1729493513319396	0.008198906865415655	0.028526072226767746	-3.3127050794151582
ENSMUST00000048688.6	0.17447546796302316	5.272995813043197	3.170849021177543	0.00823065943972111	0.028616757181227994	-3.1407544725520102
ENSMUST00000013882.9	0.38685087862490697	5.40602484925858	3.1573664439887508	0.008437461189549854	0.029275080858362282	-3.2618498722036113
ENSMUST00000029203.12	0.24246352905380952	5.795119420666269	3.154551507845332	0.008481294552159102	0.02940688690000857	-3.344057688598184
ENSMUST00000052867.7	0.36114387266246695	6.9662141119072185	3.152687566621281	0.00851044551189458	0.029462829576689397	-3.4363012762720397
ENSMUST00000163898.5	0.24783240477571056	10.402761521019384	3.1523970662483296	0.008514997854205205	0.029462829576689397	-3.578553186332524
ENSMUST00000033933.6	0.16034561242271916	7.410969856905622	3.1513009240431065	0.008532197269912821	0.029502051178647015	-3.447456394724495
ENSMUST00000099490.2	0.18364181271749658	5.095534938681583	3.143557161755066	0.008654704769730424	0.029843605001037537	-2.987002003196401
ENSMUST00000004137.10	0.24524042342283092	5.113310538585277	3.1400501002551064	0.008710768470295302	0.03001635354387374	-3.0173671592804783
ENSMUST00000028239.7	0.20187268859676522	10.665313172931436	3.1371050829729796	0.008758129800968833	0.030158898719147294	-3.615050664966169
ENSMUST00000209141.1	0.16782267688179786	6.898483734048443	3.1313225942590943	0.008851878674570605	0.030460876615434142	-3.4733805491891165
ENSMUST00000001569.14	0.3394558719326426	6.050297463419741	3.125352025115846	0.008949737099184825	0.03068853526739795	-3.4291761951560074
ENSMUST00000147744.1	0.2505575457707039	6.762987921693412	3.125054909023844	0.008954635216167798	0.03068853526739795	-3.4804148216737043
ENSMUST00000021595.9	0.174214551384555	7.688511919019922	3.1205811758854396	0.00902871408169878	0.030921348226702904	-3.5137348134772135
ENSMUST00000028909.4	0.22576683651695184	6.125833130752612	3.1181964448023387	0.009068453615118065	0.030973109394201618	-3.4532996487285983
ENSMUST00000026043.11	0.17033890480493774	6.016481495399891	3.106341809020175	0.009268628262747523	0.03159245852973089	-3.4592662259762488
ENSMUST00000092167.6	0.437971661375931	6.048333558401884	3.101933982525071	0.00934418612505645	0.031806901485222604	-3.471902355191292
ENSMUST00000025393.13	0.23387063141408415	5.8475274003533135	3.0994431427291746	0.009387157048929881	0.03188503689878889	-3.4507986980934433
ENSMUST00000018909.3	0.1581136920294961	6.487417275257242	3.0991347283356854	0.009392491489565719	0.03188503689878889	-3.5236160101965464
ENSMUST00000103212.9	0.26581073549462886	5.586443662476296	3.097965536830933	0.009412741916248938	0.03193223505101039	-3.422542745105269
ENSMUST00000075317.11	0.2492144313019491	5.550091508357594	3.0964541350584227	0.009438984490919346	0.031999683944619425	-3.419797016439178
ENSMUST00000029910.11	0.3875813563910073	5.241722783251359	3.0958387577060127	0.009449690388949482	0.032014405620744	-3.248044926463997
ENSMUST00000022062.7	0.15179169851204044	7.544181848173382	3.0917939175753597	0.00952036407364263	0.03221045840921054	-3.5607279416508844
ENSMUST00000068593.8	0.14412054133262409	7.065882977451209	3.087024472412611	0.00960438129592034	0.032451069375268794	-3.5593858428292013
ENSMUST00000072232.8	0.22153879424039502	6.556410362011057	3.086070702700873	0.009621271828211916	0.032486321186398756	-3.5487624036757928
ENSMUST00000025474.12	0.11148774155039387	5.488304673750362	3.0833033477336684	0.0096704486918127	0.032566793268456164	-3.4290961785404326
ENSMUST00000021807.12	0.22241479228475036	7.644945074311063	3.0820494480946796	0.009692813986956606	0.03259214811556456	-3.582507437128061
ENSMUST00000111155.1	0.41239730668635133	7.162681175518424	3.0800259398086887	0.009729016123943815	0.03267468632814508	-3.573810553101768
ENSMUST00000112237.1	0.5895249119618517	6.294491312514957	3.0773925601712	0.009776332815278175	0.032789820262443	-3.5501743042150418
ENSMUST00000068933.11	0.26776866909499386	6.190071494678742	3.0763076219933176	0.009795894206503054	0.03283221006668542	-3.539191226519874
ENSMUST00000067384.5	0.1975091459692795	8.696542815392776	3.058231804365399	0.010127643967802271	0.03369852963096113	-3.679498463606194
ENSMUST00000074669.9	0.12164952573830412	6.9914734591666035	3.0559590284958174	0.01017014722417112	0.03381758802696953	-3.6148340006740334
ENSMUST00000112138.7	0.24671658437372201	6.598821353918453	3.053827230215897	0.010210176730199614	0.03385316475972671	-3.6084603970630673
ENSMUST00000047762.7	0.2543915113912636	6.88379510726665	3.053597972922208	0.010214490976995656	0.03385316475972671	-3.61566645940665
ENSMUST00000029875.3	0.19416915635325527	5.443443903609717	3.0529876956411988	0.010225984313225961	0.0338689447530216	-3.4703360709686755
ENSMUST00000218183.1	0.49391135341393255	5.889747512046948	3.0522702743247714	0.010239512084235406	0.03387029073156992	-3.542077824344453
ENSMUST00000003512.8	0.14678788735355397	6.791674198693871	3.052252082873434	0.010239855337451371	0.03387029073156992	-3.6149380169998873
ENSMUST00000048128.14	0.2646500844098938	5.870829295340613	3.050245017028756	0.0102777975104253	0.033973455502595055	-3.543626212685583
ENSMUST00000015791.5	0.30388120239491645	6.888750975707339	3.0489177495758066	0.010302966016342611	0.034034288922008986	-3.6244236018448506
ENSMUST00000003115.8	0.47273440430732006	5.7664442582366915	3.0399871698018304	0.010473928482960693	0.03453101847822755	-3.551188632674699
ENSMUST00000033809.3	0.2596729675037972	4.988316377686655	3.0357793621844094	0.010555463781755254	0.03476461291071966	-3.0299024963975913
ENSMUST00000046404.7	0.14238866162884722	5.249085917889576	3.0334786033219605	0.010600314718458712	0.034856328985990705	-3.3689669201986443
ENSMUST00000028187.6	0.3574987107222274	6.403863482717151	3.030875214655418	0.010651295552219098	0.03499999078758332	-3.6450834796409617
ENSMUST00000027559.7	0.216976660622187	5.666691029916332	3.0305379452216377	0.010657918085187368	0.03499999078758332	-3.5566643075310207
ENSMUST00000046259.13	0.291993618029073	7.192919043062144	3.0279566427186104	0.010708740715459996	0.03512103946511033	-3.6698006875574896
ENSMUST00000105798.7	2.8701741591079672	4.164202563138903	3.0261846765865066	0.010743769049896873	0.03521296553096493	-2.652711885268923
ENSMUST00000040865.8	0.22124068467492108	6.458876000522574	3.0201450510352195	0.01086402562891797	0.03553765470681814	-3.6675983785411805
ENSMUST00000091924.9	0.12979771952457053	5.8502892016671035	3.0152726996912667	0.010962022436563175	0.035788406799707545	-3.6053316076896222
ENSMUST00000114544.9	0.6115006498840883	5.620171513790654	3.0142434892881953	0.010982835787273644	0.03582311465934756	-3.5804730912361147
ENSMUST00000217672.1	0.1540814549356444	5.356284254071144	3.011502416458622	0.011038460797964873	0.03596793800165886	-3.49923580484674
ENSMUST00000007757.14	0.3028127814635493	6.691380626317693	3.00930981278012	0.011083158683141138	0.03608694904678414	-3.691173321003783
ENSMUST00000099558.4	0.23522274862615422	5.6299055293444145	3.0090077429311046	0.011089330794340744	0.03608694904678414	-3.5913508835075905
ENSMUST00000046045.12	0.1570829446315125	7.542848562080402	2.9992947641946364	0.01128963853554211	0.036667638135772986	-3.7303784597631067
ENSMUST00000171838.1	0.6168539360766436	4.990033144643592	2.9980490630500327	0.011315588929978077	0.03670776938388601	-3.1001499253123805
ENSMUST00000163448.3	0.575331622795459	6.847272049141541	2.9965125022345536	0.011347680753227845	0.03678491099838227	-3.7189937202301455
ENSMUST00000222485.1	0.20063374522408228	5.616585628148955	2.988028411828073	0.011526521919390196	0.03726859368666586	-3.627893319024985
ENSMUST00000023749.14	0.13050618706021133	8.159901893288176	2.9868996762447972	0.011550526789903842	0.037322222402059235	-3.7824361600854024
ENSMUST00000055485.11	0.2272553970025628	5.382253779166163	2.9848032412816567	0.01159524454284347	0.037442667069990686	-3.563722537310188
ENSMUST00000025270.6	0.10996087836033652	6.2823842638947385	2.982710356740664	0.011640059290241641	0.03756327023040776	-3.7223624726468905
ENSMUST00000185331.6	0.47106650244432746	5.026039319166316	2.976699306279166	0.011769738911179495	0.03790880695399747	-3.191151400125522
ENSMUST00000087435.6	0.26634520301151987	6.068296092673808	2.97369450119898	0.011835103736001957	0.038094950029319154	-3.7097066718359866
ENSMUST00000079817.7	0.18249108236804457	7.100239060394605	2.971044554044843	0.011893050271354554	0.038208132768317214	-3.772615694849339
ENSMUST00000049572.14	0.24795334234070143	5.864436397444273	2.970357109594494	0.011908128929522881	0.038232161228098034	-3.689024531823443
ENSMUST00000014221.12	0.46011919116504796	6.021430419906165	2.9689115432813318	0.011939898878353838	0.03830117859203617	-3.71169327197588
ENSMUST00000099466.9	1.0368308259447074	5.530719669234283	2.9686865283182895	0.01194485176126113	0.03830117859203617	-3.6499396857593682
ENSMUST00000039559.8	0.7574433891017369	6.988787415976526	2.9680223876839067	0.011959482370752204	0.03832366611927028	-3.77584761536061
ENSMUST00000020112.6	0.5222857553189693	5.568244164225313	2.9646843883610563	0.012033288102969704	0.038535628546174774	-3.6637324693055646
ENSMUST00000066070.6	0.19859130097052713	8.298957934576231	2.9556628338638893	0.012235046775582285	0.03905743675631629	-3.8461885250950356
ENSMUST00000022623.12	0.18568328965196024	5.880821744362725	2.955275842002404	0.012243776678982838	0.03906052027391418	-3.718424982631042
ENSMUST00000189378.6	0.43444812398043275	5.532752389296471	2.9351207536511024	0.012707144961694347	0.040487426410566345	-3.7115406600453524
ENSMUST00000102533.10	0.26545639506017427	6.497709190032562	2.934323770314817	0.012725823198488345	0.04051184366033159	-3.8257167790758375
ENSMUST00000037850.5	0.17534519064216703	6.999433050849806	2.9320384327120856	0.012779534800030447	0.04064085940515371	-3.8418618420842114
ENSMUST00000022521.12	0.25415453816232336	5.6940053907926975	2.930847812176248	0.012807607150258008	0.04067870680110356	-3.742101089216156
ENSMUST00000170241.7	0.2637686238212069	7.42129925665792	2.926396389546439	0.012913108454573888	0.040962073540328645	-3.860106463718521
ENSMUST00000130360.1	0.4757545541081365	5.402372891392495	2.9248606331301	0.012949707539050948	0.041052286470677574	-3.6846790989679477
ENSMUST00000096253.5	0.21303716079071755	6.023812839162626	2.9240623178365857	0.012968773285979096	0.04108683778448415	-3.793866895705129
ENSMUST00000068944.8	0.16972758255575915	7.041326394115218	2.922739943474925	0.013000416474385403	0.04113528005197042	-3.8597439036110295
ENSMUST00000010804.3	0.3723990344852135	5.248442976269991	2.920046603348483	0.013065103904590609	0.04128802622110261	-3.5744986215774586
ENSMUST00000125447.2	0.6109940790476278	5.193898723947178	2.916516082287866	0.013150384696669083	0.041476839870245044	-3.522014461506369
ENSMUST00000020339.9	0.2616144763132331	5.6350045884212605	2.9071209541154994	0.01338003962907551	0.04209817346709124	-3.777857321690155
ENSMUST00000068505.9	0.17721828346540924	8.545460917941217	2.901670958131436	0.013515086753593097	0.04245932675565346	-3.9578357380914437
ENSMUST00000030518.15	0.32182775377534334	8.447860981001204	2.9014250912040236	0.01352121107691934	0.04245932675565346	-3.9529623674443997
ENSMUST00000030865.8	0.18356798637819072	5.084664482312135	2.900452601483454	0.013545462024015863	0.04245932675565346	-3.4109662231345346
ENSMUST00000015456.9	0.37607860608157484	6.4749919470133905	2.8984054711895064	0.013596652940593583	0.042593250899206916	-3.890653690321947
ENSMUST00000041231.13	0.2529938179458968	5.915554611068219	2.8964615860932845	0.013645440438249156	0.04267605722915368	-3.829623230026659
ENSMUST00000033673.6	0.15441998124319056	7.421774970861465	2.8960789714931736	0.013655063790498337	0.04267605722915368	-3.9154004450036983
ENSMUST00000009435.11	0.10219507728199417	8.24251574886231	2.8960013497404633	0.013657016922865717	0.04267605722915368	-3.952348824451515
ENSMUST00000179218.8	0.2698009867562412	5.88129891608156	2.892236165587828	0.013752091955567414	0.04291983537745637	-3.833332570350792
ENSMUST00000194649.1	0.3274726213312604	7.60608219040944	2.888471370334585	0.013847816101091563	0.043165032716599536	-3.9350737013178456
ENSMUST00000061601.8	0.1954759850584944	5.131970653930865	2.8852183986544877	0.013931060576938947	0.04339335479358928	-3.502190897562355
ENSMUST00000044681.6	0.12895946999949004	8.658446970359206	2.8838595543474033	0.013965981114592402	0.04345259801330512	-3.996547965747784
ENSMUST00000089289.5	0.23641644932285732	5.123187087987414	2.88246675274615	0.01400186472829494	0.04353731857110744	-3.4961200735930795
ENSMUST00000036854.3	0.18881846033178107	6.593622600194518	2.87744433748541	0.014132023981948435	0.043887785588384305	-3.9307641220323215
ENSMUST00000022322.16	0.12110348433637963	7.396549392647963	2.8749368022014994	0.014197458318872338	0.04403662934787098	-3.9532852275689803
ENSMUST00000072875.14	0.33728050884800886	6.56292901403929	2.8657185545087778	0.014440610285532255	0.04473565908036501	-3.9517206501315845
ENSMUST00000028921.5	0.20445629657675646	6.015097809397451	2.864647244399102	0.014469135762827351	0.04476889423295474	-3.9007316765078164
ENSMUST00000025931.12	0.26894333465841225	5.696621730527322	2.857681327774475	0.014655986618946482	0.04529131982796054	-3.875464757937519
ENSMUST00000174510.7	0.6040492712397558	5.684278259787254	2.8512148278377873	0.014831587155117813	0.04577773924993725	-3.885662381443647
ENSMUST00000001187.14	0.4754764112562482	5.283013774032286	2.8497508989696545	0.014871630092703338	0.04587318883898865	-3.734817062328447
ENSMUST00000082223.12	0.15033778375549645	9.22051856684465	2.8463313579165828	0.014965583974408652	0.04610646232409671	-4.094081785042616
ENSMUST00000099547.3	0.12853731120840717	6.881346220646581	2.8455927635000062	0.01498595459320983	0.04611274468406033	-3.9954579801099177
ENSMUST00000033994.14	0.3174671819885333	7.715460477098684	2.8430331770809874	0.015056761968242406	0.04621471227970869	-4.0227841887770985
ENSMUST00000044828.13	0.17569235188697618	7.738645351236642	2.8427353500398156	0.015065022488316886	0.04621471227970869	-4.024521965725558
ENSMUST00000025506.6	0.19249473289815544	5.689116836601213	2.841310563465569	0.015104602630492044	0.046307895084707784	-3.9042215994577028
ENSMUST00000114769.8	0.17641924878427595	7.942115471807863	2.839330427262906	0.015159781767741083	0.046420488176205345	-4.041507272481249
ENSMUST00000066148.11	0.42497393870271427	5.322334885316878	2.838859696208869	0.015172928738404347	0.046432484478657096	-3.7897411031365262
ENSMUST00000112326.7	1.4111310188581596	6.178968890771165	2.8360352182041386	0.015252051214281697	0.046642011613296376	-3.976346356954753
ENSMUST00000098799.4	0.1539462433718768	8.6529445524416	2.8357544556021366	0.015259938603753893	0.046642011613296376	-4.083773930809708
ENSMUST00000024984.6	0.21010842823635567	5.517377729713502	2.828954540141457	0.01545220831103447	0.04714375986222827	-3.9007742669566636
ENSMUST00000033992.8	0.17492270254713294	5.599324825750713	2.8281017953057175	0.015476488984624658	0.047189221867664645	-3.916440997942296
ENSMUST00000025767.13	0.2517493146700618	6.734276837492654	2.8189201208812067	0.01574033425556997	0.04793560631947489	-4.03919952494127
ENSMUST00000059580.10	0.44700164111749174	5.70138081177666	2.818260705054022	0.015759454120944302	0.04793943996034314	-3.9474973022097606
ENSMUST00000014546.14	0.17930590896125942	5.807281440049035	2.8170161920446777	0.015795601757090584	0.04800510517766647	-3.961659645868235
ENSMUST00000027252.7	0.29827684362129414	6.395444828945324	2.8092287644164364	0.016023666693316965	0.048621874025378556	-4.048666265491452
ENSMUST00000073551.5	0.27714676769667346	5.39602336673226	2.8083888535093804	0.016048458797997944	0.04866774937476049	-3.8921552979653526
ENSMUST00000047749.6	0.28379929671240944	5.1474316162385865	2.806777998934305	0.016096113714164893	0.04869485754417533	-3.6625261619171203
ENSMUST00000028807.5	0.44485654870345215	5.6004166917556955	2.797112028508267	0.01638502820662897	0.04944995615329955	-3.9726477998811696
ENSMUST00000001716.7	0.2453294901939902	6.589968137112417	2.7965950299843585	0.01640062517345009	0.04946735326596367	-4.077456534477226
ENSMUST00000069451.10	0.16799113359814122	5.668556648592929	2.7906949132585344	0.016579666714105032	0.049960040776385675	-3.99324273523534
ENSMUST00000043259.9	0.19967023411080476	6.98865933777568	2.790558342667166	0.01658383384944625	0.049960040776385675	-4.098762385637411
ENSMUST00000090247.6	0.20674673400104204	5.712359793928395	2.7857836734429284	0.01673017565841398	0.0503105282351947	-4.007570852794836
ENSMUST00000072113.5	0.2092137465302244	6.840006652105032	2.784936795942603	0.016756265322753087	0.05035888341623105	-4.103918043032846
ENSMUST00000200232.2	0.6443581630212067	5.098778157052412	2.7829461874147636	0.016817748507850245	0.05051348820477288	-3.6418095563800152
ENSMUST00000162645.7	0.20343892271765185	5.717282258875919	2.7808685264539847	0.016882158650570665	0.050616345496824124	-4.017051773805061
ENSMUST00000053740.14	0.22215535513205964	6.618701212484717	2.780867966034837	0.016882176057179663	0.050616345496824124	-4.106213713079164
ENSMUST00000041438.6	0.5413629664758863	5.825351187985318	2.776536090985077	0.01701725615141547	0.05090000933280096	-4.036753510114254
ENSMUST00000028071.12	0.15277233608667462	5.3644860717716	2.7680191052023972	0.01728596597450565	0.0516116883191323	-3.9459639828616107
ENSMUST00000174477.7	0.26094952245130365	6.550117628680971	2.7664025197871402	0.01733744096493376	0.051704010370232215	-4.131538299776
ENSMUST00000038379.3	0.23984751021612905	6.37682824035748	2.7526054157977144	0.0177829778213769	0.05290725098719526	-4.149850882743785
ENSMUST00000022890.9	0.16608559821079716	6.441684024764714	2.750462076905866	0.017853198889185604	0.05308477754816358	-4.157443084864617
ENSMUST00000025089.7	0.1501255511667985	5.1022193769717905	2.746422592418689	0.017986287971565647	0.05335437192508654	-3.7119229162264595
ENSMUST00000018572.10	0.3440425587168825	5.237384600095607	2.742216489335137	0.018125908272978098	0.05361274486428672	-3.8841815438107727
ENSMUST00000017188.13	0.4155529789068284	6.902987905912012	2.7390776461048416	0.018230798206752177	0.053825789775921486	-4.188948641887313
ENSMUST00000115259.2	0.22779051267130246	5.191288696097539	2.7336676113577347	0.01841299256563418	0.05414799425835383	-3.8477921979376157
ENSMUST00000109111.1	0.7755850607374617	5.8079985964757475	2.7324348980960536	0.018454757598032608	0.05423240974048017	-4.114387170830826
ENSMUST00000212588.1	0.6775625587169989	5.029675344966294	2.731759941503061	0.018477665118933284	0.054268028729336455	-3.633483301270103
ENSMUST00000153442.7	0.2694211384208529	7.266454769728455	2.7313653263781283	0.01849107105996731	0.05427571674603007	-4.210627247126519
ENSMUST00000028135.14	0.1772439511838808	7.405026861053541	2.7262943232241925	0.018664200828367623	0.05475195006852333	-4.222642275034341
ENSMUST00000091233.6	0.28252313146464036	5.852209063414181	2.7211117961939313	0.018842790742808126	0.05517932492844452	-4.139544107691057
ENSMUST00000080723.10	0.1614068314238919	7.661157769779823	2.715286995058063	0.019045525948472006	0.05571537984632657	-4.251150511552175
ENSMUST00000102678.4	0.21727478925521382	5.665771356966333	2.713976936079416	0.01909141871021201	0.05580995208081152	-4.13107857668993
ENSMUST00000080492.5	0.22666219107365393	10.215473080600999	2.7043563672213926	0.01943179403732879	0.05663565363451912	-4.391064585978998
ENSMUST00000005504.14	0.32635138363080785	6.060198487722703	2.702763050018333	0.01948873995885803	0.05674065435938354	-4.199717006060989
ENSMUST00000027050.9	0.3311042062744063	5.691591577545677	2.697607954944164	0.019674114533605264	0.05721414463501045	-4.163699578346807
ENSMUST00000018965.3	0.27961380005648184	5.479799721350888	2.6962269920527584	0.01972406754479064	0.05729317772392709	-4.12918567596745
ENSMUST00000113864.2	2.530634337914844	4.23047618321947	2.694082160026614	0.019801899481705857	0.05748606825877794	-3.0552545924518792
ENSMUST00000046144.9	1.0718566412708137	6.493173274894663	2.692636153106283	0.01985454299247479	0.05760565501449865	-4.263435290592136
ENSMUST00000021479.5	0.12897851783859604	5.887479128574081	2.692002144577424	0.019877668227911784	0.057639509426296365	-4.195862796419425
ENSMUST00000001548.13	1.031184280569141	6.975184272581512	2.6864397483060993	0.02008169500935861	0.058164080363893596	-4.286015589291226
ENSMUST00000102927.9	0.16952304917267558	5.214477362295425	2.6825224636794327	0.020226615424544847	0.058550116341130685	-3.966914974815436
ENSMUST00000103139.10	0.24679681019489585	6.999891600261319	2.681107418976771	0.020279217841417767	0.05865962044864964	-4.296285448945367
ENSMUST00000188151.1	0.14786001375072555	7.519389078904642	2.680877867914239	0.020287763780689798	0.05865962044864964	-4.307458832549971
ENSMUST00000025932.7	0.21652949369397234	5.567391101819462	2.675548129734097	0.020487183519807214	0.05899886679344596	-4.186561321632288
ENSMUST00000034049.4	0.09825101372290135	9.192350222945798	2.672025497404348	0.020620045029657596	0.059313577212239774	-4.407680603538443
ENSMUST00000038890.5	0.4127297261924605	5.2582501777528625	2.6712471795794466	0.02064951460156714	0.0593551124264757	-4.0316386994079965
ENSMUST00000031697.8	0.20368902290757518	6.713164808949735	2.671021157394613	0.020658080274052665	0.0593551124264757	-4.3053554652038315
ENSMUST00000054294.6	0.13109326093253504	6.752206606834388	2.6700738931039063	0.02069401723677656	0.05942442963368885	-4.307994782992326
ENSMUST00000040522.6	0.6908160977963966	6.311507537162459	2.669249127996359	0.020725356934591318	0.059480473894996534	-4.2935347024393735
ENSMUST00000168064.2	0.31755596484925697	5.991308679800502	2.6682821081936954	0.020762161519519873	0.059552129193104035	-4.251590168057479
ENSMUST00000047404.6	0.15006115359942296	6.845544049503373	2.6618691818337603	0.021007867590061454	0.06021316682109882	-4.325641207369414
ENSMUST00000042334.14	0.2295496863485198	9.360755612811614	2.6616436236637213	0.021016561506231272	0.06021316682109882	-4.434875790103828
ENSMUST00000067976.8	0.09800227164718045	7.172376546911895	2.6602671058620833	0.021069694716033222	0.06033103819940987	-4.336754815097709
ENSMUST00000043812.14	0.20236251228825353	5.623352602465927	2.658742990078253	0.021128679190976368	0.06046552048339141	-4.224519113421294
ENSMUST00000062678.10	0.1453470336842706	6.964000511842484	2.6526411956087803	0.021366452913882825	0.0611112135359548	-4.346223983378586
ENSMUST00000169612.2	0.29850973001252523	5.603338599629804	2.6509610113797097	0.021432386367615425	0.06126496353151886	-4.235655471485227
ENSMUST00000088476.3	0.2510246413526058	8.397436021476423	2.6500376990530525	0.02146870385249026	0.06133392906409909	-4.404857337414981
ENSMUST00000023099.6	0.21652485282332457	8.21205674525226	2.646842335869165	0.02159485714146329	0.061554519138074686	-4.401256880026801
ENSMUST00000061437.4	0.1558943874118004	6.10739629347216	2.645271911221678	0.02165712420631782	0.06162725785180145	-4.309652715788546
ENSMUST00000227402.1	1.3120435921189966	6.03469122680337	2.644600276529853	0.021683808196597	0.06166830923520606	-4.300177537588102
ENSMUST00000099689.4	3.3313884565202234	5.462412184018839	2.6410056504344275	0.021827172024172854	0.06193598559143464	-4.222475021766753
ENSMUST00000089688.5	0.2311664806456193	7.175774121644241	2.639745839039669	0.021877636732278445	0.062009234028221324	-4.373515575705062
ENSMUST00000091190.11	0.25993710033711004	6.382011219952111	2.636544813506214	0.022006377070382742	0.062339010721337594	-4.358564858231388
ENSMUST00000052509.5	0.2853197034158139	5.419812770279289	2.6314430963047557	0.022213098514375574	0.062818492763251	-4.222984919973771
ENSMUST00000041684.10	0.2907236637129129	5.196137515956012	2.6281929911274107	0.022345784884564006	0.06315822682822557	-4.041570891464403
ENSMUST00000020657.12	0.11780648842894159	7.6267152336711	2.625014040671193	0.02247631828756795	0.06347829979238727	-4.4113673491049585
ENSMUST00000003513.10	0.160193471079495	5.756029097546197	2.6220171329138946	0.02260006129694306	0.06372167038579514	-4.3065296302180265
ENSMUST00000035007.9	0.16212280521375533	6.5621915970836495	2.621814216834868	0.022608463851847407	0.06372167038579514	-4.391296659334104
ENSMUST00000042729.15	1.9547398013797341	4.692955591494425	2.60621220721467	0.023263779578767765	0.06529493275269961	-3.362951653722589
ENSMUST00000102844.3	0.3215110333132394	8.730905736873668	2.6017987985631037	0.023452503980862467	0.06562266269617302	-4.509336366255468
ENSMUST00000070181.6	0.14569486895883088	5.941073655489935	2.5962805507882156	0.02369058303885426	0.06617841380814869	-4.373160955593347
ENSMUST00000023396.9	0.13100534426225252	5.280247285600533	2.59477400568723	0.023755991434215043	0.06625910281522816	-4.188671734923878
ENSMUST00000125721.7	0.4883933233150506	5.185410934586665	2.594705298921422	0.023758978628239242	0.06625910281522816	-4.08749349488966
ENSMUST00000067912.7	0.342975479187678	6.420650271165378	2.593918708851917	0.023793203754930693	0.06631778841609769	-4.436830722486432
ENSMUST00000038356.12	0.12678246772192647	5.456096774216658	2.5878715096074822	0.02405793800569802	0.06690739972728951	-4.314811299988193
ENSMUST00000168828.1	0.23162815284189708	5.282774925149395	2.5857775607341957	0.024150276878092347	0.06712709556557049	-4.207028773534896
ENSMUST00000021204.3	0.212053306653182	6.326151253441314	2.5843103688945037	0.024215183503356233	0.06723321644888809	-4.446603317496716
ENSMUST00000034277.13	0.2125096487367122	6.561142909304142	2.5823141143400155	0.02430376921682274	0.06744195418082471	-4.461598764096474
ENSMUST00000172808.1	0.291885556886454	5.364277297441134	2.581653011189129	0.024333176100913366	0.06744915094418465	-4.278740405261477
ENSMUST00000023088.7	0.13373006691422162	6.181095719574884	2.576540733187238	0.024561755829792555	0.0680029937215894	-4.44266474721088
ENSMUST00000028389.3	0.29303379736637325	5.5520550545665985	2.573383822922468	0.024703954226698202	0.06828878775523003	-4.366005729072855
ENSMUST00000110293.8	0.23516585540463364	6.92310531140526	2.572521965358764	0.02474291495102803	0.06832140785873876	-4.487656841410218
ENSMUST00000060223.2	0.17460072956275674	5.759074047090301	2.554525203205063	0.0255703182814406	0.07037432783037618	-4.426677843652543
ENSMUST00000031072.13	0.184692616625723	5.389013699227339	2.5511467913045713	0.025728624956719542	0.07077130243699072	-4.3477830924124525
ENSMUST00000060798.5	0.1643038414680582	5.257048623315788	2.547016651062526	0.025923455999286325	0.07126825526361175	-4.25057950115534
ENSMUST00000112304.8	0.1644345156859961	6.368971430558451	2.5403785057484094	0.026239616497031916	0.07190169422471	-4.528569652183886
ENSMUST00000026324.9	0.25649347819232915	6.776970168196125	2.5364404632896935	0.026428950641825363	0.07236613450449153	-4.546543563294069
ENSMUST00000114786.7	0.2880094036195002	5.423205128313206	2.534537183442125	0.026520933735403297	0.07255400632018162	-4.396368953602812
ENSMUST00000079716.5	0.18957910372268394	10.509714179082657	2.5294854653181345	0.026766592629844235	0.07318626495692736	-4.712467896571299
ENSMUST00000008812.7	0.16604348710674266	9.39832043971045	2.523329147905575	0.027068965367489147	0.07397282170767948	-4.683069352814634
ENSMUST00000021920.7	0.1322346485070831	5.250078521370804	2.522352489030936	0.02711723958251337	0.07404466494660306	-4.287083550087974
ENSMUST00000113523.8	0.2101493985693761	5.22925544567005	2.52220189843946	0.027124690418721814	0.07404466494660306	-4.266315149977698
ENSMUST00000050970.3	0.15129422561576344	5.966214466270022	2.521528733335156	0.027158021284306288	0.07405528730696202	-4.50885476489632
ENSMUST00000021471.12	0.13341167219342065	7.071907770822259	2.510280589787067	0.027720893666424704	0.07550829238537232	-4.601684245893168
ENSMUST00000073724.5	0.25634224729421273	6.144212230167085	2.5072281461708785	0.027875590392843697	0.07588857968960858	-4.560011836484914
ENSMUST00000025293.3	0.11745531790236541	8.267279671159754	2.504285761366611	0.028025504172013837	0.07621422242670357	-4.657151423048612
ENSMUST00000118317.7	0.23968299772690127	6.320582566266959	2.5036209550679835	0.02805948433990819	0.07626540557216538	-4.588742769044099
ENSMUST00000060092.12	0.2657684679114203	5.380450973712897	2.5018349876900836	0.028150968819365775	0.07647274521070692	-4.429400326429818
ENSMUST00000034964.6	0.2904797422033596	5.3807443593149555	2.5000908062795535	0.028240592779992437	0.07667480964713543	-4.4326395583344205
ENSMUST00000081435.4	0.2948153419554238	5.192819348376928	2.4997944539836956	0.028255848256923125	0.0766748503670875	-4.263445537249005
ENSMUST00000100134.9	0.25732023395355164	5.038347311176234	2.498274076906878	0.028334239562095742	0.07680471941643517	-4.055608050419984
ENSMUST00000108229.1	0.25568929300090826	5.968155016965417	2.4976240225895947	0.02836782113874564	0.0768339539424405	-4.551211223397886
ENSMUST00000023580.6	0.19502594171034282	5.3667781362008595	2.494337334676381	0.0285382034909272	0.07720560479508798	-4.434204540104805
ENSMUST00000114246.3	0.2430835412065413	6.866100275294885	2.493037014718659	0.028605886504900268	0.07732685670904389	-4.626132113773643
ENSMUST00000108639.7	0.4173024172668889	5.853951358897621	2.4927838308484276	0.02861908312308482	0.07732685670904389	-4.545796307726112
ENSMUST00000008573.8	0.1342308535436212	6.097763872792794	2.4907528364788787	0.02872515825827101	0.07753594162394212	-4.582104156554827
ENSMUST00000114653.1	0.1890672520273471	5.35551344688499	2.485825103201074	0.028984115052499135	0.07806160751023722	-4.4419542827403795
ENSMUST00000060303.9	0.2888091850924974	5.0676867312102445	2.4837869920480697	0.029091881278863543	0.07825265178031279	-4.123701658272884
ENSMUST00000090678.10	0.20606987276779343	6.601595561514207	2.479086255599805	0.02934192105343069	0.07881431116914565	-4.64441934859185
ENSMUST00000023269.4	0.27890459484379804	10.02661656152504	2.4776313484686185	0.029419731870349315	0.07898114783336574	-4.788957870648838
ENSMUST00000020692.6	0.3548086678503912	6.741788741868195	2.473940026426976	0.029618049659718114	0.07934420012675285	-4.655713613789712
ENSMUST00000029549.15	0.14734989038948143	7.280438956848565	2.4732675322005933	0.029654319141148824	0.07939908440613078	-4.670243459900756
ENSMUST00000095664.5	0.17616308979339212	5.232593462288936	2.4684110264019195	0.029917526412198546	0.07993365660104668	-4.363825745061184
ENSMUST00000049400.14	0.20592537335447947	7.182898954994841	2.4641044767114115	0.03015282259671632	0.08047684375813252	-4.684624663979771
ENSMUST00000063339.13	0.7511341738125017	5.911607404489608	2.4621468937954667	0.03026037109147452	0.08072106413637768	-4.606234718530816
ENSMUST00000102574.9	0.2789423403770579	6.159979253026246	2.4578056538248347	0.03050020498903276	0.0812676072019625	-4.649038668884633
ENSMUST00000222588.1	1.8864104320839274	5.760984770608675	2.4573259076140723	0.030526821593013183	0.0812676072019625	-4.597858425288981
ENSMUST00000113457.8	0.2627692405603801	5.168118980853277	2.456980054427878	0.030546023696861675	0.0812676072019625	-4.3069801675731565
ENSMUST00000023491.12	0.12490576269576703	5.388579108781027	2.4549608401866725	0.030658366339043314	0.08145738564336166	-4.516388577338482
ENSMUST00000076840.11	0.11215000189765778	6.487559383630511	2.4548186340924154	0.030666293308349375	0.08145738564336166	-4.685241174549528
ENSMUST00000031740.15	0.20807900754023656	5.301822135583144	2.4542590199750216	0.030697507071589174	0.08145738564336166	-4.456096662430453
ENSMUST00000040314.11	0.14106105943910574	6.542558068315336	2.454244612157863	0.030698311107098728	0.08145738564336166	-4.687215808324385
ENSMUST00000026222.10	0.1745004407486359	6.554780346683437	2.4538895856583776	0.0307181299884404	0.08146700683808311	-4.68800968662009
ENSMUST00000074085.11	0.1545931088224446	8.766306825283552	2.452813526757132	0.030778275311961763	0.08154054928619255	-4.774578540228578
ENSMUST00000017821.11	0.27483865308862043	5.8953506388526655	2.4457996312191486	0.031173115269767997	0.08241300206106296	-4.632896920330989
ENSMUST00000081026.10	1.1723585391800526	7.265394024359372	2.443245530091226	0.03131811066523754	0.0827094040718163	-4.722545872775386
ENSMUST00000000058.6	0.13364473544807431	8.125508217726066	2.4399076340915657	0.03150858641914453	0.08300098942465034	-4.763478591941999
ENSMUST00000115128.7	0.5570120592150722	5.759964170226796	2.4398652944956667	0.03151100970007596	0.08300098942465034	-4.628242547192405
ENSMUST00000015146.15	0.1374785392483222	6.112778072921425	2.438582299814295	0.031584526736488636	0.08307188506046966	-4.675707883128213
ENSMUST00000012259.7	0.29176479026866176	5.440236853012903	2.4372592304095604	0.0316605139633747	0.0831770473888972	-4.574038299813112
ENSMUST00000055966.12	0.2651022571390875	7.30598102308027	2.433322387603567	0.031887664681777825	0.08355564636147095	-4.7406381156309525
ENSMUST00000074613.3	0.18837271065790162	6.275360853964722	2.428792734448574	0.032150970737331724	0.08420173543962306	-4.714985486960663
ENSMUST00000107485.7	0.17523976644216965	5.5718103586615495	2.42447045357006	0.03240418223562279	0.0847766202950693	-4.630765565078029
ENSMUST00000143987.7	0.1485541425784307	6.887293260635972	2.423710504353581	0.032448901088887726	0.08480541370295801	-4.748284076283266
ENSMUST00000063551.6	0.1933053579317967	5.487021391406186	2.4227741952037056	0.032504079803132704	0.08487083961659785	-4.6146671249071645
ENSMUST00000136628.1	0.21186228860503853	6.270545013738175	2.4226873287047757	0.032509203628684404	0.08487083961659785	-4.725082653142016
ENSMUST00000204890.2	0.7440105253094886	5.940441138680987	2.422427342675837	0.03252454358592738	0.08487083961659785	-4.67906423258048
ENSMUST00000028341.10	0.0996832164222683	6.484010830505814	2.420372238914493	0.03264604738496417	0.08514373478162506	-4.745304278078164
ENSMUST00000084838.12	0.11903369758531746	6.289465922199251	2.415773060789819	0.03291955589110919	0.08572375035619582	-4.739227224208932
ENSMUST00000090750.11	1.6731331397500924	5.673817726844375	2.407266865165871	0.03343125547268344	0.08677984557295408	-4.6745439167260825
ENSMUST00000102814.4	0.1363147780797913	10.250685554127624	2.40485865970851	0.033577513315548126	0.08698685349666459	-4.9232292381513485
ENSMUST00000038107.8	0.42812311362698274	5.338780247506502	2.4003386880781776	0.03385369463796268	0.08756706309696155	-4.579692707212306
ENSMUST00000032419.8	0.12497465763829663	5.986827793274479	2.3975668452979577	0.034024144054669886	0.08796272802623031	-4.728625757607988
ENSMUST00000022865.16	0.11837357158808803	6.328843403062688	2.3907258420710167	0.03444836963894121	0.08883123918683405	-4.786943647723209
ENSMUST00000090006.11	0.1574905988114388	10.765942204235602	2.3894810363130667	0.034526109369424365	0.08892607771063583	-4.966454232545887
ENSMUST00000102793.10	0.17157481874038627	5.831181868612933	2.389288086169324	0.03453817448749402	0.08892607771063583	-4.723847097223329
ENSMUST00000129753.7	0.3144065727894647	8.118775125349634	2.3877153636742725	0.0346366680946155	0.08908848526789907	-4.854073867669204
ENSMUST00000034763.9	0.20136264980631502	6.396586876493457	2.387216968800949	0.03466793712620562	0.08912334781908046	-4.798704013953893
ENSMUST00000118788.7	0.23833862017615726	5.659022034769848	2.3851660668305943	0.03479689625368158	0.08940918541995509	-4.710969895853889
ENSMUST00000120194.1	0.10755410568442336	5.588886630141596	2.3828666676765375	0.03494203048074505	0.08969048742276955	-4.7054317396162535
ENSMUST00000047157.12	0.7776818761123323	4.80214848761107	2.382257356328491	0.03498058686087143	0.08974366777003782	-3.8796481504312816
ENSMUST00000076831.6	0.19731274095478568	5.557838266147981	2.3771759595529764	0.03530373094875141	0.09052653945115613	-4.710569765915599
ENSMUST00000032151.2	0.13492402362728217	5.470288419173547	2.375823673025367	0.03539021095365511	0.09070206383486443	-4.690982668422024
ENSMUST00000165430.7	0.4102898773160373	5.7335504147070235	2.3746048998764726	0.03546832742933321	0.09080974824273556	-4.7385914939899365
ENSMUST00000098990.9	0.1601698485480707	6.460116460132662	2.374098908499013	0.03550080737568392	0.09084667441864995	-4.824831051499791
ENSMUST00000040008.3	0.1930023802112446	7.26843464443291	2.373474552330392	0.03554092471947695	0.09085690663805313	-4.84397178821572
ENSMUST00000023538.8	0.14431948373675496	9.74067869987354	2.371056286793509	0.03569672016561117	0.09111628571952807	-4.965056127404431
ENSMUST00000113028.1	0.14973524324606569	5.157293289487126	2.370487444445172	0.0357334629362556	0.09116381948899692	-4.4426662326887065
ENSMUST00000186870.6	0.27314809760375525	5.203972892288558	2.3697597952556073	0.03578051646438289	0.09123759672190082	-4.5027497042086875
ENSMUST00000062125.10	0.11830470188149889	5.526974160215168	2.3618090017073485	0.036298556712537816	0.09234904921957443	-4.731336384496505
ENSMUST00000030185.4	0.23522886490474182	6.535318825497034	2.3611293578043164	0.03634317272924718	0.09234904921957443	-4.849035401778517
ENSMUST00000007747.8	0.21442706787366106	5.968382687421942	2.3608239127214445	0.03636324120532239	0.09234904921957443	-4.789613794799081
ENSMUST00000127698.7	0.19789126568299498	5.080715379804039	2.3590852120439316	0.03647768121249478	0.09259294358227106	-4.357621634708384
ENSMUST00000031032.10	0.21833418210894617	6.069607864059868	2.357685226211228	0.0365700789290986	0.09278066923464198	-4.809696761524753
ENSMUST00000099931.10	0.37380709511467547	5.155704837563091	2.355669309769372	0.036703522954157186	0.09297856192465499	-4.466028749307907
ENSMUST00000005077.6	0.37902504860607067	9.793763689685164	2.3530412718884417	0.0368781896511543	0.09323325232912426	-4.99824836591463
ENSMUST00000023570.13	0.1535667267327545	6.539296121309066	2.3520548692466896	0.036943954736166205	0.09335260486069924	-4.864757908261459
ENSMUST00000219915.1	0.17460834106298329	5.094151595195953	2.345809952693687	0.037362936776958997	0.09417481709663363	-4.400253406617306
ENSMUST00000023040.7	0.12091458482285944	6.7128246457478	2.3450417889474404	0.03741478843846811	0.09421111142839493	-4.879217544223534
ENSMUST00000045142.14	0.13664133705207782	5.113918113248477	2.342453926260458	0.03758998040889132	0.0945575957185661	-4.4342940161188
ENSMUST00000057892.14	0.3924853406075819	5.032162683822127	2.339746222554563	0.037774128680306544	0.0949258948005106	-4.318419509474641
ENSMUST00000091197.3	0.30732384598562845	6.231744336263611	2.3391970767359918	0.03781158106434941	0.09497257330740984	-4.864761849433032
ENSMUST00000139160.7	0.32859209647226173	6.866482967630821	2.338428513963108	0.03786405781569283	0.0950095136512472	-4.89529817369079
ENSMUST00000046384.8	0.27575754251782314	7.103655353663226	2.3363145666439897	0.038008757082975964	0.09532505328237889	-4.905437720726038
ENSMUST00000136837.1	0.2649535644273877	5.554122923447558	2.3325706068694347	0.03826633389972339	0.09587546108043246	-4.786800285742987
ENSMUST00000195373.1	1.3041781996161914	5.763868348517928	2.332121163484005	0.0382973670796655	0.09590545235330868	-4.815224797812593
ENSMUST00000209984.1	2.5439133046920896	5.168357861067565	2.330491730008972	0.03841007886594342	0.09613985411669719	-4.525097602221154
ENSMUST00000034991.7	0.15798257724508868	5.879645059794859	2.3298035052158927	0.038457780558001524	0.0961738345988168	-4.831990073752526
ENSMUST00000110634.7	0.13397813859221674	6.531040093876838	2.318950517835064	0.039217569294486	0.09782032281634062	-4.921599770784007
ENSMUST00000051937.8	0.21829345649851373	8.044158323117257	2.317624346691788	0.03931139179637247	0.09800575427529727	-4.971671294839879
ENSMUST00000072239.13	0.2002499609876418	5.280882063300978	2.312979648160037	0.0396416887370242	0.09863369734716555	-4.679873739765675
ENSMUST00000027792.5	0.11304587209587336	6.879951260005701	2.31217508425502	0.039699172958370325	0.0987278987412561	-4.940889182339644
ENSMUST00000041956.13	0.8610393585393652	5.384204586905263	2.30935366231749	0.039901388644338016	0.09903497102598154	-4.765287291666121
ENSMUST00000067947.5	0.164061932790311	8.816013679203886	2.3038653641994395	0.04029757268856556	0.09991970832734025	-5.0354371407101075
ENSMUST00000122915.7	0.12112138679201223	5.457507098086012	2.2974069674041924	0.04076860864326395	0.10083916916630331	-4.821422287732846
ENSMUST00000025997.5	0.10009348572903409	6.08986712327527	2.292817052620976	0.041106566400284296	0.10151268668535021	-4.924075755931721
ENSMUST00000049245.9	0.1677622284019753	5.3957302645497816	2.2914114252815936	0.04121059826968228	0.10168245213083449	-4.802891217364657
ENSMUST00000200546.1	0.28386175232982325	5.213221371184684	2.2889252556224005	0.04139521886952597	0.10208791477087507	-4.651887499627636
ENSMUST00000192919.5	0.47578728088991706	6.10284030494943	2.2876152855556837	0.04149281382452177	0.1022784646502543	-4.934892754873628
ENSMUST00000108702.7	0.16433713522807025	8.691375549296689	2.281066400746871	0.04198402361787743	0.10333738885594002	-5.067623116394771
ENSMUST00000124838.1	0.09316050999039494	7.816497348041279	2.2746536842014367	0.04247040012892185	0.1042794451188901	-5.033494721390353
ENSMUST00000066452.13	0.49244193273359915	5.36008458791242	2.2713426715997267	0.042723627478498824	0.10481696203811619	-4.815050334568248
ENSMUST00000120544.8	1.2333377248704576	5.639684857223933	2.2712467410998225	0.04273098571659239	0.10481696203811619	-4.903957422660861
ENSMUST00000070656.11	0.28677269516765325	6.271537235774143	2.2691845986141552	0.04288945274914763	0.10512259595481029	-4.989639061091216
ENSMUST00000207484.1	0.7164674828299837	5.3703654655597495	2.269081707428579	0.042897374179134466	0.10512259595481029	-4.825435239852685
ENSMUST00000004281.9	0.1590301431768255	5.27606398180284	2.2611743912927915	0.04351033946357022	0.106520933256069	-4.7632410912543515
ENSMUST00000025081.11	0.14038473872609547	6.485310851693422	2.2601297377471052	0.04359194173233048	0.10666880294521142	-5.021202698011503
ENSMUST00000028049.12	0.27195267370114706	5.139270766203864	2.2587963795028454	0.04369630795064833	0.10677803613817008	-4.609426866145915
ENSMUST00000103232.1	0.1540560748672215	5.679686854644222	2.2587460290174834	0.04370025370870447	0.10677803613817008	-4.930352251046587
ENSMUST00000022986.7	0.319722076979982	6.8062293289345535	2.2551364983470052	0.04398400430154154	0.10726297898257658	-5.035582661805466
ENSMUST00000071977.8	0.24742366055523135	5.83147473531541	2.252961273424753	0.044155849088804947	0.10762988215396206	-4.957633983008766
ENSMUST00000108268.9	0.7803937869557283	5.176211391837695	2.251096867572275	0.04430364789450875	0.10788560143140055	-4.6697302664645814
ENSMUST00000021297.5	0.9925233781217653	4.783455360827956	2.250371777465167	0.04436125585406375	0.10796021212106083	-4.067750202920611
ENSMUST00000041364.12	0.1247865227299858	5.28883011325532	2.249795978988388	0.044407053515520684	0.10798061200414914	-4.794931971915794
ENSMUST00000042052.8	0.22336634647232856	6.153339692335299	2.248652532990798	0.04449813409744664	0.10814981287162032	-5.008668051694187
ENSMUST00000042844.6	0.14282140633387286	7.704649434163145	2.245645981528586	0.044738469137105545	0.10860060556056722	-5.0768364847970116
ENSMUST00000109832.2	0.09080287416880495	6.142974060582368	2.245522439002383	0.04474837116419317	0.10860060556056722	-5.01245829507175
ENSMUST00000037099.8	0.1079584591760483	9.663858062741665	2.243378435164573	0.044920547421598754	0.10895206878213902	-5.1809645770100285
ENSMUST00000047503.15	0.2564092326202836	5.277182654655086	2.242911130741812	0.04495815837641038	0.10895206878213902	-4.795190441962507
ENSMUST00000030784.13	0.19757795304111614	5.56803528873454	2.241030446676436	0.04510982839396623	0.10916187910055031	-4.94509407672078
ENSMUST00000108277.2	1.3297247594766528	5.104642592602632	2.240071874769002	0.045187320839476436	0.10929683228048363	-4.5944828225755385
ENSMUST00000166658.7	0.1517432785835684	8.292822354130406	2.237093198122619	0.0454289310386808	0.10977567341767681	-5.120705714915733
ENSMUST00000112095.7	0.11902337562760135	5.466110135110888	2.2289448017939457	0.04609616966943259	0.1111211449961262	-4.940479952576261
ENSMUST00000200169.5	0.16098937932404844	5.222605939856109	2.2277382795363763	0.046195755438032796	0.11130787624939797	-4.765704460118265
ENSMUST00000105235.9	0.3613410474355856	5.308759149769121	2.2188752912018526	0.04693359569462386	0.11290976804043124	-4.86586461472655
ENSMUST00000091087.12	0.1697111778696927	5.171724678936425	2.2186755218395335	0.04695035474867465	0.11290976804043124	-4.71845239495053
ENSMUST00000109521.3	0.1404837443396474	6.073360932827734	2.2183962687436094	0.04697379138007941	0.11291215691981822	-5.047918536205685
ENSMUST00000026093.8	0.10192887237401838	5.883170057037438	2.216858528669033	0.04710304714585575	0.11316878232607465	-5.024580867745273
ENSMUST00000137400.7	0.5899717898596499	6.536660172450991	2.21444223976152	0.047306832500231794	0.11354994003276057	-5.099480585986457
ENSMUST00000192045.1	0.2555977124555726	5.174811046121188	2.2078381605055526	0.047868087077224675	0.11462367733722863	-4.740535153914002
ENSMUST00000031447.11	0.15943073546190512	8.032301698191846	2.2053097164371267	0.04808463771166952	0.11503272103062737	-5.16213522131806
ENSMUST00000019276.11	0.11020751143379393	7.022594838320844	2.2050395883321365	0.04810782792358685	0.11503349918420411	-5.127372979552749
ENSMUST00000110325.7	0.42622122067185586	5.914816200916919	2.202597788849541	0.04831793574560895	0.11542617983673249	-5.052323889174622
ENSMUST00000160180.7	0.16131309482789735	6.717864686466735	2.201021213848803	0.04845405624557644	0.11569642001494784	-5.124606076569911
ENSMUST00000076694.12	0.13808691227186554	7.888295505695848	2.1990770160411994	0.04862241779127452	0.11604335099995357	-5.1653641895853415
ENSMUST00000029796.10	0.3565678164231958	5.3961829143500415	2.196726255578537	0.048826727145847286	0.11647570615019331	-4.963204715111611
ENSMUST00000069536.11	0.1706732367086552	5.972086692891573	2.195899485360657	0.0488987766540346	0.11659229637272421	-5.071004817590122
ENSMUST00000038522.9	0.23769176402726977	5.421728758600132	2.1925606861109013	0.04919076513904944	0.11712197795293788	-4.984647331762462
ENSMUST00000025729.11	0.13199648908823658	6.1322871308683435	2.1880863343158095	0.04958465217814328	0.1178367430837217	-5.1076864280951835
ENSMUST00000043074.11	0.20471867696755197	9.69447384755157	2.1838617974358927	0.04995928743966195	0.11861499533220353	-5.282674582920281
ENSMUST00000101472.3	0.23821992883747534	6.832190976462859	2.182295413826039	0.050098875355253814	0.11889030278881223	-5.159379904703336
ENSMUST00000017629.11	0.16560547586647711	5.9932540968386325	2.181134046502001	0.050202608569357925	0.11908030349478535	-5.0987648369886625
ENSMUST00000049385.13	0.17308016883704624	9.541931571313809	2.1797024108367977	0.050330761867595705	0.11922433909141332	-5.283024174931276
ENSMUST00000054979.9	0.36916655714014723	5.4482265165641	2.179244982579425	0.05037177391151428	0.11922433909141332	-5.017781877276349
ENSMUST00000029780.11	0.48979545644849765	5.462460612714741	2.179132968355152	0.050381821687208256	0.11922433909141332	-5.02293321789714
ENSMUST00000117164.7	0.5414607745361577	7.719508644069394	2.170306808773428	0.051179523765651734	0.12099820679745953	-5.204477377355657
ENSMUST00000169695.1	0.11844873961979818	5.691366769069445	2.166965758784101	0.051484589760537	0.12154808591518612	-5.08628829651061
ENSMUST00000044207.4	0.11274073316242816	5.482467290159342	2.163843624571728	0.05177121951807259	0.1221101759941037	-5.054738921296478
ENSMUST00000169826.2	0.17022652884362088	8.46454789600808	2.1631975071497225	0.05183072478183839	0.12219324103909508	-5.254102548057851
ENSMUST00000036991.4	0.08731477707085311	7.804444598318782	2.159508878984424	0.05217167428802903	0.12293943482111196	-5.227094797214216
ENSMUST00000220816.1	0.5634951183843171	6.347182583821077	2.15849096220314	0.05226613524917233	0.12310436631019941	-5.184245925272554
ENSMUST00000052529.3	0.14812216491848407	5.531630879723698	2.1573593183655144	0.05237133944779559	0.12329443554602695	-5.079073242757602
ENSMUST00000021381.5	0.14973595444485088	6.608010106081676	2.154368037549631	0.052650389811061835	0.12383548907875273	-5.201081586916356
ENSMUST00000103092.7	1.847489447914274	4.578248302932538	2.1503257597961007	0.053029715613195146	0.12449486665888229	-3.9657530191308905
ENSMUST00000004375.15	0.13674922769343212	6.748005936463151	2.1435786165821447	0.0536686138651374	0.12581863763071122	-5.221406451083283
ENSMUST00000109552.2	0.1515257485015491	5.451830161622825	2.1392659020177485	0.05408078674447656	0.12654904098207514	-5.085595072125916
ENSMUST00000062000.5	0.19670033307648893	5.566025578099135	2.138310153521909	0.05417253208250239	0.12670479261137588	-5.116852351201964
ENSMUST00000228218.1	0.14094943935815252	5.689616389817787	2.1366630769656254	0.05433098443781677	0.127016348841383	-5.13647057632896
ENSMUST00000039413.14	0.22247689950358396	5.399700844047349	2.135396890518483	0.05445309108893801	0.12718361247374518	-5.067455794888329
ENSMUST00000065408.15	0.3293167327304669	5.6302112518261795	2.1345605454190166	0.054533887047703664	0.12731321843944182	-5.132247562578382
ENSMUST00000078676.5	0.14251619347469457	9.064789016185287	2.1330448582624033	0.05468059935701787	0.12754134254296373	-5.3368487940775236
ENSMUST00000114449.6	0.0874118181939405	6.540477355555488	2.132634286909985	0.054720404921897316	0.12757106448659195	-5.236366559034437
ENSMUST00000029303.12	0.12518483792261836	5.5398012694483505	2.1322020187654727	0.05476234351548347	0.12757874123090612	-5.12249750788958
ENSMUST00000171436.7	0.32870782566716894	5.768179222754304	2.1318164861956403	0.0547997733651338	0.12757874123090612	-5.153916764066073
ENSMUST00000032597.11	0.14492578560771996	9.193101983264105	2.1297286910496136	0.05500288803387439	0.12787408950943718	-5.348900819124866
ENSMUST00000215295.1	0.17957792903825087	5.9472960998075015	2.12936525948235	0.055038317437356245	0.12788816659025504	-5.1785516994860235
ENSMUST00000045054.10	0.08652036399077367	5.970850632357616	2.1274556911184286	0.055224826425870094	0.1280690732991116	-5.184952629244766
ENSMUST00000023231.5	0.20503456419226396	5.043504385371984	2.1267857091708557	0.05529040493056458	0.1280690732991116	-4.690514440432757
ENSMUST00000123339.1	0.4089184746239303	6.6750521154128775	2.1262861125533954	0.05533935364418533	0.12812346441964859	-5.248486118699045
ENSMUST00000001079.14	0.1371385324399803	5.3362148451196765	2.1222367183655195	0.05573760643099277	0.12880840512371367	-5.048766334456632
ENSMUST00000022960.3	0.36800575682121384	7.687134780817054	2.1172307504694543	0.05623366387561617	0.12965699493960817	-5.291140556083853
ENSMUST00000021148.12	0.6236863791384994	5.057198752291527	2.114136729566504	0.05654233292972417	0.13024930264168602	-4.731784080124115
ENSMUST00000037998.5	0.1999754041268078	5.399734563170673	2.1125761774714085	0.05669862193175449	0.1305495500863418	-5.105176065592564
ENSMUST00000057844.9	0.12444314965150038	7.120344461283649	2.1084281367898035	0.05711602327467846	0.13133030763021358	-5.290299872908424
ENSMUST00000064889.12	0.175983919157078	6.681799650348881	2.1068675984851515	0.057273800171140296	0.1316329322343567	-5.280706891205412
ENSMUST00000030947.3	0.14228862434157108	8.423369911203148	2.105948343152912	0.057366932186898464	0.1317867743526421	-5.346942932132155
ENSMUST00000119398.9	0.6634568243126582	5.63835824251181	2.1020679910161304	0.05776162946305741	0.13257242601671615	-5.187010849857332
ENSMUST00000074144.10	0.25873087678354967	5.933238364318969	2.1013418383682794	0.05783577403968866	0.13268206985575634	-5.223045934620339
ENSMUST00000096255.5	0.24462670922534713	5.771244717774738	2.0952302288496454	0.058463355137238514	0.13406068354395942	-5.214642313530911
ENSMUST00000206832.1	0.12934099875594196	6.817585363639411	2.094646641342052	0.058523614808882574	0.13413772487630443	-5.304447634773998
ENSMUST00000004200.8	0.12593584600903274	7.3001251501877285	2.091087151654887	0.0588924211145496	0.13467029006345713	-5.3218916748949905
ENSMUST00000068387.10	0.16957313430651944	5.063758143662797	2.09070535776336	0.05893210874461897	0.13467029006345713	-4.779783321921627
ENSMUST00000153735.7	0.37146064609022655	5.2918298025916135	2.090597289926591	0.05894334699259244	0.13467029006345713	-5.062772317740496
ENSMUST00000027247.10	0.1397761984461834	6.400831806200226	2.0898072801797754	0.059025563156780425	0.13473838370879018	-5.302074456328528
ENSMUST00000079324.13	0.5421147270104516	5.448880772306303	2.0896153099328925	0.05904555769336085	0.13473838370879018	-5.166450208748278
ENSMUST00000129339.7	0.10265994143065793	7.779635559831664	2.089044852576063	0.05910501078189556	0.13474744155791968	-5.342480639892647
ENSMUST00000001712.7	0.20707797472066147	5.267491394713598	2.088730316548818	0.0591378157344239	0.13474744155791968	-5.042068941149583
ENSMUST00000066610.7	0.33690315223876777	5.232083238191698	2.0865956879483547	0.05936090097431775	0.13506912165594695	-5.009761229209165
ENSMUST00000018718.7	0.3317377019730383	5.55703401692959	2.0863997796550997	0.05938141437368891	0.13506912165594695	-5.200989528800306
ENSMUST00000105389.7	2.080004369884215	3.906421443438157	2.0861961180469155	0.05940274665874607	0.13506912165594695	-3.8658986449182215
ENSMUST00000216130.1	1.9949520426798357	4.831010708031174	2.083253946809891	0.05971172302441848	0.13556393435733274	-4.41022234031761
ENSMUST00000079949.12	0.8942567399436152	6.073690158012764	2.0825123073392207	0.059789844613725614	0.1356800668703895	-5.274048791412021
ENSMUST00000041769.7	0.1353119364279225	6.4379712400593645	2.0816249691690825	0.05988343936608409	0.13573886357487389	-5.317574543994471
ENSMUST00000174281.8	0.1397363846121591	5.809929257988756	2.081499393657336	0.05989669591258597	0.13573886357487389	-5.241362003498657
ENSMUST00000028368.13	0.18086209314627588	5.199512264770785	2.080690297911406	0.05998217511103198	0.1358331367392477	-4.982035103387653
ENSMUST00000072249.12	0.13064422999552416	6.019955206366386	2.0805945923648563	0.059992293745698345	0.1358331367392477	-5.269255457745797
ENSMUST00000030698.4	0.12430051981680634	6.719460305911028	2.0787455320649197	0.06018810289906009	0.13615393241239718	-5.327781138474268
ENSMUST00000113852.4	0.2701173777174999	5.117745085796244	2.077048906275935	0.06036829604388135	0.13637759200573285	-4.882004275395023
ENSMUST00000040821.4	0.34942287294084906	7.372558528858793	2.0742291536523334	0.06066889036784415	0.13693368660413813	-5.351120893922005
ENSMUST00000030942.12	0.14014054678308785	7.044562708323849	2.0723041960228863	0.06087490069779076	0.1372754932364793	-5.3483161191363
ENSMUST00000210642.1	0.21518338974434936	6.077860836407669	2.0669602516683323	0.06145024888700039	0.13832492266241564	-5.300140600908781
ENSMUST00000023610.14	0.30767392503860336	7.023431586930633	2.065019084640346	0.06166049805646189	0.13873612062703924	-5.359793584830587
ENSMUST00000005185.7	0.14277824653549676	7.85752528359321	2.062926831136079	0.06188786445598221	0.13918544750918485	-5.389557665328716
ENSMUST00000184970.7	0.2662513089906957	5.8781800086774165	2.06255444472191	0.06192841396252841	0.139214410476086	-5.280055224245589
ENSMUST00000162681.1	0.1310100974341495	6.769223848223762	2.0611551716493834	0.0620810041747605	0.13949510138598484	-5.357827555586604
ENSMUST00000086580.11	0.18396630443903295	6.460809260536698	2.0574126130991224	0.062490856986804386	0.14022814518314577	-5.3583328923440625
ENSMUST00000216867.1	0.48446517308705594	6.656578210576291	2.053771118793616	0.06289206691204476	0.1410655321598293	-5.367471932600098
ENSMUST00000031382.13	2.113195836717634	5.142026478393032	2.0531840996672504	0.06295696776378787	0.14114817505330518	-4.952779854211106
ENSMUST00000028241.6	0.12636860299052444	7.732324076472333	2.0516959072047585	0.06312178266325864	0.14145464970104865	-5.401085565154705
ENSMUST00000166495.7	0.21838928645914102	5.266183195455932	2.0512148018734444	0.06317515039131211	0.14151121176255174	-5.101931122708951
ENSMUST00000081170.8	0.08579483787670394	7.185891432897424	2.050438595412285	0.06326134169590486	0.1416412149853571	-5.386422337833581
ENSMUST00000170122.3	0.18526946490248974	10.446602514055508	2.0494759783545584	0.06336838480946182	0.14181776867277687	-5.530110909720716
ENSMUST00000167377.2	0.16033808457389132	7.724661204777911	2.048560416620066	0.06347035218487473	0.1419197074853799	-5.405792874664918
ENSMUST00000105861.7	0.14575739183068315	5.711003885834459	2.0418300451594504	0.06422463485377204	0.14347025069563543	-5.294860200668785
ENSMUST00000195943.1	0.24017529575994434	7.808875619625987	2.041610773489941	0.06424934899965545	0.14347025069563543	-5.4216719594947715
ENSMUST00000038422.7	0.3054995473497808	5.994187425387891	2.0400943072142055	0.06442051302573105	0.14378864287154078	-5.331593740549137
ENSMUST00000004206.9	0.09422549320348494	7.401699382281524	2.0366540292567947	0.0648103954753572	0.14440261277082467	-5.413099543093541
ENSMUST00000007042.5	0.2478484505430023	7.75092214790059	2.0360094176194683	0.06488369269479151	0.14450192914895796	-5.427616644256659
ENSMUST00000102598.3	0.07013162588518362	6.336401783572524	2.0350011085481183	0.06499849998356343	0.1446355207972123	-5.3864269460019045
ENSMUST00000106644.8	0.13337599806992984	6.04397746757108	2.031270828580649	0.06542488134724145	0.14551396023783011	-5.353207108419628
ENSMUST00000052449.5	0.11149788900856716	5.4206132288459905	2.0253624169667357	0.06610556245865229	0.14683314999094027	-5.259421893310016
ENSMUST00000084117.12	0.7500528665831432	5.7187619527466165	2.024136738384247	0.0662475903070039	0.14701880319123803	-5.324517512559001
ENSMUST00000033540.5	0.11639483411743878	6.570885449720322	2.020827312194215	0.06663249589596955	0.14778301682428904	-5.420055862156754
ENSMUST00000037666.5	0.15961709080481867	5.379547172676693	2.020671244858419	0.06665069870290437	0.14778301682428904	-5.242842285674836
ENSMUST00000043498.7	0.2664232741683019	5.87747476230506	2.0194573470014676	0.06679243881790528	0.1480320527281416	-5.34998419510357
ENSMUST00000096272.10	1.0093040026737006	4.9595880561530725	2.018190678380085	0.06694063951169103	0.14822991082012218	-4.729850293734771
ENSMUST00000028892.10	0.07938098996534215	7.398650637939738	2.0171178725849335	0.06706639727409217	0.14844304649624185	-5.444697605795787
ENSMUST00000127906.7	0.2540308685745982	5.871991648815871	2.0162848588109434	0.06716419729915846	0.1484906467923751	-5.354467742316228
ENSMUST00000115123.7	0.7633606424809889	5.5791540908918416	2.016180588953113	0.06717644843956384	0.1484906467923751	-5.318762392074791
ENSMUST00000100750.9	0.12863107771668414	5.15336017035364	2.0147851115805278	0.06734060949542009	0.14868412542786896	-5.029397102438974
ENSMUST00000045909.7	0.17632208589888076	5.295302060051961	2.013595720513273	0.06748082124733787	0.1488377173438843	-5.19113741840764
ENSMUST00000032963.9	0.18809652009189737	5.975974137176137	2.013590967655756	0.06748138208336317	0.1488377173438843	-5.371909244535968
ENSMUST00000037947.14	0.11990707313448912	8.019802654210771	2.013322593156255	0.06751305723759173	0.1488423273279246	-5.478559658122872
ENSMUST00000020271.12	0.7239920371052513	5.410957204922494	2.012682567625177	0.06758865263117007	0.14894371939878082	-5.274597325366223
ENSMUST00000076070.8	0.17476948915379253	5.720779278675564	2.008331970044599	0.06810460310217482	0.14981821521951968	-5.350289392523963
ENSMUST00000021567.5	0.1876309555689346	5.0880867781530545	2.0070792574381	0.06825384301745645	0.15008089345315706	-4.951401386953722
ENSMUST00000000349.10	0.15975749412741447	5.6443185787451196	2.0027150522412858	0.06877614058907139	0.15116328672067197	-5.349545541504245
ENSMUST00000014743.9	0.24355105534419774	5.435892482185882	1.9990371522936632	0.06921918069298667	0.15185394219956225	-5.308724357892321
ENSMUST00000143829.4	0.1344684272975405	6.046633163848927	1.9987771179368778	0.06925060446388151	0.15185394219956225	-5.4060794446681335
ENSMUST00000040715.7	0.12352040002772746	9.146692590107039	1.9984421689435088	0.06929110077313863	0.15185394219956225	-5.561345006837895
ENSMUST00000040445.8	0.12282589404231281	5.5517172399553525	1.9983548626578738	0.06930165996624824	0.15185394219956225	-5.343075519778518
ENSMUST00000169627.7	0.432157831552642	6.416307721489275	1.9964893502825705	0.06952763994789175	0.15228278475308812	-5.454767454969343
ENSMUST00000022197.14	0.11163003919273251	5.588308732183208	1.9917116018567407	0.07010951528817456	0.15329029613855116	-5.359445797215533
ENSMUST00000114036.8	0.2784578787297223	6.868784579704453	1.9879686851052298	0.07056850964622277	0.1538546080988251	-5.4797720386156525
ENSMUST00000028583.7	0.14378923618534145	6.202848654035663	1.9878616138652736	0.07058168067821274	0.1538546080988251	-5.44648668875236
ENSMUST00000069620.9	0.40796577272200096	5.179730672263417	1.9865355247145955	0.07074499424626662	0.1541438137951353	-5.108626789605894
ENSMUST00000024954.9	0.18017115039819487	7.221426072490445	1.9844834014425317	0.0709984121071348	0.1545330148493754	-5.493676815750256
ENSMUST00000084852.12	0.11566053246817365	5.80517215175684	1.9814847516115393	0.07137022905427215	0.15517010474159168	-5.402932509010052
ENSMUST00000046049.13	0.18343676991903202	6.24264631567352	1.9801794178631245	0.07153264611696723	0.15532185697646186	-5.4642086812234965
ENSMUST00000030684.7	0.10476886404582153	5.744885343303513	1.9774091947977794	0.07187846704946994	0.15593814908403764	-5.4028327448052895
ENSMUST00000033899.13	0.1771111457921073	9.618359133531644	1.9744159203815672	0.07225387093481546	0.15655005369210015	-5.6233319641317525
ENSMUST00000114112.3	0.22826880734869093	5.608972712345266	1.9725244833058415	0.0724920211993358	0.15693087721766713	-5.393093862091468
ENSMUST00000072755.11	1.099749386456593	5.713104950658268	1.9711376314681612	0.0726671002981428	0.15724222864514256	-5.4089931984761055
ENSMUST00000036156.5	0.10390366646864457	5.27710565375816	1.9708791826269436	0.07269977061057249	0.15724529060266132	-5.241781171430686
ENSMUST00000026887.13	0.4743472589466462	6.69262466836764	1.968099190337638	0.07305204680010773	0.1578714980461091	-5.506336774097906
ENSMUST00000042790.4	0.6108105918585593	6.017665512424877	1.9670181950108854	0.07318945432174541	0.15810053443224611	-5.452707916266248
ENSMUST00000037491.9	0.8624451774955082	5.212712997263649	1.9636788092258952	0.07361544029468235	0.15895248073929052	-5.186537420806177
ENSMUST00000109308.2	0.15620641515002376	5.103165878731445	1.9616293330401262	0.07387801295624385	0.15931430912253014	-5.046380700177842
ENSMUST00000102536.10	0.14600946195109898	9.334080787260591	1.9579154262397425	0.07435603209987335	0.16013921125619127	-5.635976880408898
ENSMUST00000093456.11	0.5220207219549691	5.858881614395431	1.9536899808568728	0.07490336255903061	0.16090470411378438	-5.4532538325663396
ENSMUST00000002011.13	0.16724972216085643	5.93923764794143	1.9524253589400666	0.07506789287158473	0.16105184180679863	-5.464882275216841
ENSMUST00000028300.5	1.083037125792961	5.017187764865922	1.950286513990598	0.0753469205131311	0.1615815673919704	-4.933245121918433
ENSMUST00000112231.8	0.12669994973597642	7.955705796706133	1.9477501091472553	0.07567905211936116	0.16221412803132773	-5.5805236810804
ENSMUST00000031419.5	0.13639556394162966	5.288810801903032	1.9456137368348674	0.07595984770750991	0.16254955075137487	-5.293416252362518
ENSMUST00000102494.7	0.14300271722091296	5.426954655756208	1.9442338588214656	0.07614172298003054	0.16286947632335613	-5.3923159244397665
ENSMUST00000043089.7	0.2919284180989168	5.520617920911979	1.9377047907288203	0.07700774139757986	0.1644740858122687	-5.4334655577790585
ENSMUST00000050149.11	0.25894440347267356	7.932647931649725	1.936777867095229	0.07713142156066603	0.16463647936856632	-5.596778098717161
ENSMUST00000079957.11	0.24040304039830396	5.413975938654314	1.9340727511863622	0.0774934135395984	0.16526891204651106	-5.401769812198475
ENSMUST00000047037.14	0.11906864917177007	5.550564921980903	1.932749191269191	0.0776710981106978	0.16557766720123757	-5.447450774753855
ENSMUST00000097547.9	0.6081489023795532	5.681024160908104	1.9318834143968229	0.07778752918028985	0.16561534460687186	-5.467278484318605
ENSMUST00000130832.7	0.20616268838273122	5.275955616418139	1.9258070362790098	0.07860921811712372	0.16715256819410373	-5.311990719922314
ENSMUST00000051301.4	0.17935327504436493	5.934779572880082	1.925376203672954	0.07866778011482554	0.16717027440427296	-5.507172203389589
ENSMUST00000211783.1	0.4242595251338228	5.32389759915812	1.9252569198685576	0.07868400115072915	0.16717027440427296	-5.357536543273494
ENSMUST00000153838.7	0.20076285774383695	5.1161670428468	1.9219818513856788	0.07913057021853426	0.1677648119550973	-5.127200121510324
ENSMUST00000048801.7	0.22759353678757055	8.051520621360371	1.9200403787264753	0.0793963962143799	0.1682574849850654	-5.629078781897772
ENSMUST00000116468.1	0.12092444371191391	5.69807055235425	1.9140048677788883	0.08022802344236338	0.1698052948836896	-5.497641716628249
ENSMUST00000019050.11	0.20616298298596192	5.178941327201427	1.911526879630991	0.08057177246499807	0.1703894860325369	-5.226048068796866
ENSMUST00000060175.7	0.1928098095233608	5.101743878571408	1.910385102115629	0.08073061534434026	0.17058199319503395	-5.1246911936578945
ENSMUST00000015858.11	0.09553522891347566	7.375169308049795	1.9051566070322716	0.08146167370041807	0.17176600183855964	-5.622709476895227
ENSMUST00000034552.7	0.10209150985566229	5.678333748321447	1.9022783870267697	0.08186669734734027	0.1725476976767779	-5.513534800887172
ENSMUST00000026289.9	0.18052441929840768	6.931572687088856	1.900847055707804	0.08206880085551271	0.17290122994308393	-5.620283168346126
ENSMUST00000058162.13	0.13744398920090717	5.41563986750635	1.9000992612804353	0.08217457088286538	0.173051597367809	-5.456147468032334
ENSMUST00000005616.15	0.14067502380889874	5.8156547325873795	1.8974815548422739	0.08254581061541041	0.17355726103112357	-5.537116902398048
ENSMUST00000109785.1	0.3656166939811065	4.9160781396197235	1.8972650534623257	0.08257658322954621	0.17355726103112357	-4.84542630367457
ENSMUST00000021362.4	0.12327280571671828	6.266322862112854	1.8971905442616206	0.08258717608994431	0.17355726103112357	-5.5987315486410365
ENSMUST00000171654.7	0.7571346030219805	6.686388801972172	1.8952393353299337	0.08286501983492028	0.1739562862033522	-5.62149571385833
ENSMUST00000225438.1	1.0373297801658636	4.5094440614836495	1.8930490295534814	0.08317792921360172	0.1743617341140126	-4.27373255009584
ENSMUST00000049470.10	0.1284152310668425	5.462978454250206	1.887061579147446	0.0840388285075	0.17580014395893243	-5.495831917221358
ENSMUST00000154256.2	0.3294774442266455	5.9712826406738815	1.8855701883321612	0.084254530600512	0.1761781144851105	-5.5745844652913705
ENSMUST00000107874.8	0.7980137511724132	5.045450737781246	1.8822250469453714	0.08474018544927514	0.17712001370806119	-5.082426417470735
ENSMUST00000112247.8	0.9416041015210297	4.904876262255286	1.8809967638485718	0.08491915147459955	0.1774203700451455	-4.851358256380901
ENSMUST00000071841.5	0.1645222166250413	6.863209990032234	1.8733689546031222	0.08603830692809193	0.17948509864816942	-5.660841506035546
ENSMUST00000042105.10	0.3073129686730294	5.1433537066202275	1.8718642309329179	0.08626066447229103	0.17984973185250563	-5.241400486138084
ENSMUST00000023151.5	0.5325597415023227	5.788471666496329	1.8694304119069973	0.08662142749383854	0.1803776497191646	-5.577935802697901
ENSMUST00000089017.11	0.128798005501519	5.42811594546734	1.8688949905270194	0.08670097705903364	0.1803939683970216	-5.510994847904611
ENSMUST00000004920.3	0.09891000724899879	5.744454906484053	1.8665360945914693	0.0870522411673782	0.1809003822028417	-5.577543245885157
ENSMUST00000027409.9	0.22359150069717248	6.694423625730437	1.8657827646479808	0.08716469293149319	0.1810592775137664	-5.667615032024006
ENSMUST00000044081.8	0.10624838889385657	5.526416183792841	1.864287277158154	0.08738832124759521	0.18134425725931258	-5.549894529258649
ENSMUST00000021001.9	0.08340657523011252	7.408493948280199	1.8641423375357218	0.08741002263045777	0.18134425725931258	-5.687556435618565
ENSMUST00000046030.7	0.11400207717193833	5.573697925547876	1.8629664876068912	0.08758626084348085	0.18156014763228354	-5.560470754786533
ENSMUST00000008907.13	0.15538034727035654	5.96277256516025	1.8528210174762123	0.08912038054302408	0.18431807681579584	-5.624271956898844
ENSMUST00000002445.8	0.17301886520035215	5.942293178909505	1.8521967154142653	0.08921557697663149	0.18440573860699794	-5.6224618468498075
ENSMUST00000125544.2	1.9886382322734253	5.297163687289886	1.848542635873702	0.08977462583825718	0.185485068826395	-5.453019667039566
ENSMUST00000048155.15	0.18742476613429293	6.635787476004205	1.840968070934971	0.09094364091263028	0.18719060011801472	-5.705210068784664
ENSMUST00000022927.10	0.1277636470032153	6.7088873141272085	1.8401102033865337	0.09107690772341533	0.18732948600020544	-5.707671438272672
ENSMUST00000100802.10	0.14800923522270626	5.451278274798277	1.835983459540663	0.0917204657943475	0.18848940219218277	-5.570841711810626
ENSMUST00000029049.6	0.1499975319099951	5.896586117280715	1.8214615277105493	0.09401808237925388	0.1929057799551494	-5.664183504689939
ENSMUST00000040131.12	0.14393891712754403	5.943601448287099	1.820499683260242	0.09417208920853488	0.1930509308954625	-5.6714106060388865
ENSMUST00000018506.12	0.37456680992089453	4.99246981700319	1.8199829642793066	0.09425491858871393	0.19307674894943805	-5.093302951734124
ENSMUST00000052457.14	0.335559237079476	5.669291325323379	1.8167298264178278	0.09477790944937273	0.19391120880024162	-5.644857245101634
ENSMUST00000059954.13	0.8320835897780938	6.040714064600247	1.8124536148434895	0.09546937090151843	0.19508789805261542	-5.697655083089313
ENSMUST00000132026.1	0.2027558514038441	6.860411513225584	1.8110863581837673	0.09569141684142517	0.19538292131867288	-5.756833128947656
ENSMUST00000132280.7	0.29482226420546365	7.527512132738067	1.8043839894185025	0.09678666980869202	0.1970593831677578	-5.782975423847286
ENSMUST00000049022.14	0.25923028717935725	5.466887354851231	1.7982948043012263	0.09779152867822205	0.19859721318898588	-5.6338231343331575
ENSMUST00000004140.10	0.19070755943863027	9.406103725047238	1.7982408409654134	0.09780047586024307	0.19859721318898588	-5.888820247166156
ENSMUST00000042575.6	0.13019208018707307	5.438462486196224	1.798133318781177	0.0978183053632095	0.19859721318898588	-5.623984356734367
ENSMUST00000035565.4	0.14420956245727812	7.458552919803957	1.7963515324565833	0.09811419158449756	0.19911758687438774	-5.793137255653769
ENSMUST00000108196.7	0.24792685418827531	8.187361844484501	1.794125215455455	0.0984850324059034	0.19962860517087025	-5.830549643910553
ENSMUST00000027339.13	0.15628869287493252	6.409568401913329	1.7934826916018611	0.09859229345568117	0.19968511609320932	-5.772230977424064
ENSMUST00000069929.12	0.20239333188479502	6.3922136195262755	1.7917059086422653	0.09888945327978065	0.20009721063523972	-5.773875860511758
ENSMUST00000022706.6	2.3315677685359395	3.5129005158048883	1.7910417009495283	0.0990007466354736	0.20019001459930374	-4.214532717124429
ENSMUST00000103060.9	0.15014632770732828	6.037630284726167	1.7906785092768978	0.09906165008876719	0.20023268846789383	-5.730358439231419
ENSMUST00000151120.8	0.10221041497064576	9.43244492060469	1.7897351276054747	0.09922000323833888	0.20046164703718175	-5.9030980118347065
ENSMUST00000092163.8	0.2933666852898593	8.52529906859076	1.7895291166891303	0.09925461394744976	0.20046164703718175	-5.855214986143626
ENSMUST00000082430.9	0.66553511197238	7.064774639682787	1.7873554129675993	0.09962046930057396	0.20103914201812575	-5.799036451708242
ENSMUST00000019354.10	0.1714177895675384	7.22934756230954	1.7864352390585416	0.09977570933247179	0.20127168951550342	-5.803152079200477
ENSMUST00000084418.3	0.47769907298136616	6.80511812645674	1.7844718417271774	0.10010767781506172	0.20177737551729155	-5.795349171061874
ENSMUST00000004327.10	0.13046893295545026	5.748556698955986	1.7832178178779186	0.1003202268519112	0.20188442451678612	-5.705738740450535
ENSMUST00000030134.8	0.06079457906350605	6.588027370611549	1.7822068004707632	0.10049188373229329	0.20214900721997903	-5.794512615336738
ENSMUST00000016771.12	0.19453130601331292	8.035361322894527	1.7814924976464077	0.10061332197381985	0.20222073276402347	-5.842686653713221
ENSMUST00000023762.12	0.24312834079013523	6.207989625333868	1.781230793533824	0.1006578472185874	0.20222073276402347	-5.7696783103032105
ENSMUST00000056965.11	0.19769995380177452	5.180874258944042	1.7810949330593029	0.10068096894823494	0.20222073276402347	-5.42873474981783
ENSMUST00000203945.2	0.17342359537113694	5.718915944507493	1.7810517477978869	0.10068831953366703	0.20222073276402347	-5.705450066869288
ENSMUST00000015829.14	0.2110664665734605	5.600987289105687	1.7769079788836046	0.10139588401510774	0.20347933485441047	-5.696100622518336
ENSMUST00000163189.7	0.18726757646216896	6.639150035997441	1.7750762394436916	0.1017100843774306	0.2039471640107028	-5.805844530874118
ENSMUST00000147196.2	0.13246435334837514	5.64943738392413	1.7744806501106565	0.10181243504655375	0.2040710600474948	-5.706444397143293
ENSMUST00000014684.4	0.13700151075927014	7.334424601069751	1.7733257603951325	0.10201116424892577	0.2043065952772076	-5.825019555964483
ENSMUST00000033683.7	0.14055757022619098	10.536506330949306	1.772464601004426	0.1021595763987631	0.20452241498693877	-5.96917444570264
ENSMUST00000034276.12	0.09065923624892136	8.864758785826407	1.7697717484915405	0.10262491602614192	0.2053722961525537	-5.903987783323156
ENSMUST00000043867.10	0.2684799871752723	6.3830664937451544	1.7684959987748043	0.10284603700441847	0.2057329670652999	-5.808415140897943
ENSMUST00000114171.9	2.029190613150826	4.169863159521212	1.7671254577162037	0.10308406480828182	0.20596343528612623	-4.227179487393656
ENSMUST00000090359.10	0.34386725590059086	8.043692513891902	1.7648539177195426	0.10347966317998027	0.206507808591226	-5.8682141869168705
ENSMUST00000144600.7	0.603117074071565	6.3825850287406345	1.7625381853964996	0.10388436094780715	0.20723323549897613	-5.817355913494959
ENSMUST00000107285.7	0.1793650516551688	5.312523108732838	1.7607911564586325	0.10419061186345992	0.20767291869715288	-5.600950364914318
ENSMUST00000116514.3	0.08054450759740117	5.632696698514825	1.7602752152394001	0.10428121027822605	0.20767291869715288	-5.725595593481645
ENSMUST00000226068.1	0.4362393333446182	5.833073055248261	1.7601047234342984	0.10431116389340198	0.20767291869715288	-5.749862933117175
ENSMUST00000019198.6	0.1121225831809447	7.4509114610007385	1.7579521394202136	0.10469001496908362	0.20826234294561474	-5.850992506259828
ENSMUST00000038281.5	0.20520773474943432	5.3576035945059886	1.7480939056966396	0.1064408621251398	0.21149446182921736	-5.653213757534899
ENSMUST00000086519.11	0.1102451518302523	9.975824709814377	1.7460647972108372	0.10680447637673222	0.21213317041110927	-5.991248000559545
ENSMUST00000177974.7	0.1627060483203291	8.248884412824307	1.7449060976901263	0.10701261279897678	0.2124626894205415	-5.907772821582376
ENSMUST00000165541.7	0.5377040106854212	4.8314454003684775	1.7431638227959305	0.10732626005160013	0.2130013468716372	-4.92762043517925
ENSMUST00000149415.1	0.8400414096427111	5.132820145079592	1.7426979911101939	0.10741025915142961	0.21308399597430694	-5.423057266955934
ENSMUST00000026008.7	0.1601211210053295	5.584430177878988	1.7422016915238607	0.1074998169780672	0.21317760315989598	-5.745833171303694
ENSMUST00000173867.7	0.1736691366244747	6.760178733722702	1.7415821102631641	0.10761171490835703	0.21331542068713324	-5.858546547399918
ENSMUST00000084530.8	0.08302937523119525	5.519265700789611	1.7404475309119662	0.10781689299506203	0.21355385380242403	-5.736545807604347
ENSMUST00000113690.7	0.3212351636210373	7.0048248318252515	1.7393095957701177	0.10802302943015278	0.21379770403708154	-5.870087609825367
ENSMUST00000043429.11	0.6271587145857103	4.781942652103144	1.7378996678623853	0.10827892619331933	0.21413179154032608	-4.8520980919844225
ENSMUST00000192607.5	0.1565965653548318	5.778013709709151	1.7368999612921856	0.10846069762124391	0.21437117139205214	-5.7785860202801205
ENSMUST00000124536.1	0.18292208895186413	6.175086349859735	1.7365522423139939	0.10852398547666801	0.21437117139205214	-5.832239145529904
ENSMUST00000007007.13	0.3184142099412153	5.678663414915294	1.7365269980039242	0.10852858144434976	0.21437117139205214	-5.767152613776802
ENSMUST00000085513.5	0.9747783581983516	4.721030085836848	1.7353100999786937	0.10875033583151442	0.21464218892442097	-4.758150396582283
ENSMUST00000030834.6	0.30714830661790593	5.080438941633979	1.7342983998491643	0.10893500542632516	0.21492235776464386	-5.359434756561437
ENSMUST00000022842.15	0.09524531464695585	7.774773685170785	1.7275710193344327	0.11017012343056866	0.21704357268238095	-5.909956929195403
ENSMUST00000022660.13	0.17662849141231352	6.163180158898634	1.7273463101858741	0.11021159404146251	0.21704357268238095	-5.8442646186632485
ENSMUST00000111908.2	0.15275259107657302	5.221504591197714	1.7265728132697733	0.11035445131685312	0.2171424068220411	-5.560508640680258
ENSMUST00000151287.7	0.14576749603940353	7.383720956303268	1.7265299093133972	0.11036238009222006	0.2171424068220411	-5.896246981687421
ENSMUST00000055390.5	0.1616179632845185	7.747344602358586	1.7227149090808205	0.11106943901813768	0.21835356789673005	-5.9156794894227325
ENSMUST00000003123.9	0.09907468142428044	6.352159471081517	1.7225066334294807	0.11110815619471853	0.21835356789673005	-5.874710855171513
ENSMUST00000207634.1	1.17948685459229	4.802675092549837	1.7199029325826485	0.11159318523491218	0.2192172115876137	-4.912502951462525
ENSMUST00000002839.8	0.11704948508008428	5.845920388171436	1.7192209161920575	0.11172054595513423	0.219300065041077	-5.8123056601882315
ENSMUST00000114772.8	0.21379421613793248	8.536981454388625	1.7165222803226803	0.1122257647966072	0.2202058590841384	-5.965455420385352
ENSMUST00000053150.7	0.25193815554676835	5.4104475860933	1.7162328336851354	0.11228007360425589	0.2202113699973457	-5.733215374015959
ENSMUST00000033182.9	0.1796684053795552	7.011912509726649	1.7160408138228394	0.11231611516859254	0.2202113699973457	-5.904862719685671
ENSMUST00000103122.9	0.12074063293788662	9.441240025736315	1.7137459144525713	0.11274765950718203	0.22071341438935127	-6.017605099167209
ENSMUST00000000466.12	0.13482328449351755	5.667766116466619	1.7132764020317222	0.11283613075667694	0.2208006899404285	-5.800247393791694
ENSMUST00000176228.1	0.3686414223223746	7.071197471843609	1.7087106298512547	0.11369969812798596	0.2222312281592453	-5.9169399210214735
ENSMUST00000045905.13	0.0660752047192723	8.836407687420863	1.7083070887310228	0.1137763058793247	0.2222945999529641	-5.994309143708747
ENSMUST00000020023.8	0.09454595522844933	6.637867966365839	1.7035032836380362	0.11469178798733058	0.2239093462802717	-5.9126911284834645
ENSMUST00000029770.7	0.21478211546072412	6.25879909198014	1.7019685483455913	0.11498564686522716	0.22430895284178282	-5.89490143903954
ENSMUST00000014505.4	0.13674527159712024	6.658567855486592	1.6996510049386864	0.11543066007465388	0.22500257684447256	-5.918592939360075
ENSMUST00000033775.8	0.1616742361732486	5.248711614218926	1.6933544726486731	0.11664745187997025	0.22711042198457054	-5.638088417366832
ENSMUST00000124830.2	0.18572258146076148	6.857246438170219	1.692524785891459	0.11680863336769524	0.22716050810702543	-5.9344698278374075
ENSMUST00000162246.8	0.18892598409835681	5.940039640779233	1.6911471656414128	0.11707669734070342	0.22759384247336897	-5.8649677770016755
ENSMUST00000112335.2	0.2363773190784091	7.9176676791628	1.6900208884447407	0.11729625918810958	0.2279325917247506	-5.973278086592934
ENSMUST00000008733.14	0.15776252109187805	5.329494083147773	1.6896000807840696	0.11737838713317943	0.22800411801815665	-5.720256062889582
ENSMUST00000111977.7	0.5248700640190096	8.1775385182446	1.6802564652296061	0.1192151398494223	0.2307609525137518	-6.000054725709763
ENSMUST00000073471.12	0.14191534425540553	10.32459811635138	1.680048516163879	0.11925630620865726	0.2307609525137518	-6.100013119908567
ENSMUST00000034296.14	0.13994597666074693	5.564999349387906	1.679057398700378	0.11945268448584732	0.23096328041825437	-5.836112427300744
ENSMUST00000100811.5	0.7255081393570171	4.872006448198019	1.6784569754529	0.11957179052157145	0.2311047553261721	-5.09173052994086
ENSMUST00000019726.6	0.07482277539210358	6.752873159147426	1.6777732222774462	0.1197075547616635	0.23127830568584065	-5.952658714395202
ENSMUST00000107909.7	0.12076876721321828	5.952718298274784	1.6760854890938581	0.12004325090445128	0.2316336181481008	-5.888687941246149
ENSMUST00000030696.10	0.15400077440491078	5.77960296387565	1.6756576734252868	0.12012847721910462	0.2316336181481008	-5.869068503750225
ENSMUST00000038614.11	0.14183460825169014	5.94918186861257	1.675230649301068	0.12021359923953501	0.2316336181481008	-5.889455176602478
ENSMUST00000060722.6	0.31040585600503157	6.0277481623982805	1.6746598390317475	0.1203274666152725	0.23176396804802296	-5.901601894940442
ENSMUST00000104959.1	0.1706544326969901	5.150250429801102	1.674018524966693	0.12045551217874656	0.23188459615300674	-5.54687750365308
ENSMUST00000217034.1	0.18387287760681748	7.059020543759016	1.6730377539684387	0.12065156727359959	0.23203288797915886	-5.969077715464772
ENSMUST00000117160.1	0.07769573780503158	8.940623874893763	1.672139058203227	0.12083146336918378	0.2322900619833258	-6.053011971324576
ENSMUST00000102528.10	0.13247135313764513	5.499310045720889	1.6702611725720713	0.12120813429801197	0.23274737544019017	-5.834264969001284
ENSMUST00000032891.14	0.14390548915682277	5.575813274953875	1.6697725106251962	0.12130632137980872	0.2328470442051956	-5.851337128934615
ENSMUST00000043843.11	0.1285992601336421	6.331623932855603	1.6688019735170068	0.12150154038972297	0.23295512564813117	-5.951586435303373
ENSMUST00000025444.6	0.11795943506003059	6.2093484043596385	1.6672592876024739	0.12181241594309414	0.23310698539737795	-5.939085014037493
ENSMUST00000030471.8	0.10831104286675863	5.290571900165236	1.6656830918694399	0.12213076994130216	0.2336018464486196	-5.7202320670384985
ENSMUST00000110109.7	0.22936681338998444	7.101302879274579	1.6615287355873711	0.12297337459606505	0.23470373580910595	-5.98663243278663
ENSMUST00000174462.7	0.09053470517430995	5.245668561244633	1.6581196603398314	0.12366864710791954	0.23562089512499187	-5.686143860385526
ENSMUST00000069168.12	0.1592825093202066	4.995845672427698	1.6571964738385154	0.1238575244806112	0.23585435490611467	-5.338413088279458
ENSMUST00000021063.12	0.08287791022119961	6.559332766878234	1.6511559981213544	0.12509965197981573	0.23769852756954557	-5.98826277433395
ENSMUST00000016678.13	0.34625820946466845	6.244013699507516	1.65066027771322	0.1252020747323148	0.23769852756954557	-5.967890702379063
ENSMUST00000108346.4	0.1971550352965501	5.334916000870666	1.6506511802256874	0.1252039550902993	0.23769852756954557	-5.780767065090115
ENSMUST00000003183.11	0.233346351371301	5.635045058623468	1.6501662060649531	0.12530423032792384	0.23779916362873815	-5.888164318635179
ENSMUST00000026743.13	0.103276652407442	7.0620883091034665	1.6490271541199206	0.12554002360062597	0.23806704060865028	-6.004010703138192
ENSMUST00000200298.1	0.20712137723693935	6.455504293816771	1.6481616356153763	0.1257194543636507	0.23827214325263496	-5.990222410702848
ENSMUST00000017946.5	0.6803306624959546	5.037404066270655	1.648048611488638	0.12574290207428857	0.23827214325263496	-5.41814766236489
ENSMUST00000003319.5	0.10223592036642515	5.110768796653971	1.6472519927019453	0.12590827591626344	0.23840592251965428	-5.532029899117393
ENSMUST00000034339.9	0.2083320794144159	5.497373323709474	1.6456861738797417	0.126233889780544	0.2389325430722035	-5.869292536957897
ENSMUST00000138950.7	0.6127631405484095	5.181078539126965	1.638945005353754	0.12764420091351786	0.24135642404627242	-5.6377793231571225
ENSMUST00000107417.8	0.7334686398647108	6.374950227720693	1.6332441691641166	0.1288476566070581	0.243330540686978	-6.0070708637797825
ENSMUST00000031250.13	0.07396284976669598	6.456141357502536	1.6324369420068041	0.12901886657404338	0.24356244567880384	-6.012909123932287
ENSMUST00000037915.8	0.18550711268185172	5.781007172365576	1.6317152409469406	0.12917210585868186	0.2437602642817061	-5.932794409758964
ENSMUST00000035721.13	0.1410228763962671	5.23788319504761	1.6303205194898502	0.12946870084528428	0.24404534805268835	-5.718005201733477
ENSMUST00000084949.2	0.11872234358713296	6.54756346723863	1.6267509930594142	0.13023050349213672	0.2453893869172059	-6.0232402329549215
ENSMUST00000021607.8	0.09010352587767567	7.6890906087685735	1.6249473074539418	0.1306169364371301	0.2459333110835335	-6.055332143064218
ENSMUST00000081840.5	0.1401108888057223	10.299212922169168	1.62379797534449	0.13086370070327688	0.24630575317552786	-6.18074123258997
ENSMUST00000097836.9	2.023874234155115	5.352995208685671	1.6232550755058588	0.13098040460478225	0.24643321449762884	-5.832534424192248
ENSMUST00000033941.6	0.10855680725222783	7.057166836962095	1.6216687157961907	0.131321937636583	0.24689113163290324	-6.043262503734033
ENSMUST00000021903.2	0.3240674955618763	6.384984815059291	1.621285718850079	0.1314045112704366	0.24695408898078688	-6.024898987178516
ENSMUST00000129174.7	0.20198060791725236	5.982433363642919	1.6208022199853651	0.1315088179482366	0.24701273076801644	-5.972720403173046
ENSMUST00000106609.7	0.8367008794013344	5.491732056803573	1.620685955301159	0.131533910897936	0.24701273076801644	-5.903465705306258
ENSMUST00000001675.13	0.12869121589222576	7.255030706913471	1.6202487084976624	0.13162831771141995	0.2470973326440969	-6.048637670190804
ENSMUST00000200379.4	0.6464467992010681	5.779359688876401	1.617708164555487	0.13217802670321963	0.24785227444796792	-5.952654681308314
ENSMUST00000020687.14	0.5941597542891719	4.945107161885547	1.6154981640796917	0.13265784831737532	0.24837951646945947	-5.3088212862053386
ENSMUST00000022060.6	0.08954898755570984	6.0324971665571745	1.6147200606898002	0.1328271478257874	0.24851371540034822	-5.988757247942095
ENSMUST00000006496.14	0.08934040591839398	9.987544146852896	1.6135217195081593	0.13308825237380076	0.24890966456973668	-6.185664375240729
ENSMUST00000066091.13	0.10191012317079995	5.200823322062198	1.6129687535616	0.13320888854131674	0.24904270466420086	-5.700328977511076
ENSMUST00000080987.6	0.09389840236829183	5.6582427405270055	1.6113654765886203	0.13355920358720152	0.24940474073907568	-5.946869735502402
ENSMUST00000020552.6	0.12257323913709328	5.97988413389233	1.6112816862920651	0.13357753385099733	0.24940474073907568	-5.985936381210041
ENSMUST00000038696.11	0.4014849700829748	6.412131495913605	1.6103003732286192	0.13379237320640822	0.24940474073907568	-6.042240217836622
ENSMUST00000134310.7	0.31106443308375553	5.517077790781939	1.6102695580482829	0.13379912447918213	0.24940474073907568	-5.9256525209652775
ENSMUST00000030992.12	1.2286428945466779	4.491929089547163	1.6083157053698163	0.13422780108119506	0.25001853655664286	-4.636428213238664
ENSMUST00000110005.7	0.8952280237582961	6.044170639110292	1.6079687496447834	0.13430404879228752	0.250067975378978	-6.00010228280211
ENSMUST00000080300.8	0.2725724399009728	8.378647322421138	1.6070357422683477	0.13450927622270298	0.25035744309153485	-6.115855081700906
ENSMUST00000140596.1	0.3725285821966642	5.488007840902867	1.6064938844513525	0.13462859083273282	0.25048684928974807	-5.922540411607728
ENSMUST00000074077.11	0.19086068008997437	6.939897404126131	1.604055369156679	0.1351666858349379	0.25120930788163004	-6.065233812624252
ENSMUST00000071874.7	0.20433140021254026	7.065294016740232	1.59981758123363	0.13610628622373624	0.25267012143254797	-6.074553218640709
ENSMUST00000087050.6	0.14606051668739006	5.158505478052404	1.599190331475333	0.1362458429603575	0.25267012143254797	-5.664696592960813
ENSMUST00000167759.7	0.16309002511738768	6.06985259169791	1.5989502693101296	0.13629928739434444	0.25267012143254797	-6.01675171703902
ENSMUST00000116304.2	0.5233989361983085	5.089853824544739	1.5989279575713329	0.13630425552930533	0.25267012143254797	-5.569004551780609
ENSMUST00000111432.9	0.07739668444793057	6.657357115945067	1.5968820047893808	0.13676049796405013	0.25342249180741666	-6.0670848872037
ENSMUST00000011877.12	0.42062846676491716	7.982150649116585	1.596056935533511	0.13694486290211202	0.2535773298713749	-6.11212892725381
ENSMUST00000192628.1	0.1434354945248817	6.091559657138356	1.594529610909704	0.13728672148627663	0.25411681228751204	-6.026286438165038
ENSMUST00000002064.14	0.1494897137576059	5.3785729899732635	1.5942770516987312	0.13734332302682103	0.2541280831732021	-5.890151968818317
ENSMUST00000162819.7	0.9037490376772332	5.228207801480023	1.5938802191735433	0.13743229903297202	0.2541992266304714	-5.759504987846409
ENSMUST00000099353.4	0.08959197005559183	8.177975374957006	1.5920223079741098	0.1378495400539713	0.2548772642453251	-6.127063949728024
ENSMUST00000027974.6	0.12195583273898514	5.2999664745033686	1.5882898149048916	0.13869110259156903	0.2562449273368284	-5.839895491156801
ENSMUST00000080030.13	0.584941725173179	5.960349765546523	1.5855270243395365	0.13931690468566876	0.2572122376049907	-6.019640439652928
ENSMUST00000110485.2	0.3549025151156462	6.1587000930042315	1.5851274836051508	0.13940760808840813	0.2572852811052022	-6.049648570206093
ENSMUST00000021158.3	0.0750291591616552	7.653321371469521	1.5830010196741189	0.13989122105752105	0.2579547866206108	-6.113180632517272
ENSMUST00000051504.7	0.22356972314954415	6.770714685883054	1.5828562758039244	0.13992419254375807	0.2579547866206108	-6.089357148701519
ENSMUST00000088615.10	0.12211795916059565	5.254457826937447	1.582186410659206	0.14007687045153763	0.25814166126069077	-5.8032868957929775
ENSMUST00000018625.9	0.08726310124749759	5.292599349670548	1.5791886103837638	0.14076191513416755	0.25911935420417015	-5.845521334626778
ENSMUST00000152704.7	0.11266962658847923	8.350886609809713	1.5700666728776793	0.1428643562246494	0.26231772852781426	-6.166596717955148
ENSMUST00000097527.9	0.19586150924502466	6.429325368286325	1.5649203592213299	0.14406246835403697	0.26422831873465547	-6.10722272739815
ENSMUST00000022380.8	0.08634491349630746	6.989495084600789	1.5614376155282141	0.14487821717882768	0.26562766422255174	-6.126883383409741
ENSMUST00000220110.1	1.140050577734348	5.161311393522783	1.5594729910874552	0.14534014559489594	0.2663775127460552	-5.7238584082424
ENSMUST00000064740.8	0.0750890222591627	6.920967158159016	1.5584108286340665	0.1455904150109588	0.2667060028274594	-6.128840545384993
ENSMUST00000093365.11	0.6128997167265817	6.816757031832431	1.5582205449902597	0.14563528949934462	0.2667060028274594	-6.125366356003228
ENSMUST00000029842.8	0.12335391442741006	5.33213041136289	1.5580377339831444	0.14567841299341253	0.2667060028274594	-5.909979745737889
ENSMUST00000104893.8	1.4495550607932204	4.4495197254800685	1.5567375561378467	0.14598543227969152	0.26708007834102915	-4.658772092421203
ENSMUST00000032480.13	0.43183308413879207	5.035515662262597	1.55672283434167	0.14598891183419402	0.26708007834102915	-5.543268108880928
ENSMUST00000052678.8	0.11374487687021428	6.56733391485177	1.5547280413440563	0.1464610529801353	0.2677491124793098	-6.125284971673297
ENSMUST00000036928.11	0.12202455460684902	6.521989474792934	1.5544047293207033	0.14653770089839407	0.267791926342107	-6.125079978645742
ENSMUST00000035242.8	0.15211335976517937	5.19495759923189	1.5518804896151153	0.1471373183964733	0.2686933593167661	-5.7783257578635325
ENSMUST00000035648.4	0.10398796515594988	5.808624807508735	1.551878521627208	0.14713778670596114	0.2686933593167661	-6.0485402715158365
ENSMUST00000168747.2	0.10025370142482704	5.609037230652928	1.5510583243759544	0.14733307597805828	0.2689523603939083	-6.024934780268151
ENSMUST00000034944.8	0.16953438629537487	5.981097860247824	1.5486990655440334	0.1478960655480284	0.2695888064391779	-6.074090716431963
ENSMUST00000030254.14	0.07169291998997451	7.533755539253281	1.5473543736690933	0.14821777980226025	0.2697002798232738	-6.158264377524581
ENSMUST00000125659.7	0.17138067148083547	5.489090682821561	1.5464832637822723	0.14842651310139038	0.269878761323097	-6.007036377331839
ENSMUST00000022327.12	0.21536501375568928	6.435889296547276	1.5456595944429887	0.14862411218508562	0.27013291488553676	-6.134397267958959
ENSMUST00000094646.5	0.13441243615069087	5.525362961047737	1.5408754891629877	0.14977631831097216	0.27173626304453696	-6.025091404775392
ENSMUST00000124586.1	0.09361114548503657	6.025111399366431	1.5405624724165492	0.1498519732112935	0.27177551450108783	-6.091823697727211
ENSMUST00000049344.14	0.1310813198086187	6.9052327274745915	1.5388408706335492	0.15026866673338848	0.2722368247517744	-6.155474642533026
ENSMUST00000044106.5	0.08014154529640294	7.759311146244475	1.537651474304462	0.15055712919002856	0.2725631223299869	-6.181917792132164
ENSMUST00000024956.14	0.08522472178005547	7.382885732456117	1.5365496804608876	0.15082477118374116	0.27285128508644435	-6.168968946296015
ENSMUST00000098763.6	0.13731825816261445	6.0642761557831895	1.5362411038316368	0.1508998024429093	0.27288889507199016	-6.103634186417852
ENSMUST00000034046.12	0.3103286084707868	5.265905266505675	1.5328325745960996	0.15173073700385784	0.2741944460727043	-5.883394588618949
ENSMUST00000010189.2	0.0787518019613449	5.7690403494662315	1.530834035122024	0.15221977251884558	0.274914376068735	-6.073312627774573
ENSMUST00000092663.3	0.08800986912447062	5.318700954290297	1.5214607442535302	0.15453151527107845	0.27805724367982676	-5.949914050144901
ENSMUST00000074038.6	0.30129153298078926	5.526230623981054	1.5205036579489937	0.15476925066048605	0.27838544872109594	-6.0533266275642195
ENSMUST00000033176.6	0.0839323977773887	7.383413800578181	1.5155041584934492	0.15601621084947953	0.2801276077029734	-6.197925132545903
ENSMUST00000047666.4	0.15476882097932254	8.13342723325331	1.51205388646991	0.1568817844863596	0.2813804840466578	-6.236227956788882
ENSMUST00000045218.8	0.198592062251973	5.496799519749519	1.5117188376562647	0.1569660574121003	0.28143130250900805	-6.0571611213854135
ENSMUST00000018569.13	0.10425419601450603	5.210082630699166	1.5110353770641003	0.15713808466104073	0.281569360931377	-5.853547437631584
ENSMUST00000084738.4	1.0083768946390679	5.622460721642647	1.5061661385467189	0.15836835406224645	0.2836422888170744	-6.088561299513303
ENSMUST00000078459.6	0.08686487561549683	5.6612255324845595	1.5053855932475806	0.15856633275591303	0.2838958078629888	-6.094831242241405
ENSMUST00000017975.5	0.10290408308830212	6.900646580393907	1.5034058241567765	0.15906943448208755	0.2842907015557309	-6.20393915584328
ENSMUST00000112175.1	0.15464722052849567	6.043569466095424	1.5023486253052374	0.15933865020375013	0.28467072058773685	-6.1469718451287765
ENSMUST00000160597.7	0.10629956918891459	5.030607290699646	1.500107721433301	0.1599105849565063	0.2855295155084303	-5.6125622001954145
ENSMUST00000024119.10	0.13058719184092027	6.128274307681801	1.5000206182306337	0.15993285126272244	0.2855295155084303	-6.16293268339656
ENSMUST00000057373.13	0.16435053630884422	6.015565188158158	1.4987060791008138	0.1602692105438098	0.2859693959800467	-6.147768289349211
ENSMUST00000109989.9	0.24575377205071103	5.136270055823013	1.4967189925145807	0.16077880613525095	0.2865314111464568	-5.776339228275766
ENSMUST00000065482.5	0.17121379998815556	5.091064508594506	1.4963073507522464	0.16088454605369293	0.28656596761894654	-5.711999903589728
ENSMUST00000078357.4	0.05444524608986079	7.597722942052303	1.492666684547527	0.161822325130136	0.2877794689748018	-6.235621240262957
ENSMUST00000222570.1	0.09965928917231093	6.7815917306804065	1.4905619961103642	0.16236658526816006	0.28854337353730597	-6.217155222080655
ENSMUST00000029761.13	0.20585720188845436	5.878683398568684	1.4890465687691985	0.16275943215471203	0.2891393725884026	-6.1426339742784695
ENSMUST00000065060.11	0.2831755785863477	5.311188874351519	1.486984922017708	0.16329517754027267	0.2897841404603569	-5.990135918038289
ENSMUST00000136687.8	0.12675606811168283	5.2953800514715414	1.484397497778128	0.16396967913539617	0.2906735221036568	-5.978435962266337
ENSMUST00000050552.14	0.2975892130443123	7.08428808777892	1.4830360354621412	0.16432554334095562	0.2910992283620943	-6.236571003551935
ENSMUST00000047145.13	0.0663879355942667	5.3972896967481265	1.4823621800277633	0.1645019214298937	0.2913091047919026	-6.056063374377052
ENSMUST00000017548.6	0.1333693051167959	10.095504054616693	1.4760689928912567	0.16615692344180014	0.29351667199287096	-6.379871650649433
ENSMUST00000039506.14	0.2832633850139956	5.6595362512322485	1.4755894608472067	0.16628361085202756	0.2936373626523519	-6.134888145028659
ENSMUST00000117440.7	0.2490762337799559	5.5066432400632985	1.4745693038041259	0.1665533989788829	0.2938044005128892	-6.110289118430833
ENSMUST00000093923.8	0.07507029421871891	5.450656232235559	1.4740286940794387	0.16669651799803467	0.2939537967220864	-6.0932222582758655
ENSMUST00000031249.7	0.2116178738798844	9.757460362570082	1.4718557962504322	0.16727281753369846	0.2946602048361474	-6.373914693224124
ENSMUST00000005532.8	0.17619263646790984	7.199984921532259	1.4707083819415012	0.1675778188403317	0.2948138058324026	-6.254994736306103
ENSMUST00000033030.13	0.6510687511880775	7.118881492121676	1.4703231198329056	0.16768033359805887	0.2948138058324026	-6.254265358455498
ENSMUST00000113460.7	0.1534453736102872	5.271591359889782	1.4702056175982108	0.16771161047353134	0.2948138058324026	-5.973893044759281
ENSMUST00000103220.3	0.11239210676685651	5.957981272230651	1.467024892409046	0.16856014294859759	0.29599514107308705	-6.182124469761517
ENSMUST00000052885.13	0.14554935278769143	5.038261581854746	1.4661272340451945	0.16880027231041833	0.29631338799501555	-5.669895503673342
ENSMUST00000031341.10	0.1549713248364677	6.041986732988189	1.4654330260984776	0.168986176309466	0.2965262578966735	-6.196516563005368
ENSMUST00000027769.5	0.0924417666917785	5.2003853953141626	1.4650144312286195	0.1690983569679102	0.2965262578966735	-5.903214833001389
ENSMUST00000077955.5	0.11746306703481313	5.376253453629365	1.4599040480950276	0.17047300428319304	0.2984678005483458	-6.073089035496341
ENSMUST00000174779.7	1.9049958016586706	4.283761952514851	1.4597959700328542	0.17050217825003894	0.2984678005483458	-4.634697792965906
ENSMUST00000004508.12	0.06519369671039676	7.108461301730118	1.4575108052425934	0.1711200129983355	0.2991330039592168	-6.271227448568419
ENSMUST00000123680.1	0.12113483947580672	6.75924687861158	1.4564437357680131	0.17140916267389245	0.29953438604110905	-6.262357579279515
ENSMUST00000210564.1	0.4951501204276809	5.584886148791614	1.451427477703382	0.17277399174414085	0.3013959613262041	-6.156778284600636
ENSMUST00000191899.5	0.14475168513152248	6.135010978904815	1.4486332381213511	0.17353822814057876	0.3025193436504684	-6.23294893220868
ENSMUST00000144701.1	0.20945764073470663	5.387282619705058	1.4450259967905839	0.1745290451692161	0.30382547620980144	-6.09971195410582
ENSMUST00000096987.5	0.10143421490472537	7.030693701386721	1.4440783520974674	0.1747901296479989	0.3041747292490773	-6.2875713817563295
ENSMUST00000003759.10	0.08540852054165349	5.283546078768123	1.4427298112155482	0.1751622327396467	0.3046699671824508	-6.022298527713439
ENSMUST00000106079.9	0.13033401284055213	6.114852886785657	1.4420728133427447	0.1753437602360399	0.3046699671824508	-6.238582695337407
ENSMUST00000165665.8	0.11976919823358312	6.930073234999916	1.4372272614209642	0.1766874846098447	0.30652232243866506	-6.2936874472727435
ENSMUST00000005826.8	0.07652488613497521	7.585598852218685	1.4330903723646653	0.17784154471733235	0.30831178892932426	-6.3147788806601355
ENSMUST00000012348.8	0.1278919407419714	8.87599687098698	1.4324667820980106	0.17801605566929402	0.3085080179373814	-6.382919200073269
ENSMUST00000058755.4	0.08339613256359257	5.961731913330384	1.4313238739628877	0.1783362711694306	0.30868151157320917	-6.230008897259482
ENSMUST00000099492.9	0.3333437512280053	5.104697998151912	1.4304977443049949	0.178568034552079	0.3088263258272635	-5.8201636349855495
ENSMUST00000161137.7	0.13905797584316115	6.29929449248257	1.4293542095299374	0.1788892611479844	0.3091693139249431	-6.280356798157819
ENSMUST00000168345.5	0.08960795753073736	6.531304024326116	1.42432341862592	0.1803082198596385	0.31106288641095153	-6.301131473703739
ENSMUST00000161915.7	0.15609306101219822	5.239738463774251	1.4221873297297825	0.18091356714383744	0.31170416311665966	-6.004722418362777
ENSMUST00000055071.8	0.23159919035154974	6.466470052143458	1.4216084002557579	0.18107792381298043	0.31177379695520346	-6.303216622042585
ENSMUST00000186465.6	0.5191938604266548	5.187774533755322	1.421108065868989	0.18122006846931346	0.3119117907865604	-5.944623955144749
ENSMUST00000112931.7	0.21344788662533354	7.3351831387138375	1.4203705926383197	0.1814297548329701	0.3121659016979045	-6.324270138093105
ENSMUST00000046386.4	0.11621756603186739	5.760630525213265	1.4178136214642594	0.18215835760466415	0.31277771232391305	-6.224016813928376
ENSMUST00000032399.11	0.09761933164243519	5.474696226225213	1.4171186359951784	0.18235681561983547	0.31301164769136547	-6.1767221910677925
ENSMUST00000007559.14	0.06764088138690116	6.049192731479207	1.4127210223515239	0.18361679133396813	0.31481799751255996	-6.267182921490534
ENSMUST00000219236.1	0.18224803093793795	9.486169540980022	1.412282833472827	0.18374273692907667	0.31481799751255996	-6.4409264626063125
ENSMUST00000041029.5	0.38316765792758556	5.997294956263736	1.4117451199649478	0.18389738704365688	0.3149039326809523	-6.2607532605365686
ENSMUST00000020107.7	0.18457019591089363	5.288896006383312	1.4099387829508248	0.1844177001831338	0.31560696411513034	-6.070538903233125
ENSMUST00000127737.1	0.2784492175884621	6.02890297321795	1.4098843183124712	0.18443340777151326	0.31560696411513034	-6.267855351721597
ENSMUST00000030660.8	0.06158252138602194	6.701869597339065	1.4076974027237072	0.18506503928208232	0.3162575450503248	-6.325121906667924
ENSMUST00000092123.10	0.13937412718157294	5.174374182528192	1.4063690268069062	0.18544958740144976	0.31680708801925084	-5.946122175586855
ENSMUST00000004554.13	0.132332970312925	9.683765233665365	1.4052523107135324	0.18577337939075061	0.3170203178505492	-6.459010654298735
ENSMUST00000043929.10	0.06527936944861157	5.840991696675082	1.4029938840948093	0.1864296548331806	0.3179415571070277	-6.252165177636755
ENSMUST00000020078.13	0.29898048217336815	6.18062460359929	1.4019832805797667	0.18672395249201987	0.31822771171658265	-6.300759658960988
ENSMUST00000103146.4	0.1366937334526419	9.536130536037716	1.399629062936631	0.18741102873936438	0.3191824257236771	-6.4597826782292795
ENSMUST00000110857.4	0.06188522499599358	6.713261768166183	1.3993505059162246	0.18749246481398343	0.31921305938380734	-6.3362151488420375
ENSMUST00000208247.2	0.13098652040031578	6.7764962022788975	1.3911679626991	0.18989783276392774	0.32243536842231535	-6.34840240648911
ENSMUST00000110698.8	1.0254236390092473	5.220476758128478	1.3891811407251131	0.19048574943819313	0.3229611885536064	-6.026677357216482
ENSMUST00000037534.7	0.22157749251103986	5.288504942493204	1.3889823668087982	0.19054465154953895	0.3229611885536064	-6.097209846011823
ENSMUST00000173194.7	0.500434806697239	4.658176873624056	1.388913742022848	0.19056499045858977	0.3229611885536064	-5.119112610669518
ENSMUST00000029877.8	0.08013744308635218	5.8521471187884515	1.3887914427419206	0.19060124181272833	0.3229611885536064	-6.271796417480532
ENSMUST00000179142.1	0.517803565689678	5.620417713016525	1.3886037990908255	0.19065687338584994	0.3229611885536064	-6.2439745675699765
ENSMUST00000033999.7	0.06478760660206451	6.353139350245266	1.3869652636334593	0.19114323200542468	0.323365740452846	-6.341164524191873
ENSMUST00000147272.7	0.14108592423136113	5.123170100236779	1.3868859295252138	0.19116680654749676	0.323365740452846	-5.902841142855004
ENSMUST00000014913.9	0.09249742099648728	8.232181557427444	1.3865753171565964	0.19125912990388325	0.323365740452846	-6.407522597846751
ENSMUST00000048471.13	0.14130629883715518	5.961110621348877	1.384700398836901	0.19181720013420267	0.32401677948489377	-6.290525857848969
ENSMUST00000111441.9	0.11675165020036715	7.049210353112447	1.3845579100986236	0.19185966727996392	0.32401677948489377	-6.365630698656721
ENSMUST00000179549.1	0.15319885129634425	6.958934863647512	1.3839781904691444	0.19203252672951135	0.3240911244468875	-6.364030708449286
ENSMUST00000030436.11	0.06659849292858144	7.350559360100927	1.38209698265463	0.19259435289940166	0.32482138432346286	-6.374231633674696
ENSMUST00000206254.1	0.4035675746918388	5.665575994363615	1.3810785188063206	0.1928990885239867	0.3251173582459555	-6.259716019148362
ENSMUST00000093955.11	0.14883329045611848	6.308832198990793	1.3794632023244613	0.1933832304498285	0.3257787241194051	-6.34616698730997
ENSMUST00000003191.13	0.2195323557749438	5.530637574714353	1.3788389404531478	0.19357060409198112	0.32577893509914513	-6.2421066804167165
ENSMUST00000106722.1	0.5256211167308535	6.366058953845769	1.378734656360333	0.19360191989306508	0.32577893509914513	-6.352909663408563
ENSMUST00000002133.8	0.11667491947975872	6.308509732239338	1.3786898115224269	0.19361538778502163	0.32577893509914513	-6.3471228006429
ENSMUST00000171572.7	0.15387574794071757	5.408929275733173	1.3779142861920783	0.19384841817794354	0.326035634606482	-6.200111272035246
ENSMUST00000074606.10	0.6044947393442337	6.326725116386838	1.3777508447032198	0.19389755888344148	0.326035634606482	-6.350272652546892
ENSMUST00000090559.11	0.203030201140181	5.168531689179471	1.3729159404265279	0.1953559152880853	0.32837808547088443	-5.981270171073074
ENSMUST00000075451.11	0.12114112726472825	5.387438023192329	1.3700777860042572	0.19621621834329595	0.32947923073850754	-6.197060345559255
ENSMUST00000044369.12	0.262736086971584	5.145919325076153	1.3696638724945627	0.19634194592511264	0.32947923073850754	-5.9554772887395915
ENSMUST00000164107.2	0.10566888115157358	5.389949034890306	1.3687740211169976	0.19661246712842395	0.32947923073850754	-6.200293400928839
ENSMUST00000164181.1	0.2638927720819986	9.789456635556801	1.367552035553315	0.1969844623984251	0.32979328796222185	-6.51176654724777
ENSMUST00000025847.6	0.12368417675710841	5.063409488476103	1.3672888128760936	0.19706466853479024	0.32981781350583156	-5.836916071951649
ENSMUST00000042512.7	0.1613653077538082	5.357292572562654	1.3658247563504091	0.1975112721732784	0.3303454821488576	-6.183273517644642
ENSMUST00000103008.11	0.13664126438185775	7.896071877536659	1.3654069201565042	0.19763888467999113	0.3303788608452395	-6.418331880617409
ENSMUST00000184616.7	0.09942558525633949	5.476068357496426	1.3651144972342026	0.19772823494434827	0.3303788608452395	-6.244097606221704
ENSMUST00000034717.6	0.07090307312638267	7.604196058465356	1.3641021476820272	0.19803781800834452	0.3306764893461604	-6.404816335171294
ENSMUST00000074919.10	0.4724813960951435	5.292779536527997	1.3627209862747613	0.19846083260212813	0.331272876184906	-6.134856564182321
ENSMUST00000053540.10	0.161405541556217	5.240455531531979	1.3613103868965464	0.1988936341307219	0.33188519844499564	-6.083667640182074
ENSMUST00000109400.2	0.1069933902821143	6.006763311271103	1.3594489185812988	0.19946596531626523	0.33261957955125304	-6.329361200567951
ENSMUST00000021959.10	0.06325392606783264	7.046034780231572	1.35689706194158	0.2002527749936115	0.3335999043022713	-6.40086688686273
ENSMUST00000029336.5	0.07261092204645703	5.137887716805489	1.355770971174571	0.2006007945733037	0.3339585034739546	-5.962162251694338
ENSMUST00000054344.10	0.06894799914957339	5.236934424624883	1.3552083714508807	0.20077485352504224	0.33413770694161016	-6.08769719886856
ENSMUST00000001480.13	0.1642519964833964	5.829937598253897	1.3543201925369295	0.20104989487813033	0.3344430734994179	-6.313235490266641
ENSMUST00000025951.12	0.11399692101822101	7.339681121812329	1.351967589015274	0.20177992510556295	0.33547746305554765	-6.412368706637077
ENSMUST00000033983.5	0.09034019984333863	5.180591846762511	1.351316188593043	0.20198244536782298	0.335703231795678	-6.024497215845443
ENSMUST00000117872.7	0.7724853242344931	5.771943881059733	1.3510088251164383	0.20207806277476695	0.33575123309770555	-6.3110534245185965
ENSMUST00000025961.6	0.07787997699862714	6.493646734177602	1.350556592290387	0.20221881527049504	0.3358741695694488	-6.395391031407449
ENSMUST00000188090.6	0.12664689972976717	5.690932817906056	1.3493214220379288	0.2026036601388839	0.33618041364074036	-6.303366197099722
ENSMUST00000018361.9	0.13226813592565279	5.326358669325246	1.3449947491032186	0.20395649210494932	0.3383135877942631	-6.187734837837036
ENSMUST00000171470.7	0.1418250316452676	7.183273991287916	1.3447460409857035	0.20403448173486	0.33833140329864225	-6.418546475744607
ENSMUST00000099820.9	0.05724602511989385	6.121357327405965	1.341022070150417	0.20520517712017877	0.33951848113182953	-6.369848196223191
ENSMUST00000172792.7	0.3356243381348607	4.968889030263098	1.3394781169361234	0.2056921623784082	0.34007139958125915	-5.715148467669055
ENSMUST00000032808.5	0.1498738246230511	5.549243062836122	1.3378135689160215	0.206218248228274	0.3407172436244488	-6.297645105251217
ENSMUST00000067663.13	0.10367980168852498	6.380171031893601	1.3293919989943135	0.2088968697224499	0.3449163608709043	-6.416361305175766
ENSMUST00000093811.10	0.142412571499273	6.446926714682284	1.325804854342566	0.2100464482839003	0.3465869732096761	-6.424704935096738
ENSMUST00000032326.10	0.2518489624807758	5.513333770979752	1.3254624363915826	0.21015645381819878	0.34665479316700265	-6.305044416654731
ENSMUST00000041190.15	0.07650322481749061	5.655111721819241	1.3197833959213348	0.2119877914999692	0.34933199444361124	-6.33562078769345
ENSMUST00000120539.7	0.4602457538092066	5.049664663437756	1.3187689550038797	0.21231629040779856	0.34945102369544545	-5.875791935542264
ENSMUST00000108530.1	0.2728547611868404	5.351269555876761	1.3187535231651537	0.21232129079533563	0.34945102369544545	-6.238180599200999
ENSMUST00000034590.3	0.09036174735347302	12.735783504144251	1.3184975711602591	0.21240424110030504	0.34945102369544545	-6.676140345836714
ENSMUST00000047179.5	0.12509167932210286	5.617355715813655	1.3184373675914942	0.21242375604213862	0.34945102369544545	-6.332144243055122
ENSMUST00000107368.7	0.13927205570485413	5.636086296342472	1.3175389842763994	0.2127151403308626	0.34961446292210707	-6.335865485496264
ENSMUST00000035776.9	0.11495929965345653	5.812412306692515	1.3157670920853077	0.21329079768046422	0.3504152538223382	-6.359517320173261
ENSMUST00000018522.12	0.49388414452444085	6.140979486140286	1.3156107050222658	0.2133416661613639	0.3504152538223382	-6.404494229646963
ENSMUST00000034803.9	0.11094915095084268	5.115980586234942	1.31232912688693	0.21441135993734095	0.3519424312707218	-5.986139340207586
ENSMUST00000045078.12	0.15408259531049584	5.683377359926923	1.30971578661087	0.21526635333823205	0.35323060131919287	-6.3517609415324925
ENSMUST00000076734.6	0.08525138934595322	5.1634554081856	1.3075521580433187	0.21597631696667385	0.35416455366992705	-6.056139535749071
ENSMUST00000006104.9	0.07952269407679768	5.44247566814463	1.3068746093465664	0.21619903647259073	0.35441425627031736	-6.305285030384793
ENSMUST00000172785.7	0.08087831293379111	8.65874423396253	1.306147351522374	0.21643830406169523	0.3546625192228895	-6.532086577760413
ENSMUST00000069449.6	0.12331306228212124	5.884830248397494	1.3055624020634842	0.2166309085958261	0.35477542355000036	-6.380442035565049
ENSMUST00000080933.12	0.08325032604965976	5.353732252074886	1.3026901021555206	0.21757868669536237	0.3559799586225587	-6.259659181849752
ENSMUST00000022904.7	0.13718934994030452	5.776421303212886	1.3022735157229142	0.2177164280709568	0.3560895154827645	-6.372208948150444
ENSMUST00000174355.7	1.2770322588586343	6.852752528525395	1.3017794326516556	0.2178798850574476	0.35610761352719483	-6.463626966611155
ENSMUST00000155928.7	0.14547731031331868	5.07758105151967	1.301598277565131	0.21793984139340744	0.35610761352719483	-5.940628700071118
ENSMUST00000040159.5	0.15884605959382903	5.706944632233192	1.3001807316866343	0.218409465301475	0.3567590973804288	-6.366521447939918
ENSMUST00000115487.2	0.35550049000042794	4.7997229544698925	1.29476408163019	0.22021154408000315	0.35935266891550305	-5.465359651576155
ENSMUST00000092404.12	0.17625582316254462	7.2277275594612584	1.288451465978275	0.2223269026939077	0.3620999182431368	-6.4890433219529715
ENSMUST00000043624.8	0.1227528146728627	5.251586815178985	1.2868224446462806	0.22287545130681236	0.36250607515138383	-6.1876011108556686
ENSMUST00000026270.8	0.0814425360759996	6.207029103788979	1.2866411932373163	0.22293655267707843	0.36250607515138383	-6.4494803412072
ENSMUST00000195067.1	0.1622487465579363	6.050685630636138	1.2852429652554507	0.22340836280371312	0.36303335145738824	-6.4280652419239335
ENSMUST00000020822.11	0.4094133223557126	5.5808064621434825	1.2850388712450682	0.22347729864113128	0.36303335145738824	-6.367870974454324
ENSMUST00000127297.7	0.15639054992373502	6.616150789040128	1.280875522252257	0.22488729103858354	0.3643863108079449	-6.483441794784005
ENSMUST00000058154.14	0.11512199651861454	5.363523403249994	1.2808718514644086	0.22488853738090556	0.3643863108079449	-6.292736895529049
ENSMUST00000221459.1	0.15469903042573474	5.569542191548977	1.2806554800771612	0.22496201180073086	0.3643863108079449	-6.371464293391476
ENSMUST00000077755.10	0.10497489496245827	6.475007128503219	1.2804026323017963	0.22504789727788593	0.36440810144996594	-6.481755192147688
ENSMUST00000184186.1	0.1727336111778337	5.999126212527491	1.2760619429455757	0.22652644424242602	0.3665662724296061	-6.431531486218046
ENSMUST00000046223.13	0.25896182263911083	6.861389792537515	1.275204186553202	0.22681954286392966	0.3668046030692479	-6.496345094022344
ENSMUST00000201883.3	0.11601793602992672	5.978720829928207	1.2746238298363584	0.2270180263858827	0.3670076127080256	-6.430295023201889
ENSMUST00000167353.2	0.18300260882977692	5.480923692082696	1.2722570077777158	0.22782893631157633	0.36794471295782555	-6.36055847374838
ENSMUST00000021133.15	0.5750485702889234	5.817208553031937	1.268058077468333	0.2292732964455952	0.36994033175682794	-6.418268794889885
ENSMUST00000025691.11	0.07075423931258573	7.508773011371645	1.265426170996365	0.23018237837445016	0.3709634144989716	-6.523512733086688
ENSMUST00000043148.12	0.06256228990531643	7.451088357589414	1.2649095605274028	0.2303611597292343	0.3711005426185648	-6.522454319830664
ENSMUST00000031695.14	0.07197478910386756	6.133589667602192	1.2601647910339662	0.23200838837373558	0.3733954580640639	-6.470917900675747
ENSMUST00000023061.5	0.06756589667185331	5.185473552834813	1.2589503162146374	0.2324315310075563	0.3739568380233501	-6.143959912961534
ENSMUST00000054289.12	0.054114150715381726	9.014150012773579	1.257240249117816	0.23302839569505446	0.3746105394605873	-6.610821165955476
ENSMUST00000076316.5	0.08102954952255015	5.374013344048562	1.2510681869024813	0.23519285992268238	0.3773135453670329	-6.335243316169914
ENSMUST00000167436.2	0.21965803278086238	5.259101646688201	1.2491784828527304	0.23585876476524273	0.37826121948802555	-6.240447274273747
ENSMUST00000134542.1	0.43162105728521727	5.55880831857328	1.248037799707173	0.2362614548469043	0.3787862904189852	-6.408851382046171
ENSMUST00000076095.13	0.3985165288053443	5.711392794460984	1.2471932785810196	0.2365599463348621	0.3791440235777927	-6.431055898981735
ENSMUST00000115013.1	0.12894890212303967	5.325602584228392	1.2450797677910657	0.2373082769764292	0.37999028578266203	-6.309057039173463
ENSMUST00000025649.8	0.0842748401710498	8.05997833821175	1.245062086375115	0.23731454540431807	0.37999028578266203	-6.574731328138748
ENSMUST00000032191.15	0.05084158152199425	6.334371756617011	1.2412952891167204	0.23865297146997153	0.3812839312370361	-6.519398188090558
ENSMUST00000067786.8	0.08416826292980861	6.251212565018738	1.2380600883132111	0.23980731263843497	0.3824110664519531	-6.513810752199643
ENSMUST00000025561.7	0.11634563618022398	9.150915810068566	1.238039891855982	0.23981453282765097	0.3824110664519531	-6.640744860652829
ENSMUST00000167140.7	0.13981410079986567	5.090342426937061	1.2314867521384232	0.24216642836108027	0.38585392201880314	-6.044242633775835
ENSMUST00000137823.7	0.9074698063379723	4.988305915063005	1.2312006540574814	0.24226952454514927	0.38585392201880314	-5.8796709833975855
ENSMUST00000102781.9	0.07507934911821312	6.526946258273496	1.22926266550015	0.24296880322637446	0.38633882712765166	-6.54396719516364
ENSMUST00000022806.9	0.6314478759211326	5.104668190109623	1.2263971550142807	0.24400569598019498	0.38774246888072045	-6.0724245243292305
ENSMUST00000065373.5	0.5001724308297018	4.804094662669036	1.2254528080834537	0.24434817952561572	0.38816409573519817	-5.553393354061838
ENSMUST00000034164.5	0.18424522561070944	5.208140270602631	1.2242954727335902	0.24476842735237678	0.38846370915135886	-6.214215790589671
ENSMUST00000065515.13	0.07404400677503009	6.5423940141652235	1.2216345716804382	0.2457368206104661	0.3898776236175512	-6.553146034257653
ENSMUST00000001834.3	0.054660267155874465	7.033518583352992	1.2214214307628035	0.2458145211769411	0.3898779495716238	-6.565799726537944
ENSMUST00000043338.9	0.07928319329944777	6.349493195495321	1.2209674103714803	0.2459800993545226	0.3900176110471488	-6.544883302338859
ENSMUST00000217837.1	0.575769524117189	5.8244855804197035	1.2205387497649105	0.24613651013487695	0.3900579602991045	-6.475434711068812
ENSMUST00000077909.8	0.2876093649567677	7.067498456872903	1.2204727233890338	0.2461606090140443	0.3900579602991045	-6.567599583254964
ENSMUST00000099173.10	0.09695986004094959	7.300086318547662	1.2173263611015124	0.2473111650140012	0.391318924463501	-6.575281692834971
ENSMUST00000200553.1	0.1595131607646394	5.249304866741796	1.2166815524123602	0.2475474825352404	0.3915156820606081	-6.2685370619178435
ENSMUST00000030427.5	0.06441685107641515	5.276172293807629	1.2160948639512734	0.247762654736291	0.3917328460019736	-6.296496379045375
ENSMUST00000024660.8	0.07221242101706515	8.090473387209977	1.2118793870037086	0.24931306674500595	0.3938128850217033	-6.615168407179268
ENSMUST00000219763.1	0.8917759901459608	4.472069887091641	1.2112736127739332	0.24953649369841915	0.39404209033168447	-5.075163329395129
ENSMUST00000019638.14	0.06116549014363404	6.28457278355875	1.2069029768322075	0.25115320171194006	0.39613408942838924	-6.554291798814308
ENSMUST00000118501.7	0.09089193799233364	7.389743286830893	1.206628531496932	0.2512549949047883	0.39613408942838924	-6.589694589976513
ENSMUST00000118551.7	1.037454767032437	4.560323492698112	1.20555351359096	0.2516540381343573	0.396514709005309	-5.189837220852598
ENSMUST00000047226.8	0.0688906561119964	5.8669338991666935	1.2028444413957784	0.25266185426382526	0.3978534550238826	-6.500882186669864
ENSMUST00000032214.13	0.1576481187625367	6.006333681814754	1.201793238608845	0.2530537733298377	0.39819827207741487	-6.520419642400913
ENSMUST00000006587.6	0.27605482671892023	5.15275357569254	1.201117156071839	0.25330608959079143	0.3983691580904256	-6.168245950333493
ENSMUST00000106391.7	0.12063383658201499	5.780411466762326	1.198195569783133	0.25439871403627967	0.39996023804381764	-6.496528345234471
ENSMUST00000018851.13	0.10561138876275322	6.579898312393422	1.1974629735743034	0.25467327356275854	0.40014404724991826	-6.581738704603283
ENSMUST00000021800.5	0.08102431426904388	5.93462343440569	1.1963367633302158	0.25509580474330507	0.40068279539917817	-6.516593829213743
ENSMUST00000069360.13	0.1529511491788833	7.270427641124896	1.1959851234248053	0.25522784576086527	0.40076507241663956	-6.599464331792803
ENSMUST00000059983.9	0.0827488346003511	7.414126658492436	1.1952524626516507	0.25550313298518523	0.4010721566453875	-6.603425540802942
ENSMUST00000056978.7	0.11958758797468949	6.182599386707418	1.1941245424095566	0.25592738969192963	0.40161281894575734	-6.555592880168689
ENSMUST00000041725.13	0.11952608450602487	5.168989936234936	1.1927786909363567	0.2564343432789555	0.40228287528419865	-6.199342231673956
ENSMUST00000102917.10	0.5691405010927442	6.52267367166237	1.1921002338135271	0.2566902024778428	0.40255873088093114	-6.5870992660158025
ENSMUST00000090933.4	0.09284497339423758	5.7803094786675455	1.1888947794470681	0.2579017521910554	0.4042067648826167	-6.507198692525317
ENSMUST00000032800.9	0.16637180299098553	5.73762220739929	1.1882828906975953	0.25813353382935994	0.40444403883385543	-6.50304758609292
ENSMUST00000032425.6	0.04974196576853629	7.055047320619005	1.1872980710111145	0.2585069235816698	0.4049029677893465	-6.605747768952366
ENSMUST00000100551.10	0.6257341395796159	5.295267739718305	1.1865209552315152	0.25880186214365264	0.40523877013529924	-6.349557906007681
ENSMUST00000004072.8	0.0640665431192744	10.43512936064483	1.1862195754156506	0.2589163156992227	0.4052918432740477	-6.752544726001624
ENSMUST00000091852.4	0.0939308628369222	5.813511992366028	1.1846077456184323	0.2595291059143008	0.4061247066422542	-6.5157363561586825
ENSMUST00000025773.3	0.07369819638352482	6.35706510156093	1.1842703926742528	0.2596575053983791	0.4061992878293673	-6.5880570510410195
ENSMUST00000037748.8	0.2072930738976	7.003235001869333	1.1835752231592052	0.2599222498679798	0.4064870497624515	-6.608879884486183
ENSMUST00000007255.12	0.07748210848160841	6.76907738544166	1.1829865925109009	0.2601465858646827	0.406711458510012	-6.6016175607577035
ENSMUST00000162963.7	0.245106569136321	5.614965270945586	1.1825109618420555	0.2603279665549943	0.40686859264932473	-6.49355314182495
ENSMUST00000037270.4	0.07597099754882208	5.855927580113889	1.1817598145136534	0.2606146164606542	0.40706368687163963	-6.523777786339398
ENSMUST00000081932.12	0.044236110055777544	6.168496651830296	1.1810116261235981	0.2609003826293388	0.4072571594812918	-6.568612566207944
ENSMUST00000029142.14	0.0845355779985546	5.809388869739133	1.1805156851354317	0.2610899394248741	0.4074266393444608	-6.519948743022853
ENSMUST00000128187.7	0.2764993028871423	6.144185216898382	1.1801464650562747	0.2612311313376711	0.40752056488676697	-6.566048494340825
ENSMUST00000093196.10	0.29544969286589584	6.791735699702339	1.178871180006	0.2617192670635019	0.4080290153692216	-6.60698249937272
ENSMUST00000103067.9	0.07950832808609043	6.3104143929776635	1.17776919684247	0.2621416426789591	0.4084343773049995	-6.590610244684607
ENSMUST00000010597.9	0.30537463027817324	5.300428876845447	1.1760502872831737	0.26280154107669634	0.40921029539114345	-6.36652082241367
ENSMUST00000094700.10	0.8497881897954525	4.762161557906365	1.1760482642144303	0.2628023185070134	0.40921029539114345	-5.533945929256952
ENSMUST00000020504.5	0.0812628786966183	8.631387858976591	1.1744500545286736	0.2634170440697056	0.41004057819142603	-6.686574590052192
ENSMUST00000112254.7	0.18373847610686678	6.1109141841360755	1.1724027912762116	0.2642061295398528	0.4111416757547168	-6.569792230452727
ENSMUST00000018711.14	0.08651064832177724	8.77876515279931	1.1714743638521996	0.2645645843490132	0.4115721780642812	-6.698218863506251
ENSMUST00000132038.2	0.16366454633702254	5.104404314891074	1.1681758756000082	0.26584115799217756	0.4129196868967723	-6.138579355807093
ENSMUST00000030145.8	0.05878034377102104	5.713519671669768	1.1677761847227774	0.2659961708016118	0.41303294299472504	-6.52334772671866
ENSMUST00000042662.9	0.13513846934238405	5.630265822981253	1.166735700926217	0.26640003349155256	0.41353241854242545	-6.513597511870358
ENSMUST00000007257.9	0.07698991088899731	7.886920795632995	1.16575021248799	0.26678298970626785	0.413871483568373	-6.6578930377571695
ENSMUST00000189220.6	0.05695816132347886	5.295845410615462	1.1641536562732955	0.2674043128150105	0.4146382316070049	-6.375446910717851
ENSMUST00000058578.7	0.047620425155339596	5.961053732920751	1.1640567243971147	0.26744207146983323	0.4146382316070049	-6.556893371702797
ENSMUST00000165952.8	0.08458876882861421	5.46742796068547	1.162723851361946	0.26796169673870474	0.4149323780524542	-6.483909316025969
ENSMUST00000029722.6	0.07892995032625905	10.80539115951852	1.1616269381448825	0.2683899205390477	0.4154648172364374	-6.7927541882825135
ENSMUST00000040915.14	0.18852080201924792	5.22288853298729	1.1614201558177573	0.268470705791226	0.4154648172364374	-6.303453522766331
ENSMUST00000126151.7	0.3814360403510495	6.064690116982098	1.1593086058390114	0.2692967228687816	0.4166149485709841	-6.577532748924881
ENSMUST00000074267.4	0.08697583819765597	9.894818075300991	1.1546262675840577	0.27113544169987713	0.4193305893612302	-6.771110204198202
ENSMUST00000095797.5	0.10507264946779848	5.763641682849611	1.1511701165752206	0.2724988760649442	0.4207595772967995	-6.547988327818063
ENSMUST00000175940.1	1.650436017043957	4.276494002086182	1.1490274651529244	0.27334680237171366	0.4215842313709661	-4.944207769091941
ENSMUST00000033380.6	0.06927273243960475	5.502479547150438	1.1485925331500504	0.2735191699182353	0.4217207918659644	-6.510534575113136
ENSMUST00000019169.7	0.6584617715635286	5.288770044087366	1.147205403114816	0.27406946371910196	0.422181099807349	-6.3874601153650925
ENSMUST00000046246.12	0.39452638773758864	6.259251291487146	1.1452177620707933	0.27485947944116995	0.42283734209288704	-6.6213950944227715
ENSMUST00000117394.1	0.0648938431068915	5.615151025637003	1.1449585329291545	0.2749626432066534	0.42283734209288704	-6.535845171861526
ENSMUST00000108821.7	0.17032120587120136	5.906249571037262	1.1448652891086082	0.27499975816496247	0.42283734209288704	-6.571327428972037
ENSMUST00000025659.10	0.07001427641107316	6.506524483410771	1.1426797981877526	0.2758707835566435	0.424047024770386	-6.642639845883018
ENSMUST00000105847.7	0.21415893746197412	5.06295299895695	1.1409444492858354	0.27656392013186126	0.4247231630596441	-6.1036505012189535
ENSMUST00000032992.6	0.07743315554755448	7.562394634041385	1.1387315990538442	0.2774497280870373	0.4258235454563406	-6.671828215644699
ENSMUST00000092639.11	0.10499222235104355	5.998413905210831	1.138373070750642	0.277593453168735	0.42591420033299965	-6.590969747642384
ENSMUST00000160197.5	0.08232397633878641	5.357039848693885	1.1373316280643366	0.2780112668840216	0.42635514200325486	-6.454715631717527
ENSMUST00000072753.12	0.33358096093468337	5.5145506555210195	1.1370173951284037	0.2781374282390464	0.4263587451159788	-6.526866472243822
ENSMUST00000000451.13	0.8151937665181741	5.039207644425043	1.1361091246318655	0.27850233751051207	0.4267880779821463	-6.071456788927123
ENSMUST00000024959.9	0.07706272325152508	6.6848714496360016	1.1352019139943175	0.2788671886811129	0.42705815896803645	-6.653260648110769
ENSMUST00000053766.13	0.04473686934228205	6.742442985469781	1.135020859680647	0.27894004695034014	0.42705815896803645	-6.654797056573461
ENSMUST00000107958.7	0.6365653506948181	4.859576332209211	1.134826883544324	0.27901812135319737	0.42705815896803645	-5.7542580751586065
ENSMUST00000108429.7	0.318559146948318	6.237267445616675	1.1320668292598568	0.28013085093986656	0.4283703073186835	-6.633046780709453
ENSMUST00000021536.8	0.07850561022914437	5.333081016178842	1.1313262812773173	0.2804299860846901	0.4286974354275527	-6.444672693413012
ENSMUST00000114086.7	0.07337731467669784	5.550040907117649	1.130113914756527	0.28092023610106026	0.42931643615566045	-6.542304301770577
ENSMUST00000003433.10	0.4403088950400962	6.2493099751940875	1.1292980196822018	0.2812505335282813	0.42968002420647544	-6.637718966057713
ENSMUST00000153314.7	1.1215827632527224	5.196450684493291	1.1291043990582668	0.2813289603927907	0.42968002420647544	-6.306832888194623
ENSMUST00000125758.7	0.32090953993208604	6.783622113483315	1.1266781740415166	0.2823131367311743	0.4305296728992234	-6.665096168990987
ENSMUST00000019911.13	0.12417505633595294	5.90631683616884	1.1260617269297724	0.2825636131762848	0.43078107208784516	-6.5920972006749725
ENSMUST00000179478.7	0.8502634438313414	5.6262576721052	1.1240785694105138	0.28337057084489026	0.4314882996127854	-6.560449648481522
ENSMUST00000079735.11	0.10021363750762724	9.1794310492756	1.1234794172196407	0.2836147161615416	0.43172939092548135	-6.772898502430255
ENSMUST00000123927.7	0.16933310821626435	6.9970029664638655	1.1172399452308466	0.2861667858154378	0.4352191957187024	-6.682790387890398
ENSMUST00000082437.9	0.14052000897360095	8.176434048464333	1.1155458996878214	0.2868627054355143	0.43575068570231656	-6.727765362722659
ENSMUST00000169744.7	0.07510725788271966	5.628193574671592	1.115194356829669	0.2870072822304368	0.4358387071842221	-6.5704155049365225
ENSMUST00000051064.8	0.0915878943100541	6.697489503203222	1.1143316211249177	0.28736232985525995	0.4359830764480738	-6.676406326092563
ENSMUST00000020204.4	0.11026739366195848	6.244912977135452	1.1130597596026055	0.2878863591467051	0.43630267098052083	-6.65488950800708
ENSMUST00000004729.4	0.27060672173799727	6.212519816255447	1.1129784853492126	0.2879198703349889	0.43630267098052083	-6.650534483701812
ENSMUST00000035871.14	0.5279320627341733	5.727255677868177	1.110997907465224	0.2887374268669275	0.43690632244093713	-6.587936761780696
ENSMUST00000031160.15	0.3935411589576159	5.951109016896819	1.1109615789835692	0.2887524392995659	0.43690632244093713	-6.614222270876437
ENSMUST00000032489.7	0.09696750909229301	6.499246723278045	1.1101217438223174	0.28909965984503766	0.43722594131344417	-6.678227182296119
ENSMUST00000105785.8	0.38776175242262223	7.302317071882813	1.1100302916905596	0.28913748891866997	0.43722594131344417	-6.696222331687886
ENSMUST00000170653.8	0.11808826913842019	7.395362368976091	1.1090689616892382	0.2895353702565868	0.4376905849553921	-6.699318482613462
ENSMUST00000032998.12	0.06054396720722366	9.069219808103577	1.1077253113501917	0.29009218740442344	0.43807213259962213	-6.7843858399543135
ENSMUST00000101347.9	0.4143734447758991	5.894862298895445	1.1076282350641926	0.2901324479868696	0.43807213259962213	-6.610794890653585
ENSMUST00000033598.8	0.08340890138873824	9.799127225092057	1.1053893528075203	0.2910621633634116	0.4389489639932026	-6.821901492583829
ENSMUST00000199808.4	0.5654815864422806	4.862490897631656	1.1042293160262882	0.29154476920638006	0.43949167617581714	-5.792310811534834
ENSMUST00000174064.8	0.13765041811964185	7.510613035485803	1.1040658631814226	0.29161281876915185	0.43949167617581714	-6.70794329658011
ENSMUST00000024946.5	0.08371988128584018	5.92049159502417	1.1038946792340254	0.2916840999306407	0.43949167617581714	-6.617947490938181
ENSMUST00000049149.14	0.10918641068722756	7.988269680009831	1.1008214088707668	0.2929660667765196	0.4406980710920879	-6.7348292566491335
ENSMUST00000111303.1	0.330666508482536	5.397431132421983	1.1004071141430736	0.2931392101383128	0.44076012140043386	-6.520562132023763
ENSMUST00000114795.2	0.4081287762324868	5.443076937833793	1.098167119064533	0.2940767014888471	0.4419055810007138	-6.546261620008761
ENSMUST00000087204.8	0.11519355860650293	5.723356285850637	1.0979201157004106	0.29418021735173105	0.44192913511393217	-6.6015621741261565
ENSMUST00000095313.4	0.05644333848724781	7.686836595616383	1.097660358230939	0.2942891081014929	0.44196074712197336	-6.722084674245987
ENSMUST00000037633.14	0.09848906923465073	5.794192963529279	1.0973165624501697	0.29443327483985143	0.4420453016172165	-6.610352813912818
ENSMUST00000054220.9	0.235861475099572	8.253691132515204	1.0940974856247034	0.2957857556230384	0.4438109563195664	-6.75469212704994
ENSMUST00000019917.5	0.06856239573443634	7.260202191798653	1.0884993872902575	0.29814896646916483	0.4466907237362622	-6.718603568064429
ENSMUST00000102782.3	0.11691175192039083	7.0729211085527695	1.086341763243537	0.29906359712774594	0.4474980936087254	-6.717756101207294
ENSMUST00000024988.14	0.1907448337494353	7.14211750462139	1.0856163301085568	0.2993715882309334	0.44772249119792684	-6.719713693594173
ENSMUST00000138299.1	0.06272892370541872	5.150644060119091	1.084066909772405	0.3000302141888177	0.448440881635158	-6.294561096221503
ENSMUST00000002735.7	0.11031860618249745	6.058272742530124	1.0797665461998018	0.30186393232555714	0.45063954012591767	-6.6634076213566145
ENSMUST00000106426.7	0.13458345407500794	8.185001588122557	1.079567308088491	0.3019490935727427	0.45063954012591767	-6.766868371285158
ENSMUST00000207714.1	0.20096131191292432	5.926822142507592	1.0788130709176242	0.30227164440690474	0.45085343700300556	-6.645549854570003
ENSMUST00000038188.13	0.11540217959576538	7.00303727147849	1.078514030986861	0.3023996011146421	0.4509106085381637	-6.72459107124964
ENSMUST00000051341.4	0.07906630422374672	5.413217933718301	1.075151375152551	0.30384126030880454	0.4525237953267009	-6.556879712170745
ENSMUST00000035199.12	0.23280130704143787	4.95339711197306	1.0686006828610861	0.3066645321058941	0.45618842726929426	-5.995583931295055
ENSMUST00000102795.3	0.187863525785664	5.320518189539474	1.0652865303451675	0.30810036249093087	0.4580534644479531	-6.5057404395458605
ENSMUST00000110011.7	1.4852809088311325	8.962021753601713	1.0642092006884105	0.3085681890704171	0.45820736694606506	-6.825223785805863
ENSMUST00000090569.9	0.07400354178435364	7.152008579548296	1.0589261461875	0.3108700286452311	0.4608870388553311	-6.74801906924111
ENSMUST00000049168.7	0.08507518658299773	5.112173314336257	1.0588062797540851	0.310922403075928	0.4608870388553311	-6.268096208149918
ENSMUST00000114634.2	0.0613071160340537	6.09238386201559	1.0583429866208813	0.3111248962588939	0.46105135584049933	-6.6911175892947625
ENSMUST00000074285.7	0.10467140084896087	5.124098656887331	1.0578424164139193	0.31134379284521296	0.46123987685638	-6.285963856341689
ENSMUST00000159759.1	0.08039461938643555	6.047745951061544	1.0571602025324183	0.3116423061699087	0.4615462002769533	-6.685584021080891
ENSMUST00000067167.5	0.07330498974787414	5.366698541881813	1.056284883906447	0.3120256280531022	0.4619779089862146	-6.547942353075637
ENSMUST00000043767.8	0.07538274785086774	5.787722974705155	1.055251589110692	0.312478583535585	0.46237639816692006	-6.654110885192074
ENSMUST00000152566.7	0.4983892853059775	4.980573552209753	1.0530701676234409	0.3134364409509114	0.4632487468930773	-6.06057025465105
ENSMUST00000015749.5	0.056447821311436996	6.737912020897461	1.0523644557866227	0.3137467850354605	0.4635712409730989	-6.743279676014996
ENSMUST00000062674.6	0.07829618232803348	5.642618013240293	1.051485693148608	0.31413354962365775	0.4640064263525021	-6.64007188291637
ENSMUST00000220054.1	0.19499272934742962	9.001351364658877	1.0511570717937784	0.3142782748862615	0.4640839450991434	-6.840903813200587
ENSMUST00000020022.7	0.06603652455176245	7.528738120497129	1.0506268164117087	0.3145119046068311	0.46429266199441527	-6.76514552709201
ENSMUST00000036381.9	0.05407538706502191	5.701771761772255	1.049969532779857	0.3148016820378195	0.46458411919397763	-6.649392562827815
ENSMUST00000019038.14	0.31636643223725525	5.895287482729021	1.0487402934063395	0.31534415095976337	0.46524821802890604	-6.6731905909641185
ENSMUST00000198584.1	0.22655149161165422	6.479923683375194	1.0470898367923103	0.3160735970053412	0.4661877064010178	-6.744573532539486
ENSMUST00000052838.10	0.16863260488539833	5.179163153173148	1.0464753519018237	0.3163454984366189	0.46645199373816815	-6.371763766293558
ENSMUST00000022629.8	0.08175645408393084	5.253942212906661	1.0447134130784466	0.3171260957052049	0.46746597934160145	-6.461890905527541
ENSMUST00000026667.14	0.04503551143351192	6.637725093272363	1.043700713412439	0.3175754014022987	0.4679911670928426	-6.7504125768024466
ENSMUST00000038388.6	0.10918038200982139	5.078108161800167	1.0425186624656382	0.31810044020035133	0.4683533259139501	-6.23207750441198
ENSMUST00000021201.5	0.08980529541107707	5.845755116656586	1.0418143458541198	0.31841358652771357	0.46867722464041167	-6.6744485777373095
ENSMUST00000116229.1	0.15454196841852852	7.0715235535916126	1.0402387974612612	0.31911491811813314	0.4693268991186136	-6.766025601639952
ENSMUST00000154584.7	0.283847655339855	5.3331606574043	1.0381283887861168	0.3200561257160247	0.4702693833169744	-6.543698503186598
ENSMUST00000032961.3	0.23175646659257332	9.275175117469066	1.0367183317915842	0.320686131355829	0.47105749689085424	-6.870020795176759
ENSMUST00000228916.1	0.3369459661999077	6.1107753719120215	1.034613699700356	0.3216281738268771	0.4721655507799879	-6.7184461524832635
ENSMUST00000032825.13	0.08958816084345145	8.73830642182317	1.0340156420591393	0.3218962396032288	0.4723956134369176	-6.844388616836057
ENSMUST00000102507.9	1.1122880322407562	7.041850986600445	1.0305811761438204	0.32343885489010826	0.4737751772316592	-6.775329751089371
ENSMUST00000160744.1	0.6574330581210495	5.02122979931158	1.029082676297468	0.32411362232149177	0.4742919237636489	-6.15520165182337
ENSMUST00000091853.11	0.9170269740476344	6.34361795149391	1.0260856115574015	0.3254662965862649	0.47571787859543835	-6.75763759592799
ENSMUST00000150975.7	0.17552883376946316	5.754973478209506	1.0240470354106035	0.32638874400005646	0.4769276128563126	-6.682503644130779
ENSMUST00000060895.5	0.06759554595208783	6.5530829206625665	1.017921480938343	0.32917209037516626	0.4800187787470903	-6.775733652718313
ENSMUST00000169921.7	0.6239789187447524	5.318366488380641	1.01698301094657	0.3296000480162078	0.4805035762299454	-6.553527379207813
ENSMUST00000071263.6	0.07779490719011051	5.149518198715647	1.0162669719193669	0.3299268476043695	0.48084066346975174	-6.362904748852591
ENSMUST00000023391.14	0.09370803743248768	5.19070675097176	1.0098852850013724	0.33284992907508415	0.4841191075966315	-6.424087182575596
ENSMUST00000165123.7	0.03890042536789906	7.050640876744399	1.008793398273042	0.3333519491049617	0.4846681109989566	-6.797551387583468
ENSMUST00000029005.3	0.16459245233700415	6.31597794875695	1.0086453460607743	0.3334200620487754	0.4846681109989566	-6.77232546469678
ENSMUST00000033269.14	0.07615753958572302	5.397639837329619	1.0083320932068078	0.3335642107330523	0.48473759220045814	-6.616267906997813
ENSMUST00000128756.7	0.20862496734521763	5.065765167625624	1.0060356885826556	0.33462232968522554	0.4858613848063538	-6.249124777502229
ENSMUST00000032071.12	0.06008247650956289	6.175478768225758	1.0059179657034827	0.33467663896773003	0.4858613848063538	-6.7571107548564315
ENSMUST00000025668.7	0.14594517238712879	7.648319397331968	1.005184103743102	0.335015337555145	0.48588160351380966	-6.816177578618628
ENSMUST00000078804.11	0.09482116617371084	8.833102204585558	1.0051577913963594	0.3350274861040361	0.48588160351380966	-6.878827176006744
ENSMUST00000019317.11	0.17092513285647915	5.286695496263608	1.001224574485683	0.33684708470991753	0.4882390328941501	-6.539044491198201
ENSMUST00000111068.7	0.053823264300622675	7.603387199956319	1.0005930204483025	0.33713992518944214	0.48852274298043874	-6.818768088375911
ENSMUST00000003677.10	0.11400233452656572	5.451268926224166	0.9999354206528263	0.33744503933152104	0.4886833600681872	-6.650814503577477
ENSMUST00000028938.6	0.0691598392202799	11.303016332550127	0.9987638256013839	0.33798913508885753	0.48918968315076017	-6.983421104928319
ENSMUST00000033093.9	0.23382225467008233	5.752041814471457	0.998217746713212	0.3382429550906424	0.4894162516712746	-6.708091987325472
ENSMUST00000041767.13	0.049927673617065516	5.86898969667813	0.9963704954019459	0.33910259234588946	0.4905190172777947	-6.723101742185014
ENSMUST00000053232.6	0.2306867405968287	5.512363186029541	0.9953069242595233	0.33959825480724404	0.4908980703265151	-6.674772622122546
ENSMUST00000089430.5	0.12690402071317042	6.15977629101402	0.9944362787267598	0.3400043980400107	0.49123845067817695	-6.766291193075426
ENSMUST00000173739.7	0.8953480354407581	7.040764412554148	0.9942568167417521	0.3400881581618148	0.49123845067817695	-6.81183970289526
ENSMUST00000091900.9	0.11978778923610633	6.591819243484207	0.9932867237041474	0.34054118777673104	0.4916105353528648	-6.800870950197362
ENSMUST00000161227.7	0.13783090714610324	5.827439397117043	0.9928560803015662	0.3407424366591608	0.49161892710990485	-6.721767303805926
ENSMUST00000222282.1	0.6656473788026878	5.129580183489094	0.9915794490624338	0.3413395401028113	0.4921981158662206	-6.3603657389038695
ENSMUST00000068697.10	0.09600834219325982	5.875457085572494	0.9906058098116948	0.3417954377739917	0.49271428293437025	-6.729573747389578
ENSMUST00000040580.6	0.06252425266944162	6.400371586346977	0.9901785620264782	0.3419956317183377	0.4927792872211248	-6.798119463978437
ENSMUST00000024873.6	0.052714942160903	7.196754111592627	0.9899797259014718	0.34208882856900213	0.4927792872211248	-6.8187334763249385
ENSMUST00000110001.3	0.06723914241240525	5.5324522691194025	0.9896798083317323	0.34222943825467655	0.4927792872211248	-6.685414834208984
ENSMUST00000170957.2	0.10317515147189393	5.0294244236759145	0.9831662373488228	0.34529349811947385	0.4969026284436708	-6.213742049941835
ENSMUST00000114195.7	0.08170145165227183	5.202285062726062	0.9828858255027615	0.34542585013771465	0.49695094425016945	-6.465910693867075
ENSMUST00000064637.10	0.5815539202385107	5.182025786917001	0.9792693091102201	0.3471360939061936	0.4989833395548743	-6.442844506798201
ENSMUST00000027929.9	0.08051903464299048	7.017795096966778	0.9757500734646664	0.34880617757955656	0.500716165646953	-6.829525900943808
ENSMUST00000130411.6	0.10900706471528121	6.757459198335988	0.97568054940545	0.34883922889933816	0.500716165646953	-6.820996044389136
ENSMUST00000028970.7	0.22558962166460805	6.10780106771048	0.9754065096596739	0.34896952766527134	0.5007603233553851	-6.777138982687465
ENSMUST00000025137.7	0.0679172649512525	5.2842769093132915	0.9727565609842115	0.3502313133168675	0.5019982157541768	-6.5645282566211645
ENSMUST00000021048.6	0.05782827563190196	5.154954727222103	0.9721747406558662	0.35050878766868865	0.5021098265265298	-6.413606269076101
ENSMUST00000115571.7	1.0761492378775772	4.472997706719963	0.9717055490889237	0.3507326633850044	0.5022599470564759	-5.30556870243261
ENSMUST00000059802.6	0.1571658877322255	7.084181084035379	0.9713907548140771	0.3508829255944532	0.5022599470564759	-6.83513286414812
ENSMUST00000119499.7	0.1536968148210116	5.461040844609572	0.968693573640742	0.3521722757918221	0.5039188622038273	-6.684966626471679
ENSMUST00000077221.5	0.17443062743299986	7.58741351567414	0.9655812089147463	0.3536643111090402	0.5059099087829346	-6.852510641037709
ENSMUST00000030971.6	0.05034116922411247	6.026265367384446	0.9651722962552691	0.35386067510025465	0.506046917688852	-6.774720729855629
ENSMUST00000025025.6	0.2314189104047184	6.61206586759892	0.9632892926695814	0.3547659182072084	0.5069388134876333	-6.830401293891198
ENSMUST00000058860.13	0.08089482300170037	5.730711801955986	0.9626297378098039	0.3550833862415258	0.5072089029106841	-6.7403679706356385
ENSMUST00000003156.14	0.38212514089593874	6.115836270240923	0.9611175466766078	0.35581202499835596	0.507559816934305	-6.792200947351149
ENSMUST00000013633.11	0.200668476463707	5.556725086227704	0.9610873827300221	0.35582657013064867	0.507559816934305	-6.7177643406446625
ENSMUST00000114000.7	0.17229692990233314	6.415504177020269	0.9597824151757283	0.3564562349978351	0.5080258691994641	-6.828626271606973
ENSMUST00000085383.10	0.174879600448393	5.286392254000592	0.9583796914661796	0.35713395405454684	0.5087035455403243	-6.5805161341506615
ENSMUST00000172298.7	0.05756513938484353	6.270054245840231	0.957142011658294	0.3577326949278371	0.5091373510789988	-6.817706320258067
ENSMUST00000021810.2	0.10317473769647023	6.278251105146713	0.954301645232579	0.3591094537191035	0.510649989163598	-6.821374507854785
ENSMUST00000076431.12	0.04749642238127194	5.595212337648554	0.9536050780311367	0.35944766255694505	0.5109864906255978	-6.730880809475155
ENSMUST00000062292.4	0.0628464768898489	6.061110232021623	0.9527901088727774	0.3598436471878901	0.5114049121475354	-6.791840159829763
ENSMUST00000055117.7	0.06596203051806526	5.778617350309442	0.9522297688835817	0.3601160900310194	0.5116475710099008	-6.755850734734249
ENSMUST00000070635.12	0.4130964603509577	8.093349581564194	0.9465271761163182	0.36289707856909237	0.5146758574474204	-6.896462881752088
ENSMUST00000207750.1	0.09006337294905453	5.556058855734143	0.9463469756688367	0.3629852044064724	0.5146758574474204	-6.73172446952781
ENSMUST00000107914.9	0.045633547837253374	11.380889662642154	0.9462005658547358	0.36305681631557385	0.5146758574474204	-7.0374249000795315
ENSMUST00000071095.13	0.19354063714156577	6.339190323469013	0.9461199390442501	0.3630962567397068	0.5146758574474204	-6.8358172197941265
ENSMUST00000001950.11	0.08212423260901591	5.955315044968293	0.9447283765920946	0.36377744894452924	0.5153305987977129	-6.783907815391209
ENSMUST00000114313.7	0.08914220477147605	6.108626380891414	0.9439475817008428	0.36416005639401516	0.5153305987977129	-6.807487842100151
ENSMUST00000094434.12	0.19778468792104498	8.830045218137073	0.9439439808435001	0.3641618215560082	0.5153305987977129	-6.938311771317353
ENSMUST00000137543.8	0.11965703161529984	6.940515959910515	0.9437747138620465	0.36424480407963966	0.5153305987977129	-6.857950009798304
ENSMUST00000034370.16	0.5559885301992304	4.845308189665619	0.9428178831540845	0.36471413830327803	0.5157045614962877	-5.919737404955624
ENSMUST00000059297.5	0.11702980309234423	5.183543666934478	0.9408904290496224	0.3656608695575503	0.5162749988278769	-6.481565687920002
ENSMUST00000046257.13	0.116416418639532	5.50324911617196	0.9403387490003479	0.36593216419646146	0.5162749988278769	-6.7252483419532805
ENSMUST00000100009.10	0.10279074280453937	5.387608829098443	0.9401172490546105	0.3660411291629968	0.5162749988278769	-6.676335994129166
ENSMUST00000107818.8	0.05623729678705747	6.1552466665010535	0.9372979411238064	0.367430063994163	0.5180703553633796	-6.8208289771523365
ENSMUST00000011400.7	0.12468560433163223	5.167754557479248	0.9357010179957327	0.36821843580838776	0.5186527687822311	-6.465342255322781
ENSMUST00000196109.4	0.15602300049129347	5.492132028447273	0.9350929536328113	0.36851893904846644	0.5188704753929876	-6.726869611052286
ENSMUST00000034388.9	0.034827153085830176	6.384047487830455	0.9349223626635174	0.36860327550279026	0.5188704753929876	-6.850316625193152
ENSMUST00000046157.9	0.7163175334846441	5.499466373284506	0.9337936962613427	0.3691616058523347	0.5195110598721946	-6.730292112870809
ENSMUST00000102529.9	0.7528362421640846	5.546737155536357	0.9328924312802942	0.36960787198961953	0.5198482538383494	-6.742800322634818
ENSMUST00000101454.8	0.06676247445600758	10.166553993787232	0.9319573970906101	0.37007125993188317	0.5203545301054511	-7.009625593061436
ENSMUST00000122300.7	0.17392417472770028	5.264105744164637	0.9317200207201917	0.37018896481779473	0.5203745968142848	-6.58326901752892
ENSMUST00000069922.7	0.06501198914862982	6.777222721174599	0.9310946500489452	0.3704991855880302	0.5205840318848873	-6.864141396454185
ENSMUST00000030121.12	0.05613664043243727	6.447010986794868	0.9309072414175197	0.3705921868900919	0.5205840318848873	-6.857713573705595
ENSMUST00000029256.8	0.04663144354933735	7.79300434540727	0.9283478819870162	0.37186390693112004	0.5218542024464337	-6.898083958183865
ENSMUST00000021428.8	0.041371771041222694	6.782220635732218	0.924973625282025	0.3735452151945535	0.5236294170085815	-6.870006202610533
ENSMUST00000211085.1	0.12901344029077588	5.778155643983299	0.921451023229948	0.37530611185938534	0.5254076727610341	-6.784750667418285
ENSMUST00000008528.7	0.08074925737136951	5.968601528061941	0.9212086827699113	0.3754274672681629	0.5254076727610341	-6.807841325241071
ENSMUST00000118113.7	0.06384926829325721	5.293946429161158	0.9211828873175615	0.37544038631999954	0.5254076727610341	-6.622984042657325
ENSMUST00000036248.12	0.13030765437283875	8.640384598334535	0.9206883870961868	0.37568810530715646	0.5256081362069812	-6.949542736535093
ENSMUST00000107433.7	1.0206551891297497	4.318263958859734	0.920139765445159	0.375963069921855	0.5258465957122193	-5.178787731026565
ENSMUST00000019076.9	0.35576866246241945	5.5153327348414205	0.9196045989700546	0.3762314263132329	0.5260756825408212	-6.748115801909321
ENSMUST00000034697.7	0.10541360750780893	7.113398144758042	0.9178116811360753	0.37713144985404057	0.5271645326320066	-6.886451708821731
ENSMUST00000004784.10	0.07371477913588897	8.655675692542403	0.9155295678411671	0.3782792146136761	0.5283516737149929	-6.9551866466437255
ENSMUST00000079085.10	0.07708406671930312	9.26527456609134	0.9145211037063734	0.3787871856110022	0.5288480614200259	-6.988692131676946
ENSMUST00000044111.9	0.06280397355751788	9.245940416626048	0.9119992921678415	0.3800595191875421	0.5298086564235313	-6.99000807316421
ENSMUST00000102830.9	0.31643098823215343	5.124685487728778	0.9114834668137916	0.380320135103561	0.5298636700121693	-6.429491174944071
ENSMUST00000079213.5	0.10887968656730251	5.418996436203188	0.9112958796139046	0.3804149425728395	0.5298636700121693	-6.721900217012214
ENSMUST00000163123.1	1.0800991923162462	4.23064575610471	0.9105706236436628	0.38078164493679467	0.530068648029242	-5.104777911999583
ENSMUST00000023432.8	0.08166495797288853	5.169228762215786	0.9097144096360917	0.38121487806119636	0.5303905009750771	-6.491315054606002
ENSMUST00000121285.7	1.0188491347722994	4.421360407210542	0.9090231914228063	0.3815648751048818	0.5307306847256457	-5.297336853326365
ENSMUST00000010239.5	0.08310792490620589	6.320037157257265	0.90706124877422	0.3825595159211591	0.5318200952194947	-6.870205200881063
ENSMUST00000117780.1	0.06855917521915877	5.678055074738806	0.9043524422667798	0.38393574491472793	0.5331440057041116	-6.788241809972383
ENSMUST00000197859.4	0.13754912599261448	5.376490953534741	0.9039703552715561	0.3841301425982545	0.533266762530855	-6.702830813666553
ENSMUST00000085519.12	0.04652207350043547	6.949339566070925	0.9019730792242522	0.38514742275395886	0.5342367476909752	-6.897101608502977
ENSMUST00000113952.9	0.05738995758121401	5.122804211347759	0.901169574009197	0.3855572001789809	0.534657738175428	-6.436265327662774
ENSMUST00000117399.1	0.051491468939977025	9.551953363212855	0.9000297897630694	0.38613899238443483	0.5353169662954235	-7.0164470212398875
ENSMUST00000025930.9	0.05577581210954463	6.147873112830648	0.8986645287988009	0.386836674942198	0.5360903244236982	-6.855465079594565
ENSMUST00000059080.6	0.08900523021109841	10.147920749224749	0.8982571776045679	0.3870450100541537	0.5360903244236982	-7.040171242426609
ENSMUST00000043951.9	0.04444796892940506	6.918731353992186	0.8981045948051598	0.38712306671264074	0.5360903244236982	-6.899568326888534
ENSMUST00000025853.15	0.23890864037987658	6.341308131583868	0.8973571863140306	0.3875055747748005	0.536472357372598	-6.881297891380563
ENSMUST00000114934.10	1.1566050100715346	4.603461363245487	0.8965655354569475	0.38791100935696077	0.5367900828330403	-5.546763554557193
ENSMUST00000021796.8	0.18213618849997637	5.77055443589703	0.8962841963808724	0.3880551642344996	0.5367900828330403	-6.806962607276965
ENSMUST00000080537.13	0.11754591296932304	7.010602135365635	0.8926365275959334	0.38992752991080826	0.5386395944484559	-6.907419477274976
ENSMUST00000029938.9	0.061604799258455856	5.921795616548775	0.889221685777332	0.3916860082379935	0.5401206848444943	-6.830823634679659
ENSMUST00000173888.7	0.23936425057377697	4.993510527952758	0.8888871376932754	0.39185857676056535	0.5401206848444943	-6.241145494954353
ENSMUST00000113360.7	0.04345627458239232	7.54137647200395	0.8874161147218349	0.39261798747036303	0.5407323599405239	-6.923717187795614
ENSMUST00000199754.4	0.7081951422960122	4.762056084787129	0.8866769355739686	0.3929999670611738	0.5411009398699412	-5.8176259379164685
ENSMUST00000110878.1	1.0363295619759496	4.259055351838504	0.8848001320253227	0.39397097185035956	0.5421411267448465	-5.14943737888934
ENSMUST00000025511.9	0.0972204526354652	9.791800143827887	0.883606271754016	0.3945894955321374	0.5428437932792407	-7.04139216144225
ENSMUST00000063661.12	0.13221338439293628	6.344004941426454	0.8829824596889343	0.39491294877125527	0.5431402529437357	-6.894521019126185
ENSMUST00000051955.8	0.06492664512743929	9.945009927381154	0.8809096698583083	0.395989014799097	0.5443226047689227	-7.049265578076506
ENSMUST00000039630.5	0.06616040115171451	5.308346444320651	0.8794033810158282	0.39677224398108923	0.545250248420885	-6.674911066455599
ENSMUST00000070532.7	0.11015299879906326	5.957401154124435	0.8782293031998724	0.3973834654699462	0.5453391662758814	-6.8452936913271545
ENSMUST00000098238.8	0.10865084481139053	5.148339411069976	0.8780364782679474	0.39748391095327285	0.5453391662758814	-6.491836067028383
ENSMUST00000003572.9	0.05632417777615917	6.318910183467536	0.8774310713784241	0.3977993892883547	0.5456185189503032	-6.896821681229873
ENSMUST00000165532.2	0.07012988161430656	9.420649986694613	0.8764612298876002	0.39830513074108354	0.5461632904765307	-7.031230038127067
ENSMUST00000025177.12	0.08653072611995594	5.23921412474145	0.8753702230381905	0.3988745796004527	0.546646148180299	-6.608536511328559
ENSMUST00000171751.8	0.5129210356035969	5.656276468918908	0.8743511873692348	0.3994069638558584	0.5470777117230666	-6.812346938864224
ENSMUST00000007130.14	0.3542077602877267	6.590072717293114	0.8717491130708311	0.4007685829933002	0.5481965038171	-6.914789117036832
ENSMUST00000032888.9	0.04640252597066041	6.264365125419376	0.8701234562207039	0.4016208597907427	0.549063735219355	-6.897165738375362
ENSMUST00000049896.12	0.05266188392751303	5.0970570118358065	0.8680019588754566	0.40273493859300147	0.5502877447206383	-6.427601041617958
ENSMUST00000028045.3	0.17601203749372374	5.323073247027548	0.8677841179126283	0.4028494537036694	0.5502947601366172	-6.698178335157201
ENSMUST00000049811.6	0.057450448316972214	5.324023594811518	0.8639790618621331	0.4048532638769188	0.5525818693881656	-6.702263490505457
ENSMUST00000032322.14	0.06106234555387147	6.202651696053326	0.8605991562325374	0.40663882825479514	0.5542671213627403	-6.89719944666727
ENSMUST00000102636.3	0.04930783450900744	5.757376431259034	0.8596957252333206	0.40711699956030967	0.5546075676700555	-6.838005540672596
ENSMUST00000178310.7	0.1174021457451655	6.398197274429951	0.8592943751375263	0.40732954930249554	0.5546075676700555	-6.919785893158705
ENSMUST00000107249.7	0.14514069945554464	6.505991885600629	0.8552198406055018	0.4094916056045784	0.5567743754705433	-6.928056210659744
ENSMUST00000060711.7	0.06600406319673358	5.121123318893989	0.8531031220863918	0.41061783585314127	0.557726331581305	-6.476370594909267
ENSMUST00000021450.5	0.0370001013081902	5.48179046565087	0.8517159134173776	0.4113570482361336	0.5585215128729797	-6.798911789515266
ENSMUST00000029804.12	0.038063561313893324	5.365937636099683	0.8498210090948349	0.41236824341578593	0.5596505618086913	-6.744120604037861
ENSMUST00000221761.1	0.273157016034558	8.152058471137028	0.8488250382387112	0.41290040043815623	0.5600706159623521	-6.987867556400063
ENSMUST00000030127.12	0.05529275774205722	6.72081605409665	0.8477477637206791	0.41347651683061737	0.5606559236672839	-6.937683389833493
ENSMUST00000168776.7	0.5169182301519113	6.424719045392887	0.8476014849430623	0.413554786867281	0.5606559236672839	-6.931474516308791
ENSMUST00000038830.9	0.07799655048243892	5.221826363215473	0.8468084103394289	0.41397931357156703	0.5607781170109192	-6.614547800119836
ENSMUST00000194069.5	0.057273795646159975	6.718960641270545	0.8454611842557231	0.4147011418089742	0.5614213412440053	-6.93960904260861
ENSMUST00000045748.6	0.0600519664397412	5.373453931066417	0.8452706799020819	0.4148032797594947	0.5614213412440053	-6.752868579535303
ENSMUST00000156359.1	0.8142596017507424	6.321191890502096	0.8450893283975898	0.4149005260873011	0.5614213412440053	-6.925359968074822
ENSMUST00000034428.7	0.04800470726552408	6.945172619267889	0.8443303961913626	0.41530765458368524	0.5615191642597476	-6.948006967710211
ENSMUST00000040853.10	0.05014070117242042	5.651793995803061	0.8412996853138948	0.4169361380637554	0.5634906602382184	-6.8405408961235
ENSMUST00000116476.8	0.1485642983386235	5.718267843168853	0.8411999353061883	0.41698980879882463	0.5634906602382184	-6.849287704859239
ENSMUST00000176683.7	0.13304608228316628	5.903670949460194	0.8403379907278351	0.41745377216510215	0.5639661460157436	-6.8714985506899104
ENSMUST00000001672.11	0.21768078475737163	5.650271364700338	0.8394955891356649	0.4179075485114787	0.5641247321065869	-6.84188095391381
ENSMUST00000038563.13	0.20217850232879897	5.491445212800587	0.8367279056642064	0.4194007293062716	0.5658053174776172	-6.814742633493254
ENSMUST00000038434.3	0.08605091412579657	5.142047788161555	0.8363155540636033	0.41962349880673844	0.5658337771366124	-6.519402069989008
ENSMUST00000003521.9	0.04257182705745066	9.60592291275847	0.8345544052053746	0.4205758303796001	0.5669659706966153	-7.076600853870536
ENSMUST00000003575.9	0.059355176366901574	8.90797240288824	0.8335920939099484	0.4210968011695685	0.5675162085947225	-7.041833565182396
ENSMUST00000074694.6	0.05976731658164969	6.537926704280947	0.833265674513801	0.42127361359177595	0.5676024504499799	-6.947451500342843
ENSMUST00000119953.1	0.050378550880821216	6.559314286280076	0.8317685900753371	0.4220851743412286	0.5684968931216895	-6.949033686530715
ENSMUST00000038876.12	0.11634787342422293	8.186242094332158	0.8298861751511322	0.42310709106226874	0.5694627541825238	-7.005689924088895
ENSMUST00000018880.13	0.04653911662564081	6.415955792623692	0.8283541694909754	0.42393998797176047	0.5704311525771402	-6.947432492377705
ENSMUST00000004565.14	0.027315549996208333	6.262255805841279	0.8275805315715026	0.4243609994071945	0.5708449700581807	-6.933649216469637
ENSMUST00000013807.7	0.03865030073534648	5.839011185026691	0.826799122420527	0.4247865205611986	0.5710043343358214	-6.875301372173684
ENSMUST00000128549.2	0.2741811354970576	5.790920020150863	0.8248359501402158	0.42585682214976883	0.5720923023325732	-6.871631225089335
ENSMUST00000001304.8	0.045127981906661674	8.284194786385243	0.8236022089263291	0.4265303557223944	0.5726874263653156	-7.015819642441811
ENSMUST00000037001.8	0.051474300783861615	5.265553408979802	0.8233990766411131	0.4266413186279473	0.5726874263653156	-6.680715979640025
ENSMUST00000110036.9	0.07314166090974172	5.114894689063532	0.8155069143709319	0.4309672178646524	0.578031477759815	-6.499225123011032
ENSMUST00000117507.8	0.12240744889692046	8.625858808293488	0.8134009430157575	0.43212640655099166	0.5790002980405602	-7.043184334522234
ENSMUST00000000939.14	0.05803391987603668	5.0671555920112645	0.8133583093147673	0.43214989448266816	0.5790002980405602	-6.426438912655651
ENSMUST00000021380.9	0.1491890318446174	5.526363365786127	0.8123026372718283	0.43273175643511974	0.5796255235956037	-6.8451980429632915
ENSMUST00000032309.12	0.09665992863559403	5.30765920681332	0.8120084571337424	0.4328939930792316	0.5796884959227081	-6.732113260223741
ENSMUST00000034879.4	0.0521120238675552	5.306584539128763	0.8107116491078479	0.4336096410205944	0.5804923107968628	-6.73215817245521
ENSMUST00000080861.5	0.0685572430945296	9.176489183111164	0.8103475725642646	0.43381069698813035	0.580550325910703	-7.075385121505045
ENSMUST00000186131.6	0.39588497322053584	5.813127821613416	0.8093628993955303	0.43435477379549714	0.5806863481202527	-6.886978142126214
ENSMUST00000109260.1	0.06421082629467278	5.299668977944631	0.8078627540998689	0.435184529392584	0.5813630821492539	-6.727783224454509
ENSMUST00000089449.4	1.0151632357761935	4.954696507383555	0.8059484600211209	0.43624485967191207	0.5824702465523858	-6.241078084294462
ENSMUST00000047086.9	0.0425353159681201	5.279069637183418	0.8053611606764117	0.43657050312643086	0.5827503850435324	-6.709303645685089
ENSMUST00000073012.12	0.36131327038115835	10.529990503929502	0.8031836328320396	0.4377792726671592	0.5840539699783819	-7.134636438602783
ENSMUST00000061352.10	0.8957830849079857	4.324908580471734	0.8001169487627022	0.4394853131941098	0.5860192448130311	-5.274706295588167
ENSMUST00000121111.8	0.21688734518820052	5.592270155098943	0.7984304935829634	0.44042535079040257	0.5871171011728975	-6.86804873809361
ENSMUST00000023507.12	0.04995430927580191	5.668745591374873	0.7959571536227134	0.4418063592143423	0.5884902814951962	-6.880668298002901
ENSMUST00000141365.2	0.1347004826978928	6.479552736212256	0.7947763533091236	0.44246665642461236	0.589213803195401	-6.978349189933818
ENSMUST00000000759.8	0.03913276541865773	6.32977845084885	0.7937218589614092	0.4430568636210023	0.5895703996630559	-6.969277439279849
ENSMUST00000028633.12	0.30728700549275967	7.321346868729257	0.7922761024760872	0.4438668899230306	0.5904532848235766	-6.99919356839302
ENSMUST00000081111.13	0.02933033870052615	6.531100989287334	0.7912164591632763	0.4444611926099199	0.5907752338231195	-6.982275683238894
ENSMUST00000170578.1	0.05438419464565225	5.154016420065405	0.7903531099233037	0.4449457830879847	0.5912631364806262	-6.5736011039289055
ENSMUST00000116669.1	0.6166300649078238	5.218723155263329	0.7868343295956	0.44692436810312486	0.5934221419706575	-6.660850905792896
ENSMUST00000222651.1	0.9870102144823543	4.4914941068292755	0.7795769481810386	0.45102299185772987	0.5977599241402105	-5.4824337397781004
ENSMUST00000109444.2	0.5237918221290299	4.695059906403853	0.778680230698548	0.45153108190825464	0.5981135850688674	-5.788350868324221
ENSMUST00000102845.10	0.0741212790410053	8.790512936287563	0.778476632924036	0.45164649367454324	0.5981135850688674	-7.080946538542689
ENSMUST00000116621.1	0.04685933301874545	7.841324741844142	0.777848836791381	0.45200248604572935	0.5982700624299038	-7.031329516442042
ENSMUST00000124973.8	0.11830110423132467	5.449093402627747	0.7775478976699367	0.4521731974737675	0.5983385998133941	-6.849551672305396
ENSMUST00000073926.7	0.07959564173804878	5.675012676683471	0.7736741397793404	0.45437431364657277	0.6007771805403174	-6.899418530622244
ENSMUST00000021617.13	0.20764830005295565	7.112311394806101	0.7718841792735803	0.4553936956812028	0.6019668110804339	-7.011928193863928
ENSMUST00000021963.4	0.04596115930445421	5.496022214306075	0.77126840371825	0.4557447162245356	0.6022725682494454	-6.869947999589212
ENSMUST00000026407.8	0.026538517296307518	9.433756040795245	0.7705991076114442	0.45612644126946367	0.6024605214036943	-7.120989361370861
ENSMUST00000018274.9	0.15127663001792246	5.270418909869896	0.7702130600685212	0.45634671137414606	0.6025932558853881	-6.7288845229401595
ENSMUST00000054960.7	0.09730029452552191	5.855421959094921	0.7696556134785908	0.45666489733066895	0.6028551819655197	-6.923901179019628
ENSMUST00000048967.8	0.024914176873929605	11.362919382554267	0.7667122247505872	0.4583472973668351	0.6044417439194095	-7.193178047859756
ENSMUST00000057885.12	0.0524861215439536	10.349765333881074	0.7646783662679284	0.45951211762006594	0.6056650211433979	-7.159880676682204
ENSMUST00000082429.6	0.40258532256974533	8.459018957525222	0.7646721512471073	0.45951567992533293	0.6056650211433979	-7.073180372827512
ENSMUST00000020718.9	0.13260269909394662	5.202877375516788	0.7638618106449325	0.4599802981584935	0.605801277496173	-6.6596049633558625
ENSMUST00000060714.9	0.03431950260199734	5.554122852273504	0.7617502211125892	0.46119239949159185	0.6067818982944699	-6.89141680469806
ENSMUST00000058793.12	0.04242553654806258	5.578491023897475	0.7585402847843699	0.4630388414423583	0.6088730818861747	-6.897906012294752
ENSMUST00000075510.11	0.06170136754730837	5.246138204092084	0.756939460905382	0.4639614189815392	0.6099268092229224	-6.7142413811775405
ENSMUST00000049241.8	0.10714705693974658	5.411344508384798	0.7562516848226449	0.4643581495732627	0.6102888846664276	-6.849096551690239
ENSMUST00000056398.10	0.05923462206430763	6.0957774827029665	0.7553315829973413	0.4648892268109339	0.6106161941955041	-6.968410759804796
ENSMUST00000034150.9	0.0571640457371041	5.0870135936442535	0.7549792774125208	0.4650926766362893	0.6106161941955041	-6.5046994479613796
ENSMUST00000191837.5	0.723957540920396	5.711876682521102	0.7525598681684668	0.4664913523309242	0.6117840820655954	-6.9207673780422825
ENSMUST00000174459.1	0.07459401996809767	5.158701955908938	0.7524036489325854	0.4665817543689491	0.6117840820655954	-6.6098572034434095
ENSMUST00000164259.8	0.047389372640636473	5.937770249196539	0.7514281364396864	0.46714651953188346	0.6120349322304441	-6.948171983520773
ENSMUST00000044166.8	0.10935879805251236	5.189512177285157	0.7472971320168791	0.4695428815572028	0.6143745740219213	-6.654859537333886
ENSMUST00000143219.7	0.046596457936764146	5.972260275331472	0.7467325795792104	0.46987097024341196	0.6146440070968814	-6.956565165127786
ENSMUST00000046285.5	0.10226571190111411	7.352078536476514	0.7463705389905371	0.47008144493288373	0.6147594877715982	-7.036188017390332
ENSMUST00000046463.8	0.03692977572848388	5.580729658521601	0.7398624003096859	0.47387503533434716	0.6192377409784677	-6.912639184638883
ENSMUST00000032409.14	0.15745143825791974	6.229792027051195	0.7395162793715153	0.47407732122173285	0.6193412108716017	-7.000139912749349
ENSMUST00000022976.5	0.062132823654519775	5.2973021783796765	0.7391539787109831	0.4742891206492229	0.6194570524367187	-6.779904801138819
ENSMUST00000023071.6	0.037091598990363295	6.823592711842726	0.7368064487691598	0.47566290143841405	0.6206068612906279	-7.0308076021928025
ENSMUST00000026420.6	0.059859247886024036	9.95125133773502	0.7362870064854301	0.4759672138206793	0.6208428967414669	-7.169211063814463
ENSMUST00000183209.7	0.6014412515177332	5.73664793564146	0.7344182126601235	0.4770630346686823	0.6221109713369986	-6.937784938531384
ENSMUST00000020217.6	0.048639358241409525	8.985754485203778	0.7337857887109963	0.477434228252152	0.6224336880892917	-7.126291382239566
ENSMUST00000176557.7	0.07677029466406449	5.604440723571261	0.732301749429069	0.478305968946692	0.6234086346556496	-6.921818392880405
ENSMUST00000143400.7	0.040182570687761654	5.340953248317313	0.7300508183439225	0.47963006731093405	0.624972511950611	-6.823938629997531
ENSMUST00000035983.11	0.05808235547350549	9.36731349055008	0.7296794043575839	0.47984876695675927	0.6250955842981502	-7.149254401722556
ENSMUST00000160027.7	0.054168790779097975	6.177373321830824	0.7286277956173265	0.4804683192888861	0.6254168471778488	-7.0010643843821985
ENSMUST00000031103.13	0.13021624433207002	5.446635851648335	0.7283457662226064	0.4806345599641699	0.6254714100309723	-6.886776258821571
ENSMUST00000005051.5	0.9651063653283627	5.116848219696859	0.7270028896830236	0.48142659738624105	0.6262407247397298	-6.571700387264255
ENSMUST00000013304.7	0.0457772592145389	7.196900194108316	0.7269214080697339	0.48147468163253326	0.6262407247397298	-7.0479747002383855
ENSMUST00000034868.13	0.15054436628408396	6.5125994273913195	0.7262177899962162	0.4818900264810664	0.626618951467109	-7.032748695762071
ENSMUST00000040182.12	0.03438546807386711	5.226068788854119	0.72496750723129	0.48262861062834717	0.6272978196899865	-6.717159352585214
ENSMUST00000095083.10	0.09025579098541225	5.4962085003140615	0.724765533429084	0.4827479886301438	0.6272978196899865	-6.905814978137694
ENSMUST00000067927.8	0.17524737734164741	5.665884934321235	0.7247009627670056	0.48278615739209463	0.6272978196899865	-6.93600057753388
ENSMUST00000219442.1	0.09731392930145955	5.578382816947948	0.7243606281877929	0.4829873653171636	0.6273972204778338	-6.92400805456226
ENSMUST00000032501.5	0.055769153445680786	5.526677283929545	0.7231578717663792	0.4836988551640897	0.6281592515050427	-6.915561902516774
ENSMUST00000117648.7	0.08730582889866145	5.896624778686671	0.7227221080898809	0.4839567896443594	0.6281631036910549	-6.964924987891967
ENSMUST00000139122.7	0.0368573114039874	6.85203718076024	0.7209175974398576	0.4850258023874928	0.6291797955749004	-7.043825610461123
ENSMUST00000120087.5	0.0639252587459076	5.421154627444176	0.7205646460017506	0.48523506396951177	0.6291797955749004	-6.881721565929785
ENSMUST00000032934.11	0.04201223021339473	8.624405113808992	0.7193422669214485	0.48596022841849407	0.6296672698088462	-7.117287072816378
ENSMUST00000160834.7	0.07815937940696926	5.774186071427257	0.7192980273879616	0.4859864855233055	0.6296672698088462	-6.953445568351711
ENSMUST00000033734.13	0.4936082699114408	4.973351870548873	0.7186495021641208	0.4863714987060389	0.6298417014131484	-6.342604157716521
ENSMUST00000168536.7	0.33255433024467784	4.957639364815104	0.7171016194295124	0.4872911917569722	0.6308702999818134	-6.3149737324538116
ENSMUST00000060311.11	0.0862826882551202	6.077989041104973	0.7155126739051751	0.4882363871813631	0.6317688435981064	-6.995917977299338
ENSMUST00000040668.8	0.03331822525628425	5.805219058140866	0.7135426876961868	0.48940979945300833	0.632798946555663	-6.961131606559836
ENSMUST00000040555.14	0.11275661881082222	5.262733473338048	0.7122082889273903	0.49020560258900603	0.6336650530897454	-6.7653231608120485
ENSMUST00000061587.12	0.20984086706684657	5.705666755729804	0.7119551322022167	0.49035666797161026	0.6336975074660085	-6.950653155454692
ENSMUST00000002529.6	0.08190759640585821	5.6596782858783685	0.7105583701335563	0.4911906623490392	0.6344493510341505	-6.9456698924289295
ENSMUST00000171412.6	0.3645877185757742	7.276307861721538	0.7098957324545877	0.4915866188458996	0.6347978129912014	-7.0620643540500785
ENSMUST00000042646.7	0.18262801702109677	5.921285572884278	0.7081701696009749	0.4926186314342128	0.6358040879285595	-6.978706738984171
ENSMUST00000072298.12	0.05417311359583188	5.4589456613870535	0.7056893691897044	0.4941046319243443	0.6373949751824042	-6.9080037047377765
ENSMUST00000030795.9	0.04564710174200304	5.970626309892933	0.7044776490707111	0.4948314382562312	0.6378259272145196	-6.988004540534503
ENSMUST00000082134.5	0.08391074165924373	8.331741144210445	0.7042870518837518	0.4949458198858049	0.6378259272145196	-7.112081749837393
ENSMUST00000047203.8	0.0625843625722764	5.397639116946713	0.7035685475834157	0.49537715406981164	0.6382183001601082	-6.880513910437301
ENSMUST00000202806.3	0.10660852269639776	5.552534069755706	0.7006709830597758	0.4971189302296115	0.640134460707749	-6.937223551553946
ENSMUST00000172733.1	0.05896224002772943	7.1877715422368516	0.699516081855955	0.49781418927034604	0.6408657078349823	-7.068067434357353
ENSMUST00000048096.11	0.32148561654862995	5.166826424677748	0.6948319753685778	0.500640052878593	0.644009231918231	-6.6635100097455195
ENSMUST00000068408.13	0.06299562611369147	10.912765352491526	0.6925094854915893	0.502044744586333	0.6456511017417794	-7.233030008061584
ENSMUST00000136907.7	0.04606427375572153	9.214096381324637	0.6913664607544239	0.5027369361860743	0.646376060810667	-7.169476454657021
ENSMUST00000171376.7	0.2996350738268916	5.0079609411678785	0.6906912087450968	0.5031461226269649	0.646406573783519	-6.4249087427183715
ENSMUST00000040416.7	0.040783649553995716	5.262634062961283	0.6900231869902492	0.5035511235564158	0.6464781140072351	-6.781290101883419
ENSMUST00000097715.2	0.060043039614813054	5.880482948177237	0.6888506187865402	0.5042624861924994	0.6469763551571194	-6.987726999191839
ENSMUST00000034220.7	0.11398234555860132	6.290676848750179	0.6886879606419775	0.5043612134617814	0.6469763551571194	-7.0453137931358345
ENSMUST00000025408.8	0.03224210084705614	5.562349289248961	0.6877303759143027	0.5049426645474255	0.6475571107158037	-6.948224006535937
ENSMUST00000048578.2	0.04289892120617722	5.7670789496160095	0.6861225585555967	0.5059198391800146	0.6486449314257526	-6.97678757351224
ENSMUST00000023691.11	0.10498652932484465	5.360829217641179	0.683404920758763	0.507574081207671	0.6501031574734707	-6.871619296308474
ENSMUST00000114815.2	0.5052165784922105	4.766810288054647	0.6828725052698866	0.5078985417487003	0.6503531594649303	-5.984300234192261
ENSMUST00000121471.7	0.9184631976544204	3.371491072709143	0.6817057927591367	0.5086099811804488	0.650932794535446	-4.7846505370480505
ENSMUST00000001042.9	0.030244898038673362	5.934645792515554	0.6803510819621986	0.5094367997262457	0.6518251626202294	-7.000399106483645
ENSMUST00000050918.3	0.041736004129475646	6.434361870456977	0.6797453129229803	0.5098067753608324	0.652049545392924	-7.063829269096995
ENSMUST00000017430.11	0.16802906865082434	4.9150665731071745	0.6796395614601815	0.5098713797606367	0.652049545392924	-6.264556171513889
ENSMUST00000078432.4	0.12215393600849112	6.384961719499605	0.678595777117899	0.5105092958184931	0.6523623896496326	-7.061729036717074
ENSMUST00000089302.10	0.08823168069548437	5.900287043225454	0.6783907041744495	0.5106346830531212	0.6523623896496326	-6.997545013694734
ENSMUST00000025483.9	0.030644171676625476	7.103752162074826	0.6742438666261628	0.5131740782804971	0.655107533070079	-7.084786615432074
ENSMUST00000170862.7	0.09290321660496748	6.734734267067484	0.6709625000421384	0.5151887508703388	0.6571791596421588	-7.076156560924809
ENSMUST00000149978.1	0.06601569410234287	6.772156411141481	0.6696570242915862	0.5159915694836744	0.6579612278464066	-7.078046053232188
ENSMUST00000107152.8	0.18988944452015133	5.586744750384609	0.6684750096905533	0.516719097160983	0.6584634695584867	-6.965544673793804
ENSMUST00000171797.1	0.05887236643798133	7.478520942806383	0.6660804763211714	0.5181947695864928	0.6600095913391507	-7.098186923393684
ENSMUST00000005394.12	0.08717040022856892	5.374986712081699	0.6639772431234859	0.5194929550416405	0.6612117037318955	-6.894386497030181
ENSMUST00000223396.1	0.39092756811980056	6.249135688428487	0.6636998763903293	0.5196642966718177	0.6612117037318955	-7.057892048910735
ENSMUST00000128981.7	0.4871382539955542	4.7448491324717965	0.6619211162234836	0.5207638989466516	0.6619411762507844	-5.9584208577468365
ENSMUST00000026560.13	0.06569843868903735	5.620718948558716	0.6594253843659604	0.52230900616014	0.6635177697015173	-6.976701628810326
ENSMUST00000077856.12	0.06653882066328087	9.289742571751322	0.65853883347371	0.5228585108913322	0.6639326522701393	-7.196487661285079
ENSMUST00000056149.14	0.07847827984857503	5.75548107752731	0.6582857401388442	0.5230154456143854	0.6639643469306012	-6.994921152864479
ENSMUST00000018143.15	0.03655353389998428	5.0938927887969925	0.6564204325463212	0.5241729041768795	0.6650980784145979	-6.587163878752271
ENSMUST00000049681.13	0.10161743776764709	8.24539408341206	0.6555897325831546	0.5246888469834236	0.6654656048967735	-7.142089492963698
ENSMUST00000209838.1	0.08111087064812139	5.046037066771749	0.6542121543568451	0.5255451009967762	0.66620459798575	-6.512172884704819
ENSMUST00000020608.2	0.022355830051115078	6.491786964130869	0.6541646425710752	0.5255746470692589	0.66620459798575	-7.083935299547549
ENSMUST00000003947.8	0.0535521332332074	5.934042760830312	0.6526512562241199	0.5265162768671388	0.6670620470709079	-7.0195243519116115
ENSMUST00000046575.16	0.043163586126646614	5.583625362585395	0.6454305136727493	0.5310224221149222	0.6719250014235849	-6.980845837557295
ENSMUST00000168846.1	0.03252686546729677	6.6011932543722205	0.641952369916831	0.5332008569692541	0.6741727849741939	-7.093848682629564
ENSMUST00000161523.7	1.07504101295123	4.101351905321285	0.6408425561659347	0.5338970316587184	0.6747138825106788	-5.16650893143039
ENSMUST00000033935.15	0.041576270075283084	5.417228027946108	0.6372623151879375	0.5361464170754425	0.6765369010049038	-6.938321097189177
ENSMUST00000111122.8	0.4653356276913163	5.878293974195825	0.6357761771513106	0.5370817079400232	0.6773773057523832	-7.024035735583122
ENSMUST00000028728.5	0.04544844150251315	5.258275642502518	0.6348939591734344	0.5376373645652194	0.6777670614801253	-6.814668823609132
ENSMUST00000008748.7	0.04712038759212245	5.159849977483655	0.6348577534318999	0.5376601753860426	0.6777670614801253	-6.695493979188651
ENSMUST00000126641.1	0.06192004068835821	5.773469196909785	0.6325047603812416	0.5391438179187094	0.6787869239111678	-7.014295530605647
ENSMUST00000022705.6	0.1014598637620523	5.09565573722988	0.6310364075242043	0.5400708397968352	0.6796139057073232	-6.606857604398603
ENSMUST00000034945.5	0.03863588907519322	5.6642427004555165	0.6294841202232009	0.541051833027941	0.6806781125190225	-7.0027232652050655
ENSMUST00000088095.5	0.09872329092669752	5.988041953122574	0.6290702399276228	0.5413135614486413	0.6808371319120285	-7.042822142349817
ENSMUST00000219502.1	0.09286006503925837	5.600178825940826	0.6288348498886392	0.5414624486326451	0.6808541812224038	-6.994279948892161
ENSMUST00000190574.1	0.17143479983785692	5.843049995335449	0.6285058699846556	0.5416705713528158	0.6808922930803973	-7.024659615435428
ENSMUST00000073150.5	0.07674484163515682	5.720593620772443	0.6282963611867199	0.5418031365548415	0.6808922930803973	-7.010829403182515
ENSMUST00000026760.2	0.12928544063551328	7.655599641376635	0.6277860459989099	0.5421261115082328	0.6810078569283194	-7.130702608026068
ENSMUST00000227237.1	0.22424868076077775	6.810422047700745	0.6273101616428749	0.5424273933199365	0.6812162296037445	-7.107916590781104
ENSMUST00000003550.10	0.04074303697157866	6.341610429560447	0.6270461389514989	0.5425945865012538	0.6812561429218387	-7.093056613838035
ENSMUST00000108089.7	0.18317651484038588	5.311187745657582	0.6267533086504955	0.5427800561814298	0.6813189777067797	-6.8728998195195405
ENSMUST00000001051.8	0.04861610489847301	9.623008661995664	0.6246868913259804	0.5440898766930944	0.6826224861952513	-7.235612833006425
ENSMUST00000100844.5	0.12178513517995171	5.142468607971437	0.6225985324189982	0.5454154102373904	0.6837739668338676	-6.679924880936771
ENSMUST00000048794.6	0.08193521979386187	5.242237066994392	0.6215389018286428	0.5460886771869871	0.6841066073027221	-6.806594137241532
ENSMUST00000078079.9	0.04477344847202236	5.5535331098773035	0.6202094190518492	0.5469340615292593	0.6848246051651825	-6.992664976831662
ENSMUST00000022815.9	0.044976120669944386	6.056891756171137	0.6199003717043476	0.5471306818718733	0.6849003385163958	-7.059099871321545
ENSMUST00000082432.4	0.0868998324222634	6.576729398230822	0.6189607789407265	0.5477287072721484	0.6851375251830379	-7.108707724021729
ENSMUST00000034131.9	0.05511224799429648	7.073519065786387	0.6182180110628862	0.5482017176747507	0.6855587476066792	-7.121988945441736
ENSMUST00000114529.9	0.5960997768578902	4.246300473271952	0.617164713435986	0.5488728714095313	0.6862274890808528	-5.308545721664415
ENSMUST00000134458.7	0.7420467171782565	5.7262376495810745	0.6163808499456886	0.549372641337266	0.6866436851742779	-7.019291743745129
ENSMUST00000161737.7	0.23913685886656033	5.214732260243919	0.6143006527970065	0.5507001483919772	0.6874454410226644	-6.780893071938683
ENSMUST00000029838.10	0.08117694145795085	5.159579809200567	0.61186626171136	0.5522559551583597	0.6889163675679909	-6.7100349728983595
ENSMUST00000222365.1	0.4862935297516735	5.8244123404248995	0.6111483519937444	0.5527152334088565	0.6893183786018733	-7.033797474208486
ENSMUST00000026937.11	0.10113367616644009	6.791446784344191	0.6102283743923248	0.5533040931322956	0.6897108257057927	-7.118320784308144
ENSMUST00000058496.7	0.07623160491868575	5.5354319045538025	0.6086611738788461	0.5543080282807487	0.6905105650735124	-6.996729748292098
ENSMUST00000214547.1	0.14048596134432234	5.427212753607477	0.6084365877583404	0.5544519788058851	0.6905105650735124	-6.962079599748839
ENSMUST00000115274.1	1.0708749974156224	4.438581079121399	0.6083699893720856	0.5544946696277062	0.6905105650735124	-5.525942710622528
ENSMUST00000135941.7	0.060622558041272256	5.914338843312619	0.607056700197217	0.5553368843091664	0.6910769840394687	-7.047055309820816
ENSMUST00000115268.3	0.0864029574150198	5.35172420517294	0.6067479186204205	0.5555350091216049	0.691121817727694	-6.916923097691546
ENSMUST00000161326.7	0.06388690781673212	5.111046162228572	0.6052813659609285	0.5564765324689969	0.6919509230972622	-6.647058989714268
ENSMUST00000025891.8	0.0580204968149145	5.471723159537564	0.6036237872866871	0.5575417531549838	0.6929067663624298	-6.981845348516584
ENSMUST00000002043.9	0.04403133083381938	6.098481740493758	0.6036030093080585	0.5575551129692766	0.6929067663624298	-7.075873995930394
ENSMUST00000187281.6	0.18794786061481705	6.937241012761448	0.603442353653879	0.5576584172135715	0.6929067663624298	-7.127847617770073
ENSMUST00000048519.16	0.05672820916861543	5.095669295267048	0.6021808616131422	0.5584699436581857	0.6935725219808275	-6.6253515159589735
ENSMUST00000045713.3	0.0522184898089737	5.267409097734866	0.6018066626921539	0.5587107932431172	0.6937003950656769	-6.845363885546868
ENSMUST00000071718.11	0.1608129985898028	5.271212319753058	0.6014721063427184	0.5589261756059718	0.6937965925175534	-6.849409713938395
ENSMUST00000029815.7	0.03527837750754248	5.517926973308137	0.6004243326397297	0.5596010117380268	0.6944070961310315	-6.997767022272635
ENSMUST00000098817.2	0.03338053171720201	5.145227733029421	0.6000118609788382	0.5598667936535794	0.6944070961310315	-6.698085121468638
ENSMUST00000090019.9	0.05929125929457957	5.331919915062284	0.5994006513580443	0.5602607625081417	0.694596327298783	-6.907605530084033
ENSMUST00000046518.11	0.04367030223212787	5.803918803063295	0.5987610499000019	0.560673194693568	0.694936398744356	-7.0393759243968255
ENSMUST00000145753.1	0.2802299789203042	5.860842519371817	0.5910687306887991	0.5656464090641651	0.6993775089707088	-7.050630649195561
ENSMUST00000198631.1	0.09737030756852061	5.792408898017906	0.5906595276434967	0.5659116363328134	0.6995335239288414	-7.043160260150335
ENSMUST00000097622.3	0.028894563857576827	5.277785909524037	0.5896758378898853	0.5665494967571456	0.6998061669985759	-6.863400413553267
ENSMUST00000168574.8	0.04541955518287821	6.049536465326043	0.5882336406642238	0.5674853751724933	0.7007901135230274	-7.078015547908084
ENSMUST00000059498.11	0.05400547981634496	5.995037532223776	0.5863770509416352	0.5686913957685849	0.7017626715996444	-7.071002799236042
ENSMUST00000170935.8	0.06299816707190153	5.326762363201188	0.5860774089652558	0.5688861698077115	0.7018308779555165	-6.9118946271190955
ENSMUST00000028083.5	0.032924319804421565	7.821076590311652	0.5856104242922952	0.5691897922613445	0.702033303473112	-7.166318695654795
ENSMUST00000013970.8	0.025209867611549974	5.854984498129655	0.582147129546732	0.5714442745632489	0.7042688075907122	-7.0554241595316745
ENSMUST00000093971.4	0.1439718814986337	5.8215098375896925	0.5819661429675926	0.5715622224990813	0.7042688075907122	-7.051711737902964
ENSMUST00000029574.12	0.0678896900964796	5.56507544372951	0.5796063786286904	0.573101265848445	0.7056467127957725	-7.020136704082788
ENSMUST00000030578.13	0.026900470478571137	8.14051051481327	0.5780376035684109	0.5741256542463578	0.7063527430830775	-7.187127097014922
ENSMUST00000048138.6	0.05352860247528568	7.516777115618998	0.5778682798956059	0.5742362789126987	0.7063527430830775	-7.15672288927859
ENSMUST00000115383.8	0.049313534726667996	9.321391934160712	0.5776423064679278	0.5743839324978226	0.7063616632599721	-7.250491382790051
ENSMUST00000022531.13	0.07663482983899073	5.815998906988898	0.5767704859625283	0.5749537803723626	0.706712687728158	-7.05425943185306
ENSMUST00000081940.10	0.16336969483275787	7.470559504209724	0.5762204276577361	0.5753134704894047	0.7067906093584627	-7.1563297015051095
ENSMUST00000141997.1	0.08450062844164563	5.430792624317865	0.5741964866589029	0.5766379865116162	0.7077496243327498	-6.984887578028455
ENSMUST00000162087.7	0.2253344513286173	5.766569007420206	0.5731795011602407	0.5773041402672618	0.7082104208728599	-7.050951590408784
ENSMUST00000020171.11	0.061207275831701935	11.438239109279028	0.5708834377411178	0.5788096326105248	0.7095495276957968	-7.332301624366866
ENSMUST00000031554.8	0.19540352718663012	5.009650627991968	0.5660387032034964	0.581993082207419	0.7127573506780733	-6.508621968642454
ENSMUST00000137868.7	0.7970087982482479	4.837705777396137	0.5651943715311946	0.5825488343178362	0.7132643430160706	-6.190373352777801
ENSMUST00000082402.1	0.05216604070166575	13.75319267473665	0.564728935321261	0.582855311419892	0.7134659541979262	-7.416349248764476
ENSMUST00000002825.5	0.02439141588071614	5.943010548381704	0.5596383297876388	0.5862128832373252	0.716878224493676	-7.07968121209975
ENSMUST00000077191.6	0.03335396101649213	5.726820978176939	0.559170399896819	0.5865220211154507	0.7170819655484405	-7.054614936338638
ENSMUST00000165126.8	0.07305206516497975	8.295127260120761	0.5564795339558927	0.5883013998024685	0.718298192176676	-7.20754719962598
ENSMUST00000086764.5	0.055892126588042323	5.567015867750148	0.5563640602628246	0.5883778217918396	0.718298192176676	-7.034306773984682
ENSMUST00000033671.12	0.10976954030965391	5.331496598208069	0.5543044637385174	0.5897417607718158	0.7194449074789052	-6.934556309610134
ENSMUST00000048976.7	0.05302018152461585	7.944269780052834	0.5532571656785679	0.5904359513274458	0.7200428852290103	-7.19241361354886
ENSMUST00000000727.3	0.0301102180258237	7.503683134077681	0.5518984805679067	0.5913371754730066	0.7208668111957102	-7.17173489822837
ENSMUST00000023601.13	0.05151318448770148	5.502955598021913	0.5511247510753617	0.5918507145573526	0.7213180583667735	-7.023220272076902
ENSMUST00000114881.7	0.5225801750615506	6.0216304803223615	0.5499525077062428	0.5926291962277181	0.7220225226510991	-7.096714413326338
ENSMUST00000114839.7	0.0547151662733496	6.409420191695474	0.5473351116119033	0.5943693129784434	0.7233362393794265	-7.147429043520416
ENSMUST00000003612.12	0.28030607581278844	5.495717436271164	0.5464765316954492	0.5949406957744467	0.7238565031296836	-7.023768421887731
ENSMUST00000020775.8	0.14059598858089029	5.361473370279656	0.5461097385073187	0.595184882241834	0.7239389027540142	-6.960146830571995
ENSMUST00000001479.4	0.02595649472272843	6.801220906756749	0.5457264473634346	0.5954401072542458	0.7239389027540142	-7.157802891658599
ENSMUST00000136008.7	0.06605976618960518	5.127603867307382	0.5443243926211121	0.5963741853124458	0.724617684400283	-6.707179665424879
ENSMUST00000130858.7	0.2641665970464553	4.658144379908122	0.5440973264395684	0.596525532574254	0.724617684400283	-5.8794620249097465
ENSMUST00000148665.7	0.033932589361819865	5.418702998861413	0.5438904508581032	0.5966634393494772	0.724617684400283	-6.996839371564459
ENSMUST00000030158.10	0.027858135278293616	5.7809051698587695	0.5438077732609571	0.5967185582330297	0.724617684400283	-7.069804767467055
ENSMUST00000003310.6	0.07067869302418028	6.436513234710349	0.5431813589356622	0.5971362566602867	0.7249326847597316	-7.151323260340907
ENSMUST00000066587.11	0.10359088307354458	5.134651049829095	0.5429866130218711	0.5972661455633249	0.7249326847597316	-6.717610641062288
ENSMUST00000024338.4	0.03901383593200869	5.424113569685318	0.5413835240031665	0.5983359035238575	0.7258808610148365	-7.00104014816055
ENSMUST00000107384.9	0.05484652592417838	6.752996194650834	0.5402567246643679	0.5990884169965293	0.7264434383970929	-7.159507113975968
ENSMUST00000087342.12	0.05976347262184767	8.244615808533352	0.5394450859311927	0.5996307565173948	0.7267507434447154	-7.214814120169844
ENSMUST00000020446.10	0.06477804315621682	5.3190828828518075	0.5391988485762528	0.5997953428109848	0.7267751372066629	-6.933344523146373
ENSMUST00000034740.14	0.07470993524069591	9.342224345775218	0.5372959628222002	0.601068021068833	0.727954711848336	-7.275269240657331
ENSMUST00000057151.9	0.03166864551193882	6.026885538588063	0.5370944038335481	0.6012029075193472	0.727954711848336	-7.104860735038085
ENSMUST00000001402.13	0.8203930246156395	3.7342112312107063	0.5367527914164514	0.6014315552442346	0.7280563412978212	-4.96980537396914
ENSMUST00000103140.4	0.10280527513789117	5.433370570870803	0.5356675985711447	0.602158190055236	0.7285127674505232	-7.008499894723725
ENSMUST00000029911.11	0.06601950608144413	5.226928354115778	0.5345912012322466	0.602879377554056	0.7289320231854015	-6.842774525994933
ENSMUST00000031530.8	0.030860503194617195	5.691207851055681	0.53428368809614	0.6030854924985878	0.7289402715310952	-7.064346100489598
ENSMUST00000029447.11	0.12442431810460786	5.056533272695523	0.5334388260289492	0.6036519576477731	0.7293402975326481	-6.60347352936488
ENSMUST00000118174.7	0.047902291318378865	6.404112455238759	0.5329248237145223	0.6039967195193101	0.7295816316690634	-7.155318196211609
ENSMUST00000105850.7	0.4117884927393236	5.353511941908021	0.5312062950604958	0.6051501314644797	0.7307994026398937	-6.963239360400521
ENSMUST00000109802.2	0.09445340758121112	6.925499589562758	0.5308908018017303	0.6053620000338018	0.7308798229349789	-7.170702770176757
ENSMUST00000058437.13	0.06847949550891386	9.63176340911088	0.5293116553056779	0.60642303607065	0.7318096172874646	-7.29385355848995
ENSMUST00000029753.12	0.11843797952354951	7.29749006625	0.5290298128089694	0.6066125063186072	0.7318627144577728	-7.179597858240451
ENSMUST00000084124.6	0.03150955892749252	6.129712931464282	0.528700883319598	0.6068336689302175	0.7319307934335171	-7.125226393219478
ENSMUST00000047910.14	0.13632900889637334	5.111618079782033	0.5285131663222962	0.6069599026445306	0.7319307934335171	-6.693327908307159
ENSMUST00000030398.9	0.033922019094174694	5.498120583149479	0.5251059463021961	0.609253453613938	0.7341686527261609	-7.036534957968289
ENSMUST00000059462.11	0.12853386833796865	6.985040532269841	0.5206065527189785	0.6122888635180024	0.7372966185636836	-7.1784104944839076
ENSMUST00000047534.11	0.07276789896619196	6.488831912941654	0.5199863614560952	0.6127078539736874	0.7374554094473685	-7.166495881687686
ENSMUST00000044250.3	0.03589589744621513	5.619309540955552	0.5199681213595188	0.6127201788366587	0.7374554094473685	-7.062647661880401
ENSMUST00000074582.6	0.04915169056050228	6.064085742446245	0.5195642402247672	0.6129931137358899	0.7374554094473685	-7.120237364942497
ENSMUST00000043616.6	0.04326048763506307	5.052984841429557	0.5180085963143337	0.6140449545499274	0.7383207620208797	-6.606294218118706
ENSMUST00000094469.4	0.039593593915814296	8.603910374563664	0.5178287058855648	0.6141666446148641	0.7383207620208797	-7.246486988424479
ENSMUST00000060427.4	0.06830571504683736	5.6216910096685915	0.5163290553960771	0.6151815774432174	0.7393641940078421	-7.06497755322532
ENSMUST00000022256.4	0.034838462340107235	6.742129238300843	0.5130566894146038	0.617399141421518	0.7414979900911093	-7.1743450376080125
ENSMUST00000107857.10	0.034247428217031306	5.8909934213275	0.5121553440142492	0.6180106459144568	0.7420552648199599	-7.100039944885803
ENSMUST00000111704.7	0.03499905198925379	5.58833531326164	0.5106574786280051	0.619027513178551	0.743098883035383	-7.0632293047849775
ENSMUST00000076961.8	0.036212074831784236	8.155792392981393	0.5085073310743904	0.6204886434741634	0.7439652920206188	-7.227663633864895
ENSMUST00000102762.9	0.09788776040445413	5.278263916057961	0.5062311415575633	0.6220372744143763	0.745289242100197	-6.9118842094697115
ENSMUST00000184744.1	0.3981808976426988	4.70275540903316	0.5042025570755415	0.6234190424507218	0.7460564230660279	-5.976431366480652
ENSMUST00000017365.14	0.03951576209306307	6.237184318473607	0.5024120953247596	0.6246398612416516	0.747161945294044	-7.154919161857698
ENSMUST00000046709.8	0.027057989453982856	5.758118420392724	0.4985869855856453	0.6272519022567795	0.74921754991782	-7.0921008350279
ENSMUST00000073308.10	0.4230468732004651	4.913878811826737	0.4964137245636485	0.6287383124242241	0.7502804672216014	-6.373312125710194
ENSMUST00000028610.9	0.0183928021397044	6.936692956869576	0.4958271204766168	0.6291398149738752	0.7505087781548803	-7.1901059878051505
ENSMUST00000024599.13	0.05143990847921209	5.856294119623064	0.49524470447077534	0.6295385737788753	0.7505087781548803	-7.104881358211136
ENSMUST00000031334.14	0.02818987862619249	5.217242493761709	0.4951397084740743	0.6296104736833315	0.7505087781548803	-6.85311798771878
ENSMUST00000132603.1	0.04174064272887801	6.771140184678242	0.49482690773690174	0.6298246991393172	0.7505087781548803	-7.184821339321329
ENSMUST00000161796.8	0.05890732576834257	5.495079417304465	0.4931821700565951	0.6309516975961984	0.7516736894640005	-7.052782297850503
ENSMUST00000066652.6	0.13118171419011215	5.673678426401126	0.49184769877553813	0.6318668114184164	0.7524352255093363	-7.085035199744747
ENSMUST00000019967.15	0.1119548004421187	6.654488222454107	0.4906400546156769	0.6326955041372749	0.7529060117611216	-7.1844730110899935
ENSMUST00000034187.8	0.0537483319776797	7.916646250564032	0.49051069296106004	0.6327843038671734	0.7529060117611216	-7.225546296099226
ENSMUST00000106197.9	0.0364808576183453	8.508745721600622	0.4903654333772722	0.6328840237999966	0.7529060117611216	-7.255712037412891
ENSMUST00000010249.5	0.046182835426847646	5.184035951804406	0.4886323920850868	0.6340743295517393	0.7538497352759477	-6.813802891465233
ENSMUST00000103224.9	0.06687127846489727	5.463613676061755	0.4885559899192243	0.6341268295940787	0.7538497352759477	-7.045211703523865
ENSMUST00000026479.10	0.023108989250889778	7.637325105698401	0.4881791869772271	0.6343857816630977	0.7539794159100034	-7.211782157700032
ENSMUST00000045356.8	0.04830498263318184	9.060733622689105	0.4862485459043189	0.6357133794053413	0.7550712918416198	-7.288233531324874
ENSMUST00000026013.5	0.0463425639892332	5.3097524776311475	0.48619439591721103	0.6357506345683839	0.7550712918416198	-6.953583969494454
ENSMUST00000027290.11	0.0497675779767528	5.106322400047285	0.486057020660634	0.6358451533537548	0.7550712918416198	-6.708047498510803
ENSMUST00000061755.8	0.03916275271790415	7.688164794624235	0.48597032994615463	0.6359048029284323	0.7550712918416198	-7.215415191012657
ENSMUST00000029846.4	0.12836377463638549	8.955490876201628	0.48376993567602256	0.6374197296836057	0.7565130125119651	-7.284002345398108
ENSMUST00000219003.1	0.04209672374504958	6.622639675387539	0.48293252567436734	0.6379967206730014	0.757019222100441	-7.1881073273601235
ENSMUST00000052325.6	0.48566381616675436	5.336637602988335	0.4820556208572329	0.6386011904512241	0.7572007044921302	-6.977718712815258
ENSMUST00000059997.8	0.06251604834492408	6.897675502878277	0.48032676048231776	0.6397937281090722	0.7582573017942855	-7.196760117650296
ENSMUST00000143107.1	0.03383705527979686	9.137319542436247	0.4780923512316065	0.6413365458446587	0.7591221795031016	-7.296365513178857
ENSMUST00000170757.1	0.04018068634399086	5.361560010255265	0.47805516699010336	0.6413622357295211	0.7591221795031016	-6.996943061596337
ENSMUST00000033075.13	0.13295811808729585	5.896744123181032	0.47720610989839585	0.6419489653123152	0.7591904161318959	-7.119019114404327
ENSMUST00000066859.12	0.4110998144108402	5.767803763162995	0.477177469222956	0.6419687614834482	0.7591904161318959	-7.104245292320833
ENSMUST00000088552.6	0.0760480287384997	12.50036413077563	0.4770007787315817	0.6420908946915169	0.7591904161318959	-7.4230373911375755
ENSMUST00000075161.11	0.15064009002738743	8.753368384787377	0.4738666208018557	0.6442591268736122	0.7607184356233274	-7.278035979021034
ENSMUST00000089461.10	0.5292465286796233	5.033190028587734	0.473733219873795	0.6443514908018673	0.7607184356233274	-6.5973255830697894
ENSMUST00000068581.8	0.16675560990812954	6.888675025531389	0.47279818846253996	0.6449990607674432	0.7611987508142168	-7.200242070139363
ENSMUST00000150554.1	0.03780604455517178	8.658488313406304	0.4710703880813737	0.6461964765806503	0.7622542728434353	-7.274081554182608
ENSMUST00000121872.2	0.05811983769362872	5.603459694453226	0.4705036066663765	0.6465894988400342	0.76253909251388	-7.086253865404722
ENSMUST00000082408.1	0.05282619046060333	12.989320843089834	0.4698680400690477	0.6470303514534854	0.7628801729933173	-7.443509686037215
ENSMUST00000040967.8	0.06510878697613176	5.6550613680498065	0.46858210792238	0.6479227505179388	0.763254353738358	-7.094397448252751
ENSMUST00000164807.1	0.053727448378748655	5.5766481380419455	0.46714839179934997	0.64891838269733	0.7637901186462775	-7.084015890993025
ENSMUST00000114340.8	0.10855837025273107	5.826772256659605	0.4670069443605638	0.6490166482235811	0.7637901186462775	-7.115865934729143
ENSMUST00000041045.13	0.03170827419808209	6.32045257164037	0.46606433798176045	0.649671666637949	0.7643821690494671	-7.183434536836341
ENSMUST00000005964.6	0.02589198030589923	6.8027388097177095	0.46572604108169896	0.6499068243906052	0.7644800639488274	-7.20062040519943
ENSMUST00000031985.12	0.11527444325691327	4.940225939348071	0.4643821024329061	0.6508414159245955	0.7653283431847466	-6.437282515451699
ENSMUST00000016902.3	0.07556882992124514	5.8518857389472005	0.46425157945313084	0.6509322163560983	0.7653283431847466	-7.120100116108001
ENSMUST00000037609.7	0.02091709200077041	5.622534974116194	0.4586005132897804	0.6548690772084599	0.7694176383549187	-7.094858311282491
ENSMUST00000150576.7	0.046944225605799694	8.008686066906442	0.4548919361282033	0.6574586119191319	0.7718047559208909	-7.248092053444555
ENSMUST00000095267.5	0.03797617204089221	8.937899087687718	0.4545665639036113	0.6576860277482446	0.7718260801496194	-7.297607109306802
ENSMUST00000108322.8	0.10086516053280192	5.299454226628802	0.45370438325373874	0.6582888141159184	0.7723136335597746	-6.959722790299345
ENSMUST00000026897.13	0.04006157257008702	5.3501067033400815	0.45353323321695715	0.6584085021542184	0.7723136335597746	-7.00125434768626
ENSMUST00000072111.7	0.14501378565540612	4.8820181663508455	0.45294530683114453	0.6588197242039291	0.7726158583846077	-6.334514948701914
ENSMUST00000059555.14	0.02625817608471781	5.143829576810326	0.4520479765262921	0.6594475823294874	0.772872376012333	-6.777765459057307
ENSMUST00000026723.8	0.02317358427862981	6.960602748343272	0.4507772809415291	0.6603371471435668	0.7733138238545821	-7.213525966589203
ENSMUST00000034499.9	0.044311983150668866	5.499024222928371	0.4503769041301664	0.6606175481363143	0.7734621560795433	-7.075334168004513
ENSMUST00000024846.12	0.21537361242507735	8.63545353940653	0.4487822564956039	0.6617348828416469	0.7740648022902129	-7.283654151680132
ENSMUST00000025774.9	0.0166378834181673	7.460837766854525	0.4487639608639143	0.6617477071457376	0.7740648022902129	-7.225050708208982
ENSMUST00000022355.10	0.05343093061960591	5.593849947545759	0.44835995865418526	0.6620309206928734	0.7742160767098666	-7.095641606281514
ENSMUST00000020444.15	0.07038587304455213	5.0507175641221504	0.44783294145740565	0.6624004524371918	0.7742882612015595	-6.638184431744136
ENSMUST00000035121.13	0.16750097823791865	5.579093402635834	0.44321371760350053	0.6656433134995321	0.7771760292912848	-7.095928030905443
ENSMUST00000130011.7	0.5430292037309465	5.498787760991401	0.4425840447127659	0.6660859170349658	0.777512354664249	-7.0789551267534705
ENSMUST00000045372.5	0.044642589770536034	5.547683110921542	0.44179649151160094	0.6666396815458289	0.7778710742760014	-7.091406182313885
ENSMUST00000109688.7	0.09366401642252953	5.44752311254991	0.4417072287932592	0.6667024592085308	0.7778710742760014	-7.062538764485412
ENSMUST00000085206.10	0.053598044572864545	5.587925354029113	0.4413903889648276	0.6669253111218691	0.777950670126159	-7.098069048475056
ENSMUST00000096143.1	0.2496738523925135	5.44900703591186	0.44043714918755456	0.6675959807161781	0.778242510003537	-7.063669131266963
ENSMUST00000075845.10	0.030742376516839975	5.347654814125747	0.4371732372486311	0.6698946404496595	0.7801625302993169	-7.007275479895025
ENSMUST00000000769.13	0.08933176686953281	8.340971203213446	0.43674381128868356	0.6701973315145247	0.7803200126937221	-7.272846781720968
ENSMUST00000155671.7	0.05918721770612212	5.153234164840478	0.4345962480345882	0.6717120010085108	0.781721738855845	-6.798715885987743
ENSMUST00000155256.7	0.0665242947389828	5.504271784585343	0.43316977966837045	0.6727189196761517	0.7823506437565231	-7.08494807448131
ENSMUST00000026841.14	0.0605430460551144	5.388615934662461	0.4304692080052955	0.6746270240820014	0.7842071529936573	-7.037180540626494
ENSMUST00000114434.8	0.0682529965398384	6.153327605593254	0.4299723715895793	0.674978325241208	0.7843113760620593	-7.178905067488762
ENSMUST00000005015.9	0.023938253046598135	5.686426426388052	0.4299014551178592	0.6750284751239746	0.7843113760620593	-7.116961856115106
ENSMUST00000191997.1	0.379332681424688	6.280346825630311	0.42862875951391816	0.6759287625984554	0.784994830247652	-7.196783399849636
ENSMUST00000116403.8	0.08795004452485244	5.089779982467912	0.42757128866216665	0.6766772022505168	0.7853482505033157	-6.710133757648178
ENSMUST00000075805.12	0.047137303194403124	5.273498679754957	0.4273526862165345	0.6768319662873369	0.7853482505033157	-6.9459747866636485
ENSMUST00000110725.1	0.1379714059269741	5.3464994035208795	0.42457185138151093	0.6788020607364982	0.7869273389786723	-7.012235096423943
ENSMUST00000093812.4	0.07766774400232901	5.7416219128753765	0.42383887545041105	0.6793217553826	0.7871183213564856	-7.1267310441324145
ENSMUST00000025314.5	0.03856688939398456	5.775896556352273	0.42187159507955463	0.6807174490910752	0.7879997114943622	-7.131532123638657
ENSMUST00000002436.9	0.03665851002345111	6.611068848530068	0.4217100571615444	0.6808321077993185	0.7879997114943622	-7.217380688560067
ENSMUST00000115075.1	0.10816575369132053	9.042175902553282	0.42166315450265957	0.6808654006075198	0.7879997114943622	-7.318414337768964
ENSMUST00000163623.2	0.14435588028037039	6.145927003190631	0.4209511661219093	0.6813708760966324	0.7883583725090608	-7.181882207569244
ENSMUST00000090553.11	0.04198331178854264	5.73945690239545	0.4199276054676079	0.682097835741569	0.7888814279576629	-7.12822876430068
ENSMUST00000198451.1	0.052137018267176316	5.066788045793895	0.41920121879394884	0.6826139373249522	0.7892968785754618	-6.676979105931239
ENSMUST00000088217.11	0.019042379237551366	7.012631948580272	0.41702930904240954	0.6841580920713518	0.7906798380715261	-7.230610541791969
ENSMUST00000044332.15	0.047409604590335164	5.661027568255368	0.4162790414502112	0.6846918550461754	0.7909723817996116	-7.119748188198469
ENSMUST00000023689.10	0.024883699035187057	5.129892337131491	0.4157480825892944	0.6850697029156969	0.7910455991206956	-6.775299999814063
ENSMUST00000009530.4	0.06228883993839851	5.041582820388685	0.4151447228258736	0.6854991819193657	0.7913598862405528	-6.638348335102913
ENSMUST00000032729.7	0.0613954549308362	5.7004035393229975	0.41343284986104445	0.6867183402504372	0.792585448451468	-7.126163447621726
ENSMUST00000211136.1	0.4473756273753189	4.930015451177873	0.4093844438272199	0.6896051934139851	0.7947637793656456	-6.443766805655958
ENSMUST00000200389.1	0.059190124013420053	5.7604835497321165	0.4089726883217387	0.6898990973044448	0.7947637793656456	-7.135492060955176
ENSMUST00000095078.2	0.09225757237498833	5.31065771546396	0.4046619944927993	0.6929791660023774	0.7972508996473727	-6.992923569357898
ENSMUST00000040428.3	0.11539669558441812	5.625696695844415	0.40285726159097573	0.6942703920178719	0.798371278226723	-7.120810281134554
ENSMUST00000016115.5	0.31414758687226385	4.519674180180212	0.4025081589651346	0.6945202793895758	0.7984761255961965	-5.732893718814074
ENSMUST00000028841.13	0.3302588493951104	5.57914359653556	0.40221419947561105	0.6947307244962537	0.7985355894312663	-7.1143538810982925
ENSMUST00000126116.2	0.09337674884556169	5.66166198435786	0.40145658637416626	0.6952732211718418	0.7988458549267591	-7.1262802915725265
ENSMUST00000059980.10	0.03713491961828019	10.230512651806754	0.3995165915264785	0.6966631790526108	0.7997744705716167	-7.378966621975821
ENSMUST00000046735.10	0.05732436468779056	5.451853290293619	0.39748132612830556	0.6981226358235825	0.8009703491056883	-7.083821684150265
ENSMUST00000118410.7	0.030926300038375487	5.832096436127121	0.39587371959681256	0.6992763192864051	0.8021110721226411	-7.149065791564176
ENSMUST00000115456.5	0.04712463621189311	6.0413258166252115	0.3950809356009645	0.6998455428199871	0.802581017991191	-7.177160325301842
ENSMUST00000022450.5	0.02456228560062179	5.322364938350023	0.3939033926811335	0.700691377823476	0.8031848534586257	-7.00774568680527
ENSMUST00000120992.7	0.3878752328086632	4.400362053400171	0.39294901319747033	0.7013772217593734	0.803624586978517	-5.579898901742556
ENSMUST00000046332.5	0.05730654206775476	6.819677189417892	0.3929250212610359	0.7013944665916654	0.803624586978517	-7.234454977011736
ENSMUST00000119368.7	0.16671200435497813	4.87026377713927	0.3910367973038516	0.7027522223005638	0.8049969103811786	-6.338868369946681
ENSMUST00000105372.7	0.03884774222098919	8.37658079706862	0.38977180766001374	0.7036624331455235	0.8056726675364425	-7.295439461918893
ENSMUST00000102590.10	0.016680552245270874	5.855072837508033	0.3883736259955326	0.7046690403702038	0.8063145766088785	-7.154855022903537
ENSMUST00000080067.12	0.24229086029030267	4.568483234629122	0.3881811360288072	0.7048076675459833	0.8063145766088785	-5.809540122089452
ENSMUST00000116527.1	0.04163510824626737	5.703172757680787	0.38786821722069725	0.7050330486888647	0.8063145766088785	-7.137428254818503
ENSMUST00000060899.8	0.06682857111097551	6.571556818616726	0.38767125435095784	0.7051749270883017	0.8063145766088785	-7.231593984983615
ENSMUST00000061050.5	0.02436393604466236	6.3695107186503686	0.37958405475364376	0.7110103507864144	0.8113161884342143	-7.227212260702736
ENSMUST00000150350.8	0.028233845602700924	9.053854151076166	0.3792698566505733	0.7112374547664805	0.8113913004376787	-7.337127075335676
ENSMUST00000020485.9	0.025277460402788776	5.3309601573662935	0.37789495772100523	0.7122315796189699	0.8121570890895371	-7.021086954421424
ENSMUST00000109104.1	0.027314252873194	5.09828805329301	0.3745104940287242	0.7146810824998168	0.8142120756468701	-6.746186553386311
ENSMUST00000045743.12	0.09235702472629814	5.539973205523424	0.37391392906452525	0.715113191942873	0.814519915930404	-7.119427178694621
ENSMUST00000086535.11	0.034045773430877446	8.99416249090531	0.373509050750591	0.715406516027453	0.8146695749511353	-7.33632489838457
ENSMUST00000218208.1	0.030884366824908582	6.065095266789538	0.37265537730257176	0.7160251366427232	0.8151895140189047	-7.18993975294296
ENSMUST00000061833.5	0.07753491196075135	5.311369692809093	0.3720741000044474	0.7164464842332755	0.8154846747008165	-7.007070501387258
ENSMUST00000084103.9	0.4271415946944881	4.9977693297354975	0.3700841782066691	0.717889648141065	0.8162040270729262	-6.584047193470009
ENSMUST00000081834.9	0.029992245023681363	5.8588061458788765	0.36978410477106727	0.7181073714090662	0.8162671002166769	-7.162812156902738
ENSMUST00000000287.8	0.019329637133070676	8.595160774118405	0.36768464774207593	0.7196313911995429	0.8176299749604563	-7.316624646314551
ENSMUST00000100812.3	0.14649747740562624	5.015389394800354	0.36566557244923603	0.7210982518516476	0.8187418878505165	-6.616079413883914
ENSMUST00000105778.7	0.02240326544677984	5.109595161422325	0.3650656498165625	0.7215343205818371	0.8190521585846621	-6.767321937866404
ENSMUST00000040789.4	0.03578366535051103	5.902707717766826	0.362812749522489	0.7231728111100318	0.8203568010585277	-7.170825781823857
ENSMUST00000046426.9	0.023289745949813145	5.205954545309383	0.3622677735779736	0.7235693777220042	0.8205704034866149	-6.899613076608335
ENSMUST00000068237.11	0.07969542375410743	5.252025631997103	0.3621057226600368	0.7236873147028644	0.8205704034866149	-6.951328309853292
ENSMUST00000016672.10	0.013127434181443576	6.760309718550304	0.3614547782127984	0.7241611320954802	0.8209226353250024	-7.245240937384495
ENSMUST00000162161.1	0.4198741976784355	4.785596687939805	0.3606369952495008	0.7247565594845884	0.8212275339565234	-6.1904360831064205
ENSMUST00000055808.5	0.034338678659767474	6.751803411489331	0.35987471195182	0.7253117473142956	0.8216715606255846	-7.2456244701752786
ENSMUST00000039784.11	0.1432421341453498	5.595525768097966	0.3588819148420737	0.7260350685032312	0.8221799486102703	-7.1343139887288585
ENSMUST00000043552.16	0.0773592470646216	5.755215491749847	0.35798344063050985	0.7266899074256847	0.8226770756657561	-7.15573489093414
ENSMUST00000210392.1	0.08424307992667224	5.0375648964262165	0.3553351572838918	0.7286213809618975	0.8244926152989893	-6.656145514888215
ENSMUST00000153590.1	0.05622690928139473	5.811999060513273	0.35378995408306957	0.7297492471371999	0.825583193691759	-7.163652771971583
ENSMUST00000191104.6	0.7561926885066521	7.2973671452213065	0.35301064856133346	0.7303183248311658	0.8259021512870952	-7.2620389831600916
ENSMUST00000049295.14	0.020846060705477676	7.209642998918813	0.35238209250609265	0.7307774421733784	0.8261890587807341	-7.260652597411123
ENSMUST00000115078.7	0.04447017983548829	5.110115965866183	0.3516012439646506	0.7313479508495553	0.8266482904345345	-6.773208822002056
ENSMUST00000110514.7	0.42612472162221726	4.041698324759386	0.3513716049957364	0.7315157631962921	0.8266522472238422	-5.233039060753474
ENSMUST00000080371.7	0.03233449733882221	6.091870440421887	0.3510401223036151	0.7317580251093572	0.8266672504645213	-7.2023815722029685
ENSMUST00000141158.7	0.06515854666164067	5.907911551897884	0.3509037931256021	0.7318576691649727	0.8266672504645213	-7.175997799322554
ENSMUST00000105673.7	0.26506831708493905	5.14939432885839	0.35028789825019413	0.7323078952824718	0.8269901282078822	-6.828583107005996
ENSMUST00000119990.7	0.15597397083266706	4.8358810210072605	0.34973324496577474	0.7327134423724768	0.8270768069499509	-6.288722638611051
ENSMUST00000164957.7	0.07886462962128427	5.8221504843540695	0.34818438832503257	0.7338463703455687	0.8273942766690054	-7.166880729748761
ENSMUST00000061101.11	0.016236565344573073	6.154977272781007	0.3480173361484229	0.7339686017237194	0.8273942766690054	-7.213130671251907
ENSMUST00000165205.1	0.09696646462573799	5.536591119152688	0.3477235863929529	0.7341835556958627	0.8274367089394904	-7.128840242646898
ENSMUST00000063775.3	0.04111514852250764	6.569474489806135	0.3459068006415525	0.7355135279323723	0.8286042001466621	-7.247924974326121
ENSMUST00000079419.11	0.02911277613918628	5.233123093316418	0.34285791304443086	0.7377474722870101	0.8307089375729516	-6.938491272184401
ENSMUST00000002400.6	0.041396907286983975	5.162252302974763	0.34229147868852566	0.7381627803076931	0.8309905902277923	-6.84891440677916
ENSMUST00000120990.1	0.022858365538263037	5.9784421323293	0.34068638002162865	0.7393401034608347	0.8313738006930645	-7.1891599597117635
ENSMUST00000053024.6	0.03656585519298261	5.164704009648115	0.3398396903400435	0.7399614204336218	0.8313738006930645	-6.8530796335148
ENSMUST00000046746.9	0.03680365270726327	11.78967809793224	0.33957501261037965	0.7401556854112972	0.8313738006930645	-7.45704363332928
ENSMUST00000025217.8	0.013912506274094127	7.345338549936755	0.3369172215084003	0.742107456884707	0.8327257381601417	-7.268999845649967
ENSMUST00000113487.7	0.25683954497918116	5.168504503852397	0.336693298580327	0.7422719825866542	0.8327257381601417	-6.85930118422241
ENSMUST00000194558.5	0.020758681938312762	6.397411426220335	0.33662130173793575	0.7423248845621049	0.8327257381601417	-7.24555262309152
ENSMUST00000023994.9	0.02413481911528592	9.663946535221204	0.3358080831207917	0.7429225184772584	0.8331794896252981	-7.3842505504751985
ENSMUST00000018315.9	0.025635362944979256	5.378559202602467	0.3351968614227064	0.7433718204529238	0.8334975771559304	-7.069642301655358
ENSMUST00000069747.5	0.017385382632732593	5.776874101593018	0.33067093792560903	0.7467018425866578	0.8362994145265973	-7.168229937302346
ENSMUST00000020754.9	0.019645349143750046	5.632201001712234	0.3286267205438401	0.7482076703853683	0.8377994190315575	-7.150680655239815
ENSMUST00000169503.3	0.028000175065661992	6.651126433596504	0.3245375168439648	0.7512231512824958	0.8400541618364608	-7.256501571880967
ENSMUST00000090023.12	0.0708299187891761	7.288636345999064	0.32081126516712155	0.7539747333857953	0.8423821638161084	-7.27347771632131
ENSMUST00000024756.4	0.07872568352138831	5.6328335953752635	0.32048512008440594	0.7542157382298664	0.8424643381515226	-7.153593864099899
ENSMUST00000114666.8	0.04031653890110043	6.186773800778446	0.3189162901350391	0.7553754030169267	0.8435723979085813	-7.228065580568334
ENSMUST00000149022.7	0.1534563143855836	5.55674705488243	0.3184347660290919	0.7557314665743733	0.8437827359821731	-7.142931075008371
ENSMUST00000031309.15	0.018113275457637634	6.621765044710454	0.31673331788733655	0.7569900742545801	0.8450004578599495	-7.258872314984982
ENSMUST00000086430.4	0.03451444147084892	8.819591517692174	0.3161540769308851	0.7574187213212421	0.8451755130222149	-7.348115536883619
ENSMUST00000217641.1	0.06141348778816891	7.37656886654928	0.3160673825220495	0.7574828837640961	0.8451755130222149	-7.276991734650087
ENSMUST00000041683.8	0.01792969259226851	5.166672295617221	0.3142724603673621	0.7588117280959947	0.8454399455544538	-6.864616522396571
ENSMUST00000112642.7	0.01641920014352216	5.514913440413828	0.31415839453428157	0.758896202370088	0.8454399455544538	-7.135436650676975
ENSMUST00000023329.4	0.10857459875020492	6.373625183532629	0.31089155203168367	0.7613169217122789	0.8471987244270018	-7.252883074162238
ENSMUST00000019992.5	0.02187474059416683	7.166094654880236	0.30877452520585863	0.7628870465345188	0.8477589575626218	-7.275388392846491
ENSMUST00000027297.10	0.02172921934176042	5.302476335507915	0.3086224035115487	0.7629999125111413	0.8477589575626218	-7.021534698446302
ENSMUST00000005923.6	0.01716950676155804	7.733428919586291	0.3078494549450269	0.7635734861230601	0.8482089222091224	-7.293086896288757
ENSMUST00000102673.10	0.3572167020179027	3.704682984837021	0.30729948670327517	0.7639816845990705	0.8484750232269147	-5.015816198591853
ENSMUST00000060805.6	0.014320259413143077	7.188937150835704	0.3057490590240845	0.7651328453477335	0.8495659556266713	-7.2767360551326306
ENSMUST00000100171.2	0.15645674691296563	7.719637991249163	0.3048256743662473	0.7658187188361435	0.8501398884520384	-7.293341642921277
ENSMUST00000066379.10	0.03483325474108501	5.548820258854649	0.30250483013273977	0.7675435165535861	0.8518666295568259	-7.146855763728212
ENSMUST00000172767.7	0.04698253758952209	5.879665405197882	0.3018800609722332	0.7680080536878113	0.8518934435144727	-7.189685903996556
ENSMUST00000165096.8	0.01563504629508028	6.303235660328763	0.30132073402939813	0.7684240123404507	0.8520919563775198	-7.248950831843784
ENSMUST00000077605.11	0.026385674457641173	7.6601678314799	0.3008868976044361	0.7687466985511431	0.8522619304563245	-7.291615604817234
ENSMUST00000050516.13	0.02262164322209248	5.153149805120729	0.3005399225464873	0.7690048101862039	0.8523103140743415	-6.85090158274792
ENSMUST00000081102.4	0.03305681656082449	5.585709025176454	0.3003727692632793	0.7691291643604673	0.8523103140743415	-7.153501501883566
ENSMUST00000095806.9	0.03733934210166989	5.1168969704519	0.2979939930990636	0.7708995888266936	0.8537080852712075	-6.801611680515844
ENSMUST00000001046.6	0.029129343304520106	9.521160805345799	0.2960360001143538	0.7723578565691152	0.8544089163975088	-7.391256837168732
ENSMUST00000057893.6	0.03510311701320035	6.80954948351385	0.29600415108051276	0.7723815845310813	0.8544089163975088	-7.26979264206479
ENSMUST00000057578.15	0.06538294506929265	4.940728705333031	0.29320411563136595	0.7744685878445152	0.8556407272017157	-6.506250716781038
ENSMUST00000030868.10	0.02384797086528856	6.568249814014008	0.2880952193165952	0.7782812443056795	0.8588578504281362	-7.267534705981361
ENSMUST00000016033.8	0.01400174277091093	6.403247524822418	0.2874605282271298	0.7787553247197019	0.8591925523387763	-7.262350715586766
ENSMUST00000025077.6	0.01617238479715244	5.092628546099924	0.2858541832819025	0.7799555947678707	0.8593844416558893	-6.7682949783397754
ENSMUST00000026495.14	0.014371153683551796	8.309530180011283	0.2852969516127043	0.7803721003414641	0.8593844416558893	-7.32961996793623
ENSMUST00000075159.4	0.2368403849703853	4.520811946833858	0.2849066536632164	0.7806638729757087	0.8593844416558893	-5.774081145403398
ENSMUST00000056677.7	0.020569413142651705	5.384305169490547	0.2848218353015982	0.7807272847417205	0.8593844416558893	-7.089978031567712
ENSMUST00000205432.2	0.09053171054505516	5.061088490026487	0.28471354703346413	0.7808082454400854	0.8593844416558893	-6.717977100750432
ENSMUST00000041047.2	0.06070688911571587	6.531473150340219	0.2829163727321968	0.7821522778135027	0.860487231506611	-7.268587374350363
ENSMUST00000029610.8	0.017335879754028838	6.768755228539942	0.28157904810031265	0.7831528858570111	0.8610232012121116	-7.2729615142933906
ENSMUST00000068110.9	0.04330766549888665	6.621688461214922	0.28107801299572843	0.7835278731498005	0.8612472645437288	-7.270296271634225
ENSMUST00000101205.2	0.021477213857816757	7.978928612338224	0.2803184390081954	0.7840964659724708	0.8615922021866657	-7.3151158987414995
ENSMUST00000099691.10	0.02691377495469016	5.771158007982637	0.27981617786182184	0.7844725143125861	0.8615922021866657	-7.184210286722241
ENSMUST00000076803.11	0.17547249158817912	4.650248691427187	0.2779280688895535	0.7858866706796118	0.862520907545621	-5.976284156707594
ENSMUST00000111996.7	0.021950482220752576	7.450608793225401	0.2752389050123742	0.7879021814250629	0.8643558383666575	-7.2918332312509095
ENSMUST00000096744.7	0.040957933280984626	5.291539694595927	0.2744064282917865	0.7885264440469304	0.8646635876199013	-7.021372653495318
ENSMUST00000106602.9	0.050265003183767476	9.603168690700187	0.2734751421890093	0.7892249846257563	0.8648329908291412	-7.401962000239467
ENSMUST00000080813.4	0.0210865312815276	9.787734679202151	0.2733451507469132	0.789322504085542	0.8648329908291412	-7.409645653764816
ENSMUST00000094499.10	0.04660661350823592	6.0242809737267144	0.2732837957205126	0.7893685338675047	0.8648329908291412	-7.218119042998865
ENSMUST00000064571.10	0.02150147646722811	5.6985719587307795	0.27081545091285775	0.7912210243187221	0.8666738457103181	-7.1780386496186965
ENSMUST00000081551.13	0.013891751078810799	6.877756542894632	0.270416138049149	0.7915208340501177	0.8666974367340716	-7.280073852544561
ENSMUST00000168206.7	0.06286315220037952	5.695769236611207	0.2703278797851881	0.7915871043118783	0.8666974367340716	-7.177814964502212
ENSMUST00000121175.7	0.016099456705475745	9.054152654124913	0.26877209723442513	0.7927555702993373	0.867787918663178	-7.375495188698968
ENSMUST00000027741.11	0.023094301215666135	6.75920818752405	0.2675923264595271	0.7936419851973334	0.8680027885929965	-7.27682893050089
ENSMUST00000060188.13	0.010799530713297756	6.793209916087731	0.2663127283295344	0.7946037460489902	0.8686860910968897	-7.278184616833846
ENSMUST00000067404.12	0.08046286616890352	6.365652521925354	0.2663016378514073	0.7946120833289378	0.8686860910968897	-7.266056596775922
ENSMUST00000223554.1	0.019307803470018925	5.752519259950339	0.2616981515740827	0.7980750406217632	0.8717141835362766	-7.187355096928061
ENSMUST00000173429.7	0.25678159199460904	4.358088475084493	0.2613926611660018	0.7983050048889967	0.8717760971557504	-5.569635190789828
ENSMUST00000001452.13	0.07499819011920472	5.774052991587217	0.26090550871024093	0.798671760017298	0.8719873317376359	-7.19002003944774
ENSMUST00000034983.6	0.010012295907323221	8.479198228745982	0.25980579524202263	0.799499869478639	0.8726486693755598	-7.346302222210089
ENSMUST00000212991.1	0.029197333926941127	5.196111990109967	0.2595913599797672	0.7996613739201704	0.8726486693755598	-6.920752392566237
ENSMUST00000043050.8	0.0215908737085293	6.600617911963375	0.25941015759466035	0.7997978561897647	0.8726486693755598	-7.276352201716381
ENSMUST00000025363.5	0.0221404725555443	5.955352962762048	0.2561907813382145	0.8022238512919314	0.8743546836669317	-7.212864048244123
ENSMUST00000087200.3	0.02107558884559335	5.537830228833448	0.2554411260678263	0.8027890728891056	0.8747740579824758	-7.158881604699934
ENSMUST00000023629.8	0.015422751417246694	6.810087940229129	0.25520648451895883	0.8029660108473671	0.8747773929348428	-7.281879177782762
ENSMUST00000064770.8	0.02099549695263736	7.395736094584779	0.25188323320207295	0.8054732235604406	0.8767494131831625	-7.296990335072006
ENSMUST00000076364.5	0.02484930512049921	6.740059931217675	0.2503733782628669	0.8066130773449876	0.8776572887559977	-7.281122187455298
ENSMUST00000031862.13	0.039033690089518736	7.041062003148648	0.2503162801968105	0.8066561922495992	0.8776572887559977	-7.290730658900758
ENSMUST00000109701.9	0.12042822704723033	4.754120956634242	0.24947776774166683	0.8072894317990349	0.8781563527310151	-6.166645921204034
ENSMUST00000029076.5	0.11364210174660005	5.598692450726104	0.24799562357901667	0.8084090875720115	0.8789941905283746	-7.1707893894391805
ENSMUST00000115844.1	0.017994362873689163	5.8350320692773545	0.24667796555130553	0.8094048587453085	0.8798468877553255	-7.2006579655245195
ENSMUST00000138502.1	0.02585723347321167	6.7149485222069005	0.24626373991712172	0.8097179666680894	0.8798468877553255	-7.281596215857381
ENSMUST00000086635.8	0.045468060024437484	5.524797970729203	0.24304585869757558	0.812151492506066	0.8814275730637484	-7.1593110424058795
ENSMUST00000025522.10	0.08209912164567701	7.188619324026286	0.24295021090137192	0.8122238578261852	0.8814275730637484	-7.295223438928328
ENSMUST00000015901.10	0.012801698532048711	5.688606999969013	0.2415943071342359	0.813249904020559	0.8821440853373033	-7.184774805419917
ENSMUST00000077282.5	0.017958326287064175	5.749333424744929	0.23763787317423007	0.8162459038363482	0.8842663958227105	-7.193437832412227
ENSMUST00000061158.4	0.02580108682178217	6.036426198325203	0.23517720577154455	0.818110775929235	0.8859051471588423	-7.230342643824761
ENSMUST00000108285.8	0.027931895199376555	5.312902312443769	0.23400819696966088	0.818997144672309	0.8862958458522113	-7.053195064301601
ENSMUST00000115453.1	0.02858825143311794	6.311723663560016	0.23377202958116391	0.8191762439301893	0.8862958458522113	-7.269280805051031
ENSMUST00000146867.1	0.04756390940684874	5.154957194888738	0.23315712708118838	0.8196426097873298	0.8863610234464225	-6.872551175529338
ENSMUST00000027861.5	0.018723860206517173	9.110626807390227	0.23310994743130375	0.8196783956451225	0.8863610234464225	-7.388043399012834
ENSMUST00000023882.13	0.029157827216022447	5.080459145124185	0.23258467514737638	0.820076844401983	0.8863610234464225	-6.763508863924259
ENSMUST00000022196.4	0.014849678360040919	5.445541722097511	0.23237176028815404	0.8202383673538146	0.8863610234464225	-7.13712112437763
ENSMUST00000053819.5	0.18481417974425085	5.199914005557519	0.23171444548328762	0.8207370785032873	0.8863610234464225	-6.933094885760614
ENSMUST00000178079.7	0.03715647435420166	6.88350988879895	0.23137021207960476	0.8209982844882387	0.8863610234464225	-7.290809713069589
ENSMUST00000066177.9	0.17383659086531278	6.141814638087099	0.23027963687864564	0.8218259664734258	0.8868444217040161	-7.247649678031693
ENSMUST00000028817.6	0.018226932809061402	6.542006570646475	0.23026156223822772	0.8218396859491981	0.8868444217040161	-7.283255764190945
ENSMUST00000209732.1	0.028704850885790556	5.698694687122934	0.2295806166532917	0.8223565995667959	0.8870660489752465	-7.189128940623757
ENSMUST00000140053.2	0.0461638268542659	5.545745721175053	0.22721160144317312	0.8241556247632567	0.888625578264883	-7.167690226932682
ENSMUST00000042046.4	0.013325368487351774	7.19752833230522	0.22670041772035382	0.8245439542065751	0.8888537890750544	-7.299468524515064
ENSMUST00000114372.2	0.019840588756070865	5.301831022058116	0.22621765091733528	0.8249107408886636	0.8890586841068694	-7.044485530111391
ENSMUST00000035112.12	0.017894280038615484	5.707101290750946	0.22533125309108745	0.825584302693275	0.8895940515848934	-7.191259263162939
ENSMUST00000114925.9	0.018622849024821697	5.269370127585642	0.22448876020756306	0.8262246364545287	0.8900933931483369	-7.012289820400568
ENSMUST00000105998.7	0.012684057286906025	8.20170030442868	0.22375445682016146	0.826782847903572	0.8905040693219591	-7.341050658315874
ENSMUST00000213200.1	0.052712006040230186	5.0469155219783515	0.2223208211596604	0.8278729713560481	0.8911058876534613	-6.71205076540417
ENSMUST00000022089.9	0.014645686427451565	5.239061566110879	0.22204316803360952	0.8280841397232714	0.891142525550327	-6.9812729988578175
ENSMUST00000032824.9	0.015411974564047526	6.182479594933091	0.22164554701133965	0.8283865738547377	0.8912773424001679	-7.255667072235835
ENSMUST00000028087.5	0.03292069880577042	5.342919230439474	0.2202494117655179	0.829448714659212	0.8920385813275963	-7.080067203043319
ENSMUST00000032899.11	0.017583778284832263	6.31186487477827	0.2174532906135007	0.8315769848980109	0.8939452587653617	-7.273255219968812
ENSMUST00000015664.4	0.02042237644109335	6.984727913661025	0.21587099907772386	0.8327819684072271	0.8948581980044339	-7.298008745800636
ENSMUST00000116400.2	0.010350242553093914	5.660130358251462	0.21374977049236174	0.8343980732105221	0.8963003720805627	-7.187840552425047
ENSMUST00000020734.10	0.2798033974633798	3.816638156084332	0.21364172669711481	0.8344804100229289	0.8963003720805627	-5.098537134278709
ENSMUST00000093110.11	0.027225993965506845	5.932046279044287	0.21337831561587717	0.8346811560128256	0.8963246309286074	-7.22057259574034
ENSMUST00000106072.8	0.03796980437955799	6.155955775464294	0.21262536911722427	0.8352550448958177	0.8965677727888969	-7.253969121121014
ENSMUST00000087871.10	0.1279295348596392	5.841519464730249	0.2066313468308996	0.8398271479241597	0.9001215128262564	-7.211154243531122
ENSMUST00000091429.11	0.11016117824454685	6.785670333314929	0.20637252810250115	0.840024708094224	0.9001414923156636	-7.293170687560786
ENSMUST00000038027.5	0.01440928098399663	6.925568125910524	0.20434093927144495	0.8415758450743375	0.9014196458524573	-7.298624363388945
ENSMUST00000001127.10	0.012901498559081404	5.849246307488151	0.20219187674930147	0.8432174320315594	0.9025640212243299	-7.213029294401073
ENSMUST00000113973.7	0.1907601419556162	4.6843033543982555	0.20200286320988936	0.8433618492895198	0.9025640212243299	-6.052941255833279
ENSMUST00000030247.10	0.16588782927607326	5.468043395192719	0.1998677918645061	0.8449935798353437	0.9039257282907961	-7.152623348668178
ENSMUST00000045897.14	0.027489714214151917	9.774031116273878	0.19749516352489055	0.8468077466352402	0.9052889446072871	-7.42833259645133
ENSMUST00000029912.10	0.04455116593891617	5.1654877404411925	0.19692576056210265	0.8472432625846833	0.9052955127400952	-6.895068618450465
ENSMUST00000040506.6	0.019080893896113338	5.718811071233453	0.1950128261527582	0.8487067835537664	0.9061638005218589	-7.1996170423705985
ENSMUST00000020643.3	0.010163700078689608	5.310500230958549	0.19426908366072324	0.8492759553409102	0.9065791070061785	-7.0600739941722255
ENSMUST00000027580.10	0.021625379363414687	5.953827676472444	0.1923560267540815	0.8507403887405699	0.9075311782524247	-7.2280411550326455
ENSMUST00000039608.7	0.011001918919395948	5.0641545059495545	0.19023570127268433	0.8523641658335624	0.9085262962518331	-6.7467919330290425
ENSMUST00000035725.6	0.009496317536727084	7.912067312506079	0.189347586112973	0.8530445087424083	0.9090588696214904	-7.334632225850078
ENSMUST00000163075.7	0.10268144797812973	4.653656687714055	0.18856444575243905	0.8536445381335809	0.9093130788376129	-6.0032025553843615
ENSMUST00000018186.15	0.017541534198954878	9.460794254274884	0.18817650810798792	0.853941805163301	0.9094371764980033	-7.416405960836115
ENSMUST00000102672.4	0.01260380006113504	6.915636782103744	0.18644054383086434	0.8552723185747749	0.9101820106882333	-7.302045271066889
ENSMUST00000152247.7	0.014555502499540296	5.927652093922937	0.18637818228103517	0.8553201236889215	0.9101820106882333	-7.225826732201307
ENSMUST00000019302.9	0.01684451394408981	6.4509094584932125	0.18592075314356954	0.855670798058314	0.9103150317258146	-7.2908048638443255
ENSMUST00000028668.7	0.007780144347337092	5.592174234900914	0.18562562363879231	0.8558970673951842	0.9103326036834775	-7.184370849682082
ENSMUST00000044730.11	0.05461012970321644	5.6428390266598045	0.18327414880257376	0.8577003690918871	0.9115104682934693	-7.192040242986685
ENSMUST00000028251.9	0.011359573379609245	5.2397347170526025	0.18192768060882963	0.8587333294445837	0.9124154974521016	-6.990676202605471
ENSMUST00000032844.6	0.0165367201660942	5.574743311477765	0.18136348347970174	0.8591662420202932	0.9126827203555944	-7.1826416267315665
ENSMUST00000210640.1	0.016394379544116156	6.793578238080007	0.17835765435025672	0.8614734410292356	0.9137765805277654	-7.2992289597646955
ENSMUST00000037649.5	0.021726318593762173	5.35626510661498	0.17811707482252034	0.8616581619865646	0.9137765805277654	-7.0983469915214075
ENSMUST00000026292.14	0.12496135427452959	5.133872348394482	0.17748618727054088	0.8621426085784809	0.9137765805277654	-6.855945873040254
ENSMUST00000070200.14	0.021369417353957587	6.180430476015527	0.17743308981174974	0.8621833837913482	0.9137765805277654	-7.264871291246759
ENSMUST00000103079.3	0.10272909304292277	6.29688265629487	0.17616901875304747	0.8631542262852332	0.9144552328203299	-7.280354606752425
ENSMUST00000029740.13	0.029485350358799067	5.4580909129771715	0.17539360158138564	0.8637498845919731	0.9145581564158964	-7.154147485491485
ENSMUST00000022701.6	0.011037257696690617	5.07892841472797	0.17360085267166148	0.8651273696428255	0.9153429646000116	-6.7738590134538965
ENSMUST00000106255.7	0.050207913743861354	7.2480164809822325	0.17160890549523053	0.8666584556150265	0.9163847604453969	-7.312178217239925
ENSMUST00000002029.12	0.009769808351037135	6.314419656996371	0.17017828247096106	0.8677584365136816	0.9173550523429989	-7.2833942170018995
ENSMUST00000095228.3	0.019470824201865966	5.129223068794559	0.1693867714177229	0.8683671401520816	0.917612913695678	-6.851081785865609
ENSMUST00000115231.3	0.014706175941872957	9.366079829626386	0.16871222784984022	0.86888596084962	0.9177756181050679	-7.415310468273072
ENSMUST00000203652.2	0.06332596080021702	6.37478770238138	0.16359547709699018	0.8728235389987801	0.9209477262636627	-7.290519351906388
ENSMUST00000153700.8	0.04094617029420533	5.233896286917701	0.1634514796622335	0.8729344038805609	0.9209477262636627	-6.987909286340293
ENSMUST00000088646.11	0.1279610361814898	5.339514937732349	0.16290713053699565	0.8733535285239387	0.9209477262636627	-7.089512226786603
ENSMUST00000024885.8	0.009558801093751512	5.551856774981946	0.16155699348559424	0.8743932474494511	0.9214646895513592	-7.182489561879555
ENSMUST00000105907.8	0.012364136475115473	5.527745884607105	0.16082295486783407	0.874958621994576	0.9216743775658943	-7.177863293073694
ENSMUST00000147333.1	0.029031540620094276	6.2367905041302185	0.16038785706327452	0.875293779122642	0.921834415483779	-7.275843904874192
ENSMUST00000163666.2	0.01913787453629734	7.429296047289773	0.15638858493116534	0.8783756077756556	0.924539902297787	-7.318831606462233
ENSMUST00000041331.2	0.038431873392136495	7.287759871867167	0.15633880681673373	0.8784139799211732	0.924539902297787	-7.3156234544585255
ENSMUST00000068407.5	0.015078983824460046	5.148084853979421	0.1542076292168204	0.8800571294733386	0.9260755947250296	-6.879599419802249
ENSMUST00000098132.10	0.07961569385621114	6.750510187592914	0.15221154644293042	0.8815966506871157	0.9272168482079948	-7.3026556210901
ENSMUST00000086046.9	0.037118759904371856	5.613014644750652	0.15208460521108508	0.8816945740065687	0.9272168482079948	-7.19348933514487
ENSMUST00000168631.7	0.033759017245215794	6.420603525416951	0.15063575106830884	0.8828123744366732	0.9281983397682138	-7.29558254359498
ENSMUST00000135395.7	0.023365716439914586	5.449284289523525	0.14973554315182885	0.8835070239499065	0.9286115083826433	-7.15544725339491
ENSMUST00000113423.9	0.04152586585620899	5.189750700805282	0.14964811168511646	0.8835744962488	0.9286115083826433	-6.936384408428189
ENSMUST00000062844.10	0.020035519728541118	5.251552678475705	0.1488773893460662	0.8841693166311984	0.9289228276660173	-7.00910003687684
ENSMUST00000013766.12	0.015286810315832788	6.360125659779795	0.14878581438265087	0.8842399963610726	0.9289228276660173	-7.291814303854854
ENSMUST00000091967.11	0.010287561536374668	6.02684698655553	0.1448600272015317	0.887270984492196	0.9310403689650634	-7.247374058996793
ENSMUST00000001595.9	0.012081301379358145	7.202909854317941	0.14433463759578624	0.8876767655500569	0.9310403689650634	-7.31601519727993
ENSMUST00000045173.9	0.006841620504644652	8.403470964715362	0.1437907675151096	0.8880968549799575	0.9310403689650634	-7.367308977646257
ENSMUST00000031423.9	0.03848740506376469	5.699040700351055	0.14363733706772003	0.8882153722770307	0.9310403689650634	-7.206427876747056
ENSMUST00000002292.14	0.04852658766933349	5.403878043110347	0.1436246275108056	0.8882251898968692	0.9310403689650634	-7.134584672961764
ENSMUST00000188533.1	0.0490600806578847	7.094900104916131	0.14356686556635231	0.8882698089125737	0.9310403689650634	-7.314423666621512
ENSMUST00000199878.4	0.08367693311958746	4.73308236918556	0.14353898232887566	0.8882913478497921	0.9310403689650634	-6.149675605672271
ENSMUST00000020209.15	0.02610196542997567	6.510929304762081	0.1429220342591058	0.8887679449773126	0.9310591582058204	-7.300311693917209
ENSMUST00000107821.8	0.015593713482225269	5.498111774714907	0.14279709421163578	0.8888644676729388	0.9310591582058204	-7.1725495412432085
ENSMUST00000123686.7	0.29795775591599494	6.067185506233586	0.142451581550543	0.8891314039093863	0.9311448986403252	-7.253842578186524
ENSMUST00000076894.10	0.009021230918106582	5.488439749328778	0.13938139689077692	0.8915039888694001	0.932197119290208	-7.170113713071214
ENSMUST00000194201.5	0.21108121388986412	6.016191309635393	0.1392573615931902	0.8915998644514693	0.932197119290208	-7.246635389867228
ENSMUST00000070210.4	0.009849113286318989	6.59260092781231	0.13923328768480547	0.8916184730718506	0.932197119290208	-7.302041749535446
ENSMUST00000087865.3	0.01587215833365274	7.285298291493182	0.1382943551382184	0.8923443005973113	0.932568378958262	-7.3184430846063
ENSMUST00000001125.5	0.059568733816872665	5.287495059505739	0.13796223796084808	0.8926010632078494	0.9326429800620334	-7.047543035458258
ENSMUST00000086112.7	0.009833198358951023	6.850954650442615	0.13738067962430262	0.8930507015735232	0.9327253642550125	-7.308267481686078
ENSMUST00000057194.8	0.01468274706303152	5.465384504476759	0.1350090081361544	0.8948847872731874	0.9341089684143812	-7.163417567271933
ENSMUST00000109627.7	0.00970930849965601	7.2856876168495255	0.13410401052884244	0.8955848177600232	0.9344155587295249	-7.3190660873585855
ENSMUST00000045665.12	0.008620452971499049	8.370740928332573	0.1340874100671514	0.895597659350779	0.9344155587295249	-7.366982902909431
ENSMUST00000050410.10	0.039203445492040245	5.467696957144675	0.13103739705305473	0.8979575742995947	0.9357958573331243	-7.164761442924141
ENSMUST00000022573.16	0.01991991508372326	6.171194196026061	0.13093521732376603	0.8980366525947772	0.9357958573331243	-7.2712853533195565
ENSMUST00000027592.5	0.005274462367826693	6.67272044381311	0.13013982265318957	0.898652258568251	0.9359986160838228	-7.304256952150346
ENSMUST00000102776.4	0.00582138209361549	6.817931875343095	0.12953980341806465	0.8991166969076126	0.9359986160838228	-7.308180177799877
ENSMUST00000194959.5	0.00688542433162187	5.5844487128102545	0.12796243434744986	0.9003378283115773	0.9370292954562567	-7.192979689408605
ENSMUST00000117654.2	0.0060197486028119584	6.930468334515146	0.12327941431635019	0.9039647822931347	0.9398319528242944	-7.313103313068333
ENSMUST00000203849.1	0.04855788162340069	5.5826179535596285	0.11875551057928965	0.9074706582786198	0.9423085411351364	-7.193936907915201
ENSMUST00000024854.7	0.007560240978991217	5.140527596889794	0.11606499402524974	0.9095566927988175	0.9435009734991444	-6.87474879905701
ENSMUST00000118152.7	0.005187493986746006	6.027215799206822	0.11465017104050546	0.9106539298456384	0.9440468227589061	-7.251655282996664
ENSMUST00000051822.12	0.015858163874068687	5.24458702774532	0.114418665180949	0.9108334879093083	0.9440468227589061	-7.006573626476866
ENSMUST00000017572.13	0.005425014609000911	5.906597350534899	0.11287599866406607	0.9120301252977656	0.9450617449909035	-7.235077014412491
ENSMUST00000100497.10	0.014413415900827786	11.34230007495003	0.1126719796037173	0.912188398663452	0.9450617449909035	-7.495791164337022
ENSMUST00000029269.11	0.007329585039490105	5.33018536687805	0.11216966950464895	0.9125780962505065	0.9452041174240517	-7.090201181309225
ENSMUST00000092891.5	0.005741657272761991	5.898664197750529	0.11195334146716897	0.9127459332100647	0.9452041174240517	-7.234222126002883
ENSMUST00000040261.5	0.010397075524744892	5.764247986169741	0.11176836882995891	0.9128894467428875	0.9452041174240517	-7.218801745635676
ENSMUST00000207395.1	0.042260466588450285	5.0894193236051315	0.11053113936028072	0.9138494504599323	0.9458088017411889	-6.800230032520332
ENSMUST00000082122.13	0.012547011513816209	5.26241559539499	0.10915394607923765	0.9149182236061002	0.9465255157232758	-7.0258766410149125
ENSMUST00000113627.3	0.010348831724878771	6.996533968009689	0.10844771933219144	0.9154663597371344	0.9468978733218592	-7.317113997595938
ENSMUST00000030917.5	0.021023885531775477	6.999635731103379	0.10778733684726731	0.9159789551314836	0.9471470768698683	-7.317271895992379
ENSMUST00000051356.11	0.0748463968730011	4.867135213075227	0.1069411712486762	0.9166358149787226	0.9475230707125444	-6.4070019674649945
ENSMUST00000041761.6	0.08702294140340072	6.961570462224536	0.10665329202466423	0.9168593040373266	0.9475239788306624	-7.316232682869874
ENSMUST00000179863.7	0.17374473370817967	3.8330710768248712	0.10621225961357736	0.9172017048112355	0.9475239788306624	-5.121343340245032
ENSMUST00000046754.14	0.040188667617696794	5.186399817094139	0.10410092127398987	0.9188411070994499	0.9486332053801216	-6.938144131748246
ENSMUST00000203846.2	0.14128662173485207	5.43203543621765	0.0998521923675676	0.9221413165078154	0.9510645681325992	-7.155399353274972
ENSMUST00000108754.7	0.03932040288955729	5.226165325540439	0.09623549418430247	0.9249517932819764	0.9525724787633086	-6.988859503370383
ENSMUST00000029540.12	0.006900171734674387	8.102554582003634	0.0913314271299482	0.9287643499136657	0.9555446716596426	-7.358863579191894
ENSMUST00000107094.1	0.014881854502774239	7.19390017661537	0.09104147460175155	0.9289898259306717	0.9555812337471293	-7.322633704781004
ENSMUST00000044509.6	0.021485742777365147	5.204926984814216	0.08953850157849742	0.9301586870103716	0.9563924697218843	-6.964138633498301
ENSMUST00000089559.10	0.00762155036406309	7.136779548863129	0.08748060996082045	0.9317593839618743	0.9570603227260494	-7.322101362400986
ENSMUST00000081506.10	0.011675162779764214	5.118983947370194	0.08417523904634319	0.9343310629606201	0.9591143802805304	-6.848297944040319
ENSMUST00000142512.7	0.012566240451229227	5.769226008403932	0.08345459639290627	0.9348918489110942	0.959494265987702	-7.222346123130302
ENSMUST00000102573.7	0.004100219441959929	6.302787806184928	0.08188215937456671	0.9361156062931069	0.9605149306590263	-7.294123596984642
ENSMUST00000013845.12	0.007318486508881783	5.907644648049689	0.08156799283890384	0.9363601286349076	0.9605149306590263	-7.238487661650374
ENSMUST00000221654.1	0.013791687282378895	5.399480835105585	0.08106424860698658	0.936752217406897	0.9606197321186505	-7.139476057093174
ENSMUST00000003038.11	0.004315306291854171	5.711942254924157	0.07993514120915232	0.937631119823614	0.9610593138384446	-7.215773943632984
ENSMUST00000174786.1	0.014758630517218485	4.990294703451256	0.0772574854779511	0.9397157610946265	0.9624816763165852	-6.639863174990332
ENSMUST00000046490.13	0.015129687414483506	5.247101546935235	0.0754869138031522	0.9410944660645846	0.9636975898170008	-7.013225596759279
ENSMUST00000025409.7	0.009530045270622622	9.177963911139063	0.0722239678719666	0.943635769883822	0.9653017013781798	-7.418026504010318
ENSMUST00000044113.10	0.005976555121432803	5.2497481092406195	0.07199749695487463	0.9438121783103294	0.9653017013781798	-7.016323666114671
ENSMUST00000050487.14	0.02184114958173211	6.742801547616972	0.06870656170418828	0.9463759834596461	0.96713743099441	-7.312410308199452
ENSMUST00000160372.8	0.04429695800734912	5.017741940508787	0.06346593158916623	0.9504599852315239	0.9703255246955755	-6.688829715030845
ENSMUST00000006701.7	0.007133515547221414	6.064210094066513	0.062141547316400564	0.9514923105227354	0.9711823522499253	-7.262250130805706
ENSMUST00000070785.15	0.006427375445763772	5.539659572033598	0.06171857215946303	0.9518220288657296	0.9713218310798146	-7.1922903307535755
ENSMUST00000178087.1	0.008060054190424104	6.411771334373453	0.06083648105845311	0.952509668042494	0.9716293876564858	-7.305327685456737
ENSMUST00000140824.1	0.015383576834069324	6.354437141188273	0.05941303724496549	0.9536194059861344	0.9721746407021624	-7.301307623965032
ENSMUST00000025254.8	0.004127459313965076	8.910183095781933	0.059407270314446765	0.9536239021795212	0.9721746407021624	-7.404922314012383
ENSMUST00000103172.3	0.002831902291244859	12.000814053607836	0.05897038017585359	0.9539645288770482	0.9723248672569752	-7.524994639538815
ENSMUST00000043898.7	0.005283371627125	6.925534086719524	0.05864815393329094	0.9542157625796215	0.9723839379254762	-7.319278853571968
ENSMUST00000077257.11	0.0034203025929935293	5.83467207014215	0.05595173752122425	0.956318306551525	0.9735405504372162	-7.231682498623582
ENSMUST00000170836.3	0.0038444507844541675	6.656601280058409	0.05562831438222028	0.9565705207724504	0.9736003014376285	-7.3115252505532915
ENSMUST00000021338.9	0.0038851044382939293	6.37297092914927	0.052641969927261105	0.9588995827989188	0.97537885181184	-7.303320541917435
ENSMUST00000186129.6	0.017789065569545848	5.412127557082659	0.05211427473563245	0.9593111763291506	0.9756002684681537	-7.149159147025718
ENSMUST00000065014.9	0.0022912401894590317	9.17118944388128	0.04864994935332123	0.9620135920546938	0.9771634124020118	-7.41921287756054
ENSMUST00000048432.5	0.002299476082662011	9.647526337430602	0.04736259046958664	0.9630179496737128	0.9779326127150926	-7.443017911650647
ENSMUST00000142271.1	0.02943252780129324	7.404519999243025	0.04693185530890595	0.9633540108558932	0.9779326127150926	-7.330189491751083
ENSMUST00000106485.7	0.011919369898779841	5.06599916930128	0.04544634159858605	0.9645130703140654	0.9783051079967479	-6.767996160750335
ENSMUST00000016463.3	0.0022943526919245727	8.287522408969139	0.04526089164004958	0.9646577720858689	0.9783051079967479	-7.371211940296391
ENSMUST00000020741.11	0.002098000527962718	6.516025902186188	0.04410322569305037	0.9655610982375389	0.9784239131864313	-7.310376707664038
ENSMUST00000224568.1	0.004860636003395591	5.175609795074794	0.04401773857847973	0.9656278057893815	0.9784239131864313	-6.928434405919968
ENSMUST00000032726.13	0.0033511042470006913	5.606114510905183	0.043991947549086564	0.9656479311733257	0.9784239131864313	-7.203914454111834
ENSMUST00000203566.2	0.0034595788650433335	5.1805042000257915	0.03763064536263122	0.9706125342738827	0.9819176709857181	-6.935329439567932
ENSMUST00000125981.7	0.007022693473261121	7.258065124408815	0.03742991702954565	0.9707692124562086	0.9819176709857181	-7.3274961518627695
ENSMUST00000218635.1	0.012907912289958468	5.25887740633532	0.037217279327127685	0.9709351878706137	0.9819176709857181	-7.0278635474444995
ENSMUST00000082411.1	0.0053068349320213315	11.249353968569725	0.03710250942194072	0.9710247726825585	0.9819176709857181	-7.498521807525856
ENSMUST00000117450.7	0.024996940735054096	5.417789440620662	0.034793942146058236	0.9728268344012518	0.9828150871060003	-7.153228574194166
ENSMUST00000091609.10	0.002005483689232257	6.919875057953098	0.034139856824414075	0.973337440733016	0.9828150871060003	-7.320310385107657
ENSMUST00000066330.14	0.0028860224037314808	5.470519330932719	0.03399779388640043	0.9734483426414083	0.9828150871060003	-7.174338492058574
ENSMUST00000173858.7	0.0056486685979395546	5.1418618092346335	0.03388610393957766	0.973535534180614	0.9828150871060003	-6.883199082886071
ENSMUST00000022909.9	0.003528875853901603	5.431385835819672	0.03376054789662271	0.9736335508122254	0.9828150871060003	-7.159870079340003
ENSMUST00000057921.9	0.005809633406891557	6.280072542693858	0.033157041002195776	0.9741046910103873	0.9830934203557188	-7.29460070433004
ENSMUST00000023779.6	0.008999222449579847	5.760711896175623	0.03271018615581351	0.9744535441322314	0.983248251209237	-7.224561538871938
ENSMUST00000043757.14	0.0020309103508786563	6.15996775847628	0.031059444199019397	0.9757423018993914	0.9839566087103303	-7.278397048662612
ENSMUST00000037960.10	0.009507930045367097	4.963751365649873	0.030750608549158565	0.9759834223664253	0.9840025246343659	-6.59352380377435
ENSMUST00000111785.8	0.005987979939861887	5.356896499754308	0.027961383171032344	0.978161192795107	0.9857576017501058	-7.115418920170953
ENSMUST00000092425.10	0.0087631040993994	7.097705091106717	0.02776823413395917	0.9783120066663245	0.9857576017501058	-7.3251805564837715
ENSMUST00000071564.13	0.0017812488220405598	5.728705130501971	0.024147458894352183	0.981139321875544	0.987815074716002	-7.221049249393553
ENSMUST00000168431.6	0.010980876956479868	5.980181140577855	0.023114661797097875	0.9819458417776085	0.98827062649534	-7.251466196493445
ENSMUST00000021669.14	0.0017814197467531656	6.307767086805077	0.01986522818887222	0.9844834835847595	0.9900755478067514	-7.298079282508846
ENSMUST00000035301.6	0.001090530501357101	7.721781318224439	0.019556169966967695	0.9847248519943673	0.9900755478067514	-7.343248380846791
ENSMUST00000099278.8	0.0014875692214140201	5.157965938854735	0.018096384775549965	0.9858649365702041	0.9909863128640753	-6.905600996564242
ENSMUST00000109135.8	0.0012104264842864865	5.123653058504941	0.01566377812850688	0.9877648608905435	0.9920709628285107	-6.8585512923102945
ENSMUST00000206196.1	0.022422090972961328	4.398492371212978	0.015559435651590991	0.9878463567192319	0.9920709628285107	-5.650583276544867
ENSMUST00000062601.13	0.002516953610736117	6.425712968380647	0.013594476620591317	0.9893810974563066	0.9927878487882038	-7.308005659775178
ENSMUST00000060738.8	0.0009899759592686408	7.553988869275409	0.013267363558156595	0.9896365951847792	0.9927878487882038	-7.335809915587362
ENSMUST00000029090.8	0.0007671993355042872	6.152660672675767	0.013188301034409657	0.9896983486179551	0.9927878487882038	-7.277752194057011
ENSMUST00000102581.10	0.0005492603117094319	8.748030364472722	0.010331001405538625	0.9919301456779737	0.9936652553369513	-7.397894653327902
ENSMUST00000094657.9	0.001030619431528379	6.649260529887701	0.01003729397075812	0.9921595608626346	0.9936652553369513	-7.313056638094504
ENSMUST00000023561.7	0.0006045146391580047	5.344085403105938	0.009928722331355139	0.9922443664706808	0.9936652553369513	-7.106909384714589
ENSMUST00000087143.6	0.0006686429487441359	6.767800342803182	0.009879651521983389	0.9922826958483092	0.9936652553369513	-7.3155615658448045
ENSMUST00000211887.1	0.002529609295339519	5.021503628886804	0.009531570849205223	0.9925545834294058	0.9937397232305155	-6.6971117510729075
ENSMUST00000030446.14	0.0006234353904277512	5.67687804061182	0.009121566878005808	0.992874840865919	0.9938625794660643	-7.214612722905112
ENSMUST00000070575.13	0.0017482521867560052	5.941122086555646	0.008310582570368295	0.9935083110754499	0.9942988488204871	-7.246224265827605
ENSMUST00000099200.2	0.0012338144194830036	6.484279930497574	0.005835551185949775	0.9954416164559797	0.9960355553679463	-7.310736568084436
ENSMUST00000129680.7	0.0004983263217299694	5.633188991689231	0.004170698183301405	0.9967420902280408	0.9971384879573024	-7.208809012111231
ENSMUST00000027472.6	-1.1127454062176412e-05	8.51006560139255	-0.0002098553613536356	0.9998360725357324	0.9998360725357324	-7.384418312246508
ENSMUST00000080493.11	-0.0020065572661915887	3.7656368684241563	-0.001126983007563152	0.9991196630643389	0.999318295204113	-5.082158053100085
ENSMUST00000038406.6	-0.0008047235310177925	5.083408548510921	-0.010609878777330297	0.9917123149696756	0.9936652553369513	-6.7970751161066705
ENSMUST00000099376.10	-0.002950355473002375	5.22540206865392	-0.01070364776117563	0.9916390723093491	0.9936652553369513	-6.99292145901736
ENSMUST00000084731.4	-0.0010775538047171906	6.574835696069172	-0.011678065490846396	0.9908779625149609	0.9934450038686266	-7.312216473669662
ENSMUST00000192615.5	-0.00744564537401704	7.6910036654113005	-0.012454943708213416	0.9902711559272952	0.9930345197269727	-7.341790859968909
ENSMUST00000191436.6	-0.004722544326294376	6.498048805612722	-0.01302251777984339	0.9898278373129855	0.9927878487882038	-7.3109791285003
ENSMUST00000110336.3	-0.0016148469935650667	5.783778992096791	-0.013349356430827297	0.9895725530156947	0.9927878487882038	-7.227637906194198
ENSMUST00000204097.2	-0.0010900744927990758	5.524314180234134	-0.014782531809273863	0.9884531554885598	0.9923982888171912	-7.190861855908893
ENSMUST00000109088.7	-0.026414716503795788	3.615875132854966	-0.01545242182632169	0.9879299391315521	0.9920709628285107	-4.998174335853292
ENSMUST00000106098.7	-0.002221341479252459	7.06587235619788	-0.016078096835862588	0.9874412621260442	0.9920709628285107	-7.324846754243578
ENSMUST00000005841.15	-0.0015233280845956543	5.776875194200724	-0.01777306634388903	0.9861174510813862	0.9910421287236224	-7.226792925306567
ENSMUST00000026565.6	-0.0012682755240902566	8.805427674043914	-0.0195084975886127	0.984762083328361	0.9900755478067514	-7.4009240811070995
ENSMUST00000035201.12	-0.0028433034547896696	5.310173424939035	-0.019610302353139396	0.9846825755474563	0.9900755478067514	-7.079849821583534
ENSMUST00000050078.12	-0.0012243643431082418	6.872168735354946	-0.019684911507203876	0.9846243071827518	0.9900755478067514	-7.319032382916404
ENSMUST00000021803.9	-0.00194082179789401	5.094644975161752	-0.023064943902907475	0.9819846674319629	0.98827062649534	-6.814870151370507
ENSMUST00000060108.6	-0.001563910634909682	5.238104507167349	-0.025171031847416234	0.9803400267114557	0.9872079011980252	-7.006392093161874
ENSMUST00000016144.11	-0.0047476645022097586	6.588121544227257	-0.026512778866685228	0.9792923074250413	0.9863502700010776	-7.312072157468438
ENSMUST00000102520.8	-0.03080288339784598	5.306515144276473	-0.026532315032517892	0.9792770526688263	0.9863502700010776	-7.076157798937305
ENSMUST00000087737.9	-0.010968051281275315	4.865629125189838	-0.030132830840691897	0.9764657538077528	0.984291566300702	-6.4096109649673
ENSMUST00000082407.1	-0.003013736184595217	12.850294159269511	-0.03158444856550011	0.975332415554681	0.9837404536198076	-7.5565904792202465
ENSMUST00000178774.2	-0.04823745803999202	7.4379737493039695	-0.03161328864579225	0.9753098994685845	0.9837404536198076	-7.331730478945715
ENSMUST00000198389.4	-0.04556583434756156	3.810164813874931	-0.034254187115580384	0.9732481888319086	0.9828150871060003	-5.109867078812764
ENSMUST00000029451.11	-0.0025338928605389555	8.162683897217624	-0.03639955780105811	0.9715734776718157	0.9819176709857181	-7.365474838770507
ENSMUST00000178605.1	-0.006727679831884714	5.3340203982077785	-0.0366407727921394	0.9713851900540726	0.9819176709857181	-7.0990827857758045
ENSMUST00000078717.6	-0.0031028040658274136	6.013056930300813	-0.036793619650044435	0.9712658817746682	0.9819176709857181	-7.255895619825181
ENSMUST00000114299.7	-0.008007253169116879	9.436735700633546	-0.03756451816688149	0.9706641496102763	0.9819176709857181	-7.433542074848336
ENSMUST00000022496.8	-0.0031143838278016034	5.599614275173658	-0.041444368640991235	0.9676359903122929	0.9795124078996269	-7.20309164427632
ENSMUST00000207932.1	-0.09908119669035909	4.725243388050182	-0.041949183854846576	0.9672420281423824	0.9793106547764793	-6.145274894649881
ENSMUST00000053459.14	-0.017470573037042136	5.473697675429156	-0.042907065478147176	0.9664945139850938	0.9787507849957743	-7.175035458579702
ENSMUST00000113619.7	-0.00819648187784594	7.796605743722576	-0.04326852908345499	0.9662124426954092	0.9786621298974438	-7.346562211650892
ENSMUST00000064783.9	-0.010548462431867023	8.651959043861801	-0.043819140638227574	0.9657827773571492	0.9784239131864313	-7.391480892430714
ENSMUST00000032931.8	-0.047830764531191505	4.022829895998094	-0.044966237778815296	0.964887685525713	0.9783051079967479	-5.266140676772662
ENSMUST00000059680.6	-0.0024414937066676856	6.741307024446291	-0.04513870809289518	0.9647531094452114	0.9783051079967479	-7.313820807187427
ENSMUST00000033131.11	-0.002662584432142623	6.8402613707960445	-0.04540982671141854	0.9645415618249122	0.9783051079967479	-7.316939963335933
ENSMUST00000117557.7	-0.014026926295062303	6.717167891162854	-0.04574087479796813	0.964283256452043	0.9783051079967479	-7.313189165708429
ENSMUST00000130048.7	-0.0053077834918795475	5.151749954621094	-0.046957465636344765	0.9633340293759961	0.9779326127150926	-6.896138565695612
ENSMUST00000099538.5	-0.04427418897798674	5.259489495171035	-0.048942215899962	0.9617855841651972	0.9771290940902881	-7.027955602230499
ENSMUST00000160781.7	-0.0031327221050467813	5.0784158752375985	-0.04922470765451974	0.9615652053126932	0.9771025142250371	-6.787869123609861
ENSMUST00000016638.7	-0.004304464046671619	7.1541198744245005	-0.04928778956066511	0.9615159940001443	0.9771025142250371	-7.325186961016018
ENSMUST00000102515.9	-0.017665407179935144	5.263397342836729	-0.049868783412516944	0.961062758234005	0.9769866107648575	-7.031970393572138
ENSMUST00000019924.8	-0.0036760202446659562	6.790374970065979	-0.05162560994238761	0.9596923377452203	0.9757906530307605	-7.314843775402164
ENSMUST00000094666.3	-0.006353045622457643	5.1834040228291265	-0.05401057780474667	0.9578321493660356	0.9744900997897926	-6.938433985385686
ENSMUST00000026617.12	-0.005990979607421565	5.655559954896652	-0.055177962744239896	0.9569217255048301	0.9737607607230584	-7.210195651374067
ENSMUST00000098250.9	-0.07005567970948912	3.9405053543878954	-0.05631600527214601	0.9560342465126095	0.9734483493634767	-5.200501271889006
ENSMUST00000106796.8	-0.02646948976543584	5.955246045384052	-0.05651409334011185	0.9558797778869793	0.9734483493634767	-7.246453372687488
ENSMUST00000213866.1	-0.034163109193880103	8.745744476956123	-0.056990495727024526	0.9555082880794232	0.9733067822084588	-7.396069298482995
ENSMUST00000000365.2	-0.003369358740933137	5.942692610303036	-0.05784986252642443	0.9548381974022639	0.9728211768187098	-7.244662052866209
ENSMUST00000020215.15	-0.0350830826886277	4.938042921936308	-0.05998736496277242	0.9531716391782303	0.9721075444365856	-6.544967540854723
ENSMUST00000080281.13	-0.0032565349741187077	8.072955246648611	-0.06127756521640117	0.952165813318484	0.9714756047060015	-7.35996736284269
ENSMUST00000200154.4	-0.00907535750318278	5.883914862843983	-0.06408929254527754	0.9499741229956242	0.9700263472277219	-7.23697741172979
ENSMUST00000082419.1	-0.008292336881026152	7.503069130373569	-0.06486135152914482	0.9493723912134195	0.9696087089311235	-7.3318813496999
ENSMUST00000117984.7	-0.047300645869341906	5.005871190410553	-0.06490735533764945	0.9493365375276941	0.9696087089311235	-6.668697709031233
ENSMUST00000217969.1	-0.014610667701211	7.942023603686875	-0.06820637485282223	0.9467657101211933	0.9673392135702118	-7.35304211863089
ENSMUST00000023036.5	-0.00456127313178456	7.068393779035585	-0.06953654910872632	0.9457293207887558	0.9666729404486449	-7.322424964358145
ENSMUST00000082418.1	-0.0055253003187889504	12.280405560644526	-0.07042164835348555	0.9450397637945218	0.9661644079760697	-7.534383044010083
ENSMUST00000041065.13	-0.005611975221286869	6.835320893859308	-0.07087139776839972	0.9446893939551902	0.9660025083310084	-7.315156743765675
ENSMUST00000025695.9	-0.004708690372682511	5.48524836038253	-0.07290113641749554	0.943108311422006	0.9649741539076901	-7.176733377872389
ENSMUST00000053705.6	-0.004077609305082497	5.6900535520330475	-0.07425330455310546	0.9420551686775935	0.9640926675380336	-7.213405266060978
ENSMUST00000021674.6	-0.026010697706125185	5.279159015734979	-0.07437472541657723	0.9419606050255784	0.9640926675380336	-7.046312378792205
ENSMUST00000054384.5	-0.006111585819622789	5.188485696922158	-0.07480708036060782	0.9416238906668116	0.9640435071112594	-6.9437245900728675
ENSMUST00000056228.7	-0.010919946415640425	7.124832430186766	-0.0773941637848762	0.939609341164983	0.9624816763165852	-7.322810601623368
ENSMUST00000018914.2	-0.005082489664438583	7.649606236190909	-0.07832119628065293	0.9388875710693	0.962025126283024	-7.336510007786415
ENSMUST00000160774.7	-0.1179550382502752	4.154254038560726	-0.0797773401498214	0.9377539597759738	0.9610593138384446	-5.381404209925426
ENSMUST00000037182.13	-0.006679790337936531	5.463254727794986	-0.07999704853230781	0.9375829286373248	0.9610593138384446	-7.169076678066219
ENSMUST00000026520.13	-0.0036480579969992988	5.564727227753096	-0.08144083448953095	0.9364591005530758	0.9605149306590263	-7.195190338138861
ENSMUST00000106677.7	-0.012398089990842465	6.050845984947103	-0.08484147951742994	0.9338126442215389	0.9587778394037881	-7.258419360965172
ENSMUST00000040655.12	-0.031676054649718566	6.074301016712413	-0.0869119036876507	0.9322017981449775	0.957319299136024	-7.26179779987629
ENSMUST00000118209.7	-0.0064096196390863724	7.569695686909511	-0.08800743711398268	0.9313495701290119	0.9568347329628465	-7.332301769960202
ENSMUST00000035493.13	-0.060696361288455236	6.648984061075234	-0.08857820089739095	0.9309056016620627	0.9565739546490681	-7.308871629805384
ENSMUST00000141883.7	-0.012549128984954194	5.397239193123555	-0.0886466548615066	0.9308523563943525	0.9565739546490681	-7.137418821344806
ENSMUST00000001451.10	-0.008103544742418478	5.298065893676444	-0.0889626300272337	0.93060658726446	0.9565739546490681	-7.063991861435721
ENSMUST00000090852.10	-0.0091178725783152	6.781872484888125	-0.08973748967837335	0.9300039242460097	0.9563924697218843	-7.3116663683179075
ENSMUST00000125257.2	-0.010973748553873008	5.998884016046651	-0.0921761233559857	0.9281075250823636	0.9550642173633404	-7.249923386594682
ENSMUST00000038217.13	-0.061626773137634316	4.699287716654063	-0.09314492545831503	0.9273542654193337	0.9544843104183036	-6.095585045484951
ENSMUST00000178344.2	-0.007765538225822155	6.421377599915874	-0.09451449109208104	0.926289531373875	0.9535835138821291	-7.303045289567728
ENSMUST00000077915.9	-0.02051105923564478	8.392358048048465	-0.0960215311433505	0.9251180940643065	0.9525724787633086	-7.372885324935637
ENSMUST00000198254.4	-0.004345716483822315	6.568565301517479	-0.09602446602691807	0.9251158129282939	0.9525724787633086	-7.307229753209736
ENSMUST00000096753.3	-0.005061741346852777	7.035225369993822	-0.09657239840578258	0.924689945138651	0.9525724787633086	-7.3193249660402815
ENSMUST00000182432.1	-0.02868082658395732	6.004642407170711	-0.09778762378103958	0.9237455266419873	0.9519384974469148	-7.250208731687699
ENSMUST00000180359.7	-0.05974998979195778	5.137707850934884	-0.09823865265704475	0.9233950381630696	0.9517722673629181	-6.87291791366762
ENSMUST00000215296.1	-0.028168648923918127	5.582956926276873	-0.09898898237072506	0.9228120043595637	0.9513662282649518	-7.196305963923254
ENSMUST00000165559.1	-0.006960372169086071	5.1347585675399685	-0.09909063821132574	0.9227330176327727	0.9513662282649518	-6.868778446006673
ENSMUST00000001326.6	-0.0063907828145932655	5.915514053687926	-0.10113243105233087	0.9211467256209862	0.9502335814228381	-7.237522176050996
ENSMUST00000034426.13	-0.013205281035083338	5.820076792820645	-0.10250846730563642	0.9200778672721546	0.9493256255632094	-7.226072187078184
ENSMUST00000172272.7	-0.017028428937839735	5.243715141231002	-0.10302806662394934	0.9196743025089732	0.9491038801892604	-7.006978149296754
ENSMUST00000082405.1	-0.012577051343384937	12.810237848980313	-0.10328823627450857	0.9194722415514933	0.9490900384172267	-7.549991176943143
ENSMUST00000188142.6	-0.007183199936584117	5.173913881011667	-0.10527314401811848	0.917930856240305	0.9478879593072608	-6.921236515858887
ENSMUST00000031091.12	-0.005467150418058786	5.585610142503888	-0.10527572150181744	0.9179288549141097	0.9478879593072608	-7.1960002864415955
ENSMUST00000100806.5	-0.04159973907001735	5.584318140894786	-0.10641805231571318	0.9170419330240598	0.9475239788306624	-7.195681721274402
ENSMUST00000097680.5	-0.0054876033586044315	7.8426047766549285	-0.1076522502585833	0.9160838155533252	0.9471470768698683	-7.34387417397718
ENSMUST00000021822.6	-0.009969344507105404	10.467380940385539	-0.10949039495176797	0.9146571057385846	0.9464499997883214	-7.465713854274969
ENSMUST00000076813.7	-0.012789699329117	5.103624083388615	-0.11065074395612846	0.9137566394032717	0.9458088017411889	-6.822774306267711
ENSMUST00000024932.11	-0.014315419211337499	7.31894530921745	-0.11536728883838598	0.9100977595408141	0.9436730890869406	-7.322257206524618
ENSMUST00000166980.8	-0.0860947271168131	4.814266300559386	-0.11566058866417814	0.9098703012856573	0.9436317224836408	-6.304898531408829
ENSMUST00000110894.8	-0.006312175008172716	10.882323047911166	-0.11768498731499871	0.9083005800136471	0.9423922907916392	-7.4786666730341755
ENSMUST00000033866.8	-0.0070319057546246455	5.135283350963243	-0.11769190307468488	0.9082952182154329	0.9423922907916392	-6.867335987685781
ENSMUST00000070345.4	-0.008230949326610393	5.166133634689111	-0.11787181475468599	0.9081557340993909	0.9423922907916392	-6.909273212191998
ENSMUST00000107213.7	-0.019014658892799297	5.485944847904751	-0.11826686321540901	0.9078494673757519	0.9423922907916392	-7.172274315946918
ENSMUST00000064099.7	-0.006442907542374421	5.9453353591325495	-0.1189101851879346	0.9073507564226359	0.9423085411351364	-7.239193008244222
ENSMUST00000082392.1	-0.012476936338709166	13.14494726477835	-0.1206281171068676	0.906019198064282	0.9411898793023752	-7.559167268643314
ENSMUST00000032735.7	-0.00930515927236808	5.158384439708912	-0.12091354638190648	0.9057979924565709	0.9411544196714186	-6.898499567996086
ENSMUST00000071739.11	-0.0048601987713343675	6.754189797541755	-0.12100850070559872	0.9057244053805658	0.9411544196714186	-7.307348706352234
ENSMUST00000107119.8	-0.10158456079256961	4.77252409749598	-0.12103223496830035	0.9057060121011669	0.9411544196714186	-6.225707607706994
ENSMUST00000220681.1	-0.022765809443008322	5.715410527523905	-0.12338513587291311	0.9038828766070546	0.9398319528242944	-7.211457744164817
ENSMUST00000059975.7	-0.0070866199726911105	5.287368995885421	-0.12387975217159203	0.9034996978001496	0.9397368161324275	-7.049397122835013
ENSMUST00000084434.10	-0.010129207601536905	8.65021393804	-0.1243862089381155	0.9031073725530228	0.9395229924140317	-7.384063103517376
ENSMUST00000131374.7	-0.009000623458122803	6.514326267372024	-0.12465890602072045	0.9028961396425911	0.9394975136591264	-7.303008877408773
ENSMUST00000045628.14	-0.01093194555292154	6.003741578268559	-0.12948197394795277	0.8991614612468923	0.9359986160838228	-7.246190191926263
ENSMUST00000227723.1	-0.011570321833237251	7.32901802324564	-0.12981690284588113	0.8989022062492042	0.9359986160838228	-7.320565125989141
ENSMUST00000021273.12	-0.0091336439827705	7.6444177647455795	-0.13045457774006466	0.8984086415279992	0.9359896201133492	-7.3303870073261805
ENSMUST00000018737.12	-0.09786925210667086	12.075765095174456	-0.13213224493398526	0.8971103286632017	0.9352179990684972	-7.520183347034935
ENSMUST00000108431.2	-0.007981526048860488	8.366063180494109	-0.13250889447361897	0.8968188898806142	0.935107945075517	-7.366957380100045
ENSMUST00000028509.10	-0.03158963778639823	5.960832978036641	-0.13252880698510347	0.8968034826851505	0.935107945075517	-7.23949326376798
ENSMUST00000043896.9	-0.013932736760018827	5.339542502022838	-0.1331843815014786	0.8962962601688449	0.9349505463216793	-7.094264703210283
ENSMUST00000061372.6	-0.005749713788525845	6.4648499877191075	-0.1349473676416411	0.894932464272971	0.9341089684143812	-7.300285149880067
ENSMUST00000057021.8	-0.01614985732964236	8.058160600380662	-0.13537624779506663	0.8946007477667673	0.9341089684143812	-7.351409392274562
ENSMUST00000115028.9	-0.008750275031239596	9.125833466528507	-0.1374618222167002	0.8929879629264004	0.9327253642550125	-7.4079300480571115
ENSMUST00000115808.2	-0.00944691364533945	5.373150937881802	-0.13867472813206	0.8920502466991724	0.9324547664956444	-7.116142525204019
ENSMUST00000031320.7	-0.01972772400453504	6.5781639099682	-0.14001089071957792	0.8910174366414289	0.9321498697739714	-7.301753489856164
ENSMUST00000047281.9	-0.009214661835570404	7.8685112334823035	-0.14079739581305847	0.8904095915942357	0.9317077070113561	-7.34086761241731
ENSMUST00000074557.9	-0.055796205722154824	5.790204359117064	-0.14130905955055506	0.8900141949112403	0.9314877084664969	-7.217677419452955
ENSMUST00000102875.10	-0.010364156515086265	5.714207143609256	-0.1414605513611974	0.889897133024825	0.9314877084664969	-7.208723512730086
ENSMUST00000000001.4	-0.011230031946436903	6.77420620811178	-0.14179738077252485	0.8896368654202317	0.931480347539893	-7.3049403834726006
ENSMUST00000082396.1	-0.013927781911062809	12.898877189625006	-0.14326738042463683	0.8885011567886696	0.9310591582058204	-7.547692642673667
ENSMUST00000024897.8	-0.004930870182666247	7.5124632276788	-0.14471334952351084	0.8873842666305218	0.9310403689650634	-7.3231453552251535
ENSMUST00000159414.1	-0.02046323075167855	9.372376680231161	-0.14482117464033237	0.8873009908575938	0.9310403689650634	-7.41967581757971
ENSMUST00000218766.1	-0.02361915145267357	5.384761190137327	-0.14754077000538893	0.8852010543693418	0.9295442505807052	-7.122123894253874
ENSMUST00000071430.5	-0.013824666697043853	5.083274830866125	-0.14754393757705436	0.8851986090565113	0.9295442505807052	-6.785268070928223
ENSMUST00000101249.8	-0.014918368323251663	5.584083754764205	-0.15269645380239097	0.8812226087651495	0.9271081021952043	-7.189187720099556
ENSMUST00000108858.7	-0.15099453187684375	9.226414550541977	-0.15921512830806064	0.8761972614672414	0.9225928050317479	-7.409689257777738
ENSMUST00000079121.3	-0.009050023025646503	6.8107759753019055	-0.16101726273949846	0.8748089542615719	0.9216743775658943	-7.302996064447032
ENSMUST00000217176.1	-0.06865882640505028	5.138225012745152	-0.16179014345241388	0.8742136847987754	0.9214646895513592	-6.864771372505512
ENSMUST00000027009.10	-0.027076240602618817	6.1341974577009335	-0.16265158088538142	0.8735503042885799	0.9209621921365979	-7.260788487594693
ENSMUST00000030117.4	-0.011878978873117063	6.210119745850059	-0.16297007260826044	0.8733050638656766	0.9209477262636627	-7.271698674889907
ENSMUST00000100335.9	-0.011853376279868932	6.0582771997767955	-0.1632893943020463	0.8730591981929476	0.9209477262636627	-7.24905366608266
ENSMUST00000144845.1	-0.032268596420244045	6.473161871614452	-0.16545546750763782	0.8713917710981404	0.9198430550555485	-7.295658295698365
ENSMUST00000025181.16	-0.01557734004309097	7.483800342194104	-0.16617417502897056	0.8708386578610813	0.919452106547555	-7.318680081167837
ENSMUST00000119968.7	-0.010752500875565119	6.19610717887886	-0.16757823916446535	0.8697583045996784	0.9185042045426074	-7.2689167103920465
ENSMUST00000153076.1	-0.026213306729591324	6.733740142292012	-0.1689165797861172	0.8687287781584483	0.9177756181050679	-7.2993357610402265
ENSMUST00000113211.7	-0.01544151656071513	9.15183653674811	-0.16939930873523648	0.8683574977642319	0.917612913695678	-7.40399165494406
ENSMUST00000102682.4	-0.016228958244160374	5.629598787554164	-0.17251835783634484	0.8659593454724774	0.9158380212470115	-7.192282538302915
ENSMUST00000030948.15	-0.05556575236207273	4.847932813879718	-0.1726869908373623	0.8658297276915222	0.9158380212470115	-6.360112577365026
ENSMUST00000025739.13	-0.01360010515775123	5.312118412958698	-0.17480273855024242	0.8642038313657665	0.9145581564158964	-7.06547362008865
ENSMUST00000026173.12	-0.01192363514879613	5.8084179146518	-0.17492251567090264	0.86411180519313	0.9145581564158964	-7.21395655569809
ENSMUST00000113157.7	-0.14145501866102617	4.865605085272205	-0.17492873774144382	0.8641070247600385	0.9145581564158964	-6.393905915161887
ENSMUST00000023075.8	-0.028121849574496594	6.469035797941997	-0.17535087913648384	0.8637827055799995	0.9145581564158964	-7.293694386134861
ENSMUST00000010007.8	-0.012123673094877496	7.004209388223891	-0.17611235121317004	0.8631977540575922	0.9144552328203299	-7.306929350676636
ENSMUST00000055226.12	-0.07192545125599636	8.25733671319899	-0.1774194172166987	0.8621938834755123	0.9137765805277654	-7.353793820994542
ENSMUST00000219836.1	-0.16397197278074938	4.611499989145429	-0.1780336160616919	0.8617222450108705	0.9137765805277654	-5.9358112454620855
ENSMUST00000009003.8	-0.009278935943712874	5.5393857035780965	-0.17919916435003086	0.8608273832083847	0.9134829286904416	-7.1769942839073675
ENSMUST00000107397.1	-0.03574443751724932	5.613456586989041	-0.1792212826789826	0.8608104035826226	0.9134829286904416	-7.188713999608173
ENSMUST00000111635.2	-0.022870262383152706	5.9281100719621405	-0.17952651139860065	0.8605760954270827	0.9134829286904416	-7.227232962042418
ENSMUST00000103184.3	-0.03189934262747762	5.979835516765441	-0.17986934227009851	0.8603129386268862	0.9134829286904416	-7.234264985530997
ENSMUST00000025505.6	-0.033482528515114574	5.801753550483659	-0.18048031999758282	0.8598439959839339	0.9132098678056093	-7.212160252013181
ENSMUST00000070166.5	-0.009775158521269312	5.314524136157914	-0.18359624812687128	0.857453307258003	0.9114404371043762	-7.0659472898523825
ENSMUST00000102727.2	-0.00897830624706053	7.402355575980611	-0.18367724994780238	0.8573911784171436	0.9114404371043762	-7.3131285277334825
ENSMUST00000043359.8	-0.013808553414357938	6.040746502274208	-0.18542719669006724	0.8560492045371759	0.9103326036834775	-7.242244966319207
ENSMUST00000114701.8	-0.013908730231813493	8.465242586919846	-0.18631984130778442	0.8553648472538198	0.9101820106882333	-7.3631569952223845
ENSMUST00000026439.13	-0.02931621281466157	5.206506472962185	-0.18642209417285854	0.8552864616501871	0.9101820106882333	-6.951852445303428
ENSMUST00000025718.8	-0.03562945874353218	5.840199071835686	-0.18903724917805292	0.8532822723583169	0.9091196764580035	-7.214746997713778
ENSMUST00000033541.4	-0.011888451112714193	6.211390278832677	-0.1908347006016472	0.8519053710149526	0.9082296930655279	-7.266566546918804
ENSMUST00000105321.9	-0.019458258509065907	6.505266134788689	-0.19142423454655724	0.8514538814504347	0.9079407540434796	-7.29146668138685
ENSMUST00000024727.8	-0.012280553155438412	6.079849993008559	-0.19216141019884125	0.8508893992877533	0.9075311782524247	-7.24681884718672
ENSMUST00000203193.2	-0.17161059444230986	4.73332489955645	-0.19243492823706082	0.8506799785729556	0.9075311782524247	-6.141614818133826
ENSMUST00000025246.12	-0.04127059806704114	6.711891951309073	-0.19304558603667876	0.8502124678334215	0.9073862803712226	-7.294100418790626
ENSMUST00000040523.8	-0.01751117026597715	7.589226155443613	-0.1952549973511931	0.8485214738551206	0.9061582540787755	-7.316654322679262
ENSMUST00000097649.9	-0.0486823322746055	8.383666149223721	-0.1961492854086265	0.8478372457247143	0.9056197841276089	-7.356635351530774
ENSMUST00000102483.4	-0.015535560274672733	10.920356500706651	-0.19678135604922142	0.8473537208294789	0.9052955127400952	-7.466579183206403
ENSMUST00000165876.7	-0.03858415753096445	5.102675355573091	-0.1971751814936128	0.847052482931501	0.9052955127400952	-6.807068363844894
ENSMUST00000006523.11	-0.021236056459512653	9.736599294138848	-0.1986870006036679	0.8458963247032464	0.9045067820578178	-7.426613741426683
ENSMUST00000143467.7	-0.08740702360843677	5.185435860399927	-0.19869384627670206	0.8458910903512579	0.9045067820578178	-6.921505534841816
ENSMUST00000108430.9	-0.032767359914116945	7.873064832955889	-0.2015204253515061	0.8437304866852562	0.9027664990458366	-7.3299184524564325
ENSMUST00000087629.9	-0.023240865329492877	8.03614232857564	-0.20252981016340502	0.8429592462649664	0.9025171244858577	-7.338140462041448
ENSMUST00000033519.2	-0.015192659553984633	7.734402722952458	-0.2034181784221822	0.8422806119217245	0.9019824943759464	-7.321817825030723
ENSMUST00000194543.1	-0.0381425220859013	5.3422702270205775	-0.20557574676782644	0.840632974648249	0.9006014683678323	-7.082971808889717
ENSMUST00000042850.8	-0.020300526698584065	5.351320620388766	-0.2066409159831162	0.8398198438673481	0.9001215128262564	-7.089015865854504
ENSMUST00000178474.7	-0.1492438134411591	7.297328854796553	-0.2069915168763974	0.8395522438002123	0.9001215128262564	-7.305895310570371
ENSMUST00000171975.7	-0.012883845969599683	5.889069460696672	-0.20706912466564992	0.8394930116204133	0.9001215128262564	-7.216716971642894
ENSMUST00000030787.8	-0.009945912223860987	7.564712512894873	-0.20716010106353586	0.8394235774987253	0.9001215128262564	-7.31315786782251
ENSMUST00000208402.1	-0.04868709639176849	5.109493217721087	-0.2089575030851689	0.8380520726052929	0.8991767919123969	-6.814871443817978
ENSMUST00000082409.1	-0.025465823780312036	12.567258522891944	-0.21174169159678607	0.8359287024005018	0.8970898681264771	-7.523101294460542
ENSMUST00000038053.12	-0.1769444509060678	5.194403855324692	-0.21261362957620059	0.8352639934529039	0.8965677727888969	-6.930345234143387
ENSMUST00000034053.6	-0.018743285316116243	9.121970235289844	-0.21593718746497526	0.8327315541481938	0.8948581980044339	-7.392780819856295
ENSMUST00000101070.4	-0.022450233792193686	5.619031779692396	-0.21871422195896845	0.8306170516441886	0.893104164740738	-7.18106524088897
ENSMUST00000195483.5	-0.051479688572941384	5.28215064391329	-0.2204683861225777	0.8292821016772044	0.8920385813275963	-7.0262153133449265
ENSMUST00000114694.8	-0.025453073867486964	6.569619814252063	-0.22260755094743376	0.8276549145377621	0.8910618178984552	-7.285514658716044
ENSMUST00000021062.11	-0.01356418004849047	8.916712927649103	-0.22322788364145815	0.8271832055671902	0.8907445863031964	-7.380304842206727
ENSMUST00000223683.1	-0.02003693168188292	5.0958748708208255	-0.22776741265129977	0.8237334485738598	0.888360767368722	-6.789355020443278
ENSMUST00000017443.13	-0.021728461396953058	5.234866996939231	-0.2300834776980295	0.8219748635272962	0.8868444217040161	-6.974885801802066
ENSMUST00000173844.7	-0.019554661154604247	8.360909259211967	-0.23148085175310515	0.8209143281127622	0.8863610234464225	-7.347271122694712
ENSMUST00000113717.7	-0.031857127924319606	5.4479759934143495	-0.23203206969067383	0.8204960836642057	0.8863610234464225	-7.138085557223608
ENSMUST00000074854.8	-0.23483647870102864	5.185011775525841	-0.23216186525248914	0.8203976078340283	0.8863610234464225	-6.9132246633397285
ENSMUST00000040828.5	-0.09275591432230446	5.670084456374832	-0.23229989689953442	0.8202928868061596	0.8863610234464225	-7.184713948380382
ENSMUST00000106054.2	-0.01847562373895073	5.256980730108465	-0.23377953107058294	0.819170554956836	0.8862958458522113	-6.997291288392244
ENSMUST00000203638.2	-0.05360424400199282	6.869219947700921	-0.23465703885024108	0.8185051457611454	0.8861414651009948	-7.28946082433058
ENSMUST00000036618.13	-0.03212817886031338	5.148871375894578	-0.23586651491686364	0.8175882494754866	0.8855299210142461	-6.863617355778316
ENSMUST00000025279.5	-0.01501589636871703	5.472559628770283	-0.2377716249742872	0.8161445706552443	0.8842663958227105	-7.145227667211249
ENSMUST00000028392.7	-0.017563746637592637	7.561009152601656	-0.23842242765729837	0.8156515585223039	0.8840032294109673	-7.30552847145806
ENSMUST00000006900.6	-0.019996779481154192	6.265686910307287	-0.23911905859030297	0.8151239209635036	0.8836217294478316	-7.262703299311353
ENSMUST00000022224.15	-0.15074832359531154	4.92527494879741	-0.24115095137112583	0.8135854812095183	0.8821440853373033	-6.492679291074513
ENSMUST00000052761.8	-0.01677389297414944	6.479237041379897	-0.24116477155662316	0.8135750200880814	0.8821440853373033	-7.279285150389073
ENSMUST00000039855.8	-0.08816923111946817	6.157466410227504	-0.24230641853260843	0.8127109861975172	0.8817660063747487	-7.2469320433001965
ENSMUST00000007814.8	-0.013821446019022687	6.204588848630725	-0.24375908162766793	0.8116119387806395	0.8811436478216222	-7.253250546453388
ENSMUST00000219188.1	-0.027171026062219994	5.072108375915157	-0.24401845457025367	0.811415748029992	0.8811207917847809	-6.747142816350523
ENSMUST00000227021.1	-0.02415304311868116	6.463806544709138	-0.24461678381400923	0.8109632204965348	0.8808195082724669	-7.277834720065807
ENSMUST00000030905.8	-0.01844366529867525	5.724362345006209	-0.24558642173444123	0.8102300171756532	0.8802131756447228	-7.188350530258399
ENSMUST00000003320.12	-0.01275231371296126	5.162767832276952	-0.24642836177250851	0.8095935269566108	0.8798468877553255	-6.879690306941626
ENSMUST00000112930.7	-0.031174236487201412	8.05345403174224	-0.24918167551749554	0.8075130730415333	0.8782097428603445	-7.327622664675256
ENSMUST00000028280.13	-0.025555779213895846	8.57445727232011	-0.25206361629892593	0.8053370759042435	0.8767494131831625	-7.353839145091501
ENSMUST00000054952.3	-0.019095218894944033	5.777914157229726	-0.25316412660880855	0.8045065891656952	0.8760763311888771	-7.192586346181739
ENSMUST00000045756.13	-0.025535761611720886	8.81101915009879	-0.2546964743730007	0.8033506375392274	0.8750069403463635	-7.366473536868235
ENSMUST00000084299.5	-0.015306611067263276	6.518808305650139	-0.2561820744679984	0.8022304153859187	0.8743546836669317	-7.276131260571786
ENSMUST00000111336.9	-0.016560993799116908	6.573359127292327	-0.2581061815985093	0.8007802192993039	0.8731524237743384	-7.2763928220840866
ENSMUST00000069580.11	-0.11131531762016866	5.59637144724474	-0.25874108035244175	0.8003018674288378	0.8728200075947286	-7.167529338475882
ENSMUST00000152782.7	-0.023328430141368983	6.895587608059756	-0.25913077742831525	0.8000082998670436	0.872689019217497	-7.283925212575923
ENSMUST00000046274.11	-0.019662666773456294	5.272022875923155	-0.2618133574101913	0.7979883221772014	0.8717141835362766	-7.005251035365139
ENSMUST00000114510.7	-0.015946315947671152	5.36103389924587	-0.26309718780124286	0.7970221406382286	0.8709423087643198	-7.081383918946295
ENSMUST00000015719.14	-0.01964707251432607	8.193923108998971	-0.264261122849402	0.7961464937271028	0.8701744536044002	-7.330053044734059
ENSMUST00000047321.8	-0.0915944557680275	5.5904022834149085	-0.2677351997343334	0.7935346219872838	0.8680027885929965	-7.16411981166768
ENSMUST00000005647.3	-0.019150523604253067	6.851056804453309	-0.2683063757211738	0.7931054517064817	0.8677932856753608	-7.279693650815596
ENSMUST00000002090.2	-0.03957549406855865	6.423710129939663	-0.26843548786720633	0.7930084492288703	0.8677932856753608	-7.269198710932908
ENSMUST00000114882.7	-0.07873891863363802	8.56314133217492	-0.27364940276449207	0.789094260366481	0.8648329908291412	-7.347095571204371
ENSMUST00000022980.4	-0.015548163655772385	8.275372943228321	-0.27463386622321856	0.7883558762482767	0.8646635876199013	-7.331071737604255
ENSMUST00000065887.13	-0.10851981818802692	5.048374600424149	-0.2760776850570394	0.7872733479575529	0.8638543541056594	-6.700147235969412
ENSMUST00000118144.7	-0.0939924731994779	5.331136979331028	-0.277980976463953	0.7858470330317091	0.862520907545621	-7.056202080703245
ENSMUST00000041544.7	-0.04917564046394851	6.17496529752812	-0.27882715391191565	0.785213173652288	0.8621578953829466	-7.239235066309626
ENSMUST00000031190.4	-0.02185599789975612	5.2982598092388375	-0.27974379873866934	0.7845267100411679	0.8615922021866657	-7.026436628757247
ENSMUST00000072961.5	-0.020511294151387638	6.06524626581992	-0.2798984676762652	0.7844108991362126	0.8615922021866657	-7.222339430923158
ENSMUST00000062264.7	-0.015750027279231027	5.6549877131008035	-0.2817472722633001	0.7830269954350071	0.8610232012121116	-7.169075448621284
ENSMUST00000207918.1	-0.04793990962181649	5.681815761259967	-0.2820689768895621	0.7827862659358635	0.8609964372372823	-7.172521021585932
ENSMUST00000105715.7	-0.018351774365998885	6.157533431054862	-0.2844683380796448	0.7809915835319563	0.8593982188865426	-7.235021228929811
ENSMUST00000022135.14	-0.022731457599705962	5.2090685434309965	-0.2848459240878973	0.7807092753545138	0.8593844416558893	-6.930247134037751
ENSMUST00000062058.4	-0.011972734312475808	6.930269854720084	-0.2855244719438647	0.7802020305161051	0.8593844416558893	-7.277418503831866
ENSMUST00000114897.8	-0.026364111696829617	7.851399008765177	-0.28573632206647964	0.7800436847617066	0.8593844416558893	-7.306662732605429
ENSMUST00000108493.2	-0.028933495214399585	7.612679532154046	-0.2862283657581599	0.7796759503259103	0.8593844416558893	-7.2940279793339435
ENSMUST00000099946.5	-0.062474697308881666	6.810038804790829	-0.2862530430893272	0.7796575089110799	0.8593844416558893	-7.272854503565228
ENSMUST00000085684.10	-0.05359452976209411	5.005883634123752	-0.28651883120017174	0.7794588938674202	0.8593844416558893	-6.62729150092251
ENSMUST00000072751.12	-0.021339239657260478	5.508554003292957	-0.2905129482052474	0.7764761866366918	0.857053904117858	-7.141261172554283
ENSMUST00000196202.4	-0.09089073557672211	5.813709716410073	-0.29071720908704884	0.7763237494426536	0.857053904117858	-7.185586103205495
ENSMUST00000217157.1	-0.12536312491050605	6.028591805702695	-0.29220591264003803	0.7752130445573471	0.8560353000807754	-7.213028124413182
ENSMUST00000064477.13	-0.04277116625146693	5.108444445809818	-0.2929103325423971	0.7746876660321532	0.8556429523178404	-6.79082221171169
ENSMUST00000069557.13	-0.11361505692676221	4.875259505130494	-0.2931411000316953	0.7745155777532524	0.8556407272017157	-6.383587681531027
ENSMUST00000020270.5	-0.02092741809055365	6.466769199677517	-0.29341338410634255	0.7743125457888865	0.8556407272017157	-7.263866062296988
ENSMUST00000210490.1	-0.0218143404496427	5.897381370758913	-0.2942190960162523	0.7737118591929473	0.8553162741374902	-7.194277351991579
ENSMUST00000060095.14	-0.08661532197002852	6.325323797711823	-0.2945230587945363	0.7734852840565438	0.8552537283710927	-7.253516669405779
ENSMUST00000198180.4	-0.2336497016799921	4.742210238891043	-0.29469449931696684	0.7733575012018893	0.8552537283710927	-6.132052032772334
ENSMUST00000127477.7	-0.02808648372800082	6.143174023168727	-0.2964202990898762	0.7720715676213178	0.8544089163975088	-7.229159393137502
ENSMUST00000097862.2	-0.04281678232487174	4.9987932446960075	-0.29658272756461984	0.771950574791479	0.8544089163975088	-6.611767482663096
ENSMUST00000102769.10	-0.0170041706408135	6.626934860482977	-0.296742849160407	0.7718313064972117	0.8544089163975088	-7.26549746901577
ENSMUST00000188641.6	-0.020118909018902897	6.086587868608454	-0.2980389620275603	0.7708661077510395	0.8537080852712075	-7.219978624236823
ENSMUST00000001347.6	-0.08973099131719398	4.913312778941359	-0.2986895542551861	0.770381771217187	0.8535103922029659	-6.454483593071866
ENSMUST00000021668.9	-0.015291499083778248	6.823646124520853	-0.30178914207825525	0.7680756628466802	0.8518934435144727	-7.26844083014401
ENSMUST00000030091.9	-0.0445755182931995	5.256367456859309	-0.30200174044181494	0.7679175734584681	0.8518934435144727	-6.97710292129227
ENSMUST00000024905.9	-0.052673532762043784	5.9534576055528765	-0.30867604003241395	0.7629601164953812	0.8477589575626218	-7.196709163938605
ENSMUST00000038228.10	-0.025708437700880715	6.084976225337207	-0.30949745233005216	0.7623507521741173	0.8475992561741401	-7.216003308730866
ENSMUST00000025563.6	-0.02030085953299654	11.88966123752633	-0.30978023294280366	0.7621410100621859	0.8475533646381205	-7.471095710943695
ENSMUST00000126610.1	-0.023749953646742483	9.423714747609102	-0.30981183305390486	0.7621175730706666	0.8475533646381205	-7.381962259026344
ENSMUST00000049460.10	-0.02618096614907639	7.620468773142831	-0.3106099693565145	0.7615256977930788	0.8472436500656743	-7.286558218574473
ENSMUST00000223999.1	-0.02843518069834161	10.676956382425786	-0.312119475582579	0.7604067226711999	0.8463730579112404	-7.426639788636613
ENSMUST00000027830.4	-0.03047467351708999	5.211682736667382	-0.3126209625196508	0.7600351030457897	0.8461466261171428	-6.924624344109217
ENSMUST00000113641.2	-0.01600434772186432	5.696149866186712	-0.31275058313190146	0.759939059761134	0.8461466261171428	-7.164613941164297
ENSMUST00000155244.2	-0.23600024613686799	6.418144121227342	-0.3138705235144245	0.7591094068537534	0.8454902426126264	-7.254708364751663
ENSMUST00000205002.2	-0.019883899744851163	6.880295385089656	-0.3143927125461653	0.7587226758983753	0.8454399455544538	-7.266377506347108
ENSMUST00000018990.7	-0.0272095479639205	5.215273656864885	-0.31440933339684507	0.7587103676887844	0.8454399455544538	-6.928346513977458
ENSMUST00000025631.6	-0.015577121649453574	6.180672608465216	-0.31464454879519055	0.7585361914603947	0.8454399455544538	-7.228651127958853
ENSMUST00000025679.10	-0.013618493013015431	6.327571402008601	-0.3149354296032164	0.7583208143597575	0.8454399455544538	-7.247093265035796
ENSMUST00000027975.7	-0.01649339157178442	6.378147811752639	-0.31502410360611655	0.7582551616203388	0.8454399455544538	-7.251828315601028
ENSMUST00000171384.7	-0.08501533942094675	8.835964057703924	-0.3213194883292501	0.7535992360453733	0.8421496571622108	-7.347250473558474
ENSMUST00000102843.9	-0.04612758099294911	5.350572733728432	-0.32230900822657516	0.7528683250456092	0.8415197830047678	-7.055728715704143
ENSMUST00000004786.9	-0.031894322658233776	5.239915073000014	-0.3235247315293377	0.7519706716308925	0.8407032108833379	-6.952580111805833
ENSMUST00000022734.8	-0.016873626894131633	7.343057464380084	-0.3245631700126694	0.7512042205235484	0.8400541618364608	-7.273322388650762
ENSMUST00000166915.7	-0.06839181305731667	7.2065187340548595	-0.32544260979098616	0.7505553404102858	0.839680657683822	-7.270366554669481
ENSMUST00000153360.7	-0.04016460249727061	5.103171518237123	-0.3255152615313004	0.750501744445672	0.839680657683822	-6.772079966737071
ENSMUST00000071935.6	-0.04072772465488317	5.337103820468105	-0.32652049191695764	0.7497603152548149	0.8391644373853111	-7.044856965139742
ENSMUST00000151137.7	-0.05340193528935622	5.547163503633235	-0.32735516634814865	0.7491448820225863	0.8386621943603988	-7.138196092821155
ENSMUST00000022228.12	-0.020226111700631044	5.0625681962330775	-0.33219926015853096	0.7455767518333776	0.8352252590678517	-6.704790365830116
ENSMUST00000102696.4	-0.029074451260466816	10.238012463724298	-0.3328473230799449	0.7450998585622514	0.8348769239257654	-7.405301397071933
ENSMUST00000105381.4	-0.04117682305122283	6.895092304449565	-0.33341682892016905	0.7446808647351012	0.834593323787546	-7.260311705045529
ENSMUST00000102578.10	-0.06659892697415071	5.7201803090244505	-0.33378183585350557	0.7444123687148546	0.8344783036997402	-7.160447128243754
ENSMUST00000048715.8	-0.07398214888460686	5.218850275707046	-0.33658385235385874	0.7423524022357852	0.8327257381601417	-6.924843719518857
ENSMUST00000183663.7	-0.07677850436511413	5.817595814606075	-0.337732292450017	0.7415087022721827	0.8325218212745708	-7.1702058339464365
ENSMUST00000041093.5	-0.02271268597418885	7.104474951949848	-0.33786808403382956	0.7414089663899492	0.8325218212745708	-7.264351443652807
ENSMUST00000004094.14	-0.037017522836361394	5.250772751406537	-0.3395814315436219	0.7401509738978378	0.8313738006930645	-6.958446542695085
ENSMUST00000035220.11	-0.017029662702936044	6.452666505989696	-0.3402140358816939	0.7396866948482061	0.8313738006930645	-7.247331527318966
ENSMUST00000156290.8	-0.35365952815414836	5.670567111443071	-0.3403943847484341	0.7395543534124058	0.8313738006930645	-7.151615308472878
ENSMUST00000169611.2	-0.02632677606758893	5.991631917168112	-0.34046792709059787	0.7395003899606034	0.8313738006930645	-7.191168869441945
ENSMUST00000034537.7	-0.02055056408507383	5.289768862618251	-0.3413085294513806	0.7388836810692165	0.8312441412028686	-6.99762194667638
ENSMUST00000082421.1	-0.03295596313186344	13.468202499358256	-0.3415945697574113	0.7386738705872298	0.8311939706831477	-7.514742644609025
ENSMUST00000090300.4	-0.018707994049974808	5.433498173737613	-0.3420293398364725	0.7383550090395528	0.8310210403753893	-7.098653351681638
ENSMUST00000053917.4	-0.019997494596549537	6.110107215453128	-0.34298608156583177	0.7376535115146325	0.8307089375729516	-7.208166808183007
ENSMUST00000021614.13	-0.3423826185976706	5.981321689707779	-0.34585854089726414	0.735548868585767	0.8286042001466621	-7.187678847497589
ENSMUST00000028252.13	-0.023491545336824515	6.5594440808003665	-0.34799978210469695	0.7339814463871539	0.8273942766690054	-7.247008668236093
ENSMUST00000025057.4	-0.025535601692278753	5.8610322695117665	-0.34831829917838864	0.7337483938475295	0.8273942766690054	-7.171305028783023
ENSMUST00000028106.10	-0.09786076672624766	10.871521983895706	-0.3491870501825911	0.7331128873988013	0.8271565231001053	-7.42017680275081
ENSMUST00000121705.7	-0.10007026891000415	5.2615121116130625	-0.3493206370244199	0.7330151846532054	0.8271565231001053	-6.966001240500457
ENSMUST00000155973.1	-0.2850430783058	4.524531124271605	-0.34983836879018393	0.7326365722573616	0.8270768069499509	-5.7591628400645565
ENSMUST00000065504.16	-0.07081579540170324	4.986578095295252	-0.35295426422456166	0.7303595052825058	0.8259021512870952	-6.5701274024559115
ENSMUST00000090040.11	-0.09089445663030471	5.184865416591655	-0.3569998020210136	0.7274070763210221	0.8233037122544572	-6.873803398180707
ENSMUST00000034121.10	-0.022812457795111207	6.482170032782122	-0.35881015572454805	0.726087360698754	0.8221799486102703	-7.2415487387853
ENSMUST00000003720.4	-0.023841743411079364	5.558866469589428	-0.36091011575060733	0.7245576795983384	0.8211871336019916	-7.127882566718057
ENSMUST00000156862.1	-0.03223414641278488	5.318756962893499	-0.3637196887267524	0.7225130385903858	0.8197932109039763	-7.016910280305932
ENSMUST00000042012.6	-0.021321486209564533	5.995168811782308	-0.3639137510438741	0.7223718940696664	0.8197932109039763	-7.182867692706047
ENSMUST00000057859.8	-0.0335222479153785	6.436030396313724	-0.36624509405138844	0.7206771095498972	0.8184484284752894	-7.236639408558662
ENSMUST00000143971.1	-0.029620564130711458	6.188570942143473	-0.36730575299298984	0.7199065698626679	0.8177579482906032	-7.210569677956206
ENSMUST00000047889.12	-0.05484599138828106	6.705177962408115	-0.36789504009607005	0.7194786079776103	0.8176299749604563	-7.241359688365218
ENSMUST00000167264.7	-0.10879140972060419	5.618617362138124	-0.37053717803984415	0.7175610157063737	0.816014798828835	-7.133116435141783
ENSMUST00000085177.4	-0.02171543796086084	5.329258188084752	-0.3707624688104013	0.7173975986941319	0.81601341149224	-7.0226354593519975
ENSMUST00000106152.2	-0.042799499176191524	6.5396355842036975	-0.37158784841433323	0.7167990260858657	0.8155169380909069	-7.237653313945787
ENSMUST00000043675.8	-0.021643618373316187	8.848726019167742	-0.3716982266478859	0.7167189937252962	0.8155169380909069	-7.329268739164181
ENSMUST00000045243.14	-0.054124609239661226	6.015407964359887	-0.3754441901224212	0.7140049869263987	0.8136260677750196	-7.181340852225039
ENSMUST00000204930.2	-0.07066662565781279	7.054876237818518	-0.3760496253413826	0.7135667229818694	0.8133108707117773	-7.248837757537845
ENSMUST00000159816.7	-0.10961680896099502	5.351839036257284	-0.3760642826918457	0.7135561141082025	0.8133108707117773	-7.036586549002346
ENSMUST00000161069.7	-0.06870852552753526	5.513145249552361	-0.3781049886805656	0.7120796802149266	0.8121570890895371	-7.1113028681443
ENSMUST00000166897.1	-0.016781077672282763	5.797435600735114	-0.37992891377561505	0.7107611183552903	0.8112157863986991	-7.151817412993934
ENSMUST00000006451.7	-0.030798571078182846	5.239008015791773	-0.38031010041461555	0.7104856723800607	0.8110854136020161	-6.930339482592853
ENSMUST00000070172.4	-0.04271263818149684	5.144197113630893	-0.38139914799763336	0.7096989610361264	0.8103711922316732	-6.809419277557949
ENSMUST00000022766.7	-0.021411316365279376	5.249212053328137	-0.3823434061210537	0.7090171267436027	0.8097764278426937	-6.940352086581839
ENSMUST00000025120.6	-0.020115139457161035	6.122373108434903	-0.38241032585935564	0.7089688150298007	0.8097764278426937	-7.194784196089457
ENSMUST00000021467.7	-0.04198616849297121	6.084871816231903	-0.38299474638544334	0.7085469576154455	0.8096070278817412	-7.188791364888442
ENSMUST00000110639.7	-0.12890871594408448	5.706899956419621	-0.3857351099559582	0.7065702083224235	0.8075317396797166	-7.138789440338907
ENSMUST00000064795.5	-0.08393995612305716	6.0046662359214755	-0.3868185574907628	0.7057892846222849	0.8068225155498102	-7.175113187852854
ENSMUST00000005705.7	-0.021295791082827975	6.087916434426375	-0.3876577121398204	0.705184682385026	0.8063145766088785	-7.187341307264263
ENSMUST00000002683.2	-0.03789111242879262	5.046647505953531	-0.38863940942995967	0.7044776470462085	0.8063145766088785	-6.657720828970115
ENSMUST00000019833.4	-0.1592795708063237	5.415574308800951	-0.3903364312501283	0.703256104313851	0.8053907263380343	-7.07101158110248
ENSMUST00000016680.13	-0.17862092992437706	5.693560414775414	-0.39410870752093036	0.7005438688659966	0.8031848534586257	-7.133577062390191
ENSMUST00000033096.15	-0.06894932243954521	6.256081996013742	-0.3976990305159967	0.6979664629471783	0.8009703491056883	-7.207473337557761
ENSMUST00000050125.8	-0.04315015731699923	6.904365786414319	-0.39937820429627474	0.6967623741831437	0.7997744705716167	-7.234828307121514
ENSMUST00000029414.11	-0.02455361470919115	8.348965202614753	-0.39944759739069674	0.696712632898632	0.7997744705716167	-7.28987757477517
ENSMUST00000193675.1	-0.43987799661171323	6.967319544869526	-0.40117205079628665	0.6954770114448826	0.7988458549267591	-7.236226026079474
ENSMUST00000099294.8	-0.48152911058360015	4.74577918284144	-0.40121810744833275	0.6954440230276244	0.7988458549267591	-6.100456676105492
ENSMUST00000044911.8	-0.034378213644426836	7.059779090767335	-0.4042790969812906	0.6932530321865622	0.7973836316713749	-7.237190844168192
ENSMUST00000113997.8	-0.14247523551287866	5.507540393686788	-0.4052376831181375	0.6925674920671783	0.7969595271248797	-7.098358079505738
ENSMUST00000029542.11	-0.027262606691480507	5.224956262115435	-0.40554851254293794	0.6923452611936064	0.7968860693354001	-6.904620489466145
ENSMUST00000033489.7	-0.12407965927496534	5.9918450107009225	-0.4076346238647131	0.690854549735312	0.7953522287685022	-7.164399387395392
ENSMUST00000025471.2	-0.02933948279542342	5.431489909949889	-0.40842263559255965	0.6902917979410965	0.7948862521038352	-7.071214016363516
ENSMUST00000025856.16	-0.4024848398892802	4.943227639417224	-0.4087928668337458	0.6900274673562194	0.7947637793656456	-6.46813956246923
ENSMUST00000068805.13	-0.017104423559958448	5.408773872787981	-0.4088628615900197	0.689977498654491	0.7947637793656456	-7.059172720798604
ENSMUST00000167466.1	-0.10954790986807783	5.6075059294867	-0.4098495610248599	0.6892732646176378	0.7946227759604345	-7.115175939551129
ENSMUST00000178636.1	-0.10700426317023037	6.083925072012487	-0.4100167838932637	0.689153943306013	0.7946227759604345	-7.177231304533384
ENSMUST00000020827.6	-0.020610873162243415	5.825343462002166	-0.4114671604718961	0.6881193993988086	0.793656281149795	-7.14160898172879
ENSMUST00000004396.12	-0.027106985291012187	7.782158521758409	-0.4121653354732326	0.687621631093803	0.7932640279827845	-7.255648694991405
ENSMUST00000177437.7	-0.2710891947448424	4.712332691287381	-0.41320843297999005	0.686878233526405	0.7925881635026018	-6.035496463428834
ENSMUST00000109432.3	-0.0509686761326682	7.0382797955943595	-0.41596554340094294	0.6849149398273667	0.7910455991206956	-7.231648495615716
ENSMUST00000032561.8	-0.02582976825907224	8.059734713948895	-0.4168558812802908	0.684281457953374	0.7906798380715261	-7.268177167260363
ENSMUST00000033325.8	-0.03762317502525736	5.2892292321457495	-0.41703887994344935	0.6841512841965764	0.7906798380715261	-6.966541462260477
ENSMUST00000035092.6	-0.048055276515211354	5.083879045506158	-0.42078498247203067	0.681488881344048	0.7883583725090608	-6.7037281684101835
ENSMUST00000056732.3	-0.0290560832362301	6.156572933195766	-0.4216628981702346	0.6808655825613183	0.7879997114943622	-7.183144872817786
ENSMUST00000021028.4	-0.03519749286395868	7.192098247426583	-0.4219135532527621	0.6806876687811679	0.7879997114943622	-7.231649111239967
ENSMUST00000164243.1	-0.03405089732304667	6.959181441753796	-0.4242919267693813	0.6790005125236367	0.7869273389786723	-7.225794503390828
ENSMUST00000115731.7	-0.2597935780232614	4.977842721439573	-0.42435697934912503	0.678954391428306	0.7869273389786723	-6.524827563117094
ENSMUST00000108987.7	-0.265951829719671	4.928959694954283	-0.4255744058459703	0.6780915093444457	0.7864173313766498	-6.434766497327782
ENSMUST00000061506.8	-0.042960745573704884	5.733445547238159	-0.4270961750920014	0.6770135882394912	0.7853482505033157	-7.124275447982494
ENSMUST00000055241.12	-0.02686030245091331	6.042205480727247	-0.4272508704995035	0.676904054063166	0.7853482505033157	-7.163215005581325
ENSMUST00000102593.10	-0.03291651799150497	7.686012928070495	-0.4274574811360287	0.6767577726698224	0.7853482505033157	-7.2436741500538595
ENSMUST00000011981.4	-0.02880506943972616	5.1701041487347394	-0.42967207580554834	0.6751906960919829	0.7843187236293617	-6.823645057765557
ENSMUST00000009120.7	-0.035430713015031756	5.390010717385356	-0.43194035750807785	0.6735872802585482	0.7831794793114758	-7.037391886859626
ENSMUST00000037023.8	-0.03748429747725801	10.579953950030767	-0.43346458752806905	0.6725107655055489	0.7822894014470327	-7.375068092922887
ENSMUST00000111976.8	-0.40506417478139056	6.71829054135755	-0.4337470915162029	0.672311325345265	0.7822382696142527	-7.213540553776164
ENSMUST00000026550.13	-0.047031145668255725	7.116638724209715	-0.43508816784244236	0.671364917985315	0.7814985891680054	-7.224479326670047
ENSMUST00000022296.6	-0.017262043113435155	6.436460942553615	-0.4371556972272477	0.6699070027614886	0.7801625302993169	-7.206316126940934
ENSMUST00000000756.5	-0.03651435719547358	10.424373446852886	-0.43854110710648303	0.6689308695358523	0.7793865689288729	-7.367659882813221
ENSMUST00000180140.7	-0.07548258897326487	7.23549258147156	-0.4401554134232098	0.6677942587329098	0.778242510003537	-7.224042005683414
ENSMUST00000029635.13	-0.040292442196159683	8.16438867856207	-0.4401989114342805	0.6677636442947067	0.778242510003537	-7.262424017242341
ENSMUST00000032429.8	-0.23156888170555767	5.335270034505872	-0.44088966813700214	0.6672775650740583	0.7781811381287871	-6.996832417208837
ENSMUST00000002625.14	-0.04144552539468371	5.197909935405643	-0.4441551597019969	0.6649818100604836	0.7765839104954254	-6.854098460558671
ENSMUST00000031144.13	-0.01981891523187862	6.695430686395876	-0.4444225631692181	0.6647939730456971	0.7765448057564203	-7.208035223851486
ENSMUST00000226782.1	-0.1832868268413801	5.735759940389277	-0.44618217833256096	0.6635585295193462	0.7752816911314052	-7.115707215034498
ENSMUST00000185641.6	-0.0344235503719581	8.064051872273941	-0.4466708349750057	0.6632156221538863	0.7750610441477821	-7.254686737863458
ENSMUST00000206947.1	-0.07956284283115878	6.773578309484679	-0.44789868136238703	0.6623543521205868	0.7742882612015595	-7.208337516115797
ENSMUST00000007980.6	-0.026658191948827792	7.259300023595053	-0.4488088002209671	0.6617162772445195	0.7740648022902129	-7.220394999703261
ENSMUST00000176010.7	-0.043358202042398375	10.051502010945692	-0.44919400008746463	0.6614463013105409	0.7740648022902129	-7.350881234917771
ENSMUST00000072187.11	-0.0797671318290698	5.257943303166217	-0.4515275526821735	0.6598118451265909	0.7728785547920555	-6.918843930770373
ENSMUST00000069533.11	-0.07534082440823475	8.05692017337854	-0.4517545533100061	0.6596529482403017	0.772872376012333	-7.251926120490485
ENSMUST00000006462.13	-0.018425126078370546	6.858679680165378	-0.45182715409982616	0.6596021324909005	0.772872376012333	-7.209425816393762
ENSMUST00000117242.7	-0.10209670640362667	5.971258631917105	-0.4519867979630094	0.6594903986014884	0.772872376012333	-7.1411413740367395
ENSMUST00000025204.5	-0.032452956646556785	7.128649611627723	-0.45481204577174394	0.6575144472027308	0.7718047559208909	-7.215347070749552
ENSMUST00000115027.7	-0.025358788342158434	9.299339066823306	-0.4571425688680035	0.6558865371276275	0.7702533072570247	-7.3152197132761385
ENSMUST00000145664.8	-0.08064330637590711	5.146376893210685	-0.4574947574592709	0.6556406879415348	0.7701443616702922	-6.778658441575153
ENSMUST00000108042.2	-0.41387871944668486	6.724491664346528	-0.4612142361940274	0.653046846457833	0.7674558945408451	-7.200637517399409
ENSMUST00000046663.7	-0.15643232903421822	4.915560012122661	-0.4635360574975605	0.6514300849509536	0.7657347563991231	-6.392789668737225
ENSMUST00000020991.14	-0.3116935073354883	4.534865925914855	-0.46728445234114	0.6488238660501728	0.7637901186462775	-5.7270488494167955
ENSMUST00000032898.8	-0.06370926841830116	5.547178702255408	-0.46788415138675316	0.6484073517438806	0.7636089388163537	-7.078738450017249
ENSMUST00000066530.6	-0.10051574074045089	7.064795609935785	-0.4685362995584635	0.6479545507486637	0.763254353738358	-7.207484538563969
ENSMUST00000065067.12	-0.07447082836800423	5.265018359082586	-0.4687572275688805	0.6478011889150808	0.763254353738358	-6.917774081808092
ENSMUST00000080149.5	-0.1127254054861142	6.358015375698134	-0.46913830433687687	0.6475366962004718	0.763254353738358	-7.185808402465902
ENSMUST00000160075.1	-0.08404307121695709	5.1237688136285175	-0.4719022377633111	0.6456198508341373	0.7617526898561315	-6.74047706066406
ENSMUST00000173731.7	-0.11477255216704396	5.686647337281202	-0.47360415105516607	0.6444408611859713	0.7607184356233274	-7.096050357206947
ENSMUST00000106259.8	-0.0704354014796511	5.736342500477619	-0.4750310318339178	0.6434531778183298	0.7600875645935705	-7.1016921693773165
ENSMUST00000038770.3	-0.032662390321368306	8.058758760644814	-0.47585825696815265	0.6428809007385166	0.7595899040900603	-7.240149323751138
ENSMUST00000006764.8	-0.033923561967820426	5.819586715535217	-0.4762033021710951	0.6426422681647435	0.7594863169219696	-7.110473493444081
ENSMUST00000033923.13	-0.08893034071182448	5.432408531702233	-0.47678365985805315	0.6422409880853406	0.7591904161318959	-7.039530311021417
ENSMUST00000112312.7	-0.28309867640380126	5.801831979807851	-0.4777404209211461	0.6415797072643983	0.7591221795031016	-7.107736660401965
ENSMUST00000034470.10	-0.03660654583695955	5.488412211095889	-0.4777469071585612	0.6415752252939608	0.7591221795031016	-7.058651233765927
ENSMUST00000053456.10	-0.03961359359518113	5.479917412653125	-0.4786614602812681	0.6409434198947148	0.7590834146634441	-7.055573220062803
ENSMUST00000117268.7	-0.07399719683908224	5.4105041341904565	-0.4788386729348782	0.6408210291954244	0.7590834146634441	-7.027245240007797
ENSMUST00000180072.7	-0.08852820973567432	8.759503311076182	-0.4797547779862207	0.6401885038537588	0.7585464820744843	-7.275400070683229
ENSMUST00000048615.12	-0.060710683203770266	5.1801868460014795	-0.48166568887782213	0.6388700665007709	0.757341023695895	-6.812199837370042
ENSMUST00000027121.14	-0.03262812885961619	6.479022972030513	-0.4824368725392691	0.6383383518495976	0.7570674795274224	-7.186142048935852
ENSMUST00000047328.10	-0.10703567466876596	6.520056718483167	-0.4825713580487433	0.6382456485055363	0.7570674795274224	-7.186960057687175
ENSMUST00000112498.2	-0.04924398275231301	6.595102960181177	-0.4856182642230576	0.6361470774531175	0.7551807330501732	-7.186428750671962
ENSMUST00000164727.7	-0.4506979153243158	4.71688316947485	-0.48883523985168303	0.6339349520408422	0.7538497352759477	-6.00886808771516
ENSMUST00000041023.13	-0.10276074682507463	5.320246986106207	-0.490375368802442	0.6328772029427501	0.7529060117611216	-6.9607967482680495
ENSMUST00000111298.5	-0.028148795087804324	5.8423747980658245	-0.4918138270685838	0.6318900472623625	0.7524352255093363	-7.105042955947616
ENSMUST00000021412.8	-0.06194779478600765	7.693264379134655	-0.49484522077923593	0.6298121562541978	0.7505087781548803	-7.211065105218399
ENSMUST00000042290.13	-0.0518775138733103	6.738631934685863	-0.495030670312008	0.6296851458155687	0.7505087781548803	-7.183862094403877
ENSMUST00000089287.6	-0.03916612560653743	6.120633724315018	-0.4968261352755875	0.6284561113037489	0.7501216360543679	-7.141099408956641
ENSMUST00000075491.13	-0.04542702539091348	6.951193078135425	-0.4976293627774324	0.6279066615661937	0.7496436673800476	-7.189655506421566
ENSMUST00000168266.7	-0.02524379000222421	6.384627610161933	-0.4983539622843116	0.6274111976654957	0.7492299395810845	-7.172912698005816
ENSMUST00000057829.3	-0.032212548296322474	5.385193530639311	-0.4986953599109841	0.62717782395019	0.74921754991782	-7.00145990700044
ENSMUST00000067744.7	-0.02975173277011045	6.5450136355913475	-0.49955702843769734	0.6265889895011809	0.7487812841283707	-7.178502523032777
ENSMUST00000015467.8	-0.01897900925094298	7.754049230457162	-0.4999329664531741	0.6263321708056706	0.7486522098653667	-7.211602416845949
ENSMUST00000037399.15	-0.03391001852773723	5.6879307130340955	-0.5005462347808086	0.6259133320831265	0.7483293663760002	-7.082336840554301
ENSMUST00000094681.10	-0.2213728678328737	5.405687535001212	-0.501776645007355	0.6250734210935522	0.7475028242266843	-7.012489701327473
ENSMUST00000103181.10	-0.0909304096486796	6.521816046383806	-0.5031095626280857	0.624164157189939	0.7467704815273682	-7.176274678149908
ENSMUST00000023365.12	-0.04274175926745638	5.826946983944003	-0.5043551170889193	0.6233150740957519	0.7460564230660279	-7.096693629586078
ENSMUST00000000090.7	-0.040431846552035466	7.065424889371312	-0.5045511555841071	0.6231814879963342	0.7460564230660279	-7.188942213338259
ENSMUST00000107664.2	-0.130929167137249	5.381052563057756	-0.505107131463465	0.6228027068588959	0.7458510874094514	-6.99544368399158
ENSMUST00000204224.2	-0.12409293097708218	6.13013389444216	-0.5051819880228209	0.6227517164140257	0.7458510874094514	-7.138125946459879
ENSMUST00000076957.5	-0.030223782468524085	5.863680194525322	-0.507459756419637	0.6212011367204482	0.7444647257838435	-7.099287903858981
ENSMUST00000156876.7	-0.04411525518001458	5.256659215519187	-0.5076109721759765	0.6210982645848011	0.7444647257838435	-6.889120507037424
ENSMUST00000003659.8	-0.08202938476011123	6.181657312865934	-0.5093216990947363	0.6199350407137543	0.7434787103291771	-7.143482715452767
ENSMUST00000025482.8	-0.03185476074158178	6.109702903723486	-0.5095669121719005	0.6197683939797906	0.7434560777568732	-7.132644149188638
ENSMUST00000109331.7	-0.04142641238726519	6.192102203510683	-0.5102202939814621	0.61932446382404	0.743100733961065	-7.1444755100971244
ENSMUST00000053664.8	-0.24195875169991332	5.298104354282213	-0.5102710843422809	0.6192899616768612	0.743100733961065	-6.929590992674132
ENSMUST00000018449.10	-0.0892182177414158	5.887633846911059	-0.5152917956585448	0.615884061715168	0.7398549939085507	-7.097933601546538
ENSMUST00000081649.9	-0.08754169148168067	9.634152059865697	-0.5155919916438386	0.6156807129521853	0.7397873577412095	-7.301533648187309
ENSMUST00000092041.9	-0.024271267716176936	6.4567282873317735	-0.5178418645165768	0.6141577428183149	0.7383207620208797	-7.166540439628126
ENSMUST00000097646.3	-0.0398096362499647	5.214584303285962	-0.5195436043482163	0.6130070606855287	0.7374554094473685	-6.836947878235386
ENSMUST00000005234.12	-0.02545428509148273	8.54969860964782	-0.5229229189694358	0.610725235952223	0.7355898161540899	-7.240587952795411
ENSMUST00000102866.9	-0.06166205766247135	6.789190847267313	-0.5245401049508431	0.6096347686364645	0.7344522320426371	-7.1693548807172345
ENSMUST00000106349.1	-0.752575167923212	4.304007038903621	-0.5257746921802834	0.6088029470646353	0.7338015396938621	-5.413683637165835
ENSMUST00000036996.5	-0.052143235128697896	7.779984021952485	-0.5279332281159599	0.6073499764880779	0.7322256725884303	-7.197833659219216
ENSMUST00000081202.5	-0.028896171479512844	7.028489324951991	-0.5306385921091318	0.6055313977568554	0.7309089400467225	-7.173921125808384
ENSMUST00000000137.7	-0.03492847101858221	7.53925426845505	-0.5341487036786545	0.6031759790069467	0.7289402715310952	-7.183092437743528
ENSMUST00000027186.11	-0.05179737074806834	6.217827163642866	-0.535094660340982	0.6025420045831161	0.7286992367927061	-7.134348244900751
ENSMUST00000101087.9	-0.12173708357381141	5.432967009121783	-0.5355409628732124	0.6022430132829907	0.7285127674505232	-7.008392015259529
ENSMUST00000088392.8	-0.0383860193689598	5.226340820759267	-0.5360518069183412	0.6019008765977389	0.7284491965752284	-6.841316166091833
ENSMUST00000031788.8	-0.023286986237950558	6.6365949314822394	-0.5380310384736753	0.6005762279611007	0.7275461119365031	-7.1585325101348944
ENSMUST00000223268.1	-0.07040664889851023	6.171247385193428	-0.5399854020497389	0.5992696876143411	0.7264881441898192	-7.125032847605022
ENSMUST00000077407.11	-0.03717014270679542	6.694400572247948	-0.5403661107435292	0.5990153441210184	0.7264434383970929	-7.1580255038772505
ENSMUST00000161286.7	-0.04475507715164362	5.8836383549619855	-0.5419923593633312	0.597929505457711	0.7255627935257463	-7.082570523826908
ENSMUST00000177163.7	-0.058282290680224946	6.626374286183881	-0.5451435942310768	0.5958283244067908	0.7242358782533376	-7.154367464586603
ENSMUST00000013737.12	-0.22096145949967383	7.021380703419469	-0.5459126835779811	0.5953160896602816	0.7239389027540142	-7.165093545755814
ENSMUST00000020755.11	-0.15231617171798462	5.152425634829442	-0.5477165376112475	0.5941155660223548	0.7232023742217438	-6.73916979853099
ENSMUST00000033950.6	-0.034518291005301016	5.178014135200001	-0.5477559143583745	0.5940893734926265	0.7232023742217438	-6.7735213356000585
ENSMUST00000112914.7	-0.06067437563867628	5.234556294555845	-0.54809137490156	0.593866256894976	0.7232023742217438	-6.843384637124925
ENSMUST00000007212.8	-0.06801306851075051	6.82843918356752	-0.5498221997758133	0.5927157659608506	0.7220225226510991	-7.156407228063542
ENSMUST00000110082.10	-0.11826657576587518	7.434678522312708	-0.5531331587566293	0.5905181761985483	0.7200428852290103	-7.169025734696392
ENSMUST00000019939.11	-0.09153737225914238	7.428893479147695	-0.5554397439585417	0.5889897333233964	0.7187017580281366	-7.167519719885123
ENSMUST00000050063.8	-0.034453798459547436	6.812864197877335	-0.556154946794137	0.5885162290105861	0.718298192176676	-7.152162145420712
ENSMUST00000022310.6	-0.051070757982190074	5.437494814201465	-0.5562438537845411	0.5884573815137895	0.718298192176676	-6.998387576257737
ENSMUST00000099139.8	-0.0275522502799177	6.123447655501777	-0.5563064151543197	0.5884159740154349	0.718298192176676	-7.108496318398011
ENSMUST00000045737.13	-0.4458559297727227	4.591138568195978	-0.5573352649704304	0.5877352277256074	0.7182161599921133	-5.765091166033681
ENSMUST00000167180.7	-0.058341079828725384	5.620796033756753	-0.5580633744237161	0.5872537178016893	0.7178021025899657	-7.041239811954739
ENSMUST00000105784.7	-0.2696709531728665	9.168212469223587	-0.5603731782205601	0.5857275782944353	0.7164588977387075	-7.252825997382645
ENSMUST00000106497.7	-0.2153553307252034	5.350055536934615	-0.5614550584698592	0.5850134726190399	0.7157594311153672	-6.943471511525413
ENSMUST00000030269.13	-0.288068343814575	5.010390027376235	-0.563675582111388	0.5835492300772934	0.7141416143320027	-6.5112554036850065
ENSMUST00000110689.4	-0.06227431715659648	7.585644811352379	-0.5664898054333029	0.5816962747042822	0.7125673138634633	-7.166052110357317
ENSMUST00000062694.14	-0.5852374409603449	4.8395810267998485	-0.5674372744792681	0.5810731382077021	0.7119773400689112	-6.192616058949838
ENSMUST00000199317.1	-0.740776719348248	5.958768544454427	-0.5700697241786915	0.5793436722657896	0.710031185181288	-7.075647658065885
ENSMUST00000090973.11	-0.04397050472726516	6.628847670772516	-0.5727638870551323	0.5775764970863335	0.7082104208728599	-7.138149746716537
ENSMUST00000059354.14	-0.08507389600768711	5.686416977335123	-0.5728490795377638	0.5775206638711691	0.7082104208728599	-7.041272323332918
ENSMUST00000008477.12	-0.04336356374616912	5.846115586167145	-0.5737730845003686	0.5769152768485051	0.7079172580060559	-7.059464215488114
ENSMUST00000174031.7	-0.13060415142680526	5.517032104011855	-0.5746299643347513	0.5763541713137407	0.707573898457645	-7.013396483632094
ENSMUST00000030340.14	-0.04108819827191024	6.813875393035368	-0.5751607725184362	0.576006731538428	0.7073199576201687	-7.140893202806892
ENSMUST00000074846.13	-0.5201058818017694	5.230315253372565	-0.5760343609086649	0.5754351691377984	0.7067906093584627	-6.8223262033044225
ENSMUST00000108695.8	-0.14677157904666505	4.984195010902604	-0.5765609478147806	0.5750907858396102	0.706712687728158	-6.4570347106629375
ENSMUST00000102874.10	-0.041161465266633	7.380066042839681	-0.5768351698794277	0.5749114906461704	0.706712687728158	-7.153571038823554
ENSMUST00000103035.9	-0.036846940187527544	5.199526352732434	-0.5790804835455221	0.5734445587117893	0.7057239664576841	-6.783630959662426
ENSMUST00000125184.7	-0.07182740801206933	8.874623079078091	-0.5792864872188541	0.5733100708537134	0.7057239664576841	-7.226080828360701
ENSMUST00000198931.1	-0.052093062681067615	5.663096926275272	-0.5815272237350593	0.5718483181060421	0.7042763496674413	-7.032955099619616
ENSMUST00000150806.7	-0.030305652730057808	5.79751778911174	-0.581610816605297	0.5717938248010672	0.7042763496674413	-7.049282376273106
ENSMUST00000109084.7	-0.25696398143052424	6.72429571882412	-0.5833625838626036	0.5706525094527815	0.7034924712219905	-7.133306802831372
ENSMUST00000041080.5	-0.048930268550294365	5.324719568588476	-0.5850129025960099	0.5695784144869136	0.7023404419812899	-6.910930923934502
ENSMUST00000032779.11	-0.033848699741896304	6.423803975094611	-0.587255638116257	0.5681205022839635	0.7012301881723799	-7.124434454247553
ENSMUST00000019615.10	-0.02276921635637219	5.787519031540083	-0.5879138513247537	0.5676930080351108	0.7008744842759859	-7.044319747556732
ENSMUST00000047463.14	-0.03493113796858971	5.216994813355474	-0.5899381752842688	0.5663793494403673	0.6997678062461905	-6.798866671955022
ENSMUST00000033898.9	-0.3744925827228407	9.190577603799921	-0.5902620993516287	0.5661692963970439	0.6996801105805768	-7.23591155649964
ENSMUST00000052248.7	-0.04911807925212486	8.579787339333658	-0.5916579148192614	0.5652646447522143	0.6990772929568314	-7.201975057395677
ENSMUST00000106142.7	-0.1675305639916882	5.273297054349625	-0.5921109348828978	0.564971203844813	0.6988861879870308	-6.857353331816162
ENSMUST00000081564.12	-0.11839402904405638	5.711641777666424	-0.5949091768554658	0.563160499365867	0.6968176272281545	-7.031035067155852
ENSMUST00000174259.7	-0.06520082016682771	5.833432267715941	-0.5963888938636462	0.5622042761859998	0.6958055875748499	-7.044133348057755
ENSMUST00000142675.7	-0.31376869104324623	5.393045611098798	-0.5964339656570976	0.5621751638115353	0.6958055875748499	-6.950182791777547
ENSMUST00000027256.11	-0.07513056331869095	5.484120497527476	-0.5966826559103426	0.5620145468213187	0.6958055875748499	-6.990081974820117
ENSMUST00000226586.1	-0.06620380832394002	5.467220610994162	-0.5973592868727527	0.5615776707029816	0.6955433927392172	-6.984275352450501
ENSMUST00000057793.10	-0.8240462443223748	3.600728725430848	-0.5973711417006551	0.5615700181264743	0.6955433927392172	-4.887084878589739
ENSMUST00000089119.11	-0.351848961432073	6.052541745283831	-0.5975701462897187	0.5614415643983408	0.6955433927392172	-7.072667353062381
ENSMUST00000032413.6	-0.043297039442971474	5.478930694399475	-0.599851562128231	0.55997010316112	0.6944070961310315	-6.986501715476602
ENSMUST00000110711.8	-0.26141114368922924	5.759830229429713	-0.6002160859981664	0.5597351897324594	0.6944070961310315	-7.0335587937757476
ENSMUST00000058884.8	-0.0680712417449536	5.419783954459222	-0.6024187807356763	0.5583168389726487	0.6935535844126902	-6.962223655792094
ENSMUST00000179759.1	-0.4901416922013935	8.040255945765452	-0.6064477159622126	0.5557276668485265	0.6911905789653737	-7.164798938581529
ENSMUST00000010502.12	-0.04974648102249013	5.246237050143482	-0.6070181655402186	0.5553616073288754	0.6910769840394687	-6.820133920222791
ENSMUST00000023934.7	-0.3114417766552773	10.439247070878187	-0.6074038581222878	0.5551141825703219	0.6910769840394687	-7.274860269134521
ENSMUST00000111962.7	-0.034490303720968285	7.693585479557952	-0.6099504069150263	0.5534820831192511	0.6897617934537905	-7.14414207079908
ENSMUST00000115262.7	-0.04547011767873954	8.549612843624919	-0.6106821550586251	0.5530135934958901	0.6895195511469202	-7.1882612122249
ENSMUST00000054564.12	-0.23634449888580455	6.9951161733203575	-0.6124085658351239	0.5519091600928777	0.6886545100266042	-7.124021230943435
ENSMUST00000022867.4	-0.1444708727017261	5.717789317432965	-0.6141387675027589	0.5508035326500418	0.6874454410226644	-7.0196588989920246
ENSMUST00000097563.8	-0.2145977904796741	5.5988195160132825	-0.6150626711748459	0.5502136483635123	0.6870501029825837	-7.003029147755526
ENSMUST00000067700.12	-0.21331391548301415	5.755057093100207	-0.6157865933337439	0.549751692284236	0.6866436851742779	-7.023112721587272
ENSMUST00000041640.4	-0.032642312099312676	5.705968542086172	-0.6159574730573142	0.5496426804566943	0.6866436851742779	-7.016971279063302
ENSMUST00000108473.9	-0.0502473474035936	7.496340507064459	-0.6160072329544154	0.5496109386571211	0.6866436851742779	-7.132214152788397
ENSMUST00000038945.5	-0.07673855662589091	6.495566157521203	-0.6194581458073448	0.5474121011483382	0.6849117833566997	-7.107091132349077
ENSMUST00000107062.8	-0.07969232249912217	5.092830822429591	-0.6194690420768196	0.5474051661161954	0.6849117833566997	-6.609892662371897
ENSMUST00000166615.2	-0.09284354393772887	8.210346009253108	-0.6212113024591606	0.5462969212385489	0.6841971149492506	-7.163297128033201
ENSMUST00000071168.5	-0.08000787493919059	5.418744724949743	-0.6215454592131918	0.5460845093297719	0.6841066073027221	-6.9494433445211365
ENSMUST00000078528.6	-0.036025164314152924	6.245809537608342	-0.6221894725954082	0.5456752629851634	0.6839293094365614	-7.085287065675719
ENSMUST00000037941.9	-0.06480906822847565	8.648254763769764	-0.6227553873853371	0.5453157875142017	0.6837739668338676	-7.186101973519505
ENSMUST00000075477.7	-0.04900083838527092	6.519461123107119	-0.6236476577836332	0.5447492775423208	0.6832793855186776	-7.104839764158641
ENSMUST00000040154.8	-0.053428335190838894	9.157514474526403	-0.6259310321860775	0.5433010517954586	0.6818028415023578	-7.211457466230413
ENSMUST00000034524.4	-0.03284273410807792	8.425216260715954	-0.6281452287737466	0.5418987758882748	0.6808922930803973	-7.169950362221833
ENSMUST00000182719.7	-0.06043932976739619	7.040846596726039	-0.6315906770607878	0.5397208042713142	0.6793433490840585	-7.112596539348281
ENSMUST00000079758.8	-0.19911834932648453	5.974428270352673	-0.6327182777566699	0.53900909219468	0.6787869239111678	-7.0384398984385275
ENSMUST00000199041.1	-0.11826257485564451	4.993623163184784	-0.6331414606339731	0.5387421276442149	0.6786208423079733	-6.438886961221089
ENSMUST00000191471.6	-0.47974598982406125	4.574812881384516	-0.6335337801066077	0.5384947002735556	0.6784790476023687	-5.696298480453404
ENSMUST00000208730.1	-0.23168500252162172	8.04614883220934	-0.6345269077674759	0.5378686446285345	0.6778600077971335	-7.146848396024238
ENSMUST00000022616.13	-0.026338737132613588	10.054374250604807	-0.6362770102831672	0.5367664083554637	0.6771493983039966	-7.243936754994492
ENSMUST00000085558.10	-0.049799334388096916	5.9876407125125	-0.6377463992531863	0.5358419624868089	0.6763223565657641	-7.037026802267992
ENSMUST00000093209.3	-0.30255068962708975	9.90249258335761	-0.6383514499789991	0.5354615670123836	0.6760118302733505	-7.237516103950952
ENSMUST00000061468.8	-0.05195216890923682	5.490722692388619	-0.6395410014891897	0.5347141450001913	0.6752376665401513	-6.9644404043734776
ENSMUST00000021120.5	-0.331585201526412	5.893203458708965	-0.6401461058838828	0.5343341729214839	0.6749272467908575	-7.022926454233401
ENSMUST00000102923.9	-0.03131298648570535	10.18695512292973	-0.6402262903941693	0.5342838330608894	0.6749272467908575	-7.2454786601810195
ENSMUST00000054691.7	-0.07246894126405223	6.0967626190599775	-0.6416123172546515	0.5334141132832391	0.6742729658110491	-7.050877473625278
ENSMUST00000085116.3	-0.739257379596892	4.119838211579375	-0.643870129673441	0.5319990913316337	0.6728223802135367	-5.180137616687139
ENSMUST00000109605.3	-0.05123255490395984	8.116422744138337	-0.6449934731182614	0.531295868959492	0.6721019654853418	-7.143124803151563
ENSMUST00000046094.4	-0.028939164987024313	8.131958701388227	-0.647166723762429	0.5299369113994348	0.6707201512580016	-7.142384251135309
ENSMUST00000129414.8	-0.08225306504731211	5.119716725609824	-0.6472363424238968	0.5298934111418874	0.6707201512580016	-6.632332220381916
ENSMUST00000171332.1	-0.13561167236410654	5.550805740188816	-0.647683171165907	0.5296142652728163	0.6706492244116634	-6.974027124903435
ENSMUST00000001715.9	-0.04747444118629929	5.114337193403641	-0.6490300700463956	0.5287733335932869	0.6697529308428567	-6.62338763077645
ENSMUST00000105364.7	-0.07598171441864832	6.421424960274179	-0.6532546384579011	0.5261407352659222	0.6667541660259079	-7.081496180809445
ENSMUST00000071442.11	-0.07776889574293744	5.090539469742958	-0.655528157062062	0.5247271028871995	0.6654656048967735	-6.5824105933446155
ENSMUST00000006381.10	-0.23508962021308122	8.308405822545966	-0.6576386499437016	0.52341680902912	0.6643062477864539	-7.143897281825388
ENSMUST00000023210.6	-0.06333125084552904	6.948417557609954	-0.6592787057064188	0.5223998977912364	0.6635177697015173	-7.091401941932213
ENSMUST00000131011.1	-0.0447538556910132	8.971967980245406	-0.6596040782674942	0.5221982882325503	0.6635177697015173	-7.17921268866403
ENSMUST00000093772.3	-0.09890143441153665	5.932149403340877	-0.6624516546655063	0.5204357863268708	0.6616912916377273	-7.012576346359863
ENSMUST00000000594.8	-0.041474473241122745	5.504083803817216	-0.6632661558366683	0.5199322910572105	0.6612182397140612	-6.952355082048754
ENSMUST00000108236.4	-0.07004578567083541	7.40282351850592	-0.6632741438030831	0.519927354592217	0.6612182397140612	-7.098045091407255
ENSMUST00000115371.7	-0.05418443453126631	6.0248085603130885	-0.6637571046628657	0.5196289415495219	0.6612117037318955	-7.024917604295219
ENSMUST00000111417.8	-0.35548521524380927	5.469430103345789	-0.6647060742663292	0.5190428812717802	0.6609224843529047	-6.940684691211372
ENSMUST00000019470.13	-0.031364581789413926	5.731951556961808	-0.6671994398867456	0.5175048822331333	0.6592978127411733	-6.986003537373063
ENSMUST00000003438.10	-0.04858018836861966	5.894026367429396	-0.668650882740512	0.5166108095642401	0.6584634695584867	-7.0036013792415215
ENSMUST00000034834.15	-0.06458911124597222	8.18096358749005	-0.6695402649055181	0.5160634078874817	0.6579612278464066	-7.129348678645296
ENSMUST00000030361.10	-0.05041490067302856	7.149137655214392	-0.6730050595733605	0.5139341272482051	0.6557450150103271	-7.086375099724098
ENSMUST00000107583.2	-0.07196291516333186	6.261849513832777	-0.6733430039227796	0.5137267215315232	0.6556466605847523	-7.052822217810501
ENSMUST00000149069.1	-0.862347393750297	3.652464600398767	-0.6764324816739525	0.5118329111492164	0.6535612629420577	-4.879601548057622
ENSMUST00000101554.8	-0.1975343002404495	7.18223026862606	-0.6769759050191437	0.5115002263202483	0.6533022692605152	-7.084089723350183
ENSMUST00000043722.9	-0.2692173398534239	4.9365240811538245	-0.6790584481263954	0.5102264729633563	0.6521720999691681	-6.303818829384129
ENSMUST00000079724.8	-0.18107255609268424	5.148496676320326	-0.6791564785164863	0.5101665605740999	0.6521720999691681	-6.65000431147638
ENSMUST00000021114.4	-0.04829774542311771	5.337044231362629	-0.6824619520027572	0.5081488220380835	0.6505080721815771	-6.8558988259980636
ENSMUST00000114791.8	-0.17304759736269748	6.7919752950471315	-0.6837213602414759	0.5073812974546407	0.6500217233242417	-7.068751408185782
ENSMUST00000028755.7	-0.043033742516283446	6.901781400587046	-0.6840891039627082	0.5071573124048389	0.6499002645717636	-7.072455425006892
ENSMUST00000046644.6	-0.061484273345671525	8.30727436304179	-0.6854506415322326	0.5063285400650535	0.6490035375967603	-7.1244019183072
ENSMUST00000107364.7	-0.09328448032744863	6.655594870469411	-0.6892257389219067	0.5040348466059372	0.6468875799169567	-7.061684097050286
ENSMUST00000025420.13	-0.06558829196369853	5.316567368453821	-0.6899635246332375	0.5035873044711497	0.6464781140072351	-6.834516010673783
ENSMUST00000007216.8	-0.18107332992971337	5.983557923488792	-0.6904104132888093	0.503316336501132	0.6464601707779409	-7.000043330435425
ENSMUST00000172165.7	-0.5903289091370372	6.397931415072736	-0.6907486868686223	0.5031112845185303	0.646406573783519	-7.053912231200379
ENSMUST00000059250.7	-0.05075091855628244	5.14088944238887	-0.6910781394880388	0.5029116275696806	0.646406573783519	-6.63118940258172
ENSMUST00000042166.10	-0.11173009702062231	6.858327988161512	-0.6985651197829533	0.4983871148685719	0.6412750830955973	-7.06049083892846
ENSMUST00000093207.3	-0.3946640878512184	10.295979991157463	-0.6992482074972459	0.4979755352487911	0.6409094187353973	-7.207714816128716
ENSMUST00000031029.14	-0.4246166962296858	5.114988393522587	-0.7012156157859941	0.4967912605212932	0.6398763009940159	-6.587951445300735
ENSMUST00000030143.12	-0.13477629979608707	5.014503400082307	-0.7048751792785005	0.49459292294687796	0.637697846065029	-6.425745962995453
ENSMUST00000114059.9	-0.21973909684617698	7.391829651033579	-0.7052216677157805	0.49438508907738643	0.6375932794535584	-7.067969165935397
ENSMUST00000113600.9	-0.3310755511990733	7.813845568465524	-0.7072787158249609	0.49315230039791447	0.6363296289566318	-7.083880884710533
ENSMUST00000005164.11	-0.702584074852652	6.125184340661578	-0.7089486586099802	0.4921528755084965	0.6353659524463038	-7.007979323162549
ENSMUST00000090287.3	-0.02908980867981903	11.793389530085197	-0.7110333243418672	0.49090697465493394	0.6342457600125764	-7.251512586464906
ENSMUST00000094329.10	-0.060506623203722576	5.3456750889534685	-0.7146793578551969	0.48873253804810957	0.6320857066632491	-6.838655186310432
ENSMUST00000120269.10	-0.1495242629948237	6.6163699764521064	-0.7149313884822168	0.4885824482522998	0.6320540748668861	-7.042558686980039
ENSMUST00000048400.3	-0.03755589592888775	6.68734098467034	-0.7159637237843102	0.48796796331459635	0.6315839525175545	-7.042679273909545
ENSMUST00000005406.11	-0.17207308402647126	6.459707523067353	-0.7189530628222003	0.48619125911939565	0.6297703976904427	-7.036695967988798
ENSMUST00000137119.2	-0.06027164428123388	7.293527300161803	-0.7197021620924496	0.48574665524240745	0.6296672698088462	-7.0551359002054745
ENSMUST00000025515.6	-0.04105306426776334	5.863355669337995	-0.7206925071354737	0.4851592499186157	0.6291797955749004	-6.962441196955423
ENSMUST00000111252.3	-0.0842196722557258	5.497269198238486	-0.7225200876506326	0.4840763969410097	0.6281631036910549	-6.907804803294486
ENSMUST00000118487.7	-0.047343860452553344	5.8015968417827475	-0.7225882808892098	0.4840360207362323	0.6281631036910549	-6.954019204142195
ENSMUST00000109537.1	-0.1145830410267461	5.108378725289151	-0.7290021217155537	0.4802477295957718	0.6252914926491532	-6.557856558621631
ENSMUST00000097709.10	-0.06739627410571547	6.477125322638107	-0.7292561619976909	0.4800980597048231	0.6252584360276896	-7.029653172228975
ENSMUST00000023116.6	-0.03487777497225064	7.476419412556387	-0.7373075366812005	0.47536945630382565	0.6203848857754986	-7.046310732379466
ENSMUST00000161576.7	-0.1396746703257703	5.435492245727088	-0.7382461660946008	0.47482008234866424	0.6198287063560274	-6.875004153700567
ENSMUST00000109241.4	-0.030659757413713074	7.178747595030177	-0.7386113445960903	0.4746064522586455	0.6197106310182314	-7.038841824324535
ENSMUST00000030628.14	-0.05054281839632768	5.8369000325550076	-0.740301390879732	0.47361855023937316	0.6190633739294067	-6.944562637895205
ENSMUST00000034960.13	-0.06966762517133152	6.514977727584783	-0.7404823978656332	0.47351282006107265	0.6190633739294067	-7.021987998967966
ENSMUST00000070118.13	-0.12757292709450052	5.131286561932735	-0.7496470602709207	0.4681787652525393	0.612749055147119	-6.574721669997344
ENSMUST00000020085.6	-0.04203012297163422	5.811399490487352	-0.7496568102138371	0.46817311065848277	0.612749055147119	-6.9345404717387495
ENSMUST00000098192.3	-0.41047623069066397	8.724758141062269	-0.7503709441523283	0.46775905666100936	0.612518431562087	-7.099411138793275
ENSMUST00000102872.10	-0.19862415205623662	5.022943866933791	-0.7507823474626601	0.4675206297785658	0.612365604898715	-6.405398201024503
ENSMUST00000022791.8	-0.03509400736857149	5.208496726768141	-0.7515151344622565	0.4670961353056604	0.6120349322304441	-6.676406560584345
ENSMUST00000032078.8	-0.07360472148209851	5.592387612763917	-0.7521788741033405	0.4667118479363457	0.6117840820655954	-6.9048678254030085
ENSMUST00000081654.12	-0.05379371258825927	10.311107422079067	-0.7522548143525248	0.46666789323516467	0.6117840820655954	-7.168376670934224
ENSMUST00000069107.13	-0.04116069338259454	5.691805113277684	-0.7522757944008414	0.4666557503074532	0.6117840820655954	-6.918391234238427
ENSMUST00000058089.12	-0.14532032512253856	5.638558087772772	-0.7535211170851182	0.46593533222541095	0.611562915842954	-6.910396081116237
ENSMUST00000029570.8	-0.03537583684412482	6.221270506983571	-0.7549871454125043	0.46508813240335056	0.6106161941955041	-6.987040889149925
ENSMUST00000140131.7	-0.4302064885034884	4.664459890624164	-0.7552106008600133	0.46495908539704633	0.6106161941955041	-5.754745061375123
ENSMUST00000023467.8	-0.03988975582306242	6.328694696651476	-0.7589684105070242	0.4627923027469454	0.608707993495394	-6.996876203325097
ENSMUST00000028635.5	-0.12965443018506662	5.305758090591451	-0.7617242666838517	0.46120731049056907	0.6067818982944699	-6.770774870246337
ENSMUST00000034881.7	-0.0681946678550922	8.282179489824657	-0.7621306261646793	0.46097388913083714	0.6067818982944699	-7.065705967618811
ENSMUST00000029885.4	-0.07169193671052732	6.157858500771533	-0.7635910069390701	0.4601356329212106	0.6058472570600918	-6.971376655420768
ENSMUST00000165536.7	-0.18795231192576356	6.116451042903858	-0.7640863878419244	0.4598515044123701	0.6057902379415119	-6.964733336556232
ENSMUST00000033008.9	-0.04804358665135755	7.608255946637946	-0.7644078606100282	0.4596671813596307	0.6057060213253803	-7.029911795247285
ENSMUST00000221317.1	-0.0605418378622824	5.741200517499979	-0.7674060059045807	0.45795038774612395	0.604076665115561	-6.912822000184929
ENSMUST00000118875.7	-0.05386749119844936	8.354657692331303	-0.7687771658723642	0.4571665942913653	0.6032009273222814	-7.064238475198266
ENSMUST00000082414.1	-0.07428703456203856	12.905030122935235	-0.76916190519041	0.45694681976321516	0.6030691107630471	-7.246729322197496
ENSMUST00000013966.7	-0.1038432914791132	6.299015713448375	-0.7706232943960248	0.4561126430829672	0.6024605214036943	-6.984491366890504
ENSMUST00000113796.7	-0.1594546082906918	5.140526095809472	-0.7743811594902146	0.45397206731097317	0.6004031205682192	-6.568048721668636
ENSMUST00000026459.5	-0.041549069888558776	8.948963250246901	-0.7752628446153544	0.4534707666426093	0.5998978246066178	-7.0920940206060035
ENSMUST00000055424.12	-0.23101891216355597	5.2919577777507785	-0.778221872406168	0.4517909342236651	0.5981474184419103	-6.744212489172024
ENSMUST00000076836.12	-0.5397423409919417	4.812154806213955	-0.7793486779692982	0.45115229753590336	0.5977738237827575	-5.99739319452672
ENSMUST00000002172.13	-0.052146435641992284	5.811552208420447	-0.7813884181729475	0.4499977104330418	0.5965582295622222	-6.9095885098000265
ENSMUST00000073840.11	-0.4825104754124281	6.42908636261036	-0.78194266562297	0.4496843084151798	0.5962998828773773	-6.986395853551884
ENSMUST00000006293.3	-0.0788046610738613	5.071506956780299	-0.7840354797877843	0.4485021791616929	0.5948891282263319	-6.457172451668172
ENSMUST00000207875.1	-0.762494589043158	4.2977431846729806	-0.7842966404373033	0.4483548023863866	0.5948504775332044	-5.258006479398685
ENSMUST00000068150.6	-0.1476410450903991	5.1166545855999725	-0.7861116413170985	0.44733143068813275	0.5936492819287775	-6.525691706132591
ENSMUST00000055704.11	-0.273093158349468	7.871759605274995	-0.7865335208955649	0.4470937731307767	0.5934904413247856	-7.026036463670268
ENSMUST00000167965.7	-0.07054060283052266	8.45530168186909	-0.7871054251973546	0.44677173186369123	0.5933760778791527	-7.055079137800871
ENSMUST00000108612.7	-1.036114263252565	5.67892263948907	-0.790071837932015	0.44510373223272737	0.5913168409989046	-6.886781675011415
ENSMUST00000031897.7	-0.20791259342954316	5.57683561652087	-0.7915572807318435	0.44426998624579583	0.5906771408040695	-6.871399260986549
ENSMUST00000094639.9	-0.4658973677525564	5.395647259847472	-0.7919573511983468	0.4440456080866919	0.5905348808575593	-6.8113018623469275
ENSMUST00000196456.4	-0.1017135489173926	5.271273890019863	-0.7936698205918472	0.4430860030065622	0.5895703996630559	-6.710978190645449
ENSMUST00000115251.7	-0.9088592800452848	4.257548234064931	-0.794021678318069	0.4428890010312071	0.5895703996630559	-5.212336383489429
ENSMUST00000038368.8	-0.13777387873421088	6.967478955984713	-0.7960242663571524	0.44176884931016724	0.5884902814951962	-6.989236961506354
ENSMUST00000005336.8	-0.07609195844645189	5.3413730476515795	-0.7964545341973819	0.4415284177996438	0.5884316476688763	-6.772200980653891
ENSMUST00000224905.1	-0.09740629489943231	5.164195169798479	-0.8017594555434492	0.43857102638454104	0.58495515210515	-6.577993074451834
ENSMUST00000070951.7	-0.1397549946771175	7.4107536804653815	-0.8041723816676476	0.43723013752459594	0.5834760800759262	-6.991498198198516
ENSMUST00000051234.8	-0.13170669430712234	6.015458502379423	-0.8069104800568433	0.43571178489964246	0.5819129253597296	-6.914928954283726
ENSMUST00000036380.13	-0.07154871050886502	6.4724017787712524	-0.8082204719386042	0.4349865757077145	0.5812529780572407	-6.967086093184536
ENSMUST00000086153.7	-0.05036772294675895	5.642866202737234	-0.8091958674695242	0.43444711077810194	0.5806863481202527	-6.866366182020868
ENSMUST00000032192.8	-0.8541068182763603	5.847027631570856	-0.8096716523185225	0.4341841257478133	0.5806433643373867	-6.890535036804315
ENSMUST00000008036.8	-0.07040628452025288	10.798965609999938	-0.8099410905494708	0.4340352427883184	0.5805985925200824	-7.138065968586708
ENSMUST00000030769.5	-0.04069413472233219	7.464122876953997	-0.8102152854192474	0.4338837657372775	0.580550325910703	-6.987975722807133
ENSMUST00000127430.1	-0.05553688544416158	5.232822529783857	-0.814438185114237	0.4315552227365811	0.5785116774814121	-6.653972111166273
ENSMUST00000030841.9	-0.08739200345779707	6.1844944980255345	-0.8151189189516369	0.4311806285126262	0.5781635773046435	-6.933473633034541
ENSMUST00000034745.8	-0.08116102349093346	6.321788726681297	-0.8180176416568602	0.4295879089007264	0.5763351385812145	-6.948383050085415
ENSMUST00000071103.9	-0.03638990746592885	6.089958291045826	-0.8212457255948937	0.42781877733805607	0.5741147689484556	-6.914248295229223
ENSMUST00000190121.6	-1.3710467129835333	3.507360293779268	-0.8241598384939073	0.4262258432578484	0.5724351888495022	-4.76836003333529
ENSMUST00000093321.11	-0.06393909834266687	5.900989514696623	-0.8265294127030232	0.42493345811037875	0.5710043343358214	-6.8829005533274605
ENSMUST00000019854.12	-0.07703423786633046	5.13592082988327	-0.8266000359034894	0.42489497942406784	0.5710043343358214	-6.519224425052467
ENSMUST00000092305.5	-0.4757769290046312	5.183557767052262	-0.8273244918068705	0.4245003963697369	0.5708798433937842	-6.582710443363057
ENSMUST00000005711.5	-0.05111363321213247	7.479660728103892	-0.8299760320829437	0.42305827272094876	0.5694627541825238	-6.9718652266072505
ENSMUST00000048187.5	-0.08173918517939072	9.154108460654843	-0.8316242683815597	0.42216346505717195	0.5684968931216895	-7.056363550168041
ENSMUST00000111117.7	-1.0115008755985269	3.7609241637567616	-0.836562776928662	0.4194899292767864	0.5658053174776172	-4.853045795978092
ENSMUST00000033333.12	-0.44134589694461646	4.867855901856009	-0.8380204403776024	0.4187029582165215	0.5650468301468132	-6.0544292809102505
ENSMUST00000223751.1	-0.11900291237824057	5.705843968502726	-0.8397500433248891	0.4177704470675345	0.5640910142771782	-6.848935337657969
ENSMUST00000035055.14	-0.18151753140781324	5.585149782891431	-0.8400834955273679	0.4175908264129171	0.5639998517270836	-6.832191567424446
ENSMUST00000034756.14	-0.17720156187449376	8.591019427077951	-0.8444310474584868	0.4152536449463977	0.5615191642597476	-7.01493045964737
ENSMUST00000218107.1	-0.09284705218425948	9.511330973210056	-0.844760271573128	0.4150770155389669	0.5615091328788767	-7.0634663094332835
ENSMUST00000044277.9	-0.06315727430764895	7.977558081699262	-0.8458657654005486	0.4144842834732383	0.5613110175380517	-6.982120092386101
ENSMUST00000112512.7	-0.0733215995343155	5.657590805987641	-0.846962235653333	0.41389694926980736	0.5607781170109192	-6.836444691195049
ENSMUST00000153026.7	-0.1561139467528072	6.068215309107293	-0.8471175232283616	0.4138138131439931	0.5607781170109192	-6.888940198471665
ENSMUST00000019109.7	-0.3012212961183227	7.712164211296371	-0.8493179484508516	0.41263697614717054	0.5598642467627872	-6.964776100604198
ENSMUST00000010248.3	-0.09090571943534709	6.209981629222575	-0.8515879005625725	0.41142530842919156	0.5585215128729797	-6.906059697307851
ENSMUST00000074805.11	-0.7476337866840561	5.125863841402776	-0.8538451039193903	0.41022281705325403	0.5573402626505323	-6.482293928124206
ENSMUST00000023677.9	-0.13481189788112236	7.57283941006773	-0.8539322627015979	0.4101764319408777	0.5573402626505323	-6.954449373909335
ENSMUST00000028619.4	-0.19634552392891358	5.924206621943542	-0.8550442237119712	0.4095849659345022	0.5567743754705433	-6.86133599431413
ENSMUST00000025667.12	-0.050979980301812056	7.154749759823022	-0.8557223645617098	0.4092245361589846	0.5565851963816846	-6.942833522776995
ENSMUST00000170243.7	-0.1288420753453554	5.786795730541074	-0.8560794208149956	0.4090348476859197	0.5564776416192163	-6.844450639299216
ENSMUST00000089765.8	-0.10133585231833475	5.948791271494012	-0.8581134193009835	0.4079554021389463	0.5551592177876762	-6.861820985246903
ENSMUST00000029649.2	-0.06964946418248186	5.134094380697949	-0.8584095254336708	0.4077984185002358	0.5550957368708567	-6.489621460608333
ENSMUST00000046122.10	-0.053728187258290205	5.712461980195376	-0.8594991553562829	0.4072210910342865	0.5546075676700555	-6.8327266181314865
ENSMUST00000100489.3	-0.47941379572628406	6.782152589387938	-0.8601926047925215	0.4068539623678997	0.5544101529449902	-6.928485354205828
ENSMUST00000172282.7	-0.12281103783583536	5.049088551721644	-0.8608813752509727	0.4064895320815779	0.5542137766673221	-6.35755389563107
ENSMUST00000138703.7	-0.14289206015040978	5.115882864189556	-0.8608870264117789	0.406486542949249	0.5542137766673221	-6.462157725766486
ENSMUST00000122188.7	-1.0904758963322667	4.601463735246945	-0.8615964277001266	0.40611142919595866	0.5539985358689989	-5.572797118181538
ENSMUST00000020831.12	-0.050290807657566106	5.7527564598694285	-0.8621464957893283	0.4058207278863586	0.5537521242192216	-6.835337007527467
ENSMUST00000098911.9	-0.11441338617709285	6.233388633522677	-0.8640477676796589	0.404817022479258	0.5525818693881656	-6.898436794531511
ENSMUST00000069125.7	-0.06714591516096213	5.572116818513655	-0.8666905071607486	0.40342467897667367	0.5509309337490894	-6.807169317939268
ENSMUST00000022416.14	-0.2982546883662387	4.982114375063262	-0.8692233019285743	0.40209330921438957	0.5495602930338479	-6.2377291622161595
ENSMUST00000102476.4	-0.0639516065942285	10.36354931027271	-0.8712824497241475	0.401013112912717	0.5483818893894752	-7.071117906790841
ENSMUST00000097590.3	-0.06047513029185847	5.839007611498348	-0.8725900678399917	0.4003281816271842	0.5477430192456796	-6.835744143815877
ENSMUST00000122328.7	-0.6174535733471513	5.4019184927869	-0.8733515268236983	0.3999296955637842	0.5473466535313923	-6.746119525903038
ENSMUST00000029771.12	-0.10129677344138344	8.079626805268184	-0.873400181645965	0.3999042427382816	0.5473466535313923	-6.962988963499925
ENSMUST00000179543.7	-0.17577268108199817	4.920087768007378	-0.8739346681864398	0.39962470903362346	0.5472269763604136	-6.1215323959511245
ENSMUST00000091328.3	-0.5881677112899037	6.603044498183069	-0.8746173428709275	0.3992678671187465	0.5470361218612237	-6.91239424089526
ENSMUST00000046399.6	-0.04350749655966624	6.045065412507327	-0.8758628286179119	0.39861739646252303	0.5464425399463089	-6.860294534461112
ENSMUST00000028607.12	-0.055765438700152714	5.603684570353469	-0.8780299284795926	0.3974873231432433	0.5453391662758814	-6.8017895332864065
ENSMUST00000209098.1	-0.30377476333334297	5.429032721714128	-0.878087546129062	0.3974573072302461	0.5453391662758814	-6.756783374655244
ENSMUST00000041587.7	-0.07304829677873226	5.664728434345933	-0.8783433091759684	0.3973240861439239	0.5453391662758814	-6.8099210226971
ENSMUST00000106421.8	-1.0180727795235032	4.192575881788749	-0.8790980967757103	0.396931112292917	0.5453196138573636	-5.09528069914828
ENSMUST00000024657.11	-0.0628635388096157	5.901296334628668	-0.8812265317051686	0.3958243898360797	0.5442450137374465	-6.8354788652690415
ENSMUST00000122129.7	-0.11000369373046492	6.964084423782148	-0.8854263663437094	0.39364679350322185	0.5418432334103171	-6.912557035354862
ENSMUST00000213913.1	-0.1802550721307652	5.5239971072712475	-0.8874029495833464	0.39262478848394633	0.5407323599405239	-6.779779130484177
ENSMUST00000015138.12	-0.12337441390590698	12.429260326425524	-0.887878440936663	0.39237920439441676	0.5406901608623146	-7.12966384690819
ENSMUST00000031011.11	-0.10112318168185652	5.601330556998888	-0.8888923283373061	0.39185589889407946	0.5401206848444943	-6.791743032110641
ENSMUST00000080411.12	-0.34155164881796285	5.4186711766106574	-0.8890364748077015	0.3917815383808394	0.5401206848444943	-6.741937941433755
ENSMUST00000002737.6	-0.08719174332329249	5.0691170270600585	-0.8894568036419366	0.39156475960924486	0.5401206848444943	-6.364259709553362
ENSMUST00000018437.2	-0.06260352430837912	10.199645941109498	-0.8895033890738749	0.39154073888913077	0.5401206848444943	-7.049710135263456
ENSMUST00000060174.5	-0.12991013007896157	5.2071520385229535	-0.891443622882371	0.39054120012336613	0.5391912123547352	-6.557904477467224
ENSMUST00000037299.14	-0.04127062525220104	5.985489232790468	-0.8917283669881375	0.39039465790358796	0.5391368443351499	-6.837239397289144
ENSMUST00000030669.7	-0.052378663749518495	5.299218587672855	-0.8927622503308512	0.3898628925741875	0.5386395944484559	-6.654113086071042
ENSMUST00000105367.7	-0.6446918254788292	6.452888344448299	-0.892851930351975	0.3898167902412074	0.5386395944484559	-6.893014545722708
ENSMUST00000109847.8	-0.28762036342022945	5.221307789072743	-0.8931960701211695	0.38963991111134144	0.5386395944484559	-6.57318130336482
ENSMUST00000204592.2	-0.07910103484705644	6.795347091601143	-0.8945084821185124	0.38896587156185547	0.5379019515744076	-6.89838994161975
ENSMUST00000199571.4	-0.9564191049592745	6.963293744256071	-0.896445852644413	0.3879723289284438	0.5367900828330403	-6.902597777392629
ENSMUST00000048010.8	-0.06884457023295365	5.411907706196744	-0.8983017998896458	0.3870221847208162	0.5360903244236982	-6.729746544282066
ENSMUST00000077367.10	-0.05574235229046032	5.5810886707518	-0.9024142966574231	0.38492253561871104	0.5340720564527676	-6.77657793233663
ENSMUST00000032342.2	-0.10469338729611977	12.436752615556767	-0.9025104754937796	0.38487352562839594	0.5340720564527676	-7.116664639518191
ENSMUST00000023686.14	-0.051027740015299194	6.611210278470732	-0.904918346820258	0.3836479499756499	0.5328914512223895	-6.885204828095119
ENSMUST00000170693.7	-0.0474396753374311	7.025833954422847	-0.9052064681195005	0.3835014811800497	0.532835115110972	-6.896343622500929
ENSMUST00000021314.7	-0.03975436530261334	6.02174465925493	-0.9058334182663358	0.38318289987202303	0.5325395495182729	-6.829809276064398
ENSMUST00000040766.8	-0.21308342881833475	8.297411628731135	-0.9076694030996351	0.3822510094069207	0.5315380951703201	-6.94258332973508
ENSMUST00000105230.3	-0.07099106895773577	7.040848300776938	-0.9103797640557505	0.38087818776102367	0.530068648029242	-6.891926335056519
ENSMUST00000108334.7	-0.40756367769239255	6.941044632462761	-0.9105314894059194	0.38080143888781737	0.530068648029242	-6.8889882467711585
ENSMUST00000054547.8	-0.05902988226181982	6.837894684493218	-0.9116001373797936	0.38026117752609423	0.5298636700121693	-6.884314460204734
ENSMUST00000054742.5	-0.20043047098593192	5.208237114236539	-0.9125102045133489	0.3798015079626871	0.5295957279823389	-6.540144725323497
ENSMUST00000106216.2	-0.1608041273166254	5.496225811004086	-0.9134398938681093	0.379332326558377	0.5290881438633753	-6.748243353394604
ENSMUST00000207849.1	-0.4853954429251335	7.604934222536217	-0.9136372367668595	0.37923278647694303	0.5290881438633753	-6.902220317569957
ENSMUST00000038684.5	-0.164088454259673	5.0557873546001115	-0.9138288490185016	0.37913615433963055	0.5290881438633753	-6.321144937286438
ENSMUST00000166518.7	-0.14419172842980643	6.205251382806572	-0.9144066939929361	0.3788448446348188	0.5288480614200259	-6.849242563714118
ENSMUST00000101208.5	-0.07387205994630719	9.543467040361191	-0.9157194251590898	0.3781836351563832	0.5283516737149929	-7.001657249045845
ENSMUST00000115086.12	-0.3528254813237224	5.111212783837518	-0.9176360379969651	0.37721970134669525	0.5271645326320066	-6.404715274202755
ENSMUST00000015950.11	-0.20961064506434735	5.292752959288097	-0.9214702671267653	0.37529647638135155	0.5254076727610341	-6.621545843082585
ENSMUST00000023435.5	-0.056210656809525084	6.0970719774070785	-0.9220026790050029	0.37502996468961325	0.5254076727610341	-6.826299186507066
ENSMUST00000025957.8	-0.18354078540131624	5.31054094925767	-0.9241591386582232	0.37395185008832654	0.5240534144274013	-6.636358028022222
ENSMUST00000167055.1	-0.10827669081081304	5.795952212213642	-0.9256689045022031	0.37319834000843877	0.5232889767509631	-6.782792252481202
ENSMUST00000074127.13	-0.2669989026429036	5.379872250832542	-0.9262208304338722	0.3729231445547613	0.5230488821452478	-6.684473255420031
ENSMUST00000089926.5	-0.06597618972704922	6.134902598218567	-0.9280195945297456	0.37202725097667677	0.5219378415124541	-6.826476757646789
ENSMUST00000103147.4	-0.07091679109738891	8.070099960805997	-0.928570532348316	0.3717531527456016	0.5218443391359157	-6.912311563972268
ENSMUST00000070658.14	-0.07691009201859522	6.196553068936469	-0.9289877069195276	0.37154569763044254	0.5216986895838003	-6.834494322090985
ENSMUST00000117095.7	-0.10263996875941928	5.783225760324577	-0.9307940206874212	0.3706483804833366	0.5205840318848873	-6.776612276359283
ENSMUST00000093785.5	-0.11744117659507225	6.101513869826852	-0.9329619665270956	0.369573427742918	0.5198482538383494	-6.8167533155816145
ENSMUST00000067880.12	-0.24712922993066222	5.868209789532983	-0.9356524432689971	0.36824243492151254	0.5186527687822311	-6.7816451917190825
ENSMUST00000194192.2	-0.16096303326968187	7.509897649628924	-0.9368341114444404	0.3676589255721727	0.5181210236844821	-6.877166788906411
ENSMUST00000036570.4	-0.05633637951435233	5.389233729499107	-0.9371156538917814	0.3675199956851326	0.5180703553633796	-6.680186299721343
ENSMUST00000071044.12	-0.30428031892687546	5.31961592238031	-0.9402604694618858	0.3659706705161553	0.5162749988278769	-6.629355490133142
ENSMUST00000053183.10	-0.044944641397234975	6.5355956353015845	-0.9402766417728354	0.36596271499498156	0.5162749988278769	-6.851378766993653
ENSMUST00000180572.1	-0.071139165615965	6.187278378228896	-0.9410132851181471	0.3656004730959508	0.5162749988278769	-6.8218930967018965
ENSMUST00000030201.13	-0.07185060731478554	5.2584881444003315	-0.9411490694071579	0.3655337292733004	0.5162749988278769	-6.568629173585473
ENSMUST00000060991.5	-0.059375456335118315	7.177396704513577	-0.9417383144446496	0.365244189678127	0.5161639096265891	-6.865055898315057
ENSMUST00000003450.14	-0.038161170466749716	6.053818024053453	-0.9417853134905724	0.3652211025551928	0.5161639096265891	-6.8011923295346515
ENSMUST00000055040.12	-0.13411935364198246	5.183183602995578	-0.9434125671474449	0.3644223901021397	0.5154368975552052	-6.478720252284338
ENSMUST00000107885.7	-0.07662694650730195	5.559602260061056	-0.943938579975612	0.3641644691053748	0.5153305987977129	-6.734615345552445
ENSMUST00000002889.4	-0.0375503839419018	7.202929835091751	-0.9442066110007622	0.36403309454326005	0.5153305987977129	-6.863123021006768
ENSMUST00000016977.14	-0.06146398211332116	5.969178626200284	-0.9459728512907427	0.3631682158494022	0.5146758574474204	-6.7846942513122155
ENSMUST00000085393.12	-0.07943138253834547	6.9908479888359505	-0.9475635182761938	0.36239055645243634	0.5142981352643744	-6.856002352435276
ENSMUST00000107985.9	-0.15648092817207182	7.1466218921078175	-0.9496841072931046	0.3613556602569149	0.5129741328308518	-6.8570488270906065
ENSMUST00000198914.1	-1.2694303955462973	3.966646169164139	-0.9506409155176367	0.3608894027768579	0.5124568403529134	-4.8879176983977315
ENSMUST00000072289.11	-0.05881045332289947	6.756009900759452	-0.951035828157916	0.3606970843805378	0.5123283544659757	-6.844721901004347
ENSMUST00000155278.1	-0.21980580158851026	5.082393542667587	-0.9562546355937802	0.35816241232520996	0.5094472989562147	-6.3238756297862935
ENSMUST00000054674.14	-0.17551058549977405	5.500776161421706	-0.9569135244369698	0.3578433061847227	0.5091373510789988	-6.708770752033253
ENSMUST00000108249.8	-0.06244444785029746	5.551265528057428	-0.9569879029164805	0.3578072966968887	0.5091373510789988	-6.720759623830822
ENSMUST00000204182.1	-0.12011669879866727	7.19228564172759	-0.9580757979551762	0.3572808996305241	0.5087688100880744	-6.8497189790921995
ENSMUST00000056078.8	-0.143668610525304	5.700068832239863	-0.9588305460108432	0.3569160258419981	0.508537107338174	-6.740112047142759
ENSMUST00000109166.7	-0.22222284572881534	4.988306726628631	-0.959831944634978	0.3564323218534021	0.5080258691994641	-6.166614944416094
ENSMUST00000178622.2	-0.6390203776696541	4.842018718312714	-0.9604817021618139	0.35611872063008676	0.5078325633474962	-5.897204418288717
ENSMUST00000025421.7	-0.05489549069145472	6.066290644900844	-0.9614340775943626	0.35565941856090233	0.507559816934305	-6.784341000404721
ENSMUST00000119993.7	-0.8012211903258608	5.63042373854577	-0.9617516805180738	0.35550634223482214	0.5075347354663422	-6.728105529183932
ENSMUST00000033961.6	-0.11370913180718212	6.163203634909994	-0.962434721179671	0.35517729376949714	0.5072089029106841	-6.798044034897295
ENSMUST00000115567.7	-1.1168384217218383	5.20327770169305	-0.9632462390369652	0.35478663531901344	0.5069388134876333	-6.486205914763707
ENSMUST00000022378.8	-0.06275142121508548	5.809006934284419	-0.9645479137611258	0.3541606602332136	0.506331992507331	-6.747372936754278
ENSMUST00000019882.15	-0.08384951157228127	5.429830541237416	-0.9713275904893801	0.3509130816743218	0.5022599470564759	-6.670494568321561
ENSMUST00000161741.7	-0.1526403535041183	7.525909634908965	-0.972277065282195	0.35045997688314723	0.5021098265265298	-6.843783892137187
ENSMUST00000078272.12	-0.22108689353281008	6.34948896467066	-0.9728248056590005	0.35019877726560056	0.5019982157541768	-6.811217606054083
ENSMUST00000014438.4	-0.10315094808815672	8.070382206741114	-0.9734414841327415	0.3499048705225062	0.5018162496005498	-6.869514928916076
ENSMUST00000021523.6	-0.15854446388852939	4.97875655470096	-0.974792321822562	0.3492616850011566	0.5010366516227028	-6.1349845967985575
ENSMUST00000115342.9	-0.15994048734211752	5.779333822695584	-0.9762236286596351	0.34858111215646026	0.5006313374990442	-6.73279687833882
ENSMUST00000080560.8	-0.12255549624063455	6.523562894036459	-0.9778211436554146	0.347822635254873	0.49968465961372527	-6.815137313476186
ENSMUST00000103093.9	-0.17363286077213846	6.487408443994809	-0.9782431950134384	0.3476224497954814	0.49953971577294115	-6.814009057281622
ENSMUST00000031538.8	-0.08575280355963688	5.225129139175465	-0.9802502932224996	0.3466715868376392	0.4984580604115927	-6.495918865482044
ENSMUST00000106236.8	-0.17909900840252657	5.003261646137596	-0.9820267583139103	0.3458315502822119	0.4973923754916547	-6.171912049849787
ENSMUST00000108428.7	-0.18850505214099833	5.402508054868903	-0.9877088627908429	0.34315451251313367	0.4939657660811375	-6.639664297933655
ENSMUST00000090433.5	-0.06076775565191728	5.834855804927434	-0.9896736508479371	0.34223232549207117	0.4927792872211248	-6.725736644251334
ENSMUST00000100507.7	-0.0368669883046282	7.087915733779823	-0.9916702543085507	0.3412970438355247	0.4921981158662206	-6.815334580323965
ENSMUST00000085913.10	-0.08107217932997113	7.75143105814788	-0.9929245774917723	0.3407104206933048	0.49161892710990485	-6.833652069418905
ENSMUST00000027444.14	-0.16261014928902373	5.975950812983726	-0.9937306932363347	0.34033380150542925	0.4914521685917952	-6.739384540277966
ENSMUST00000106033.4	-0.11692086038506755	5.0492859554199185	-0.9951801720784449	0.33965736092359355	0.4908980703265151	-6.233751925047328
ENSMUST00000205778.1	-0.16366089440775866	5.3172932471797	-0.9959539921936911	0.33929663526433806	0.4906586294955116	-6.57359664425204
ENSMUST00000148159.2	-0.15319453014055195	5.158870325010344	-0.9991489103721493	0.33781022912526093	0.48907144251199647	-6.392522346344817
ENSMUST00000159899.7	-0.2865569758272333	5.016624558206878	-1.0003509652951117	0.3372522109636308	0.48854473750591026	-6.176379653469933
ENSMUST00000042141.11	-0.6872750016104971	5.041006305681941	-1.00165222305126	0.33664889669760667	0.4880923917249738	-6.214245227712352
ENSMUST00000167595.8	-0.09398023546216372	5.864360491852454	-1.0054121653453558	0.3349100537643972	0.48588160351380966	-6.71355180030986
ENSMUST00000174552.7	-0.08832415143342232	5.088943156502641	-1.0058156964129152	0.33472382423749203	0.4858613848063538	-6.286116230672459
ENSMUST00000186907.6	-1.6443255138571398	3.9764931192682407	-1.0066957101556293	0.33431795988492485	0.4856926526656243	-4.854857241566523
ENSMUST00000107289.8	-0.8190709668659562	4.054455075248001	-1.0099667524508436	0.3328124946887294	0.4841191075966315	-4.898381083878671
ENSMUST00000106496.7	-0.7933456644406416	4.61780604778037	-1.0114520149783817	0.3321305539032263	0.4833522755820456	-5.465817260497475
ENSMUST00000099276.3	-0.06379299881330347	6.6084826292047625	-1.0116452504277504	0.33204190725023197	0.4833522755820456	-6.782746625768437
ENSMUST00000031646.7	-0.11946035591482129	6.884158472727601	-1.0123221599698886	0.3317315117908115	0.4830510089202815	-6.789033587343047
ENSMUST00000040820.12	-0.08893826311682851	5.454196758650908	-1.0135437791918158	0.33117187790183544	0.48237571445400523	-6.63826870103742
ENSMUST00000115098.6	-0.13133527595005923	6.327377646123008	-1.015880435684181	0.3301033610233528	0.48095858943193975	-6.766272893027116
ENSMUST00000028117.3	-0.0471442524836343	6.412340720096859	-1.0193799888923751	0.328507795633581	0.4791889590700336	-6.769654069833907
ENSMUST00000022281.4	-0.07770127817554595	5.730498826296604	-1.0200198073775086	0.32821669321750524	0.47890318549224736	-6.683698659525805
ENSMUST00000140761.8	-0.17133920822446136	5.604051306937005	-1.0225140381860027	0.327083684009266	0.477388457862088	-6.664350321211149
ENSMUST00000168099.8	-0.31195898838255154	5.390614545285016	-1.0225226080669576	0.3270797960821967	0.477388457862088	-6.597684750493015
ENSMUST00000019506.8	-0.08812846985020961	8.346563725050435	-1.0230135781725829	0.32685711268548245	0.47733472682747813	-6.833683951184546
ENSMUST00000112176.7	-0.24886792853619077	10.088354333912097	-1.023821190774586	0.3264910559249714	0.4769385895349974	-6.917363059110046
ENSMUST00000033074.7	-0.2453978447158791	7.330091870341188	-1.0262067916201387	0.3254115235536268	0.47571787859543835	-6.784945726692045
ENSMUST00000115079.7	-0.13014147495751782	6.836523427682596	-1.0262715869449868	0.32538223903999997	0.47571787859543835	-6.773165718192641
ENSMUST00000044524.15	-0.19744858102923857	7.836449624896357	-1.0278197984181952	0.3246830951667441	0.4749871043279702	-6.803313981247878
ENSMUST00000200585.4	-1.0995770799960427	4.571415072132657	-1.0291385295275157	0.32408845327916036	0.4742919237636489	-5.381928124827176
ENSMUST00000002121.4	-0.0827079098726573	6.073575872691255	-1.0292064183143546	0.32405786261406433	0.4742919237636489	-6.71829894187603
ENSMUST00000078803.3	-0.06981472962350388	7.474469456598632	-1.0304942183259473	0.3234779832619259	0.4737751772316592	-6.784182317092551
ENSMUST00000102604.10	-0.06981164404338536	5.510658843429722	-1.0305420555724565	0.32345645752493557	0.4737751772316592	-6.6388879577944175
ENSMUST00000099747.4	-0.19566115415398233	5.594577231605143	-1.032218564439698	0.3227027313696824	0.47305286757601167	-6.653113925344423
ENSMUST00000031625.14	-0.16698978026251954	6.342851783460211	-1.0327458257647786	0.32246595284522683	0.47284354671067796	-6.750767677642437
ENSMUST00000026704.13	-0.06425952707007365	7.256824708200395	-1.03312161761333	0.3222972733522682	0.4727339889898721	-6.776443127120695
ENSMUST00000049005.14	-0.052938526988965506	7.821738613433268	-1.0338451677056764	0.3219726810723893	0.4723956134369176	-6.796347318818888
ENSMUST00000137192.1	-0.26560518458128346	6.58497481711794	-1.0362824366554437	0.3208810722751063	0.4712062681307822	-6.7574700854112795
ENSMUST00000030491.8	-0.04228329000230069	5.907530937433819	-1.0384818050181834	0.3198983648769488	0.4701748973695382	-6.685246995477932
ENSMUST00000008016.2	-0.15982573583250037	8.34107224145813	-1.0399847389425225	0.3192281154410446	0.4693268991186136	-6.816047371281427
ENSMUST00000136166.2	-0.8556241685416222	4.976033592179285	-1.0400205613702904	0.3192121527398511	0.4693268991186136	-6.065686924585534
ENSMUST00000173084.7	-0.7743702514553181	5.077035582628516	-1.0405229081709109	0.3189883660606236	0.4693268991186136	-6.232397715565939
ENSMUST00000021832.6	-0.06917089579183511	5.376783010148323	-1.042869318506083	0.3179446200861589	0.4682609436924665	-6.568219968295704
ENSMUST00000000590.15	-0.16326352131053667	7.268674736197344	-1.0433233936978905	0.3177429279481229	0.4681009284061512	-6.766184618880562
ENSMUST00000035232.12	-0.4106105045726842	4.850836625279998	-1.053267813323037	0.3133495651878422	0.4632487468930773	-5.82316154377691
ENSMUST00000219263.1	-0.10642023166497605	7.0603433625335	-1.0544006190126272	0.31285198288603794	0.46265676834205083	-6.751152133414095
ENSMUST00000020717.11	-0.11218286062754057	6.836391198498983	-1.0544237639361942	0.31284182267021515	0.46265676834205083	-6.744197716625062
ENSMUST00000030187.13	-0.059371188978728284	8.339768390999991	-1.055966389837588	0.31216519101712026	0.4620485660509362	-6.799427751053907
ENSMUST00000100523.6	-0.7003165691277333	4.849622558660693	-1.059513722040986	0.31061338854396614	0.46070045924666675	-5.814568233871145
ENSMUST00000040844.15	-0.13348236034737226	5.147558122233484	-1.0621419203568627	0.3094673858762421	0.4591360714666394	-6.313428859234795
ENSMUST00000033009.15	-0.05030263566366955	6.246588769604362	-1.06230909017163	0.3093945999686231	0.4591360714666394	-6.709259061543045
ENSMUST00000003436.11	-0.16069816819373006	5.325130953977863	-1.0639410839599177	0.30868470034635376	0.45824512465107875	-6.510859136585578
ENSMUST00000034547.5	-0.06522508284841155	6.476975079909926	-1.0644575366052187	0.3084603029784834	0.4581823986668881	-6.726396028506027
ENSMUST00000168106.7	-0.05667091132075708	6.361503910708303	-1.0646820663593906	0.3083627834364084	0.45817281850814257	-6.719531686943513
ENSMUST00000034085.7	-0.05011667132972786	6.094072248654373	-1.0648875582929986	0.3082735527688699	0.45817281850814257	-6.6845313496103795
ENSMUST00000103234.1	-0.3695288696866488	6.625513078187371	-1.067419826627457	0.3071755527763169	0.4568135400584246	-6.725590267310531
ENSMUST00000107420.7	-0.24986363625634578	5.122491600723109	-1.07160695450351	0.305366431232865	0.4543917525976172	-6.269422968744992
ENSMUST00000051053.4	-0.09455398456958264	5.478679262855923	-1.0739314952492538	0.304365529822128	0.45303638477370595	-6.584288363021732
ENSMUST00000223020.1	-0.08696234643720313	5.5048993215805515	-1.0741108249138445	0.30428841648473687	0.45303638477370595	-6.5920110998016055
ENSMUST00000023769.10	-0.05675113707051782	5.833433962623417	-1.0752354738857972	0.3038051420941755	0.4525237953267009	-6.638192639597822
ENSMUST00000019268.10	-0.06974443088214954	5.203879508704487	-1.0758046399082795	0.3035607849232258	0.4523739066791318	-6.373691060672774
ENSMUST00000100864.6	-0.22312909299110917	6.414805769570974	-1.0771528180711407	0.30298256787023214	0.451646014505226	-6.7099958404469895
ENSMUST00000107409.4	-0.07110858942296439	8.422587588911288	-1.0792456141337154	0.30208663484982173	0.45071110911312373	-6.779417004809514
ENSMUST00000170715.7	-0.11420587816156313	8.410344682874788	-1.0826899976197115	0.3006164271142239	0.44891696195062647	-6.775090742319774
ENSMUST00000075175.11	-0.34024635511126267	5.383857993631758	-1.082745036310979	0.30059297813346186	0.44891696195062647	-6.530999693710984
ENSMUST00000030365.5	-0.07558042853565716	5.415387484783869	-1.0828733382468287	0.3005383210381357	0.44891696195062647	-6.549964689827979
ENSMUST00000095263.9	-0.07786706992119008	6.028622508127603	-1.0853023038038452	0.29950498597675945	0.4477888809655503	-6.653080652823671
ENSMUST00000015239.9	-0.07444014997641002	5.759741528203779	-1.0861791971259984	0.29913259566808653	0.4474980936087254	-6.61843575552736
ENSMUST00000112862.6	-0.07056399110261236	6.568309517667912	-1.0865695932132007	0.29896691862669	0.4474980936087254	-6.704663095735169
ENSMUST00000023062.3	-0.0636252343631849	7.319005468575337	-1.087530288314041	0.2985595120069694	0.447039555031864	-6.7207829947119215
ENSMUST00000139167.2	-0.08485402067534942	5.249036846830103	-1.08799815025067	0.29836125541204367	0.44687569990413567	-6.411529313991458
ENSMUST00000114468.8	-0.07092062903394325	5.862466439382798	-1.0891230589615013	0.29788498214794273	0.44642816359437	-6.626810762053546
ENSMUST00000004965.6	-0.058543159189461846	6.828970144505959	-1.090592095862133	0.29726387441299673	0.4456300811000556	-6.705768933646802
ENSMUST00000170794.7	-0.12275183440841797	7.244686709132695	-1.0934202005238083	0.29607091213199244	0.44397399670225157	-6.713051887579463
ENSMUST00000025904.11	-0.09032195360371631	6.714498329420577	-1.0934399365444085	0.2960625997566712	0.44397399670225157	-6.699358712709073
ENSMUST00000043627.7	-0.11071965893994751	5.924227855836033	-1.094686736654852	0.29553783321124405	0.4435712526508857	-6.62831343219073
ENSMUST00000030434.4	-0.04842608037094642	6.495141739680568	-1.0985581032548846	0.29391290163555295	0.4417913977079375	-6.690633063812127
ENSMUST00000033036.6	-0.06496629287881639	8.819157014567626	-1.1007154419405023	0.29301034541900894	0.4406980710920879	-6.778709919081455
ENSMUST00000042345.6	-0.07288135578373911	8.222349340064023	-1.100772136981084	0.2929866545713586	0.4406980710920879	-6.745963446986109
ENSMUST00000044355.9	-0.09172456430487941	9.46368551866884	-1.1017328270275855	0.2925854373505235	0.44045402014077906	-6.811233509008864
ENSMUST00000003121.8	-0.05912930090954838	5.366046257254748	-1.1020340581630008	0.2924597188383246	0.4403965415970102	-6.499113125041651
ENSMUST00000065987.13	-0.07317607388090508	5.7286876947940595	-1.103231341129754	0.29196043966631846	0.4397763389105534	-6.596517307394243
ENSMUST00000005953.10	-0.490692692902547	5.104140850189055	-1.1061532382096009	0.29074469888812643	0.43860167319525156	-6.206250424838443
ENSMUST00000015157.9	-0.09087118287022555	5.162005215314635	-1.1067071338962904	0.2905146692311427	0.4383861130479541	-6.285596946333144
ENSMUST00000208634.1	-0.21545954836251813	5.365811155496757	-1.1067152594539118	0.29051129576539114	0.4383861130479541	-6.493911635298823
ENSMUST00000098660.9	-1.044607943990206	6.23578010957374	-1.1086576016739778	0.2897057539060735	0.4376905849553921	-6.658427679299815
ENSMUST00000123296.7	-0.11000178305110442	5.19294396262877	-1.1088597539809655	0.28962201370001667	0.4376905849553921	-6.324211861311267
ENSMUST00000107032.2	-0.08381115014973872	6.6637631821005145	-1.1112239170402929	0.28864404371844266	0.43690632244093713	-6.679201746051534
ENSMUST00000127210.7	-0.44175955521348786	4.903262773855729	-1.1120562865039607	0.28830032196961997	0.4366161709299091	-5.860450807088025
ENSMUST00000067284.9	-0.12169911625419338	5.197074997772343	-1.1125516175330978	0.2880959263228752	0.4364380022072824	-6.325665708383853
ENSMUST00000102602.7	-0.07306908933221568	6.211857722745395	-1.1130070793013742	0.28790808007114255	0.43630267098052083	-6.650411759291327
ENSMUST00000202868.3	-0.2342887060681429	6.182356973386133	-1.1133307210795769	0.28777465718099776	0.43630267098052083	-6.645940063528421
ENSMUST00000131070.1	-0.04639295371621621	5.729963602065106	-1.1147139349066362	0.2872049522596105	0.43587575107635007	-6.584238218746396
ENSMUST00000023171.7	-0.16264958538493257	5.045156846331469	-1.1149230425519048	0.28711890196191303	0.43587575107635007	-6.103883391089035
ENSMUST00000068829.12	-0.8421240510006225	5.579649059293942	-1.115732130777392	0.2867861378984979	0.43575068570231656	-6.562865688097346
ENSMUST00000027988.7	-0.10851780022766988	9.482011052438004	-1.1159873765349286	0.28668122084740244	0.4357381335599038	-6.796659362725212
ENSMUST00000034051.6	-0.08981872096895938	5.573813375600826	-1.1168826579094926	0.2863134532101362	0.43531066276826685	-6.560725468350249
ENSMUST00000022721.7	-0.06912888810468854	5.142545142221108	-1.1201004525307516	0.28499460942769084	0.4335675476355345	-6.245026173125599
ENSMUST00000199420.4	-0.8884673293155858	5.94311792907377	-1.1228596110775715	0.2838674471630193	0.4319834018987145	-6.600182753598936
ENSMUST00000009036.10	-0.05462581579211534	7.795227840089965	-1.1246698763269605	0.2831297802618258	0.431252172115424	-6.698548095122824
ENSMUST00000114863.8	-0.05091692425806382	6.1150159995366264	-1.1249186330304723	0.2830285290219714	0.43122850681694064	-6.623349725702707
ENSMUST00000022563.8	-0.2830457582114141	6.5997050987458845	-1.1250983856761754	0.2829553817209041	0.43122850681694064	-6.663366032385051
ENSMUST00000072376.11	-0.0783954815635628	5.81764264029046	-1.1270412604507567	0.2821656861897705	0.43043528417851284	-6.580649942254642
ENSMUST00000196843.4	-0.15169827107760447	5.5634008330961855	-1.1276721547153763	0.2819096185337863	0.4301750957972335	-6.547276929998529
ENSMUST00000023514.3	-0.08586348064999161	6.724405124648211	-1.1278167547627789	0.2818509533206866	0.4301750957972335	-6.66228215089856
ENSMUST00000042251.10	-0.1962323004083446	5.6023522980986735	-1.1285422433301657	0.2815567591066072	0.42989743704562694	-6.552143295513831
ENSMUST00000073575.11	-0.27396089794484535	5.456541995860228	-1.1321156031510067	0.2801111579430908	0.4283703073186835	-6.514221047966241
ENSMUST00000058754.8	-0.06252675318773626	6.329607810027674	-1.1344325692203772	0.2791768826696564	0.4271711972965454	-6.641234559442314
ENSMUST00000209034.1	-0.5816131237260365	5.937558190058488	-1.1355431169629562	0.2787299246095287	0.4270067754904199	-6.585517446942397
ENSMUST00000077954.12	-0.06019884144181553	7.679528446622427	-1.1372343156574936	0.27805033212337094	0.42635514200325486	-6.678541240136273
ENSMUST00000117836.7	-0.15197492197135443	5.48808352151862	-1.1398424717990663	0.27700477082805813	0.4252703698614466	-6.51592893556892
ENSMUST00000106291.9	-1.2855659857425898	7.248311373075607	-1.1412528669777295	0.2764406332800984	0.4246634583304351	-6.6609395015465624
ENSMUST00000074556.6	-0.10251520216129695	5.367300547831736	-1.1415410460426494	0.2763254749181621	0.424616207792692	-6.4568072279504545
ENSMUST00000098521.3	-0.16209248828411926	5.154180483931112	-1.1457091669027153	0.27466400024023485	0.42270865255693535	-6.23260438799133
ENSMUST00000081593.12	-0.2577439895114866	7.138722809570422	-1.145887734670669	0.27459299318369135	0.42270865255693535	-6.65399165741192
ENSMUST00000159041.7	-0.18412327114190763	7.950324125524012	-1.1460829967591601	0.2745153639005057	0.42270865255693535	-6.683315612521889
ENSMUST00000211716.1	-0.24363715771994254	5.966046856936847	-1.1474908469936582	0.27395615428786035	0.42213580772503073	-6.576153230925534
ENSMUST00000034203.16	-0.1720822511286748	5.1175811125450945	-1.1482892337230362	0.27363941999561225	0.4217769368866192	-6.179942788794298
ENSMUST00000002466.8	-0.29947172416593837	5.193856787286215	-1.1492253903369207	0.2732683906200585	0.4215842313709661	-6.2812403166035375
ENSMUST00000184082.2	-0.35513840578204814	5.399752450969422	-1.15029335675714	0.2728455959635107	0.4210693844455284	-6.467345325339703
ENSMUST00000075118.9	-0.26519185018873515	8.937012922932198	-1.1510124199825178	0.27256121296169145	0.4207595772967995	-6.729823992990609
ENSMUST00000109085.7	-0.4906827265552067	7.0713693508838205	-1.1517040485619687	0.2722878965926765	0.42059576535393167	-6.646342096155348
ENSMUST00000072727.6	-0.27080737675970123	5.716214662608142	-1.1518303377485553	0.27223801280334936	0.42059576535393167	-6.5415941994230185
ENSMUST00000106215.10	-0.15081082447588656	9.93122510479083	-1.1535195756343561	0.27157144978164993	0.41974683989292805	-6.773593861732434
ENSMUST00000042497.13	-0.36669629424424954	5.379871905982602	-1.1543125791336037	0.2712589717400913	0.4193927126073753	-6.4505385543891
ENSMUST00000113112.1	-0.13989846587307575	5.241071521152232	-1.162792461839739	0.26793492955810283	0.4149323780524542	-6.3214243901049585
ENSMUST00000002733.6	-0.06256657929065756	6.324564507155632	-1.1631076146834842	0.2678120048708128	0.4149323780524542	-6.608717854739097
ENSMUST00000045604.3	-0.10333142298866704	6.116078213451278	-1.1633797425645915	0.2677058972487681	0.41491939897059527	-6.580772820436029
ENSMUST00000008826.13	-0.12069306761311971	9.088075438787754	-1.1660249944603454	0.2666761676717504	0.41383337432343503	-6.720820593343764
ENSMUST00000093140.4	-0.1602676509151859	5.90493385417853	-1.1682123314527604	0.2658270227565496	0.4129196868967723	-6.545008878450384
ENSMUST00000039990.5	-0.15736957583278688	5.978306808339796	-1.16832308858742	0.26578408185139524	0.4129196868967723	-6.55454814102843
ENSMUST00000222821.1	-0.15236279888469273	6.865515066735594	-1.1704059692909274	0.2649775478631458	0.41195984032740623	-6.619242885739729
ENSMUST00000187994.6	-0.30641443580056293	5.819810242624923	-1.170724141251436	0.2648545132644206	0.41189584427613607	-6.532208992524913
ENSMUST00000208888.1	-0.48070011659918954	5.023893099478102	-1.177958287769303	0.262069128787588	0.4084343773049995	-6.000676199850872
ENSMUST00000108613.9	-0.4996088997358372	7.415017227802714	-1.179465345663939	0.2614917520241554	0.40780068333339303	-6.6215257828517275
ENSMUST00000052832.5	-0.0897210665639614	6.830731543582645	-1.1812050876871458	0.26082646763382555	0.4072571594812918	-6.605687466457182
ENSMUST00000161308.7	-0.14740813298731492	7.910445135381319	-1.1822775545373494	0.2604170121029145	0.40688136269868413	-6.640419966189754
ENSMUST00000033450.2	-0.05567600561869579	5.8854005354581735	-1.1915905180400908	0.25688255791519843	0.40273485474333537	-6.516041445027986
ENSMUST00000020962.11	-0.07442661141872797	5.937346003693242	-1.1979871840551857	0.2544767883081416	0.39996023804381764	-6.515035399126481
ENSMUST00000015003.9	-0.09488403567786818	5.1498900589003815	-1.2016203382382686	0.25311828147556603	0.39819827207741487	-6.1638445365371535
ENSMUST00000028356.8	-1.1352241788848607	5.159275755241885	-1.2017461616538683	0.2530713361909561	0.39819827207741487	-6.176264553779117
ENSMUST00000183946.7	-0.14917485231244854	7.76703258488408	-1.2045369912947068	0.2520318276727729	0.3969856371389231	-6.606916011069795
ENSMUST00000094480.10	-0.6653887446147602	5.111370730908734	-1.2059665452062627	0.25150066300855084	0.39639719160276293	-6.105966712673351
ENSMUST00000026999.9	-0.25055494434770775	5.05508501362168	-1.2066993917691304	0.25122870934647024	0.39613408942838924	-6.017464791508914
ENSMUST00000021082.6	-0.14830920897403832	5.839132963968029	-1.2077960102391465	0.2508221962526379	0.39582386115025764	-6.491904233594057
ENSMUST00000102758.7	-0.044100495856469024	7.945590409068896	-1.2083124510952767	0.2506309331437776	0.3956461326157343	-6.612288482017019
ENSMUST00000026016.12	-0.10197604571799612	5.060763824072099	-1.2133830743770255	0.24875914707192423	0.393061328178031	-6.018655892175554
ENSMUST00000115248.9	-0.06395170530192384	5.568359596898293	-1.2139789975426958	0.2485398938059619	0.39283826758963064	-6.450478729486124
ENSMUST00000093157.12	-0.09882767448428442	5.31642160063219	-1.2172332045890435	0.2473452951289869	0.391318924463501	-6.334235642025445
ENSMUST00000017604.9	-0.09296251208447615	7.299617999196528	-1.2174431525257732	0.2472683809530559	0.391318924463501	-6.575136021458875
ENSMUST00000034876.9	-0.0719452639571907	7.717695296299486	-1.2187887272733158	0.2467758808944378	0.3907867349008236	-6.587666624187436
ENSMUST00000020403.6	-0.091544758847796	9.428282409209132	-1.219588620238627	0.2464834768724526	0.39044659072585297	-6.676817358146181
ENSMUST00000112173.7	-0.16209111589835157	6.011175036608425	-1.224369797209611	0.24474142166392487	0.38846370915135886	-6.494870624716312
ENSMUST00000186526.6	-0.8464427960867731	5.5807465290979295	-1.2248142516438578	0.24457997915689217	0.38840968280881455	-6.439735246663345
ENSMUST00000212075.1	-0.10775019717194745	6.082593908799211	-1.2289423387262963	0.24308454018128686	0.38640073353935367	-6.500216216295885
ENSMUST00000219555.1	-0.6678676425713084	6.025510680389677	-1.2296656081437496	0.24282327862967415	0.3862295019873192	-6.490783606927347
ENSMUST00000215510.1	-0.4228348161516404	6.041507432656899	-1.229827008065279	0.24276500774481943	0.3862295019873192	-6.492976735247373
ENSMUST00000099475.11	-0.616937256774273	6.653675981931292	-1.2298697710457536	0.2427495707115041	0.3862295019873192	-6.544801720241447
ENSMUST00000110461.7	-0.1277434996355673	5.146152621024658	-1.230130541430796	0.24265545194969101	0.3862295019873192	-6.125834033279476
ENSMUST00000113265.7	-0.1963678529782351	5.199133662023602	-1.2311705639013095	0.2422803696397136	0.38585392201880314	-6.194649797841487
ENSMUST00000117721.7	-0.10063657772695667	5.339598944845979	-1.2344540230151586	0.241099222001683	0.38433782822891865	-6.33196342718042
ENSMUST00000020150.9	-0.23279143866756957	6.389430910971276	-1.2384267286336461	0.23967626965549724	0.3824110664519531	-6.5275444094402095
ENSMUST00000014457.14	-0.2670383732199264	8.041997463292754	-1.2390996897854105	0.23943589140431062	0.38217067565199453	-6.580962952617588
ENSMUST00000029149.12	-0.5447276155343941	7.065644099921998	-1.2392738361598379	0.23937371854171752	0.38217067565199453	-6.545438888280185
ENSMUST00000009425.6	-0.6248259178842703	5.870785595068799	-1.2395755188319553	0.23926604378560476	0.38214205278900876	-6.458391970252099
ENSMUST00000039487.9	-0.05320642257215091	5.959459101155358	-1.2420657188478508	0.23837873172027912	0.3809667723267866	-6.466506485182727
ENSMUST00000027752.14	-0.15367147836108153	7.542880262627423	-1.2424207494521347	0.23825244083895128	0.38088593259001075	-6.552157935726309
ENSMUST00000008094.9	-0.12286538071865039	5.404600426169287	-1.2426933535644729	0.23815550682680034	0.3808519881899658	-6.364073774970571
ENSMUST00000040917.13	-0.12441288812569251	7.84835807633537	-1.2429287066722619	0.23807184405413734	0.3808392519670477	-6.566400202686523
ENSMUST00000084013.1	-0.10230624249038378	11.981335066305965	-1.2431382730123848	0.23799736765449903	0.3808392519670477	-6.740857399359669
ENSMUST00000006828.8	-0.4179493756723289	5.495100556071541	-1.2434092509527794	0.2379010941741701	0.38080827387535787	-6.399369798076931
ENSMUST00000030399.6	-0.7769217324955999	5.099271875634079	-1.2461858223803453	0.2369164206652195	0.379594430690038	-6.040956426784826
ENSMUST00000027727.14	-0.447171305215587	5.3382709965950745	-1.251674781211703	0.2349794240736881	0.37709138198236836	-6.310638326941734
ENSMUST00000023341.14	-0.1579609919265641	6.4704140250833175	-1.252495081413041	0.23469104052051593	0.37674876351586334	-6.515181183389521
ENSMUST00000046389.4	-0.06008642894936145	5.33454051701173	-1.2556376470544497	0.2335888671602276	0.3750991352323987	-6.303237731831241
ENSMUST00000052629.12	-0.3692943413198577	5.679924549225806	-1.2567202370881643	0.2332101390559649	0.3746105394605873	-6.415648922748576
ENSMUST00000035105.6	-0.10411570225919498	8.76435295001492	-1.256844477721476	0.23316670682417576	0.3746105394605873	-6.59790612091331
ENSMUST00000040077.6	-0.10782040255872616	7.4791215479545485	-1.256858390173329	0.23316184369174514	0.3746105394605873	-6.532911455152668
ENSMUST00000056433.6	-0.062331250361340906	5.322501078426937	-1.258232128574419	0.23268205045130086	0.37424021605514535	-6.290969522815595
ENSMUST00000115331.9	-0.3831589455549418	5.4728994692170305	-1.2603800014020623	0.23193347014681917	0.3733943322587671	-6.372345987672802
ENSMUST00000067036.11	-0.2850798423926628	6.866715221195384	-1.2612341142649615	0.23163633106898934	0.37303533342128214	-6.513370326059027
ENSMUST00000215817.1	-0.0929527653276887	5.983687703081621	-1.2653685840315003	0.23020230174235523	0.3709634144989716	-6.4421642126042045
ENSMUST00000096014.3	-0.09804070941829934	8.885920861009929	-1.2656980707726289	0.2300883279098283	0.3709634144989716	-6.593894849263493
ENSMUST00000060251.7	-0.23717628754329123	5.883006090416225	-1.2671190077242942	0.2295973267434006	0.37034438949857273	-6.426992728800585
ENSMUST00000151189.1	-0.1420432812952397	5.429795598656261	-1.2687162396541407	0.22904641400717365	0.36969281644853724	-6.346521683269674
ENSMUST00000213930.1	-0.8557288137253876	5.525591187989451	-1.2720783970635665	0.22789022571587844	0.36794471295782555	-6.373666618569809
ENSMUST00000027502.15	-0.07893737113621668	5.215061110087202	-1.27208878390008	0.22788666115928896	0.36794471295782555	-6.165955924745467
ENSMUST00000195008.5	-1.8480175398314973	4.455538452418512	-1.2734760581682365	0.2274109796815834	0.3675247795624947	-4.9911272207150645
ENSMUST00000143514.2	-0.18612034473954253	5.101336769540813	-1.275289063039237	0.22679052661690674	0.3668046030692479	-6.009564560719092
ENSMUST00000022418.14	-0.2682509716958572	5.2352640894942475	-1.276442855270343	0.22639638305526516	0.36647368183752865	-6.183069928163942
ENSMUST00000107971.8	-0.11272773050229468	5.509458139169129	-1.280702089607995	0.22494618270792344	0.3643863108079449	-6.358888867490971
ENSMUST00000166743.8	-0.13085321516956938	5.654975512225768	-1.2807488482684695	0.22493030387319835	0.3643863108079449	-6.383460401398249
ENSMUST00000078830.10	-0.9179831503167613	5.267559393977846	-1.2809994840751564	0.2248452055661848	0.3643863108079449	-6.210906286947445
ENSMUST00000034000.14	-0.16045841866570498	6.901304824799765	-1.281075238630914	0.2248194897621309	0.3643863108079449	-6.490670090555152
ENSMUST00000060417.10	-0.18919103934415116	5.170150040746421	-1.2823773667176273	0.22437783793652194	0.3642610205416721	-6.095579672386295
ENSMUST00000088652.5	-0.058458116114778136	6.547301604330542	-1.2836509583573297	0.22394654363468305	0.3636781991691706	-6.479217797187092
ENSMUST00000031099.3	-0.08377804412854406	5.1278040998656955	-1.2860444833776243	0.223137804356571	0.3627160884387427	-6.034542466219899
ENSMUST00000113476.7	-1.3268071750895296	4.1463194767978155	-1.286757224433028	0.22289743602659332	0.36250607515138383	-4.721666776442311
ENSMUST00000014445.6	-0.11529034776370928	5.722159893450236	-1.2877381879434766	0.22256695375488644	0.362256339159118	-6.383659145669302
ENSMUST00000102973.3	-0.054861548884870714	5.754921076264291	-1.288182009787947	0.22241756252002906	0.3621303420835813	-6.387029853289528
ENSMUST00000030376.7	-0.15980431916587623	5.725971686192957	-1.2885236421483592	0.2223026237571478	0.3620999182431368	-6.383182536426453
ENSMUST00000031692.11	-0.08186593258902164	5.284592378131045	-1.2893083063643382	0.2220388134857554	0.3618650050686218	-6.217892862114228
ENSMUST00000103199.8	-0.06249050147196833	7.581651221162927	-1.292041796264247	0.22112177254528043	0.3604872448721017	-6.493826166310076
ENSMUST00000161051.7	-0.0987185069355867	8.77065944378167	-1.292934396208022	0.22082298563458203	0.36011683654054527	-6.554573304530506
ENSMUST00000020420.8	-0.0526076082499749	6.4153325048003245	-1.2942783690580997	0.22037372474549133	0.35950071634065073	-6.461925886001907
ENSMUST00000001416.6	-0.061795934080119075	6.383338679898867	-1.2983182534991498	0.21902774189683655	0.35753684928065693	-6.455009252192774
ENSMUST00000026557.9	-0.08288705799397533	5.356726790723214	-1.2998769993805206	0.21851019676910735	0.35680778966094745	-6.26514496125759
ENSMUST00000034138.6	-0.04496491199674235	6.962846887183741	-1.301906126524304	0.21783796154819351	0.35610761352719483	-6.467336184115784
ENSMUST00000023343.3	-0.09375983974113744	6.173337073266967	-1.3030031476327562	0.21747522704378328	0.355926436973739	-6.424754306421131
ENSMUST00000021942.7	-0.10017658145586594	6.222568077898897	-1.3031529554209595	0.21742573062328513	0.355926436973739	-6.4314279036500865
ENSMUST00000109764.7	-0.09182761641716297	7.821947265094196	-1.3059858350127462	0.21649147217918777	0.3546625192228895	-6.488682344859877
ENSMUST00000219037.1	-0.2981145141542587	5.657421819473371	-1.3090122685228511	0.21549699381069345	0.35349376454567943	-6.349237126909394
ENSMUST00000020947.6	-0.07552653850502278	5.438872679097216	-1.31482921211883	0.21359601303738734	0.3507185187960495	-6.2940909427713665
ENSMUST00000035988.15	-0.4807769991113	7.7851709261129995	-1.3180596084386724	0.21254623981476112	0.34945102369544545	-6.471723648304383
ENSMUST00000102898.4	-0.13424293319779323	9.466363554717027	-1.318076542738209	0.21254074784119859	0.34945102369544545	-6.559938325752389
ENSMUST00000033282.4	-0.13883383259794257	6.49604553258352	-1.3189169383795185	0.2122683441540083	0.34945102369544545	-6.435037692855108
ENSMUST00000094280.3	-0.12433970125380966	8.223094613421349	-1.3210088045427295	0.21159153043240286	0.3487932469218279	-6.490033310357705
ENSMUST00000204778.2	-0.12845363484576477	5.519515207539396	-1.3213680021112078	0.21147549132233567	0.34871622315393996	-6.311854202815543
ENSMUST00000126977.7	-0.20020849101009386	5.005637270124815	-1.3261214648987019	0.2099447755987673	0.3465328628731622	-5.796434078833235
ENSMUST00000015486.6	-0.0751840278622371	6.1354442373603355	-1.3328878122055836	0.20778152486189036	0.3431874102364315	-6.382170424892485
ENSMUST00000170382.4	-0.11690843158443265	5.897244004544485	-1.3379163522575819	0.20618573123587128	0.3407172436244488	-6.341766386560668
ENSMUST00000032383.13	-0.13082388219670982	7.131971550419194	-1.3407521532830051	0.20529024440529228	0.33951848113182953	-6.422790108135792
ENSMUST00000023869.14	-0.09204450622454274	5.711037711279644	-1.3407956143454218	0.20527654521355357	0.33951848113182953	-6.316668624495132
ENSMUST00000039631.8	-0.07656321275612576	13.90769013596406	-1.3425488695590937	0.20472453475309355	0.3389171221924362	-6.68384621181388
ENSMUST00000029639.11	-0.12718627404349192	5.407640387964604	-1.3426518498008613	0.20469214952432443	0.3389171221924362	-6.244011463622179
ENSMUST00000097423.2	-0.06755775485552018	5.249823035393046	-1.343162981160207	0.20453147126376925	0.33882049125058383	-6.116312522832515
ENSMUST00000067996.6	-0.14857982976469408	5.233887003904182	-1.3433209025532662	0.20448184838207112	0.33882049125058383	-6.099443737457349
ENSMUST00000001780.9	-0.06649950503638191	7.472241948144888	-1.3438534564727544	0.20431457951515408	0.3386842337860758	-6.425918938934319
ENSMUST00000226652.1	-0.137244304061654	5.973728323486331	-1.3500675794731154	0.20237110603874478	0.3359053231543797	-6.336405870498909
ENSMUST00000030914.3	-0.3349415510310454	5.956770019099592	-1.3500966356450999	0.20236205458319872	0.3359053231543797	-6.3339626692350945
ENSMUST00000058109.8	-0.08667479329913963	5.489347744500104	-1.3541865927677381	0.20109129344777163	0.3344430734994179	-6.261984870107272
ENSMUST00000030896.14	-0.04966310203095414	7.758561055472206	-1.3560843917624645	0.2005038815038959	0.33390765569218805	-6.4225925443655685
ENSMUST00000122255.7	-0.11381717509492706	6.134882016239722	-1.3588425482990147	0.1996526947984837	0.3327104032895566	-6.3494178927926095
ENSMUST00000037709.15	-0.0686920050424904	6.103160581574793	-1.3589717737864004	0.19961288818674383	0.3327104032895566	-6.344434188804052
ENSMUST00000029423.8	-0.10304904180124197	5.928090141526425	-1.3596052030854173	0.19941786147163204	0.33261957955125304	-6.3181899020913255
ENSMUST00000034086.12	-0.1801048368525704	6.143816269856464	-1.364311863031331	0.19797365278957268	0.3306764893461604	-6.343821420826901
ENSMUST00000021049.8	-0.06345120993591724	7.27922748624419	-1.3653277145281106	0.19766308277972078	0.3303788608452395	-6.394191419473294
ENSMUST00000164375.3	-0.30189860052533035	6.60264049074284	-1.3661908131961424	0.19739952977830283	0.3302683852060664	-6.377197512489244
ENSMUST00000109024.8	-0.11646137276499058	6.112987050764285	-1.3683831666174184	0.19673138722688863	0.32947923073850754	-6.333971204488975
ENSMUST00000178328.7	-0.9709783478213971	5.6805194308045195	-1.3685774138616895	0.1966722787595502	0.32947923073850754	-6.277631833127846
ENSMUST00000044443.14	-0.43590589830462534	5.615394808843726	-1.3686716823244216	0.19664359863720965	0.32947923073850754	-6.268771554210496
ENSMUST00000031034.11	-0.1831420484388877	6.0627285088522385	-1.369189841770742	0.19648601627060255	0.32947923073850754	-6.325321502436589
ENSMUST00000030547.14	-0.11778067475285958	8.65602074052452	-1.3694258922869909	0.1964142633990329	0.32947923073850754	-6.452553262823159
ENSMUST00000113322.8	-1.037873706459588	5.253026005566744	-1.369743432056147	0.19631777426893035	0.32947923073850754	-6.086084664059359
ENSMUST00000148810.7	-0.10570204199485467	8.41597805308618	-1.3703454521250853	0.1961349493989665	0.3294674225129217	-6.437890152478278
ENSMUST00000025989.8	-0.0990129834059017	7.587650397229118	-1.3724980496216679	0.1954823899729726	0.3284809298443638	-6.3934819043993345
ENSMUST00000199470.4	-0.15580741612223026	7.209929272951567	-1.3793373286657704	0.19342099959146553	0.3257787241194051	-6.37503618300475
ENSMUST00000030381.7	-0.07229927822309623	6.778161953552175	-1.3813777714364683	0.19280950730022597	0.3250752785614735	-6.361045763940537
ENSMUST00000206575.1	-0.24801328008530188	5.381626223891371	-1.3821227894310282	0.1925866364266866	0.32482138432346286	-6.1780431473969495
ENSMUST00000035086.12	-0.1281784445065206	6.469656830339117	-1.3841890182251317	0.19196964762305246	0.3240911244468875	-6.351885739527187
ENSMUST00000112949.7	-0.2512804749139663	5.120341738819272	-1.3853337157155832	0.19162854182285552	0.32384386762203093	-5.900935855736355
ENSMUST00000004494.15	-0.07900009422752419	5.104010402235975	-1.386500597464359	0.1912813443823633	0.323365740452846	-5.875903508007707
ENSMUST00000032344.11	-0.4935028893881368	4.916567692374411	-1.386516410308789	0.19127664297820474	0.323365740452846	-5.564327204754125
ENSMUST00000135402.2	-0.07352614056808449	5.469682814888532	-1.3868453346452485	0.19117887046242055	0.323365740452846	-6.2142717797775004
ENSMUST00000114160.1	-0.19155716569329329	6.0101713188381725	-1.388806246045021	0.19059685358473918	0.3229611885536064	-6.2923611222794
ENSMUST00000023826.4	-0.12431701257645322	5.984472013405094	-1.3900373985384613	0.1902321902601209	0.3228941124152052	-6.287000572463423
ENSMUST00000109554.1	-0.07475435921447993	5.8356597576545	-1.39194548351823	0.1896681698883783	0.3221541400095987	-6.265844282801108
ENSMUST00000023087.12	-0.05137128019414394	6.627476838786996	-1.3919515582397108	0.1896663764581029	0.3221541400095987	-6.344448188750107
ENSMUST00000108593.7	-0.08880372209039145	6.560940507797307	-1.3934854109504053	0.18921399155256674	0.32159986199356866	-6.341692824121286
ENSMUST00000112268.2	-0.07413267926317602	7.5100663400609475	-1.3951353655676966	0.18872836862148643	0.32088287344869826	-6.361630287337357
ENSMUST00000070524.4	-0.09910330677744028	7.377296249043729	-1.3960071626727384	0.18847219679391136	0.32055565316773765	-6.356907048030338
ENSMUST00000060792.5	-0.05192553874212891	10.010009198223724	-1.39849393895072	0.1877430670229141	0.319423527288563	-6.4796592720979085
ENSMUST00000032216.6	-0.18042984130130968	8.978653767807419	-1.3988599126848493	0.18763596143860092	0.3193492970221926	-6.432288418482274
ENSMUST00000167866.1	-0.7985186653663465	5.667381655250527	-1.401290906265018	0.18692580259823618	0.3184638377486374	-6.233914495172205
ENSMUST00000016781.6	-0.10911523701135017	5.962359529031338	-1.4020204436489707	0.18671312337308948	0.31822771171658265	-6.268354555661264
ENSMUST00000026009.8	-0.059044570559934506	7.373537871584785	-1.4050693999173698	0.18582645941985082	0.3170203178505492	-6.345076792616473
ENSMUST00000026427.7	-0.07254155110222449	6.581695681649207	-1.4053024794626148	0.1857588228224306	0.3170203178505492	-6.326659762564995
ENSMUST00000025208.5	-0.08329101960857876	5.231506351255488	-1.40545274886078	0.18571522754474656	0.3170203178505492	-6.0178077808339765
ENSMUST00000110708.3	-0.10484581187318032	6.3524450194881625	-1.4087290108867452	0.18476686199746153	0.3158552778488715	-6.312934545171937
ENSMUST00000112205.1	-0.3567666656282702	6.2816095744878355	-1.408752879672501	0.1847599676946131	0.3158552778488715	-6.305328833297384
ENSMUST00000020002.8	-0.3433279345660214	6.839311874437193	-1.4089144223216112	0.1847133130838849	0.3158552778488715	-6.327553599474808
ENSMUST00000039758.4	-0.13532071251140465	8.895245978625116	-1.4121371454453344	0.18378462705116053	0.31481799751255996	-6.410608837882277
ENSMUST00000002923.8	-0.07271506664033289	6.272519556296573	-1.4125031825607663	0.18367939447684653	0.31481799751255996	-6.299408904305305
ENSMUST00000000335.10	-0.13806948644519856	6.2084035277147525	-1.4130994030482817	0.18350809416846323	0.3147730043510189	-6.290178497023144
ENSMUST00000036952.4	-0.07347054703128464	8.612557478413516	-1.4139241736172998	0.18327134965396907	0.31447413373435146	-6.392644016046777
ENSMUST00000226124.1	-0.08695111921615162	5.478168602034413	-1.4179636783191483	0.18211553158988408	0.31277771232391305	-6.176675356175849
ENSMUST00000069817.14	-0.1982334973916906	5.243415002591771	-1.4184315643627874	0.18198205177713211	0.3126884229818141	-6.013452763079277
ENSMUST00000035010.9	-0.0673754399363693	6.974066210187082	-1.4189415133242245	0.18183666559535877	0.3125453585959173	-6.319195391724709
ENSMUST00000222006.1	-0.5084875006730547	5.738905766212735	-1.4195300578442172	0.18166899297775907	0.3123638768527361	-6.219283737974701
ENSMUST00000219238.1	-0.2771092383171281	6.207258555833625	-1.4196366125521906	0.18163865008515295	0.3123638768527361	-6.281483671829652
ENSMUST00000041366.13	-0.1340379372085776	6.746546611602677	-1.4216958468824543	0.18105308989570318	0.31177379695520346	-6.307930601859729
ENSMUST00000154241.7	-0.2273976904802586	5.478277510754061	-1.4222552898251308	0.18089428165351457	0.31170416311665966	-6.171100908613784
ENSMUST00000068116.12	-0.1453284846543248	6.230041214628189	-1.4233276389419822	0.18059020238158105	0.3113602838182777	-6.279790396399585
ENSMUST00000024963.9	-0.16733364359150027	6.62108911618673	-1.4241550168873554	0.1803558814670534	0.31106288641095153	-6.302490499298416
ENSMUST00000025743.6	-0.3921402117272059	5.0817510960244086	-1.424590624961767	0.1802326159636153	0.31106288641095153	-5.792310204764198
ENSMUST00000190029.6	-1.3566422284541018	6.161302575229135	-1.4268149507457797	0.17960429366999356	0.31008551868693807	-6.265630696091298
ENSMUST00000026487.4	-0.15999484643596684	5.902429836659277	-1.4268602987395564	0.17959150304539243	0.31008551868693807	-6.228304154707644
ENSMUST00000019199.13	-0.0977995550201145	6.3998407893668805	-1.427394447703288	0.17944090131022347	0.31001620003150215	-6.29209244341706
ENSMUST00000131376.7	-0.21700035012547225	5.191466037212298	-1.4301741378026804	0.178658888533347	0.3088772742994051	-5.937596309824715
ENSMUST00000110000.7	-0.09651738886781658	5.598535592206278	-1.4308920328030055	0.17845738880840376	0.30874110147698736	-6.185863432998601
ENSMUST00000019962.14	-0.05808375232846252	8.237059819355563	-1.4312335837173735	0.17836158897700638	0.30868151157320917	-6.349613919972823
ENSMUST00000026624.10	-0.060055822128922465	7.786660640371237	-1.4315028518861914	0.17828609385857794	0.30868151157320917	-6.326719557915211
ENSMUST00000122941.7	-0.06685288596330885	6.809459626576821	-1.4318842431152268	0.1781792086406624	0.30868151157320917	-6.2964163084307145
ENSMUST00000029699.12	-0.07047890478077257	8.314258217758203	-1.4362670210469504	0.17695479736560443	0.3068802432079821	-6.3468791521709305
ENSMUST00000175883.7	-0.5085302409591419	6.100282762177967	-1.43793017674509	0.17649202202261127	0.30628884539350026	-6.241839234583839
ENSMUST00000213254.1	-0.27515166319669415	6.582800057762061	-1.438238596857431	0.1764063158898909	0.30624574715046277	-6.283534257208475
ENSMUST00000117892.1	-0.0666128661770804	7.8055190622662485	-1.44039849408315	0.17580708962387645	0.30531082771754314	-6.316024601756453
ENSMUST00000050881.8	-0.12022010969169017	5.941663922890687	-1.441950746955735	0.17537750446439626	0.3046699671824508	-6.213266375499371
ENSMUST00000078084.6	-0.3230382639998215	5.416543019357453	-1.442366468023038	0.17526260429835777	0.3046699671824508	-6.120733500511609
ENSMUST00000001513.6	-0.14446919643036082	6.882025114972494	-1.4424436400575091	0.17524128189108973	0.3046699671824508	-6.285120733476527
ENSMUST00000116358.7	-0.24067049653227457	5.045752591566538	-1.4457756431392172	0.1743227442470643	0.3035713832838285	-5.708423293586089
ENSMUST00000025385.6	-0.08395333063094057	6.5134233875225815	-1.4463339351774984	0.17416923736887346	0.3034090835189759	-6.2718247403401195
ENSMUST00000115341.9	-0.1873531453265853	6.093833052147234	-1.4473292392311181	0.17389585364821394	0.3030377692082315	-6.228429130819684
ENSMUST00000087328.3	-0.4696584184895807	7.225498971577493	-1.450806943985999	0.17294346418354845	0.3015870254098552	-6.282004842526019
ENSMUST00000179436.1	-0.10689885208352123	9.408610179899377	-1.453177448786686	0.1722968175330596	0.3006678074952559	-6.383144273164026
ENSMUST00000033723.3	-0.08403276653530956	6.750970663732902	-1.4548935281480193	0.17182996761485053	0.29995717108616	-6.264205512611038
ENSMUST00000142997.7	-0.1967799831985806	5.116120235018613	-1.4548972281733958	0.17182896220066077	0.29995717108616	-5.804668085555256
ENSMUST00000037205.10	-0.18680855829642073	5.671874403511822	-1.4553874324372589	0.17169580216796396	0.29993110441216203	-6.1634963373522895
ENSMUST00000107922.2	-0.385929411137349	5.366982527519808	-1.4580262316904529	0.17098049302545923	0.2989929997953025	-6.06974410575417
ENSMUST00000110896.1	-1.428076486839569	4.054073085744915	-1.4581943905241637	0.17093499521757755	0.2989929997953025	-4.512217103538935
ENSMUST00000058060.13	-0.07796084867221698	6.764343141562762	-1.4587250909899887	0.1707914737423028	0.29887022761653054	-6.259450962605691
ENSMUST00000117146.7	-0.09690888513970286	6.022595131253592	-1.4603547465161415	0.17035139093679377	0.2984115068951983	-6.2004194467560225
ENSMUST00000052919.7	-0.07998869620874505	6.665510078395058	-1.4620286945822265	0.16990034761189665	0.2977250605487468	-6.252844881151024
ENSMUST00000193210.5	-0.13510239730649332	7.622959407190553	-1.4621342855519965	0.1698719302130125	0.2977250605487468	-6.277726174334423
ENSMUST00000027533.8	-0.15444437695558655	5.452645411893856	-1.4651132768117672	0.16907186131056026	0.2965262578966735	-6.105861490049198
ENSMUST00000023357.13	-0.38743968987145205	5.18356398892968	-1.4679969453248145	0.16830043948452134	0.2956422873766155	-5.877411809741615
ENSMUST00000190279.6	-0.12989184396734998	6.896693566439286	-1.4698335262413111	0.16781068684514244	0.2948849338169443	-6.249159538358015
ENSMUST00000025890.8	-0.07972306851343003	6.80914288559265	-1.4705709978969899	0.16761436938337546	0.2948138058324026	-6.244999233435358
ENSMUST00000055261.10	-0.43486238764734253	5.3876346106694655	-1.4713293183275127	0.167412705307991	0.2947002520659561	-6.064943025699317
ENSMUST00000061639.9	-0.1266897401270839	5.147405698333274	-1.4714013643127033	0.16739355646923604	0.2947002520659561	-5.82520151633542
ENSMUST00000053593.7	-0.07615243284486084	5.229136485585	-1.4720067907420804	0.1672327158793085	0.2946602048361474	-5.927772126166852
ENSMUST00000209124.1	-1.2919020358237	5.652428327550059	-1.4734136423218835	0.1668594716008874	0.29413805242609126	-6.136876366570364
ENSMUST00000057500.5	-0.10370531165360752	7.316815332026525	-1.4747998988336	0.16649238388412005	0.293799783697302	-6.251667815171598
ENSMUST00000045788.8	-0.11150595965798793	6.175460715966641	-1.475056704502514	0.1664244558554307	0.29378296049427083	-6.203573593046665
ENSMUST00000031627.8	-0.10195841259595806	6.659913202227204	-1.4763669851023768	0.16607823832853327	0.2934807225257643	-6.233562773905154
ENSMUST00000024766.6	-0.08232922418382138	5.140224232885562	-1.476875636049679	0.1659440017808109	0.2933465470693112	-5.808259530701111
ENSMUST00000034848.13	-0.09431500030214757	7.808625567923306	-1.4779802272307339	0.1656528101478354	0.29293472332293846	-6.266053011611998
ENSMUST00000009174.14	-0.19991527458423963	5.205668183833324	-1.479982142423086	0.16512617414658695	0.2921061118605763	-5.889994145955856
ENSMUST00000032237.7	-0.09669702027787164	5.212120560779761	-1.4810165930221317	0.16485460400691487	0.29172828447372096	-5.896523152717762
ENSMUST00000114159.8	-1.481991111223114	4.7761651528160955	-1.4812784649624648	0.1647859161515262	0.291709339957188	-5.192932514033096
ENSMUST00000028517.12	-0.2104339579784078	5.528932432239304	-1.4836873341434325	0.16415522243025765	0.29089993802276376	-6.103963365037542
ENSMUST00000102525.10	-0.0973165431002645	8.099084177110823	-1.484960557843255	0.16382269634438956	0.29051532791985335	-6.271462632426556
ENSMUST00000085546.12	-0.11832393817141451	7.2272550247306135	-1.485112255779005	0.1637831158854118	0.29051532791985335	-6.236083957432537
ENSMUST00000070395.8	-0.1239461664567516	5.2657953498996	-1.487339202671466	0.1632030063413739	0.2897227681381271	-5.945160847507296
ENSMUST00000138279.1	-0.9357426897168368	4.701822360199835	-1.4874527146368501	0.16317348395553685	0.2897227681381271	-5.063046272754393
ENSMUST00000030412.10	-1.056639824496739	6.860096445812957	-1.4909839250044516	0.1622573519434907	0.28845114403805716	-6.219343164755679
ENSMUST00000045312.5	-0.1264607350956215	6.427703073485136	-1.4931763203352297	0.1616907706610354	0.2876471949065308	-6.2059057578805294
ENSMUST00000106429.5	-0.11282077534239221	7.205967606487897	-1.4953173497505146	0.16113909442919466	0.28676716804855973	-6.221899103351539
ENSMUST00000109699.10	-0.4647728379985612	4.885333874197503	-1.4953356621504612	0.16113438283743667	0.28676716804855973	-5.367701974004676
ENSMUST00000086828.9	-0.47257317893445094	5.010934127995855	-1.4962000576418693	0.16091211658189702	0.28656596761894654	-5.586585954016745
ENSMUST00000031597.6	-0.09779288899784522	6.3503429855048275	-1.4979926403800288	0.16045201548188534	0.28605035077582036	-6.194024610501107
ENSMUST00000154032.1	-0.20684490929630517	5.986041036048771	-1.498189962701108	0.16040143762110354	0.28605035077582036	-6.144130983006412
ENSMUST00000029082.8	-0.09001189918365426	7.944235432249757	-1.4986134956827561	0.16029292320885147	0.2859693959800467	-6.245498770475885
ENSMUST00000122232.7	-0.8984622128041106	5.500251319362361	-1.503761097434867	0.15897905151959105	0.2842301379513371	-6.069003179376556
ENSMUST00000107173.8	-1.3750161194183024	5.87514165247869	-1.503944539835467	0.15893240023042607	0.2842301379513371	-6.122013569578728
ENSMUST00000058407.5	-0.14712130184594585	8.450791367653634	-1.5046525577266323	0.15875245381945322	0.2840268830603375	-6.262447070015748
ENSMUST00000109366.7	-0.2994447485643379	5.40129323928285	-1.5050838144227419	0.15864293315120262	0.2839319091724299	-6.027732832512964
ENSMUST00000134465.7	-0.764818330008163	6.0017673590208185	-1.510968238588254	0.1571549921477453	0.281569360931377	-6.129037384116129
ENSMUST00000022098.9	-0.200786011895838	5.597855105342247	-1.5127379931774605	0.15670983542394792	0.2811723188366198	-6.0760976191923985
ENSMUST00000059914.12	-0.11241440319488394	5.260900347809658	-1.5130878438096154	0.15662196350711824	0.281114912024371	-5.905350501668896
ENSMUST00000023283.5	-0.09086414806309229	6.0490584920054555	-1.5158454339656684	0.15593081768688352	0.28007423912271007	-6.129381079925475
ENSMUST00000015100.14	-0.07233158384007154	8.405657994070063	-1.516054863624884	0.15587843453183417	0.28007423912271007	-6.244402501598248
ENSMUST00000030198.6	-1.3733118309701169	4.962691444882926	-1.5175286237195926	0.1555102400822364	0.27951840580697795	-5.4740677723085085
ENSMUST00000022614.6	-0.09696320019305293	5.248429930629737	-1.5193820395922595	0.15504825455170995	0.2787876228197472	-5.884015494629348
ENSMUST00000069718.14	-0.14908281863815365	6.138541153070959	-1.5228991451809026	0.15417481363627475	0.27751466454529455	-6.133237880358525
ENSMUST00000029989.10	-0.248969146302211	5.0717671982249195	-1.5231732634016129	0.15410691676671523	0.27749173165831936	-5.645593555697367
ENSMUST00000042942.9	-0.1106437209644735	5.426024731419227	-1.5244632033835506	0.1537877538228076	0.27701617954978336	-6.014988673121798
ENSMUST00000085065.11	-0.1351880451374976	7.3736461077824496	-1.5246674377998741	0.15373727331396958	0.27701617954978336	-6.185134404497752
ENSMUST00000054544.6	-0.11580286260888073	9.00901467643982	-1.5264198484891218	0.15330471594873069	0.27634397203083627	-6.263331093479255
ENSMUST00000093138.12	-0.1456794727673163	5.406031816945957	-1.5266523906183258	0.15324739497080161	0.2763396573828326	-6.001113362643187
ENSMUST00000040402.13	-0.21214118232412282	5.985731561125705	-1.5278183156082734	0.15296027548277272	0.27592081246103606	-6.103606270173627
ENSMUST00000033133.11	-0.13970650419489417	5.077013453619363	-1.5289519775886256	0.15268154474508397	0.2755168047390665	-5.645954211309912
ENSMUST00000031131.10	-0.14269948496444584	7.010552968802261	-1.5296189739214558	0.15251775618550759	0.27531999690322523	-6.171545556018652
ENSMUST00000067496.6	-0.13206671555374783	8.0753441871151	-1.5307579698326972	0.15223841218992162	0.274914376068735	-6.207873768096315
ENSMUST00000206305.1	-0.1658565128895333	8.74332338931994	-1.5336918927510244	0.1515208810355387	0.27391360132583376	-6.239062040559363
ENSMUST00000003493.8	-0.3808246690375823	5.234401693907581	-1.5368929411750636	0.15074134415963564	0.27279845412486575	-5.845427243807373
ENSMUST00000025053.8	-0.10012161128927488	5.252323751449863	-1.5380121461137783	0.15046960564009068	0.272502730732648	-5.862502381814265
ENSMUST00000072566.4	-0.1372022910185251	5.9685483380199225	-1.5390453299035	0.1502191275543851	0.2722368247517744	-6.0856662747357095
ENSMUST00000074976.7	-0.14989348116228118	5.320728705362231	-1.53918727996954	0.1501847422375832	0.2722368247517744	-5.927237986826956
ENSMUST00000219759.1	-0.21778681905988861	5.473929090335439	-1.543285215882029	0.1491949990803014	0.2707792353437938	-6.006853347451238
ENSMUST00000019517.9	-0.08740259332544653	6.236379214687151	-1.5438256742581287	0.14906488718199523	0.2706407244361667	-6.118159092012193
ENSMUST00000045441.7	-0.07766318175532572	7.374910681345234	-1.5450680558466217	0.14876616293568842	0.27019587210449403	-6.156997437642531
ENSMUST00000036439.5	-0.16487101693094175	5.197232955928052	-1.5453056672670973	0.1487090893873	0.270189753957207	-5.790370665520012
ENSMUST00000215307.1	-1.460253445736973	4.568577553535357	-1.5464660659056282	0.14843063656947117	0.269878761323097	-4.80125632860504
ENSMUST00000172753.1	-0.5127789845322335	7.202966701549715	-1.5473231459103465	0.14822525814179133	0.2697002798232738	-6.150477062903043
ENSMUST00000027997.8	-0.25251895086260845	9.357280308333962	-1.5477934830661615	0.14811265756200184	0.2696904741927004	-6.251765485383817
ENSMUST00000031167.5	-0.1594258526359802	5.702795972185294	-1.548198156816524	0.14801583618743538	0.2696117566469904	-6.041386878175645
ENSMUST00000016401.14	-0.06763120362288966	5.950577146299198	-1.5482196879522458	0.14801068622588212	0.2696117566469904	-6.070458015085405
ENSMUST00000071926.4	-0.15542800654822564	6.335350939030166	-1.549602956924732	0.14768015085858033	0.26929280136626227	-6.12160948400551
ENSMUST00000018430.6	-0.08404791513600784	8.52387729025678	-1.5499646437640273	0.14759383017138877	0.2692329802727545	-6.204146727687496
ENSMUST00000021554.15	-0.09503017060982266	9.954866178017015	-1.5506883584385973	0.14742123828482726	0.2690156872727479	-6.273168904767299
ENSMUST00000179954.7	-0.30704462410895506	5.400162479932898	-1.554950357506135	0.14640836837484372	0.2677491124793098	-5.958513021029354
ENSMUST00000023426.11	-0.3492495579758641	6.107662671740936	-1.5654456636739855	0.14393977449424797	0.2640995643619845	-6.069623970055149
ENSMUST00000023312.13	-0.12498727929276665	6.023192962285847	-1.5668556497687276	0.14361089577394243	0.263592271666802	-6.054974046871196
ENSMUST00000028238.14	-0.09054160618100315	6.857201582630627	-1.5705278081283969	0.1427574225221778	0.2622170838660374	-6.109636036743954
ENSMUST00000004673.14	-0.6954606771254284	5.412154582735265	-1.5707024367124638	0.14271694563352683	0.2622170838660374	-5.9436450122054465
ENSMUST00000025163.13	-0.13466767675040003	6.124718685604709	-1.5710213859213356	0.14264304259216312	0.2621984462116086	-6.064410307197233
ENSMUST00000018821.8	-0.23389191890605776	5.091346793115726	-1.5750636245762424	0.1417092978346584	0.2605772943735989	-5.604688610806404
ENSMUST00000097888.9	-0.11732391958901989	5.128678263678928	-1.5776091241287646	0.14112402254382891	0.2595959624928714	-5.655272625699727
ENSMUST00000022704.8	-0.06193470529118805	10.043446072623889	-1.5779474698753528	0.14104638655243967	0.25954805074810683	-6.23790771161595
ENSMUST00000170909.1	-0.7403030691010963	5.49453226039008	-1.5797917523667349	0.14062385413161807	0.2589599597862996	-5.962230483620294
ENSMUST00000031422.9	-0.503541446019752	5.294736261173976	-1.5812161779333291	0.14029826600771073	0.25845498948546053	-5.844750658682451
ENSMUST00000063682.11	-0.2544295649739503	5.139576411872982	-1.5840929709191234	0.13964270108380103	0.2576246531546032	-5.660758073708887
ENSMUST00000030078.11	-0.18310655806830312	5.181065440383833	-1.5862080655240607	0.139162413656532	0.25702133006828654	-5.712483608214516
ENSMUST00000166610.7	-0.15223920366554644	6.419936997420801	-1.591738107851162	0.137913461627267	0.2549017727578179	-6.069012985268197
ENSMUST00000193703.5	-0.23857528810130813	6.885347251551367	-1.5965539433285016	0.13683377863700255	0.25346492648113395	-6.073990886856883
ENSMUST00000027125.6	-0.13458292816711648	6.38080700965017	-1.5995724836941547	0.13616080309686335	0.25267012143254797	-6.055540585273784
ENSMUST00000043864.8	-0.09282240010097009	5.772612343554178	-1.6002169031003255	0.13601750613761515	0.2526039399698567	-5.97678444399356
ENSMUST00000176637.1	-0.08893519505638459	6.684485727122648	-1.6032162431105978	0.13535228550823705	0.2514613546499042	-6.058488908777729
ENSMUST00000045288.13	-0.1575153475298734	6.218930793009117	-1.6050215593270474	0.13495325717897824	0.25090533513209146	-6.0299054374737
ENSMUST00000023363.6	-0.07824525793357928	5.280860239236904	-1.605713933964513	0.1348004947021687	0.25071396999874707	-5.79656201628037
ENSMUST00000046901.13	-0.34235004126210633	6.53266871680957	-1.6094387706279791	0.13398125332081334	0.24965173535444884	-6.047753744066446
ENSMUST00000033149.4	-0.1085478983633319	6.422307193205953	-1.6103734436830774	0.13377636545057714	0.24940474073907568	-6.042700382537722
ENSMUST00000078139.12	-0.5347853515749357	5.588659103882511	-1.6104490420459359	0.13375980566114973	0.24940474073907568	-5.9385483419539
ENSMUST00000081775.11	-0.30947126532686564	4.907259890343631	-1.61047929067746	0.13375318021329077	0.24940474073907568	-5.250574102800902
ENSMUST00000202089.3	-2.523475729940288	4.869844097678343	-1.612482779705157	0.1333149885468537	0.2491484797099632	-5.180564000498434
ENSMUST00000001989.8	-0.5246923378579229	7.0949207798779845	-1.6152765373966993	0.1327060505406295	0.24837951646945947	-6.053124046122696
ENSMUST00000014990.12	-0.24551621211873087	7.671636331406381	-1.6165982451097018	0.13241881528495686	0.24802645558399777	-6.066409552560378
ENSMUST00000034228.15	-0.44643359366344626	6.354255642204189	-1.617058211955065	0.13231898241892603	0.2479317692922223	-6.02850387147407
ENSMUST00000042167.9	-0.4745172008842289	7.537182736735934	-1.617374722391775	0.13225032412803153	0.24789544735027075	-6.059763449654038
ENSMUST00000034466.9	-0.10946407544289993	5.316483470001967	-1.619795163876431	0.13172630613227349	0.2470973326440969	-5.810663680276795
ENSMUST00000107973.2	-0.18794345535045842	6.300033611862154	-1.6200197337392463	0.13167777977747716	0.2470973326440969	-6.018589940764585
ENSMUST00000048183.7	-0.12929760748816932	7.840032429244582	-1.6220863361945508	0.13123195105500032	0.24681418532998378	-6.067545231727224
ENSMUST00000054636.6	-0.27291563047935785	5.377142948067108	-1.6250960859012265	0.13058502320197765	0.2459333110835335	-5.845486613807015
ENSMUST00000012161.3	-0.17789249521250472	6.7085470255474675	-1.6305320025907986	0.1294236894189938	0.24404534805268835	-6.0200000992834015
ENSMUST00000089510.4	-0.08138021921864258	7.195506987569394	-1.630826894397159	0.12936094846451018	0.24402509625982405	-6.0324320085665715
ENSMUST00000112137.1	-0.17769981289376968	5.247040445135223	-1.6358865936356657	0.12828860274843645	0.24236573805008782	-5.719546864850891
ENSMUST00000171970.2	-0.21991355874279517	5.884010041283417	-1.6367775143791796	0.12810059291220396	0.24210145865563415	-5.937130456145923
ENSMUST00000060148.5	-0.19911675428019304	5.134108528262556	-1.6388774365137815	0.12765840675554183	0.24135642404627242	-5.575989995538811
ENSMUST00000032843.8	-0.10578042247155928	5.063160089727052	-1.6409637760253548	0.12722041008979806	0.24070924526580445	-5.468105827746328
ENSMUST00000046908.9	-0.809744436557323	4.923031021676955	-1.6476104645194554	0.12583383538195486	0.23835467839104477	-5.225580685249814
ENSMUST00000028328.2	-0.17712938832842884	6.228865476371104	-1.649901865761337	0.12535891619199735	0.23781323807011262	-5.966942959973057
ENSMUST00000005066.8	-0.08410965625386613	6.171990825360254	-1.6508270468065018	0.12516760966769452	0.23769852756954557	-5.957727512367377
ENSMUST00000033938.6	-0.17861319210215676	5.571945974677763	-1.6521449635186056	0.12489553845709708	0.23747144897114716	-5.8762937645990405
ENSMUST00000047429.8	-0.2006897073555951	6.391977171532449	-1.6553607297733148	0.1242338607310304	0.23630266666836067	-5.976283600504545
ENSMUST00000027878.13	-0.21943469656373704	5.564529370279031	-1.6560311755078732	0.12409629944790429	0.2361302883972793	-5.869511177082471
ENSMUST00000001845.12	-0.6105612928052278	6.164678464684727	-1.6563739587613264	0.12402601948072502	0.23608585092982504	-5.948665290531469
ENSMUST00000125366.7	-0.10119911464075582	5.4616810811024195	-1.6580245676803833	0.12368809064303389	0.23562089512499187	-5.840337007019161
ENSMUST00000195015.5	-0.7036989826669453	6.2511365703743005	-1.6583786804845881	0.12361569909924583	0.23562089512499187	-5.957655363908994
ENSMUST00000054565.7	-0.9560810774045247	6.025907613255484	-1.6586384015986135	0.12356262788208824	0.23562089512499187	-5.924629916846861
ENSMUST00000045993.14	-0.37541107932176754	5.683755353507861	-1.6600223930516316	0.12328016294810641	0.23520003784297433	-5.880282384911876
ENSMUST00000096013.9	-0.2233564960528147	5.425802197426644	-1.661999634598356	0.12287760758656605	0.2346099596842557	-5.820766629442054
ENSMUST00000079125.6	-0.16530176213636327	6.584667086526301	-1.6620850090590014	0.1228602519840089	0.2346099596842557	-5.972746856806071
ENSMUST00000177927.3	-2.1394549541886043	3.9297586993603986	-1.6645235979191162	0.12236542908175085	0.23380952286756115	-4.282490950696001
ENSMUST00000057115.6	-0.2920403770819977	6.165112940133966	-1.6648684932312634	0.12229558736960873	0.23376485564456742	-5.936397897493702
ENSMUST00000015346.11	-0.16123429287209934	5.287367637662438	-1.6655193916958517	0.12216387557271281	0.2336018464486196	-5.717354059928921
ENSMUST00000027810.13	-0.09255025378514681	5.661073970266966	-1.6675585184865351	0.12175206131009486	0.23308014476829803	-5.866398796191782
ENSMUST00000045602.8	-0.22583925475195343	6.621555032325906	-1.667634179558458	0.12173680471771922	0.23308014476829803	-5.9650818613349745
ENSMUST00000020382.7	-0.2699295283834209	5.395186388632924	-1.6679497692365106	0.12167318620729418	0.23308014476829803	-5.794912230825884
ENSMUST00000188931.6	-0.15453278155587302	5.149218047005587	-1.6684456166361348	0.12157328958018997	0.23300389328683266	-5.553587161101477
ENSMUST00000191273.6	-1.0554522738617962	5.024033234821219	-1.6689249015730285	0.12147679863608608	0.23295512564813117	-5.367463113591166
ENSMUST00000030568.13	-0.22084226388789663	7.312252466833073	-1.669541176966606	0.12135282788104429	0.23284747409211817	-5.978570354880514
ENSMUST00000030563.5	-0.10491326760058062	6.203241176501566	-1.6704227403677472	0.12117568586156523	0.23274737544019017	-5.9336387069436
ENSMUST00000084985.10	-0.28642977595245167	5.0742878550052	-1.6707823468320468	0.1211034919364482	0.23272409011927844	-5.442594712020405
ENSMUST00000105413.7	-0.12594842253223337	7.719670780262013	-1.6735416590032228	0.12055080195659737	0.23192775703389726	-5.986602569586055
ENSMUST00000060101.9	-0.116147780962228	7.15882626456199	-1.6738845512566176	0.1204822767529238	0.23188459615300674	-5.9695413511033815
ENSMUST00000033699.12	-0.47537859526546544	7.383949933560653	-1.6752298924993851	0.12021375014603282	0.2316336181481008	-5.971847719516983
ENSMUST00000168166.7	-1.180830869771417	5.021304528717203	-1.6758185178288032	0.12009642869181604	0.2316336181481008	-5.353248865228214
ENSMUST00000078756.6	-0.30754306642266727	5.076658398135485	-1.676442995317423	0.11997207217038894	0.23161147163822976	-5.4381173185965945
ENSMUST00000081619.8	-0.20370779622895974	6.846143917893029	-1.6765118846580305	0.11995836074125701	0.23161147163822976	-5.957516938704069
ENSMUST00000042161.14	-0.38270075378706103	6.028525042057742	-1.6797240926273342	0.11932055542177769	0.23079650685388836	-5.894323119569181
ENSMUST00000022189.8	-0.11616571475624315	5.125352807973001	-1.682266802418108	0.11881781466030988	0.23008946326251695	-5.501763739396755
ENSMUST00000060226.10	-0.060040551984359425	8.199299591402795	-1.6834169339068474	0.11859102940608897	0.2297387250450649	-5.996450382929819
ENSMUST00000165032.7	-0.124693891503175	5.851641329880676	-1.683507791143933	0.11857313034944772	0.2297387250450649	-5.86554203130533
ENSMUST00000029013.9	-0.09208571551759803	5.539308135617116	-1.683527166402831	0.11856931369455755	0.2297387250450649	-5.825127234500315
ENSMUST00000094783.6	-0.38585240315704983	6.407708909771105	-1.6844316817952416	0.11839125794936291	0.22961696944612367	-5.93489504939527
ENSMUST00000179172.7	-0.32214416050919326	5.373358627193852	-1.6861745688089946	0.11804883515447714	0.22904114526115485	-5.754839157595291
ENSMUST00000070112.5	-0.10425154431726735	7.2986396354946805	-1.6871096298435657	0.11786548702427334	0.22877363627280833	-5.952615729645553
ENSMUST00000025419.7	-0.22299124841472562	8.044164637293012	-1.6881609524952108	0.11765964373325599	0.22846224145967228	-5.982297368618127
ENSMUST00000018992.3	-0.13941537142124982	6.409453670226408	-1.6926497382825547	0.11678434649506571	0.22716050810702543	-5.9229428319520725
ENSMUST00000090792.10	-0.22135498130843523	5.359608430924809	-1.6930371531508024	0.1167090735385915	0.22714249476698406	-5.73597727442785
ENSMUST00000048914.7	-0.1465691741004278	6.487582664119578	-1.694270964096365	0.1164696365434549	0.2268520098529313	-5.924158945545383
ENSMUST00000045866.8	-0.12262931694578327	5.812298472489744	-1.6953910743020815	0.11625264242438212	0.22651705810885608	-5.843734047492212
ENSMUST00000026405.9	-0.16207423200217264	7.960359367528613	-1.7005596492828234	0.1152560006746907	0.22474920131564688	-5.959961308798646
ENSMUST00000081496.5	-0.1129489842161231	8.304787730446652	-1.7021754601552075	0.11494599004285325	0.22430895284178282	-5.974086664118043
ENSMUST00000002808.6	-0.11279748589192806	5.317698858519267	-1.7079316381576364	0.1138476222015799	0.22234758823608247	-5.683972888768864
ENSMUST00000167764.1	-2.1690166834750935	6.15509678155351	-1.708756861763631	0.11369092444997585	0.2222312281592453	-5.870647598560156
ENSMUST00000033497.8	-0.11848721267547813	6.020015858950647	-1.7100045650857782	0.11345436855761062	0.22192415560394207	-5.8485765378935035
ENSMUST00000089162.4	-0.10160963115208332	5.584297295287076	-1.7137501748972372	0.11274685698525827	0.22071341438935127	-5.788073705053397
ENSMUST00000001055.14	-0.247472888875369	5.12073237678031	-1.7145794071144382	0.11259075486417672	0.2205779157794677	-5.4483368544539115
ENSMUST00000049474.8	-0.09338243733348595	5.4019027443852705	-1.7157183256922288	0.11237666843970141	0.220244261363513	-5.728924774554226
ENSMUST00000001186.10	-0.13884798155814693	7.441249881594719	-1.7196802038144252	0.11163476368266076	0.2192172115876137	-5.9078712823449635
ENSMUST00000033920.5	-0.36373538110623294	5.714981607172777	-1.7256062443030724	0.11053319941747	0.2173934817315448	-5.788032890031888
ENSMUST00000034738.13	-0.20856273533285297	6.180176241725571	-1.727268998738322	0.11022586527598555	0.21704357268238095	-5.846769790989334
ENSMUST00000114753.7	-0.4744294245141818	5.771210855352624	-1.7280991496075389	0.11007271057098945	0.21699678953081816	-5.790933505035774
ENSMUST00000030014.8	-0.09366224496620479	5.395526207370923	-1.7332817436384884	0.1091208619657208	0.21520464780460263	-5.699087155600216
ENSMUST00000214357.1	-0.16015333059706283	5.473069299123096	-1.736297276779071	0.10857041238460521	0.21437117139205214	-5.72912371465737
ENSMUST00000096430.10	-0.1230941780654522	5.23407865194625	-1.7383960252619697	0.10818877736824331	0.2140376480297413	-5.556535194230033
ENSMUST00000021990.3	-0.11582665601292863	5.157742830880664	-1.7392987394380834	0.10802499774642442	0.21379770403708154	-5.461042222522372
ENSMUST00000027853.5	-0.15182184147858013	6.784404058238099	-1.740987658959158	0.10771917226599356	0.21344433070902466	-5.860105610887449
ENSMUST00000031024.13	-0.13111449800164987	7.712796126623325	-1.755113329108858	0.10519152807033627	0.20909465733775653	-5.865464279338931
ENSMUST00000070878.8	-0.327383546746816	6.272811375815319	-1.7555467867789432	0.10511481295926856	0.2090247525684111	-5.816885477308579
ENSMUST00000040647.10	-0.4025762854198671	6.3305515614934835	-1.7590367694273552	0.10449896790618537	0.20796452038608332	-5.817943951797227
ENSMUST00000007139.5	-0.13064522437316572	6.825753991877605	-1.76056542535284	0.10423024117110427	0.20767291869715288	-5.832166144791705
ENSMUST00000033136.8	-0.125725041608292	6.925535709588746	-1.7611049266686465	0.10413554889397203	0.20765198037478133	-5.834919684843886
ENSMUST00000028617.6	-0.07666737323273853	6.650426998720378	-1.7649511235247097	0.10346270648432773	0.206507808591226	-5.821235704141833
ENSMUST00000004646.12	-0.6840641818662228	7.2504135250046255	-1.7668356189218228	0.10313446573274108	0.2059823331089402	-5.833164647242905
ENSMUST00000167327.1	-0.14518975543621337	8.858982022689688	-1.7674202485531236	0.10303282546064782	0.2059428466001268	-5.907227390872939
ENSMUST00000029128.3	-0.15858531545889232	7.619743371151622	-1.768040316944429	0.10292512237717281	0.20580933651810668	-5.841524369084214
ENSMUST00000093120.12	-0.24927985056313506	5.7311635230998546	-1.7735559553750162	0.10197152531995836	0.2043065952772076	-5.718293257243423
ENSMUST00000046945.12	-0.5620369510134307	5.610649233770336	-1.7761354449325721	0.10152829099777243	0.20366380861634495	-5.698637627994701
ENSMUST00000005798.8	-0.32346768268098014	6.381918356389368	-1.7795199326068498	0.10094936333518098	0.20266410492390086	-5.791689072985357
ENSMUST00000105465.7	-0.07374911072442991	10.272298979985182	-1.783369277705826	0.10029453381117363	0.20188442451678612	-5.944310225350074
ENSMUST00000074616.6	-0.6604712129219958	5.4427822644133474	-1.7840046372186718	0.10018681853353097	0.20177737551729155	-5.647048620240669
ENSMUST00000091374.8	-0.10170966007056848	7.299153987706111	-1.784238182121113	0.10014725084634828	0.20177737551729155	-5.807771592251726
ENSMUST00000001547.7	-0.24619051508673095	10.746338693734648	-1.7847051243968206	0.1000681826771033	0.20177737551729155	-5.957572949412186
ENSMUST00000064759.6	-0.17587426798623884	5.081214599826703	-1.7891709719305187	0.09931480970111657	0.20050273178423653	-5.278909233560994
ENSMUST00000043931.8	-0.38597172351792075	7.644205500937306	-1.7915529120848126	0.09891507907967426	0.20009721063523972	-5.807050271515899
ENSMUST00000111920.1	-0.0653454172220469	6.421902420104643	-1.7918113044953765	0.09887180373169539	0.20009721063523972	-5.775460563281894
ENSMUST00000085651.11	-0.16429431737053513	7.352649586657002	-1.7934958257495062	0.09859009982477161	0.19968511609320932	-5.7948548787938075
ENSMUST00000026989.14	-0.30967855917113596	6.228303806048106	-1.7951979583794873	0.09830618646717267	0.19934640230404907	-5.751277314959996
ENSMUST00000022286.7	-0.130145340792426	5.834487082563784	-1.7953319129427145	0.09828387437792345	0.19934640230404907	-5.696800047448251
ENSMUST00000103133.3	-0.06795214522500981	6.477948723384327	-1.7997500285306878	0.09755052937260969	0.1982936215246866	-5.76602696331308
ENSMUST00000035116.11	-0.2309953613378326	5.589235189871397	-1.8008520114612683	0.097368387257373	0.19800337764423748	-5.658131597935804
ENSMUST00000058137.8	-0.20912819574320807	5.651187527327116	-1.800981726703288	0.09734696738961755	0.19800337764423748	-5.666520974028803
ENSMUST00000084941.11	-0.4806942732915678	6.042614810915902	-1.8032388283317378	0.0969749331425774	0.19736281902925037	-5.711996168968269
ENSMUST00000061111.9	-0.10373701443776895	8.521365554418749	-1.8049112705776582	0.09670009641312886	0.19696282795726772	-5.831571130640016
ENSMUST00000102632.6	-0.19882132194198476	5.482423731818788	-1.8051912489580815	0.09665415569120689	0.1969489903938687	-5.628216471132314
ENSMUST00000038439.3	-0.13641427237980253	5.09916474482884	-1.805883127611089	0.09654071221581192	0.19679753774625194	-5.281221225599285
ENSMUST00000094361.10	-0.9511192217416484	8.10285210992176	-1.8065600447414385	0.09642983838706196	0.196651202645038	-5.807673797451514
ENSMUST00000136579.2	-0.8219006965579618	5.589225302530597	-1.8066737530189203	0.09641122513993207	0.196651202645038	-5.6492654581629935
ENSMUST00000100484.4	-0.06799453726289961	6.972146456970286	-1.8107742885901257	0.09574216317308991	0.19540723039505695	-5.761168813364582
ENSMUST00000109021.3	-0.17443415088621528	5.20295684109528	-1.8116341303765122	0.09560240121838708	0.19528042246435462	-5.410912745616939
ENSMUST00000069423.12	-0.4899821575197967	5.332569464259681	-1.8136659003825504	0.09527288268922778	0.1947654907799695	-5.537079374023503
ENSMUST00000059817.11	-0.12948219735477462	5.8652338220407545	-1.8142395963336342	0.09518002521694274	0.1946547588887963	-5.671522744204377
ENSMUST00000067837.9	-0.9522222752398797	4.90515358547832	-1.8189375348480463	0.09442270140661875	0.19326306378222088	-4.945519257998672
ENSMUST00000108110.4	-0.21155902306813879	7.063458917645685	-1.8192421189734787	0.09437379025878831	0.19324157052989985	-5.750390914021055
ENSMUST00000184915.7	-0.15989170304816547	7.979202165786216	-1.8203009216762838	0.09420394262539465	0.1930509308954625	-5.780792598787045
ENSMUST00000031670.9	-0.20459723503542548	6.059945223212364	-1.8205665359745558	0.09416137762395746	0.1930509308954625	-5.688103517762551
ENSMUST00000022009.9	-0.16634651071863704	7.157746261235085	-1.8222053100285838	0.09389914730426548	0.192740354992966	-5.747438997045554
ENSMUST00000020522.8	-0.10374701460872959	5.32197280212274	-1.8243884882196058	0.09355083150633298	0.1921037686972903	-5.512616370904141
ENSMUST00000025290.5	-0.0976422599964879	5.743825764083175	-1.8357740086744148	0.09175323911124142	0.18848940219218277	-5.6250037231852135
ENSMUST00000193547.5	-0.5519748383370437	5.333462729953178	-1.8371139670904717	0.09154375579896173	0.18821276478323518	-5.501826866138915
ENSMUST00000005620.9	-0.3973266095397969	5.5173906051634685	-1.8407842885161636	0.09097217596671556	0.18719060011801472	-5.583922795466654
ENSMUST00000023455.11	-0.06908520319505573	5.61397153226957	-1.843292678916841	0.09058341103719936	0.18654324229559968	-5.596659900656847
ENSMUST00000034030.14	-0.09463785885260556	5.3368207792043805	-1.844189281129719	0.09044481712496466	0.18633410112845913	-5.493328574068481
ENSMUST00000032065.14	-0.08801132537947787	6.328799778655732	-1.8444977621352578	0.09039717769861298	0.1863122494886202	-5.687558453664595
ENSMUST00000032882.8	-0.14115425840001272	7.458026520701032	-1.8449111982485296	0.09033336558678676	0.1862570337160345	-5.7186767465668815
ENSMUST00000111020.7	-2.0679710619735348	5.416157141168628	-1.8462121546974661	0.09013283555682038	0.18591976042901323	-5.540156003099439
ENSMUST00000071065.7	-0.2537362639760392	6.695717362790499	-1.8470260520453705	0.09000758694693839	0.1857375594462867	-5.696703110046583
ENSMUST00000184142.7	-0.1718022772439287	8.568208115265763	-1.8470449630467158	0.0900046786629381	0.1857375594462867	-5.76946621865612
ENSMUST00000135573.7	-0.28458253495940333	8.096524838112565	-1.8475835730768861	0.08992188280284434	0.18571305105956892	-5.744347672796307
ENSMUST00000026434.12	-0.1996581716757655	5.0627573903245455	-1.8527150679563034	0.08913652969446059	0.18431807681579584	-5.154164953318341
ENSMUST00000022553.5	-0.10124586374718625	5.631778513372914	-1.8537128159512153	0.08898455538102881	0.18415520284736978	-5.5830534850743705
ENSMUST00000074262.8	-0.32284653214409786	5.159327963029457	-1.8587843923709142	0.08821570695449246	0.1826391858798566	-5.2825081109831356
ENSMUST00000099270.4	-0.14087737995411054	7.295025922783047	-1.8611233872148434	0.08786315933083853	0.18198417233159683	-5.689757359115278
ENSMUST00000049628.15	-0.20886816719000834	8.465457306462046	-1.862018615666477	0.08772856505726705	0.18178023509189065	-5.740520242516511
ENSMUST00000177608.7	-0.7667102376607016	6.27081136429407	-1.863286690019366	0.08753823634672304	0.1815353945013865	-5.652140695530835
ENSMUST00000072634.14	-0.30275319189309613	7.447271889885565	-1.865012639789298	0.08727978861646898	0.18122353137823172	-5.687239204427185
ENSMUST00000170472.7	-0.740579445163414	4.91458828949182	-1.866882472731872	0.08700058069912758	0.18086773615591356	-4.889265997359417
ENSMUST00000220578.1	-0.13462879276301098	5.942754956899281	-1.8685046270267827	0.08675901682801088	0.1804401048622252	-5.597247163184945
ENSMUST00000177236.7	-0.12438153758754478	5.503674794455163	-1.8691247349072961	0.0866668349145957	0.1803939683970216	-5.53621703063541
ENSMUST00000097227.9	-0.5734206308508449	5.848430232796652	-1.8703083048787816	0.08649113971500606	0.18018092087213064	-5.5831467625309035
ENSMUST00000113820.8	-0.14230796888139174	8.391684993034184	-1.8712500431028858	0.08635157547470751	0.17996469602868828	-5.72215125366168
ENSMUST00000034469.6	-0.09110443963998893	6.369792271498525	-1.8732890536908358	0.08605010096191305	0.17948509864816942	-5.646867344729655
ENSMUST00000142029.1	-0.14629493559662432	5.958919464729362	-1.87812216713799	0.08533934293184174	0.17815030468468707	-5.584461010447175
ENSMUST00000160507.7	-0.3306174000055915	6.336643108210335	-1.8794386893280453	0.08514666636847659	0.177821867372273	-5.634163347204028
ENSMUST00000022855.11	-0.11418853522022676	5.261993907132393	-1.8892262778841225	0.0837266432521869	0.17521994267959748	-5.355488775365403
ENSMUST00000012028.13	-0.1549397760573754	6.439137191585305	-1.8904685106164925	0.0835479722034335	0.17491878824613982	-5.624251056463445
ENSMUST00000108340.8	-0.8001658184992051	5.054149088917876	-1.891598214274537	0.08338578921072068	0.17465191736849947	-5.081281340542633
ENSMUST00000003268.9	-0.14302085663948993	6.422426629347652	-1.8926530600025702	0.08323461313431063	0.17440788782953637	-5.619933610528143
ENSMUST00000028603.9	-0.10965022396597313	5.844184720774428	-1.8930718230741914	0.0831746673461126	0.1743617341140126	-5.547169151739383
ENSMUST00000047040.3	-0.09204558752980319	8.508830131889122	-1.8946559316630587	0.08294826004092637	0.17402531120346146	-5.6920068644748065
ENSMUST00000109910.8	-0.0993685011584029	5.758723314273124	-1.8951288169734155	0.08288078275281957	0.1739562862033522	-5.53459169126364
ENSMUST00000034878.11	-0.11635693338594333	7.772399902328799	-1.8957620473244874	0.08279050409599685	0.17391191069184142	-5.6527305218027255
ENSMUST00000006217.9	-0.1672627866094203	6.253314898460269	-1.8975610422165772	0.08253451524336507	0.17355726103112357	-5.596551988054243
ENSMUST00000021083.6	-0.2038431940147154	5.653475872234355	-1.8987387805348377	0.08236732120531054	0.17338493430289428	-5.51586225746373
ENSMUST00000031038.10	-0.1126300530070754	7.234962593987016	-1.9055886005317422	0.08140104227143333	0.17171012313106127	-5.6192106408451235
ENSMUST00000028551.3	-0.13561043061790024	6.570515302277049	-1.9057455794786344	0.08137902011170828	0.17171012313106127	-5.603634915622006
ENSMUST00000146647.2	-0.9086621232216014	6.7006710841107795	-1.9059173340794506	0.0813549313722848	0.17171012313106127	-5.605039621991375
ENSMUST00000020149.5	-0.07172724256747198	6.347931510612273	-1.9073499724820968	0.08115425707665798	0.1714051500221101	-5.591611168479018
ENSMUST00000034303.2	-0.6345744712957986	5.212948740287886	-1.9106916729248664	0.08068793734899365	0.17056345075747356	-5.270316982746424
ENSMUST00000068958.7	-0.1314562631627938	7.975439909294043	-1.9118305112541512	0.08052957984699939	0.1703718739319823	-5.638342733311328
ENSMUST00000054607.15	-0.09041561582994895	5.430600931926817	-1.917751551003655	0.07971083536259749	0.16878165518065147	-5.4357323134992575
ENSMUST00000024734.7	-0.35185619583980454	5.372516987248215	-1.91829346434731	0.07963628415075884	0.16869479813156535	-5.401673888313428
ENSMUST00000038791.14	-0.0994599341529776	6.625561431576316	-1.9222716720140731	0.0790909582580487	0.1677515223424296	-5.578229079409091
ENSMUST00000031668.9	-0.2025401208174884	11.340045753357547	-1.9239856848936923	0.0788570635279449	0.1673259749511138	-5.762469567045974
ENSMUST00000033372.12	-1.716021979192608	3.943228923760945	-1.9244726600360058	0.07879072679661886	0.167255758022696	-4.025563727019053
ENSMUST00000019859.8	-0.12213041772581956	5.138503594933463	-1.924555250105909	0.0787794812995432	0.167255758022696	-5.153014008488588
ENSMUST00000165594.3	-0.3135186533686012	6.630949560235463	-1.9262051063609693	0.07855514506829472	0.16710821769073606	-5.57207228468558
ENSMUST00000026446.3	-1.6565477861703855	5.697166038945223	-1.9314451728140183	0.07784652580293125	0.16567084234963922	-5.470029559226117
ENSMUST00000023958.9	-0.23467578559333546	6.7204739278182775	-1.9320530633870674	0.07776470186923302	0.16561534460687186	-5.564278667700069
ENSMUST00000156859.2	-0.07968326496481026	6.415031251824616	-1.9322096039909262	0.0777436438389318	0.16561534460687186	-5.557272523416694
ENSMUST00000194252.5	-0.25125407503370933	7.161165429649368	-1.9353462009871207	0.07732280927350843	0.1649750014652336	-5.571058126406198
ENSMUST00000193094.5	-0.1716427648215424	5.646298847959817	-1.9375929941808343	0.07702264881210594	0.1644740858122687	-5.453746694138622
ENSMUST00000035973.4	-0.13952361466186947	5.324911418558107	-1.9404020490715657	0.07664888204569412	0.16381500661507525	-5.33442260696869
ENSMUST00000111773.9	-0.10321779654484153	6.054549418015369	-1.9416401516772088	0.07648467374170347	0.1635335289394433	-5.498517046231835
ENSMUST00000100819.11	-0.15958511110936602	6.086248957103533	-1.945755283137126	0.07594121380873323	0.16254955075137487	-5.496729145136097
ENSMUST00000098346.4	-0.3454041476894094	5.109303655038125	-1.94697686810976	0.07578057293126424	0.16230398570335902	-5.0783781240136925
ENSMUST00000026972.7	-0.15529617048010724	5.116107777035398	-1.9475419083511087	0.07570637499852068	0.16221412803132773	-5.086997555281707
ENSMUST00000031426.13	-0.16195608385912053	5.484465915180666	-1.9528620696764634	0.07501103812172093	0.16099852081500768	-5.39899878921602
ENSMUST00000177840.8	-0.1205178326151124	8.104803409810282	-1.952959750445592	0.07499832663826511	0.16099852081500768	-5.579336266834786
ENSMUST00000030702.13	-0.09602196647929606	5.172856129292064	-1.9537001377944472	0.07490204246501943	0.16090470411378438	-5.151841637981885
ENSMUST00000108661.7	-0.6711041185723632	5.468431581566737	-1.9537096451082745	0.07490080682185225	0.16090470411378438	-5.392676667600019
ENSMUST00000052286.15	-0.1669889829086033	7.217310303324804	-1.9540200161741532	0.07486047895221001	0.16090470411378438	-5.542290643373496
ENSMUST00000036493.7	-0.10800237287511827	8.099306752672586	-1.955108545540388	0.07471919985264727	0.1607837016504142	-5.575663117359595
ENSMUST00000102597.4	-0.08337789023866282	6.965207063829078	-1.9574211451382373	0.07441986615832094	0.1602081072496845	-5.5319481771973305
ENSMUST00000226208.1	-0.331964291881202	4.997401116584556	-1.9588968810176677	0.07422943165755956	0.15993501955853623	-4.887925896305637
ENSMUST00000049937.12	-0.4480358559608675	5.9056680317947485	-1.9606997274457878	0.07399739609058845	0.15950338463228383	-5.4476235238155155
ENSMUST00000056710.9	-0.20046405468117	5.174568225383983	-1.9626569062934278	0.07374625546450425	0.15909837531814788	-5.13988273448001
ENSMUST00000029188.7	-0.33721044327973004	8.733781022137562	-1.963299978157737	0.07366390994919593	0.1589889021683418	-5.5959936266166075
ENSMUST00000029482.15	-0.23893551800789048	6.69062654485744	-1.9691380891247032	0.07292021496588386	0.15765431950724612	-5.504635247336224
ENSMUST00000170540.7	-0.3302060737585304	5.368042750432837	-1.9737996029064004	0.07233139168881343	0.1566505516945417	-5.310955906138627
ENSMUST00000067246.5	-0.3603861585462269	5.520377746257642	-1.9750940820860663	0.07216866018350847	0.1564328002512844	-5.3739543280092406
ENSMUST00000021993.4	-0.14792439481635355	8.902396365824417	-1.9767351724805087	0.07196284233300307	0.156053905076439	-5.583616472414255
ENSMUST00000141483.7	-0.3814988325062858	5.768522087304043	-1.978694306265774	0.07171784815969395	0.15565681367188106	-5.403421173844501
ENSMUST00000079391.9	-0.19224227188503829	5.357403265101338	-1.980655744880025	0.07147333919194557	0.15526009044675224	-5.2931405115018055
ENSMUST00000002397.6	-0.16662576544791108	5.147993741039307	-1.9808937278192529	0.0714437252656167	0.15526009044675224	-5.076564539215601
ENSMUST00000033741.14	-0.10837804390824068	12.288240210416191	-1.9824899011689334	0.07124539534391978	0.15496566535895392	-5.703552304807433
ENSMUST00000025617.3	-0.09804537696585935	6.377443794192334	-1.9843431030448306	0.07101576830287337	0.1545330148493754	-5.471884411578781
ENSMUST00000133967.7	-0.15455601813658326	5.681587332480111	-1.9857652789897697	0.07084001394793414	0.1542840303775137	-5.381591542898358
ENSMUST00000117373.7	-0.5190197761164068	9.457424650183201	-1.988370884308709	0.07051905471531617	0.1538514155562687	-5.593449816394676
ENSMUST00000002855.13	-0.21998533772147333	6.553219895364231	-1.9886534616645009	0.07048432784867105	0.15384236590310804	-5.471678634763311
ENSMUST00000029515.4	-0.12641991185857826	10.74599426570202	-1.9895469269709698	0.07037463116850437	0.15366960477810135	-5.637005995990989
ENSMUST00000038753.5	-0.16708280602372483	5.499140646765117	-1.9905404414389598	0.07025283656756774	0.15347026520687507	-5.343237586170897
ENSMUST00000069837.3	-0.31576592294198846	7.512677478575583	-1.9912518734128735	0.07016574242106663	0.15334658997410347	-5.489557717124199
ENSMUST00000068056.11	-0.6421934528236459	4.9783836728062845	-1.993282476415204	0.06991770434114165	0.1529373784957755	-4.801282907532308
ENSMUST00000037115.8	-0.17307359297274338	5.373680276799801	-1.9936972890815359	0.06986713507838595	0.1528932390514831	-5.282630981270017
ENSMUST00000113400.2	-0.5567384081977593	5.11285769402744	-1.9938810548858834	0.0698447432729695	0.1528932390514831	-5.009101730651092
ENSMUST00000071792.5	-0.15727611096606875	5.809237077800803	-1.9983915930405667	0.06929721745583406	0.15185394219956225	-5.376241807054787
ENSMUST00000089558.6	-0.20286166026620478	6.521335811849508	-2.000443185930317	0.06904949802779081	0.15163161264854455	-5.452257692799709
ENSMUST00000029941.15	-0.18626840750136076	8.061410633757662	-2.002387938761999	0.06881543782660941	0.15118361035182182	-5.49816028430609
ENSMUST00000114444.8	-0.9105959532779302	6.154467342518198	-2.009596254583973	0.06795429191440233	0.14955294952815318	-5.404755879941631
ENSMUST00000216863.1	-0.549938407219698	6.775210982608559	-2.0099115826047673	0.06791685050914056	0.14953596276213837	-5.441209811881745
ENSMUST00000208199.1	-0.6687337482173028	5.168230411517912	-2.011044754330336	0.06778245813206846	0.14930540580667093	-5.054573812072455
ENSMUST00000037324.11	-0.3850226056957604	8.119208016569917	-2.014682985603155	0.0673526380143338	0.14868412542786896	-5.480950225284548
ENSMUST00000075836.11	-0.21817958494531897	5.448576062749726	-2.0152865159328432	0.0672815824565078	0.14865772566477414	-5.28727745332723
ENSMUST00000090192.11	-0.44098957565330643	5.420710751458704	-2.016697691104065	0.06711571214217166	0.14848687237786526	-5.273465055101759
ENSMUST00000020174.6	-1.2028517486646342	5.631286994833485	-2.0186073217183975	0.06689185837336073	0.1481871155774451	-5.322183713132903
ENSMUST00000115645.9	-0.7625135293365615	6.222475835453398	-2.0246161620599152	0.06619200239376191	0.1469602665679683	-5.389913816876518
ENSMUST00000041806.12	-0.17789062689588686	5.535485920402916	-2.025600448061534	0.06607801303003626	0.14683314999094027	-5.29618357333975
ENSMUST00000033169.8	-0.11861870196230573	7.141198692488216	-2.0294892617696694	0.06562943722567507	0.14590441833069875	-5.41981661206567
ENSMUST00000014614.3	-0.1768284496902579	5.7556627679082295	-2.0349776327622853	0.0650011752181469	0.1446355207972123	-5.311320383833968
ENSMUST00000169418.7	-2.0219480808706525	6.385082941996035	-2.0376549504113135	0.06469673607653488	0.14421323845859416	-5.38632901324978
ENSMUST00000025161.8	-0.12647416960179392	7.059175298065396	-2.0379483296249843	0.06466345667990761	0.14420294794176203	-5.404659947984636
ENSMUST00000204436.2	-0.3201599812063627	4.976943277423479	-2.0398332067635687	0.06445002637888743	0.14379072404087923	-4.724900484382475
ENSMUST00000064404.7	-0.11796891960105604	6.489040043279075	-2.041657093243	0.06424412755406435	0.14347025069563543	-5.3849240742979045
ENSMUST00000161074.7	-0.25679995121954846	5.209503489931853	-2.0487440861677912	0.06344988438476057	0.1419197074853799	-5.046339060497978
ENSMUST00000030501.14	-0.13759782212923977	5.6313723452108	-2.057541213732163	0.0624767319153869	0.14022814518314577	-5.25901655572125
ENSMUST00000020341.8	-0.17010894449907887	5.419941430863414	-2.0596455039748713	0.06224602684643135	0.13980346476089112	-5.203432347422826
ENSMUST00000148517.7	-0.1611909922077288	9.003758442452511	-2.068354070116789	0.06129969710601132	0.1380477959446477	-5.440435836160558
ENSMUST00000028059.8	-0.4323168829642645	7.704461880720552	-2.068490306467679	0.06128500020534429	0.1380477959446477	-5.3722114282812665
ENSMUST00000063641.10	-0.1954646047023063	7.407657136122235	-2.0693817880392844	0.0611889102938411	0.13792177763813376	-5.359866156551972
ENSMUST00000113272.7	-0.12376968450667558	5.381609639261038	-2.073316080405974	0.060766526646632506	0.13709255406242518	-5.158612439498525
ENSMUST00000051226.6	-0.13687788813584767	6.7418930443710225	-2.0760116142889213	0.060478712112906334	0.13656570944346128	-5.332813637677634
ENSMUST00000022169.9	-0.11193852455428921	7.552595963734824	-2.0770895086576147	0.06036397790389552	0.13637759200573285	-5.351548865405958
ENSMUST00000037499.5	-0.14088173473132048	6.266407165574846	-2.077483837689446	0.06032205530477321	0.13637759200573285	-5.3094977976082305
ENSMUST00000120389.7	-0.13089559108930082	5.463762673838069	-2.0801901283235273	0.06003507406247218	0.13586885182559494	-5.187069490644739
ENSMUST00000155480.7	-1.9846694457917424	5.183404901205571	-2.082113077114678	0.05983193769478441	0.13571437265214625	-4.959244550188915
ENSMUST00000031017.10	-0.29036878217796414	6.053182878030003	-2.084681516687801	0.05956161714184106	0.1352841967677663	-5.267437073296989
ENSMUST00000107893.8	-0.6131947986161226	5.592417553822732	-2.085414255761299	0.059484708583889365	0.1351705369853421	-5.207984176522251
ENSMUST00000109468.2	-0.11305297002071768	6.652778061007559	-2.0860960460192906	0.05941323121141138	0.13506912165594695	-5.3145180830675285
ENSMUST00000000175.5	-0.09217515853000435	7.196509558891297	-2.086781013957665	0.05934150174990326	0.13506912165594695	-5.327108869039742
ENSMUST00000064187.11	-0.11746177021775406	7.797966154416536	-2.088813880099592	0.059129098698561484	0.13474744155791968	-5.3438632603353975
ENSMUST00000006235.8	-0.07642038834909926	9.15583783191378	-2.089539114462421	0.05905349554320859	0.13473838370879018	-5.413423120175118
ENSMUST00000075738.5	-0.13391828718937226	8.744789104094082	-2.09138242115137	0.058861744915917606	0.13466732090585787	-5.388841120496
ENSMUST00000034832.7	-0.11197722117534337	5.735676693909973	-2.0915658707492657	0.0588426934792039	0.13466732090585787	-5.216655391001743
ENSMUST00000100404.5	-0.16281077245154485	5.182693439816044	-2.0938180630109713	0.058609271651411825	0.13421176407749336	-4.939231261568487
ENSMUST00000035540.8	-0.20333183759707296	6.582240598621108	-2.0941178710994857	0.05857826449837259	0.1342018436663536	-5.300574905074407
ENSMUST00000046207.8	-0.1749438023818568	6.466728962098609	-2.104740619844198	0.057489505770318146	0.13200808011431794	-5.280929093538219
ENSMUST00000160359.1	-0.12923583307127728	7.631875711156395	-2.109509806417721	0.05700690165402076	0.13113933343455803	-5.301256426312818
ENSMUST00000040280.13	-0.15493372284359452	7.0537690502668795	-2.110310030121158	0.056926299099193695	0.13101382011346913	-5.285986534723748
ENSMUST00000112330.7	-0.35997602867229705	7.775958577609085	-2.1154267969214895	0.056413438741980425	0.1300119149385724	-5.298772817494949
ENSMUST00000136312.1	-0.24752226969830282	9.176886452455038	-2.1184332616928496	0.05611412571757347	0.12944069990147275	-5.36679738596348
ENSMUST00000060864.12	-0.14188217651589508	5.451806232606382	-2.1189793115283306	0.05605992340678402	0.1293749883759314	-5.119150363984997
ENSMUST00000033012.8	-0.15247576254356332	7.103930262816331	-2.1194592065803715	0.056012328442301605	0.1293244719565027	-5.271803935196715
ENSMUST00000023873.11	-0.1397936087761238	5.6180496575058925	-2.120652590477386	0.0558941358822151	0.12911083453784397	-5.153585609155494
ENSMUST00000099498.8	-0.2469104364272905	6.485832115164075	-2.1233270541023432	0.05563010882324994	0.12861906134640186	-5.250803709449548
ENSMUST00000001724.11	-0.12330471443426294	5.615065175349815	-2.123609577264383	0.055602286335098734	0.12861384025373873	-5.148280534513297
ENSMUST00000090031.11	-0.20044565015767724	8.123617856310648	-2.125987757542856	0.05536860486223863	0.12813222219959639	-5.298863486541574
ENSMUST00000027941.13	-0.7365242320672101	5.847226114699093	-2.1268590137867944	0.05528322623197913	0.1280690732991116	-5.170737560563928
ENSMUST00000102993.9	-0.08915724429052041	6.851431410071959	-2.127175551579427	0.055252237854180715	0.1280690732991116	-5.251942778721718
ENSMUST00000088086.3	-0.13910674714483395	7.470139794031549	-2.128433818043871	0.055129217831492945	0.12793131684051706	-5.264262967093263
ENSMUST00000033236.8	-0.10454315437125494	5.7261966405178475	-2.12863388176182	0.055109681483742935	0.12793131684051706	-5.154375334881882
ENSMUST00000169860.7	-0.22942283485761727	8.47047257945492	-2.1291451736963833	0.055059783111606524	0.12788816659025504	-5.311123827380062
ENSMUST00000043765.13	-0.4214904124356096	5.0873841203665675	-2.1306241400311006	0.05491568611141972	0.12773038225915515	-4.750315042537288
ENSMUST00000100827.4	-0.3490169547797004	7.362861184221207	-2.13062920162838	0.05491519356571905	0.12773038225915515	-5.257911128099764
ENSMUST00000029915.5	-0.1981351767456241	5.35286588836303	-2.1319776564310335	0.054784123047674355	0.12757874123090612	-5.043958940558367
ENSMUST00000187711.1	-0.38908903952673146	6.22603895457863	-2.1330272609810272	0.05468230488276144	0.12754134254296373	-5.212671319268243
ENSMUST00000022803.5	-0.14754021863277433	7.412388534800646	-2.135780894906825	0.054416031744331565	0.1271560871833405	-5.2504994640401925
ENSMUST00000140575.7	-0.2555561831945754	5.5561116996430036	-2.1393779996195494	0.05407003573820146	0.12654904098207514	-5.113442186081329
ENSMUST00000102611.9	-0.5831844645848534	7.316565119595672	-2.141856687447598	0.05383282493607719	0.12608609974553275	-5.238264246178949
ENSMUST00000040423.11	-0.5191719723480457	5.9164221165356246	-2.1424473867332914	0.053776439839908784	0.12601270090106245	-5.153016654918594
ENSMUST00000040440.6	-0.13739727053886597	9.61142103251199	-2.14835305932062	0.05321576792690668	0.12481516477401748	-5.338566085765657
ENSMUST00000030202.13	-0.2073110521354522	5.162225016753393	-2.148602122590297	0.053192243976592335	0.12481516477401748	-4.822914424758594
ENSMUST00000046983.9	-0.10127343621817886	6.930407309825491	-2.151515979244499	0.05291775884484506	0.12429003022801843	-5.214275400288731
ENSMUST00000030348.5	-0.14958973831223954	7.291173219089957	-2.1526759634978254	0.05280886074979306	0.12409218983288599	-5.219754402697271
ENSMUST00000218879.1	-0.27553171272056076	5.029644204764858	-2.154061729244185	0.05267904375874627	0.12384498558423013	-4.624862325199633
ENSMUST00000180095.3	-0.1383298936858015	7.594443700098138	-2.1546500833714854	0.05262401853377469	0.12383135511853156	-5.224823490715323
ENSMUST00000076219.4	-0.14549325298183202	5.072241823627981	-2.165448634314972	0.0516236826493618	0.12181929991038425	-4.6701679034182835
ENSMUST00000001927.11	-0.2957286997728579	6.311626345772361	-2.167624454821049	0.05142430957401333	0.12146277064171881	-5.165315003426528
ENSMUST00000002452.6	-0.23078640463458377	5.812176130931867	-2.169183778134396	0.051281874767863944	0.12118323718042438	-5.096519664936037
ENSMUST00000219993.1	-0.2954844140748607	5.283369779000572	-2.1779734500533383	0.050485942990177425	0.11941456473135056	-4.910156236508433
ENSMUST00000130491.2	-0.11104123214488659	5.231786320516907	-2.179212434925303	0.050374693269636624	0.11922433909141332	-4.856607202388048
ENSMUST00000020220.14	-0.3087578528882604	5.913850259197039	-2.1806715576890587	0.050243974591182274	0.11912226021123375	-5.088977992033334
ENSMUST00000017759.8	-0.6545208367745703	5.486744750082821	-2.1875758839238872	0.04962977761558979	0.11788829612088396	-5.0163799809413465
ENSMUST00000014750.14	-0.1358881855135996	5.996798103963169	-2.1890705011239358	0.04949775836482857	0.1176858328607999	-5.085981109586098
ENSMUST00000121231.7	-0.26896118149696946	5.415318851217301	-2.1905085916870752	0.04937104614157343	0.11744006294953	-4.9847312654824165
ENSMUST00000033509.14	-0.14458016305531096	5.368849890379513	-2.190855322052282	0.049340541236722914	0.11742301937651511	-4.956358890983092
ENSMUST00000020285.9	-0.5543213828213558	7.639180570286977	-2.1938414107567525	0.04907856695534171	0.11691016588651713	-5.161105649387767
ENSMUST00000061169.6	-0.2702689883723295	5.145489857250389	-2.194522567961211	0.04901899284335528	0.11682356844856484	-4.725209263382315
ENSMUST00000114057.7	-0.1780245551373998	10.355960433313662	-2.204574195345579	0.048147806305888774	0.1150744007244306	-5.269888576706329
ENSMUST00000168727.2	-0.1634065325130587	6.530498317504173	-2.2074400299866093	0.04790212379888993	0.11465061124272848	-5.111186986221955
ENSMUST00000005053.13	-0.13530181106362704	7.241528639658002	-2.2082368794265843	0.047834023052247376	0.11459665236945552	-5.125766632840917
ENSMUST00000109682.8	-0.2563720587507614	8.403667640223581	-2.210587421502811	0.04763367466123737	0.11417104202986432	-5.171267347108126
ENSMUST00000030051.5	-0.1264605753561625	8.54196842563815	-2.210989244679746	0.0475995050824455	0.11414352243554973	-5.178179341630419
ENSMUST00000070850.6	-0.17761412571992263	6.289298845390912	-2.2113546850579784	0.0475684495661236	0.1141234476715154	-5.089536996630255
ENSMUST00000097425.9	-0.3197169514147422	5.493153991379057	-2.2155816711786063	0.04721063086324078	0.11337311879377773	-4.971289298694186
ENSMUST00000027036.10	-0.13909056093700567	6.248009985797787	-2.2207200311712545	0.046779105039407125	0.11260558729820921	-5.068877171877547
ENSMUST00000196817.4	-0.8982505766742097	5.740969139372305	-2.222429447514361	0.04663637864544981	0.11231575919830444	-4.99938842108162
ENSMUST00000217159.1	-0.4171487253123214	7.2540920428019335	-2.2303088926443686	0.04598382411294663	0.11090346074412008	-5.088746035455313
ENSMUST00000116560.2	-0.09697935218961895	10.203079638618085	-2.232361453016398	0.04581526722606927	0.11054993257283188	-5.218216472745098
ENSMUST00000181810.7	-0.18243417912490756	6.641890705849222	-2.232629837122398	0.04579327093022962	0.11054987814298714	-5.070026100520224
ENSMUST00000092033.3	-0.33829781449292984	5.344553684888483	-2.2357791619547243	0.045535907120405436	0.1099813484026691	-4.8649533444511786
ENSMUST00000132846.1	-0.156580992398899	10.209693800450937	-2.2375474329131735	0.045392007296294695	0.10973915843712573	-5.209630697873665
ENSMUST00000020288.14	-0.1597403960309629	6.738432993706482	-2.2415710024306454	0.04506618482153269	0.10910874679361453	-5.056663056130279
ENSMUST00000143258.1	-0.2483750383203347	6.09869036210996	-2.2424395507996837	0.04499614383786047	0.10899162236315649	-5.011071261697396
ENSMUST00000028769.12	-0.09796500645303574	6.903944225740956	-2.2430306401743425	0.04494853681815608	0.10895206878213902	-5.059596861627451
ENSMUST00000108857.1	-0.2371457447943719	7.447672629677713	-2.2456915541354063	0.04473481698497699	0.10860060556056722	-5.066960804956921
ENSMUST00000031731.13	-1.4426672598907517	5.459185448055916	-2.2501711892387073	0.04437720506188706	0.10796021212106083	-4.902311546492132
ENSMUST00000162300.7	-0.758821019856132	5.641707006173857	-2.252465695598945	0.04419508958856724	0.10767336354483381	-4.9361080530241335
ENSMUST00000107684.1	-0.3368763323639925	5.5272498186654175	-2.255943367629355	0.04392042309661271	0.1071598683797568	-4.9124646560206955
ENSMUST00000057177.6	-0.20393715002187918	5.075538684590075	-2.2566066865087246	0.043868219269951485	0.10708443044499075	-4.523381958020597
ENSMUST00000040538.9	-0.231928360721267	5.0004930362884465	-2.258421446008323	0.04372569808335665	0.1067883432317317	-4.407008672094433
ENSMUST00000103105.9	-0.2159129753969662	8.603510904657353	-2.2593909775259298	0.043649737461109804	0.10675830294936481	-5.0996569000650664
ENSMUST00000022529.7	-0.39242232206831407	5.793599862635024	-2.2635095523845687	0.04332845670192668	0.1061272958458584	-4.935656536183975
ENSMUST00000092984.5	-0.3578217156138237	7.811827190012446	-2.2747538851342224	0.042462759111699465	0.1042794451188901	-5.033069828326306
ENSMUST00000022550.7	-0.14711913778357033	5.334933793067388	-2.2762790340343346	0.04234661783453192	0.10407710519078169	-4.789825572594237
ENSMUST00000082303.12	-2.1406149201173097	7.929443629384737	-2.27777464524377	0.04223302050994312	0.10384864427444958	-5.034253028987585
ENSMUST00000182018.7	-0.9942881660993121	7.871354179870291	-2.278828663078404	0.04215313876028739	0.10370290518484394	-5.029350597095422
ENSMUST00000042700.10	-0.24936956998635118	5.438263417657131	-2.2847212135382997	0.041709207308608616	0.10271121975996571	-4.8361535437028795
ENSMUST00000076454.7	-0.10209488637007436	5.976931185410432	-2.2872552366517427	0.04151967658028508	0.10229456066376799	-4.917065627796751
ENSMUST00000112691.8	-0.21179147852592717	5.465402364494582	-2.292613485090356	0.04112161706713252	0.10151268668535021	-4.832251608758562
ENSMUST00000172518.7	-0.20994990179772532	5.505713107167316	-2.2949239220116198	0.040951105149162885	0.10119106581799532	-4.84044083600895
ENSMUST00000061326.4	-0.24152370559644254	6.055233732314821	-2.295475354077344	0.04091050914075277	0.10114042824920255	-4.914392946881268
ENSMUST00000095128.9	-0.17388816153182418	7.249693742234341	-2.2978200131632662	0.04073832657789719	0.10081383227417645	-4.973832057382953
ENSMUST00000068664.6	-0.31485476269266677	6.248436152106669	-2.2992089778055322	0.04063665371514323	0.10061171498075079	-4.935584430687024
ENSMUST00000025893.5	-0.31809264841735985	5.341265254874531	-2.301779159600627	0.04044915523851809	0.10019679960855957	-4.750785587451591
ENSMUST00000031411.14	-0.2753635666455754	7.151085468954532	-2.3020127352781645	0.04043215665712538	0.10019679960855957	-4.965053523851512
ENSMUST00000071230.7	-0.14974935477315388	5.648704430845367	-2.3040062844769076	0.04028735312352333	0.09991970832734025	-4.849280148116549
ENSMUST00000061673.8	-0.15054896269659235	6.692996578669039	-2.3106121185656776	0.039811071542189144	0.09885957597667996	-4.937953169233001
ENSMUST00000046770.9	-0.2275111551843736	8.166207451580252	-2.311226493093871	0.03976705017052972	0.09879902686811605	-4.988232292246337
ENSMUST00000074950.10	-0.3739427608307073	6.040332705098165	-2.311724807250363	0.03973137904660139	0.09875917390486737	-4.884402679150108
ENSMUST00000025476.2	-0.12209982348749282	6.08202240254881	-2.314563326916026	0.03952877145728147	0.09840140979791344	-4.885700188770748
ENSMUST00000107810.2	-1.6505502522272169	5.69731964417607	-2.3146693247715144	0.039521224758066895	0.09840140979791344	-4.837238951723069
ENSMUST00000098950.5	-0.2262284640867076	5.156826052249148	-2.316784677131612	0.039370907002456906	0.09810551417997063	-4.533841130541006
ENSMUST00000001147.4	-0.164776067786514	9.688450997834726	-2.320641448925139	0.039098252436358075	0.09757108532109002	-5.049982257761328
ENSMUST00000122110.7	-0.2332667593895401	5.2970164924458985	-2.323829871840214	0.03887421450427877	0.09706013556874762	-4.676821677082943
ENSMUST00000058981.2	-0.16861828929669276	6.266760532631549	-2.327833750845525	0.038594620938210776	0.09640989967236267	-4.888784686245113
ENSMUST00000032768.14	-0.22336774428917483	5.459924701597988	-2.3287300730212293	0.03853229491722607	0.09630202470370806	-4.768674633117449
ENSMUST00000001384.5	-0.1339028086862477	10.505035589767239	-2.329744292157777	0.038461887341049376	0.0961738345988168	-5.061256784556852
ENSMUST00000061390.8	-0.13168455468836981	5.3267372871000935	-2.332944192638258	0.03824055690645218	0.09585861574307968	-4.687179922919835
ENSMUST00000211765.1	-0.20113346504298768	7.363313802720551	-2.338916721622704	0.037830715355060524	0.09497321803957559	-4.905564970367829
ENSMUST00000028005.2	-0.18266920556077615	5.522210263263096	-2.3407262388779535	0.037707378920259514	0.09480550891945308	-4.766502812271693
ENSMUST00000166820.7	-1.2246316662895849	4.605911524468515	-2.342860009462384	0.03756243754495836	0.09453557943405978	-3.696615435860251
ENSMUST00000065668.11	-0.7882724768704508	5.025144953362799	-2.3452259183276305	0.037402353263778366	0.09421111142839493	-4.298729884717096
ENSMUST00000000608.7	-0.08743780798420975	6.604642128411521	-2.3472930074793465	0.03726302464905286	0.09397006366385209	-4.873798514461223
ENSMUST00000099131.10	-0.23352379441739668	5.890055759200928	-2.348445570956327	0.03718555476369034	0.09382172819264098	-4.801147157728083
ENSMUST00000097642.3	-0.18401799462056623	8.472779984265113	-2.350353003154619	0.03705768606502659	0.0935460203678619	-4.936500837249619
ENSMUST00000094693.10	-0.4890366855688253	6.535362006594764	-2.350453155609641	0.03705098382575191	0.0935460203678619	-4.867463553057705
ENSMUST00000030128.5	-0.13906159119543648	7.210840288277495	-2.353683651294558	0.03683542168568197	0.09317194896966616	-4.8771526576565085
ENSMUST00000180062.7	-0.2714827888475435	7.326019783038538	-2.3545892422915755	0.03677521075395002	0.09306644129935741	-4.877735697815419
ENSMUST00000214601.1	-0.1723585445730711	5.849945045865546	-2.3551821404731563	0.03673584140886785	0.09301359744741527	-4.7848843714135
ENSMUST00000044725.8	-0.21031483654264616	5.601627273290134	-2.356837490920138	0.0366261380079094	0.09282926968150738	-4.752177381024577
ENSMUST00000018568.3	-0.1303948985903407	5.844415626042812	-2.357117920491063	0.03660758460763261	0.0928290111698587	-4.780920960436044
ENSMUST00000018571.4	-0.303667940597534	5.504169725531628	-2.361037501494261	0.03634920678909098	0.09234904921957443	-4.726585378650991
ENSMUST00000047521.6	-0.19763404332156753	7.047464648007038	-2.3615096868600776	0.03631819908831194	0.09234904921957443	-4.86093083751129
ENSMUST00000125442.7	-0.41602687022758555	6.353211715296641	-2.3615656904859343	0.03631452310306148	0.09234904921957443	-4.839876524673249
ENSMUST00000209440.1	-0.1945871773401171	5.476898831518478	-2.3679932784844064	0.035894996787924446	0.09143682472913817	-4.7065705788723715
ENSMUST00000041388.10	-0.4911755890597682	8.34815440336946	-2.369125179157326	0.03582160268443445	0.09129609073221363	-4.897372213955782
ENSMUST00000100528.4	-0.10598512569363461	6.221633546616398	-2.372219482548111	0.03562170001127896	0.09097095063794135	-4.806419611375116
ENSMUST00000101801.6	-0.3325724673523496	6.4041156340760175	-2.372766682728024	0.03558646093340513	0.09092711272522154	-4.82419102507116
ENSMUST00000041111.9	-0.18510947119493082	7.298073839790602	-2.373526905048785	0.03553755917498988	0.09085690663805313	-4.844431174156598
ENSMUST00000072735.7	-0.20799121068647342	5.890431912063797	-2.3747162847651975	0.035461181398201015	0.09080974824273556	-4.755852959825292
ENSMUST00000031513.13	-0.18853323590811222	6.305485225363503	-2.3837551681903943	0.03488588078838169	0.08959207056985619	-4.796571957355665
ENSMUST00000027991.11	-0.3480602246655007	7.796093920813389	-2.387721363927122	0.034636291807602124	0.08908848526789907	-4.837895058544296
ENSMUST00000108319.8	-1.207547818311673	4.475299784895996	-2.389784275349068	0.034507156129359985	0.08892607771063583	-3.5247849828024953
ENSMUST00000146598.7	-0.1253216396661072	5.448071148615737	-2.3928628305961825	0.034315305385101004	0.0885334878935606	-4.653992011830093
ENSMUST00000110167.4	-0.19595530449298337	7.587122818299118	-2.3952690967246437	0.03416606731331167	0.08819368119716317	-4.8146489161413
ENSMUST00000010421.6	-0.10877699637984417	6.5868033261025545	-2.396611482795129	0.034083083979510084	0.08802463834749241	-4.788272750122362
ENSMUST00000080035.10	-0.09838610045195306	6.142518679648259	-2.3967618088965974	0.034073803268094775	0.08802463834749241	-4.752913765515926
ENSMUST00000028151.6	-0.31142933001924167	5.244990895991575	-2.4028755380534763	0.0336984180862824	0.08721025791774009	-4.490119505438837
ENSMUST00000009693.14	-0.41410551681620156	7.491402714472215	-2.4035714059643336	0.03365594540021547	0.08714516794054762	-4.796978513640731
ENSMUST00000105325.3	-0.2798993229090314	5.482708860383392	-2.4062211184925952	0.0334946912240023	0.08681699719111571	-4.6421424992106965
ENSMUST00000023805.1	-0.21087370490456347	5.826141235817173	-2.406420214827052	0.033482604946109884	0.08681699719111571	-4.6935804474974745
ENSMUST00000116279.9	-1.878079454584653	5.248008234456053	-2.4070259415429613	0.03344585978253985	0.08677984557295408	-4.485996694117449
ENSMUST00000197073.1	-0.3846912490672407	5.9163159801065	-2.408343288289672	0.033366080027676916	0.08666223470275816	-4.70062375135166
ENSMUST00000094028.9	-0.1344056556267974	6.711470640116876	-2.4088388183612315	0.03333611784862727	0.08662913682667552	-4.768724851593255
ENSMUST00000034311.14	-0.4414431740797866	5.438953874246621	-2.4149044953430154	0.03297145657661405	0.08572578709919654	-4.612444600324267
ENSMUST00000019231.11	-0.2879556741918696	6.692672195377249	-2.4149687277247844	0.03296761569793197	0.08572578709919654	-4.757644981576741
ENSMUST00000039438.8	-0.308145151830292	6.969902998354894	-2.4150189724655884	0.03296461153408674	0.08572578709919654	-4.76620319862058
ENSMUST00000033713.10	-0.28994930382392425	5.135561314120016	-2.418841661344986	0.032736824579227775	0.0852920582382677	-4.331608445749474
ENSMUST00000025490.8	-0.15270984207183336	5.99027765767941	-2.419274185922093	0.03271114723197879	0.0852693169554846	-4.691393482868092
ENSMUST00000054014.7	-0.1624315234497189	8.398984866521383	-2.4239743013172097	0.032433371324201335	0.08480541370295801	-4.804748603047697
ENSMUST00000099224.9	-0.09428063039419055	6.603884108648156	-2.4247139328532277	0.03238986741953555	0.0847766202950693	-4.739566991236413
ENSMUST00000049527.6	-0.09730563052062102	8.597455804447556	-2.4339262924763	0.03185271804491409	0.08350756877746889	-4.798278013947397
ENSMUST00000052499.7	-0.18983586369104177	5.203856912695506	-2.433968297152594	0.03185028870620741	0.08350756877746889	-4.391757413606014
ENSMUST00000006478.9	-0.31463712122354526	5.367168432466505	-2.4343009039581673	0.03183105873431015	0.08350756877746889	-4.539331225181837
ENSMUST00000021329.13	-0.1824108197437253	5.8528827138582455	-2.4364958843824147	0.031704435314465006	0.08324896350056026	-4.644201638310781
ENSMUST00000046514.12	-0.13698991234052027	6.314004314335429	-2.4381686945278305	0.031608262150594105	0.08308315928925755	-4.7028205128317815
ENSMUST00000020315.12	-0.11320990718285362	5.506196972383383	-2.438531152628852	0.031587460966145585	0.08307188506046966	-4.592802662929804
ENSMUST00000096251.9	-0.25594897464357924	5.124925700873486	-2.439239241269045	0.03154686253681076	0.08305194422956301	-4.2826668389333244
ENSMUST00000029402.14	-0.15139730055107403	5.21672499436352	-2.440233118498076	0.03148996354061985	0.08300098942465034	-4.395972476890714
ENSMUST00000030675.7	-0.2138825211032458	6.247639621700686	-2.4415353435533858	0.03141556211822998	0.08287975512156007	-4.689392259774578
ENSMUST00000050273.8	-0.17882039253239856	7.428465285483064	-2.441558711396648	0.03141422857368137	0.08287975512156007	-4.7290122982749425
ENSMUST00000087399.4	-0.20431788714584087	6.150747592981453	-2.443992240385333	0.03127565277527591	0.08264065604643545	-4.671874634746112
ENSMUST00000028915.5	-0.17688348356861017	6.378790145285797	-2.4487574831885675	0.03100601140508261	0.08201432354309707	-4.690409807381059
ENSMUST00000195201.1	-0.5823912287630018	5.079640499397965	-2.450021472081638	0.030934867252474234	0.08186918313897835	-4.199851946004798
ENSMUST00000076354.12	-0.15182110518955394	6.434633605204615	-2.45229368632846	0.030807372177609597	0.08157467864502835	-4.687481366415231
ENSMUST00000030986.14	-0.0892439881231013	7.287281480836173	-2.4533439708555527	0.030748612379343482	0.08150488349867074	-4.705285228430709
ENSMUST00000005714.13	-0.4174572439036295	5.9048384369848455	-2.4549658502005807	0.030658087102933954	0.08145738564336166	-4.617998210587343
ENSMUST00000020705.4	-0.13215103350810598	5.628370843871734	-2.4571830028297006	0.0305347543861995	0.0812676072019625	-4.5816753220473085
ENSMUST00000017288.8	-0.5049255061604834	7.854707833118312	-2.459303615751894	0.030417241874033663	0.08109652563236001	-4.716255703500617
ENSMUST00000148960.7	-0.31398032394301634	7.567677671055789	-2.4664047230952555	0.03002692201980744	0.08018335704970872	-4.689802795877672
ENSMUST00000039900.3	-0.23334159569944646	5.626783322819481	-2.4700451402736445	0.029828710577256404	0.0797387050553544	-4.558958099523414
ENSMUST00000096243.5	-0.20813608124873628	5.98820656520612	-2.4724764249979394	0.02969704092643177	0.07942892764533664	-4.5981735056865105
ENSMUST00000066257.5	-0.1029966790668162	6.092969189883734	-2.472584187055916	0.029691217991610692	0.07942892764533664	-4.613280024935604
ENSMUST00000034946.14	-0.13799217640948047	6.752495033623973	-2.4745621033879592	0.02958453765438727	0.0792966483426864	-4.654888279603217
ENSMUST00000020049.8	-0.2751642344446834	5.113957238261901	-2.476625051578704	0.0294736674232285	0.07904158891591823	-4.2033332767517955
ENSMUST00000096313.3	-0.24685962011569185	5.050925343230579	-2.4766460207287673	0.02947254253905538	0.07904158891591823	-4.111529106788603
ENSMUST00000179094.7	-0.381349535662558	5.885966295930132	-2.48252572422853	0.029158766313312077	0.07836418446702621	-4.567509451773139
ENSMUST00000088483.9	-0.8864736910596092	6.363141860802583	-2.48360144122076	0.02910171168375377	0.07825265178031279	-4.6281641292950635
ENSMUST00000185072.7	-0.2600605699100882	5.474432921566192	-2.483611809927622	0.029101162268930288	0.07825265178031279	-4.50469787872618
ENSMUST00000118515.7	-0.29697296460545175	5.593474034098371	-2.4882694228234556	0.028855381657815038	0.07775652122146089	-4.52238371494531
ENSMUST00000005041.14	-0.4245027738422902	5.66972681433292	-2.4893546466989425	0.02879840508852931	0.07764457449109913	-4.530692103917322
ENSMUST00000033783.1	-0.37733112868664964	5.679192974786109	-2.48973845490325	0.028778280515346914	0.07763191918107792	-4.531218988413556
ENSMUST00000030642.2	-0.10746782114275266	7.333459755737649	-2.4907120983440194	0.02872728984039517	0.07753594162394212	-4.640656065174415
ENSMUST00000120595.7	-0.3030850223909276	6.276796358585979	-2.4942351784768557	0.028543515189597225	0.07720560479508798	-4.600542842251887
ENSMUST00000030125.4	-0.18351259385856888	6.72573547583954	-2.4974741544909325	0.028375568758706903	0.0768339539424405	-4.613967859009554
ENSMUST00000043870.8	-0.21678211332270436	5.560747791539969	-2.498722060783642	0.02831111937138666	0.0767834186293511	-4.49918346927243
ENSMUST00000095383.5	-0.2165509265819301	5.8004700409693415	-2.50667207061155	0.027903862395063143	0.07592446279586948	-4.515555546605508
ENSMUST00000038169.7	-0.1781702822146416	7.5373897176118385	-2.5117190471764936	0.02764828305939509	0.07535130664778802	-4.609056094360788
ENSMUST00000148639.1	-0.3158461493234128	5.958918762874718	-2.521599586209666	0.027154511222172054	0.07405528730696202	-4.50772547649067
ENSMUST00000007921.8	-0.21011845857021783	5.744995021966329	-2.5362554960776005	0.026437876211340774	0.07236613450449153	-4.457401077838359
ENSMUST00000080926.12	-0.29067216967393517	7.091953640304049	-2.5407024767307695	0.02622409955110919	0.07189833506355876	-4.548344579049415
ENSMUST00000077273.8	-0.23081401418837988	6.833327074214948	-2.5414369028063657	0.026188956534921686	0.07184113431144548	-4.539576997070803
ENSMUST00000031508.4	-0.13932335594940337	5.967089256009604	-2.542106282688279	0.026156966051904876	0.07179252384458998	-4.472655207980852
ENSMUST00000156898.4	-0.2694592539937606	6.310563724689454	-2.544957223055004	0.026021142425076717	0.07145871590641974	-4.5147458544858665
ENSMUST00000001583.7	-0.35201835042450114	5.228816789347881	-2.5464912201758514	0.02594834511787451	0.07129771943638813	-4.223194704209439
ENSMUST00000026625.6	-0.4155502470263901	5.293456165588245	-2.560293554285339	0.025302217986756234	0.06967458056451593	-4.262215977741753
ENSMUST00000067298.4	-0.38470367096074654	7.332428114617802	-2.5610905226129668	0.025265393111592645	0.06961127751611315	-4.5163565056377255
ENSMUST00000041314.14	-0.4512017356582696	6.910432969132774	-2.565897380693131	0.025044393814548288	0.06904018919506434	-4.498983293853277
ENSMUST00000039803.6	-0.16959853872517616	5.140436521397154	-2.5663564598491164	0.025023386312022448	0.0690200967849698	-4.080864969696746
ENSMUST00000021719.6	-0.1869876692240222	7.62381583772406	-2.571563319116307	0.024786321602001844	0.06840372132730185	-4.506388523494252
ENSMUST00000180159.7	-0.28829869384244944	5.965480401446072	-2.5729223227340006	0.02472480912265992	0.06830890428122025	-4.4178806066862775
ENSMUST00000110819.3	-0.47227048982002096	5.137044373467146	-2.57494124445451	0.02463370217980036	0.06813202620482442	-4.06145364633848
ENSMUST00000030284.9	-0.1257704225968208	7.045535330300275	-2.5762786021690713	0.02457353261495717	0.0680029937215894	-4.484403704729116
ENSMUST00000015333.11	-0.14826726881083463	5.384730501066688	-2.5788772319526614	0.024457027205734116	0.06775512327755966	-4.296154792325638
ENSMUST00000105569.3	-0.22935969244522614	5.221958321748089	-2.582003437675676	0.024317584261334638	0.06744309063879525	-4.153395613757105
ENSMUST00000026328.10	-0.13601991707308336	7.9605429918430755	-2.584664877196823	0.024199484910410702	0.06722673030606087	-4.500478239716569
ENSMUST00000031726.14	-0.5985423712802085	5.996600211601093	-2.5910029839460096	0.02392049054344374	0.06656194022348753	-4.39016662836557
ENSMUST00000010550.11	-0.2354150500679575	7.309609261853487	-2.591186353777612	0.023912465884607215	0.06656194022348753	-4.4624360997668475
ENSMUST00000060987.14	-0.4959426752489966	5.527655513413133	-2.592765294055299	0.023843476965565043	0.06642111440407404	-4.327016440652593
ENSMUST00000071215.4	-0.2916080525356657	6.651389845942399	-2.5959238666056983	0.02370605295008582	0.06618487924077789	-4.43840223840369
ENSMUST00000172132.8	-0.17039073359960888	7.773282584877128	-2.5977797245454877	0.023625669674868708	0.06603374674125803	-4.467216704253108
ENSMUST00000069579.5	-0.19392686615176125	9.006393084311473	-2.600109790237802	0.023525124632710954	0.0657892729445074	-4.526886626603494
ENSMUST00000040340.15	-1.2522761760013168	4.987211069319203	-2.602022099925764	0.02344291935218504	0.06562266269617302	-3.79733619195043
ENSMUST00000029679.3	-0.17635868429732415	5.203698988294366	-2.602096775036034	0.02343971497368848	0.06562266269617302	-4.097046706822229
ENSMUST00000031773.8	-0.7314129418105697	5.156733201971768	-2.6034505991531574	0.0233816954382505	0.06553387729796004	-4.036166889803251
ENSMUST00000127861.7	-1.1637215839714594	4.868812073678132	-2.6045002230685816	0.023336809525981314	0.06544453106199108	-3.6059495420922656
ENSMUST00000108141.1	-0.36474251424698867	6.223320053279461	-2.6060547774645966	0.023270485872707296	0.06529493275269961	-4.395925838656128
ENSMUST00000218290.1	-0.1783660859930265	7.549355805285555	-2.6062806816174855	0.023260863252800953	0.06529493275269961	-4.44185949729648
ENSMUST00000032196.8	-0.08626446934230003	6.157120473795577	-2.60749886626483	0.023209040560157785	0.06523166651293509	-4.384313300472083
ENSMUST00000030797.3	-0.11033097222468236	6.818636856650604	-2.6118717708849415	0.023023943207594957	0.06474760104941879	-4.414000565145306
ENSMUST00000149441.7	-0.18452247511197228	5.585172220362524	-2.6126809596506635	0.02298985060523879	0.06468788500836485	-4.301349314504327
ENSMUST00000037127.14	-0.21293135768054494	6.4923600481591235	-2.6166203464727027	0.02282458240462728	0.06425879914811407	-4.3994257914688895
ENSMUST00000023615.6	-0.16151504744672174	5.821666347622555	-2.62042529682165	0.02266605994940288	0.06384823494145907	-4.316393546810183
ENSMUST00000034097.7	-0.115393884959194	6.901007855647487	-2.6235383938884356	0.022537164829266952	0.06359196649245207	-4.396120737989255
ENSMUST00000079441.12	-2.4669487599996613	4.15263367956201	-2.6248211289243684	0.022484263611614812	0.06347829979238727	-3.170430683793443
ENSMUST00000078691.11	-0.27622135290553107	5.370616179603113	-2.6326575058975106	0.022163718549521455	0.06271409900036133	-4.192156843310468
ENSMUST00000005606.7	-0.13023346012909354	7.000999246428324	-2.636125264813506	0.022023305690391615	0.06235185758489602	-4.376841161445822
ENSMUST00000163694.3	-0.18686677818343966	7.773418372423318	-2.639757969184376	0.021877150285177976	0.062009234028221324	-4.392336632765611
ENSMUST00000050073.12	-0.6906960329639684	8.55561096236802	-2.641711029424649	0.021798966329677764	0.061890857564677666	-4.428365827787106
ENSMUST00000044286.5	-0.26109513955103303	5.313552267144084	-2.6428774958731855	0.02175240181423543	0.06179352542485513	-4.134349513061212
ENSMUST00000064910.6	-0.12667566586182044	6.4062786869510235	-2.643303491962489	0.021735420706367692	0.06178017038064173	-4.347978164612755
ENSMUST00000081980.6	-0.1654599209386065	5.142415617095952	-2.6454345262381773	0.021650668375206045	0.06162725785180145	-3.9438799401895586
ENSMUST00000155364.7	-0.38773012957464204	6.2073446164703405	-2.6463378640549045	0.02161484017127252	0.06157659167705099	-4.321919641513614
ENSMUST00000029766.8	-0.24972510889608124	5.87356142592248	-2.64695778868464	0.021590286400887157	0.061554519138074686	-4.274868283074973
ENSMUST00000021530.7	-0.24064725723223646	6.7360258393371	-2.647106346279157	0.021584406450239523	0.061554519138074686	-4.348706976211149
ENSMUST00000189017.7	-0.37442346526907677	7.340314154476378	-2.648365908111208	0.02153461579580725	0.061487316724577905	-4.361087773446548
ENSMUST00000064139.7	-0.11224271485704485	7.871013705795247	-2.6748266899089463	0.020514324984590174	0.05904323169191829	-4.334801244419664
ENSMUST00000102869.7	-0.5437413628722654	5.81237289650938	-2.6774579713582076	0.020415503330741783	0.05882611526744668	-4.213534275550015
ENSMUST00000107100.2	-2.7359056333305567	4.980388392757725	-2.677532576465031	0.02041270826463295	0.05882611526744668	-3.654112683628787
ENSMUST00000113705.7	-0.12170721303998988	10.23806766206001	-2.6788441616433314	0.020363631424888135	0.05874393904736938	-4.437638776789252
ENSMUST00000217975.1	-2.9528120803927864	6.5408547156148	-2.679425474900337	0.02034191701835022	0.05871496530081467	-4.287955021728656
ENSMUST00000214892.1	-0.2724941809412922	5.577145737174357	-2.6797597187689726	0.020329441973150886	0.058712642116488	-4.180509786078385
ENSMUST00000048687.10	-0.16165477805223816	8.649490704369446	-2.680345602064356	0.02030759310449237	0.05868322855180994	-4.364345946484624
ENSMUST00000108344.8	-0.5025763500160458	4.931038043310588	-2.687247437860502	0.020051941782020265	0.05811135893164974	-3.5596124695964635
ENSMUST00000096261.3	-0.14791483936371463	6.4431800810568784	-2.6966959650985554	0.019707089579119152	0.05727693106444162	-4.254293522141856
ENSMUST00000051477.12	-0.11142376072915106	9.172095092457344	-2.701238833548184	0.01954337007616842	0.05686679864268555	-4.354158192008038
ENSMUST00000042025.11	-0.1926654375732575	7.551637945938433	-2.7040867716506805	0.019441417973924572	0.05663565363451912	-4.266881008547049
ENSMUST00000025278.7	-0.16331360079319257	6.28171831839519	-2.7079448306383314	0.019304140513587406	0.05630094546310623	-4.220896849218939
ENSMUST00000027602.14	-0.19141216988053422	6.777346406470632	-2.708757250758016	0.019275354988459812	0.05624960031725134	-4.239215860337797
ENSMUST00000034432.6	-0.20026868379844487	7.28670050266155	-2.7103034450828876	0.019220687353155994	0.056122622213422985	-4.24890958543846
ENSMUST00000063976.8	-0.24167117412760497	5.195915678007651	-2.712562635777112	0.019141085561668887	0.05592264893191415	-3.8912186168496206
ENSMUST00000041262.13	-0.15939698247163925	6.389432805483829	-2.7152164881074605	0.01904799310985524	0.05571537984632657	-4.218014498436844
ENSMUST00000049453.8	-0.20647417459194184	5.150296623879042	-2.724815517554841	0.018714989503468015	0.05483699021080232	-3.8127074250758137
ENSMUST00000088779.4	-0.18281442687052962	6.8279776864265465	-2.725310391377031	0.018697978201675083	0.054819072454911036	-4.2110946489551395
ENSMUST00000026986.6	-0.130563126787683	7.601162027192591	-2.733600351265075	0.0184152689676095	0.05414799425835383	-4.2155512493700105
ENSMUST00000119379.1	-0.39438743873754945	5.217302808810726	-2.734639809740477	0.01838011975131607	0.0541078890982277	-3.8769588986755474
ENSMUST00000020653.5	-0.17416072047142706	6.735839397834185	-2.7355149785152175	0.018350577344245306	0.054052549542680406	-4.189994259676846
ENSMUST00000017610.9	-0.16003586764080602	9.804093008836885	-2.735789872752333	0.018341307627297163	0.054052549542680406	-4.3210742962506785
ENSMUST00000223206.1	-0.7334562209794315	6.103146423278941	-2.7364296933066656	0.018319750117993316	0.05402500752850197	-4.145493716764108
ENSMUST00000107651.8	-0.18752270750645827	5.289602752980446	-2.7384322542735853	0.018252439281774693	0.05385807743496098	-3.941541223480229
ENSMUST00000066469.13	-0.1241739778164419	6.62982830882015	-2.7404857345978386	0.01818367053703037	0.05371817173916606	-4.179229060030182
ENSMUST00000023810.11	-0.7628172494202357	5.114086388293355	-2.7408136430222516	0.018172712969942616	0.053717343684947884	-3.738113481347902
ENSMUST00000064314.9	-0.13007246972394437	6.542178179477045	-2.742193616581667	0.01812667044606474	0.05361274486428672	-4.175109806473078
ENSMUST00000111800.2	-1.0981149475746115	5.200172104081449	-2.7426028414528347	0.018113038907984314	0.05361274486428672	-3.842741087782219
ENSMUST00000049294.3	-0.2928197993822659	6.511529108092544	-2.742956361364385	0.018101271088997794	0.05361274486428672	-4.173267740917301
ENSMUST00000027367.13	-0.284473918356678	5.350318483774235	-2.7458545843551048	0.018005080595403154	0.05337864494724411	-3.9767541052769677
ENSMUST00000030651.8	-0.21685425373703282	7.4739659029838235	-2.747774765616372	0.017941629075172313	0.05325329550276808	-4.185761193512375
ENSMUST00000026649.13	-0.8188638877248744	5.937943127528597	-2.747818438592006	0.017940188493889474	0.05325329550276808	-4.101501043947648
ENSMUST00000088778.4	-0.18528747592962969	6.928594907687367	-2.747857594970961	0.017938896992625998	0.05325329550276808	-4.17397688556445
ENSMUST00000109737.8	-0.14413306597814746	6.000563248166155	-2.7540173682774345	0.017736867980666416	0.05280129160398387	-4.0988810227239
ENSMUST00000105256.9	-0.9586357161525054	6.641702400842879	-2.7592585036243773	0.017566740456280275	0.052325797060714066	-4.145484644513159
ENSMUST00000049089.6	-0.24012160737641075	5.470914984334793	-2.76517585457957	0.017376601332474515	0.05179009555905171	-4.002587134387234
ENSMUST00000030882.11	-0.26061672623548393	5.786947275883111	-2.7670050704488176	0.017318236967434716	0.05167737258787904	-4.049892961117113
ENSMUST00000023117.8	-0.17255931049208328	6.656432103989247	-2.7686155445014133	0.017267012473031206	0.051585712441698336	-4.128745267024601
ENSMUST00000078490.13	-0.37177086264247805	6.654721280866201	-2.775696574128258	0.017043558125179138	0.05094839033141785	-4.115931530270402
ENSMUST00000119943.7	-0.301296601239355	5.294374058737819	-2.777943732331368	0.01697324500960704	0.05079856968669424	-3.874992970485604
ENSMUST00000162610.7	-0.23506848300460348	5.477453015964474	-2.7787811743091932	0.0169471151156108	0.05075055723014163	-3.980062489287795
ENSMUST00000009234.15	-0.3124312330949275	4.988405039392271	-2.778877716150805	0.01694410537426439	0.05075055723014163	-3.4881866026001607
ENSMUST00000110362.3	-0.17272065894056787	8.693624251826133	-2.7821625113357618	0.016842014843166202	0.05055619133411048	-4.18319881888576
ENSMUST00000129456.7	-0.5895303185650791	7.442527327451835	-2.7881406749322286	0.016657775328534158	0.050122767749913484	-4.111962257571497
ENSMUST00000125416.1	-0.2910831139462067	6.477060042049786	-2.7890189806052703	0.0166308757158092	0.05007177482120651	-4.089313786775595
ENSMUST00000030665.6	-0.12568800324286844	7.376755289638545	-2.7987011391160714	0.01633717938773134	0.04933514375730875	-4.091238526910566
ENSMUST00000049230.10	-0.24777810864360728	7.589835341716427	-2.8004285383046787	0.016285323677596567	0.04920808613933232	-4.094388801103596
ENSMUST00000146905.1	-0.3039879077720009	5.840696626054701	-2.800556128587791	0.01628149995206352	0.04920808613933232	-3.995014911050526
ENSMUST00000043604.5	-0.18432304488601847	6.7157630539165645	-2.8069494988895998	0.016091033458984962	0.04869485754417533	-4.060452791795451
ENSMUST00000169037.8	-0.24258048092514795	6.1020738262147	-2.8072343076221817	0.016082600227365615	0.04869485754417533	-4.017489629218744
ENSMUST00000099678.4	-0.24133113315245058	5.362896669115308	-2.8075599406285803	0.016072963550806518	0.04869485754417533	-3.8736831373394005
ENSMUST00000061799.9	-0.23236080581590635	8.712545775401795	-2.8126258401104085	0.015923780153283114	0.04834794082749991	-4.1290320897494945
ENSMUST00000027467.10	-0.1558095413456364	10.331889839239029	-2.8168194891096863	0.015801322634509177	0.04800510517766647	-4.191219691577277
ENSMUST00000021375.11	-0.2663530037956825	6.849293992315694	-2.818219463048984	0.01576065070451353	0.04793943996034314	-4.043983774592421
ENSMUST00000022871.6	-0.14340541971008225	7.533933222777878	-2.825254098733567	0.015557847684695973	0.047408559480136545	-4.0474043178060946
ENSMUST00000034197.4	-0.4105073874049694	6.7104417410617705	-2.833540579385132	0.015322274463285889	0.046775705597567545	-4.012124909033558
ENSMUST00000114768.9	-0.24719765829563123	6.42180654356379	-2.833655968345435	0.015319019234063326	0.046775705597567545	-4.005882492204954
ENSMUST00000026917.9	-0.26576904614458297	6.285310509116084	-2.8407863852639497	0.015119190114737228	0.04632438822609195	-3.981306979205666
ENSMUST00000067538.5	-0.560611200509606	5.885948783535731	-2.8430002615976906	0.01505767468973768	0.04621471227970869	-3.923293909132666
ENSMUST00000034004.9	-0.21417983509162664	7.130401803471797	-2.844032697765655	0.0150290721682209	0.04618892002340828	-4.004600737842395
ENSMUST00000009039.5	-0.3961230293220579	6.108113717253055	-2.8443807444394045	0.015019442081102494	0.04618753857581091	-3.951053315484515
ENSMUST00000060435.6	-0.20374360194194896	5.87951634455699	-2.8459845327726674	0.01497514607083679	0.0461076865865238	-3.9171386669221584
ENSMUST00000005975.6	-0.15376676554123136	6.264128303238468	-2.8489824448096788	0.0148926926393921	0.04591001021371425	-3.96405601149193
ENSMUST00000013220.7	-0.18668665608085622	5.9724120554166396	-2.8572688725220203	0.014667125060277968	0.04529791662262644	-3.9081031759215463
ENSMUST00000113701.7	-0.25841330831731035	5.574765464573699	-2.8641936544892026	0.014481230252449616	0.04477877652125017	-3.8475790297723953
ENSMUST00000004379.7	-0.2611074987216826	6.289781042618767	-2.86533808873777	0.014450734433161052	0.04473947380506662	-3.937197257869007
ENSMUST00000021802.15	-0.6353311763054821	6.225476493564045	-2.8673012521370254	0.014398570538072746	0.04463290719472827	-3.925829602328707
ENSMUST00000022693.8	-0.6297343409171567	5.331043270908485	-2.875391684270916	0.014185565794112117	0.04402688557074526	-3.7300773210432365
ENSMUST00000094065.4	-0.2908945929226512	6.1953328002132215	-2.8801510139292383	0.01406172976676871	0.043696456118970585	-3.898427364688599
ENSMUST00000025546.15	-0.2904091347271196	5.522894010450097	-2.884935843342833	0.013938314718036231	0.04339335479358928	-3.8006558085492226
ENSMUST00000162594.7	-0.19375116832808903	6.116765423096471	-2.8889458112720665	0.013835716470580418	0.043154054286106684	-3.8713468895922976
ENSMUST00000014892.7	-0.15876495820714798	5.748300732198998	-2.8926633221694096	0.013741272722916892	0.042912689676595214	-3.818101166691886
ENSMUST00000046283.14	-0.22093488575046738	5.298803083128805	-2.8969282074060287	0.013633713327992026	0.04267605722915368	-3.6641739656425676
ENSMUST00000023854.9	-0.19921398918507194	8.626565968023549	-2.9005817842739954	0.013542238102779956	0.04245932675565346	-3.9643058219154805
ENSMUST00000112172.3	-0.23553280963856515	11.638735114799584	-2.901087909123411	0.013529614474105963	0.04245932675565346	-4.082170599387526
ENSMUST00000062181.8	-0.2740894972357921	6.1004758672668045	-2.906617116852516	0.013392467755869043	0.042110940799860726	-3.8367816073513774
ENSMUST00000163558.2	-0.19946971528039015	5.563767175758134	-2.913588471438373	0.013221522749995787	0.04162545741879149	-3.756151930858723
ENSMUST00000048452.5	-0.26577346200521035	5.585394106037668	-2.914592965118863	0.013197071418189744	0.04157449361610057	-3.7574899201394083
ENSMUST00000111230.7	-0.24335565405559834	9.645250946318798	-2.9162089916043783	0.013157828748342495	0.041476839870245044	-3.987129243511801
ENSMUST00000022875.6	-0.2046194820180265	6.453868099214156	-2.919233778035193	0.013084688950349288	0.04129803645496064	-3.8518407107363335
ENSMUST00000030332.6	-0.20938155417772197	6.327014698902644	-2.9196514581764603	0.013074621283518925	0.04129216552252587	-3.8422281325599057
ENSMUST00000028278.13	-0.15961617692919639	6.373531391883624	-2.920539271361298	0.013053247287440976	0.04127648466569173	-3.844914271966408
ENSMUST00000211352.1	-0.3715467571138831	7.543340163338232	-2.923563426702102	0.012980702253724826	0.041098749552227566	-3.8688413497097214
ENSMUST00000028663.4	-0.31005352205535885	6.490834302406888	-2.929461743869896	0.012840365258589313	0.04075702057789453	-3.8344471646092186
ENSMUST00000116429.8	-0.27679899855827195	6.168403234463045	-2.9311022226958143	0.012801603516643192	0.04067870680110356	-3.8019660038107705
ENSMUST00000036004.15	-0.2679518670709351	6.625725677045892	-2.9341067825815363	0.012730913302918753	0.04051184366033159	-3.827841916510524
ENSMUST00000034522.7	-0.16862314962941127	6.868492136626521	-2.9500271301129124	0.012362795256402893	0.039415223659672344	-3.8047591106049925
ENSMUST00000024698.8	-0.310775006549294	8.439366001132322	-2.956927356743213	0.012206564534522691	0.03899125471313249	-3.851138704036967
ENSMUST00000090481.13	-0.2086678296299791	9.03724885919225	-2.957124892807621	0.01220212119745687	0.03899125471313249	-3.8827226283522553
ENSMUST00000172974.7	-0.19204101948332042	7.4959310034154925	-2.9577395079744284	0.012188306497396682	0.03898243483051666	-3.804905765434975
ENSMUST00000080001.8	-0.29008019521591066	6.227509814391816	-2.9638053427133952	0.01205280008075086	0.03857356056377708	-3.7502157140455075
ENSMUST00000020630.7	-0.1481633923806731	7.416139411770651	-2.9721566971610973	0.011868696521121224	0.038154256995374364	-3.7763721542793767
ENSMUST00000025014.8	-0.25338780272588757	5.672357409708871	-2.9725641187481293	0.011859787270323812	0.03814999345076669	-3.6633323597894902
ENSMUST00000037141.8	-0.21820048789367963	6.940352751089492	-2.977051860173469	0.011762093351441273	0.03790845076944334	-3.757797818029627
ENSMUST00000019683.10	-0.3727787475001767	7.921441566263371	-2.9779735192435313	0.011742129506300266	0.03786836765781836	-3.7876390534452646
ENSMUST00000007482.6	-0.2141141813484948	5.311935036315662	-2.9880516930587318	0.011526027322068727	0.03726859368666586	-3.51048764178653
ENSMUST00000015498.8	-0.150774881700114	7.247386612091949	-2.988852890957449	0.011509019231838016	0.037259894308479445	-3.7423500517165413
ENSMUST00000040583.6	-0.21159832337564666	5.289456859694461	-2.995496306724347	0.01136895451662676	0.036830141772794096	-3.476428482442428
ENSMUST00000066401.6	-3.806763725207972	3.4881230384039372	-2.9980011989973745	0.011316587222104393	0.03670776938388601	-3.392035759221045
ENSMUST00000067476.8	-0.22853891000719262	6.628768112055134	-3.0010300959226823	0.011253587436658637	0.03657415916914057	-3.705533508880485
ENSMUST00000015622.7	-0.22368827883359454	5.677132976756502	-3.00243946119446	0.01122439302905124	0.03650285800204059	-3.6093559096447745
ENSMUST00000033341.11	-0.3406741375850828	6.164628301185311	-3.014043018538046	0.010986894438356844	0.03582311465934756	-3.6498748407416204
ENSMUST00000068952.9	-0.2441471994341171	6.060377225798525	-3.015320154229389	0.010961063733928153	0.035788406799707545	-3.6324295239704725
ENSMUST00000109643.7	-0.2941514165943886	5.92610073111646	-3.019156294084607	0.010883841102512393	0.0355793402123066	-3.6069488220324883
ENSMUST00000072600.6	-0.3148481671565797	5.318735501921016	-3.0204871359958285	0.010857178393939286	0.03553765470681814	-3.456979343217438
ENSMUST00000022894.13	-0.19053653359755884	7.0949899595694665	-3.0235204668864215	0.010796651534877664	0.03536325121873016	-3.6764523286046913
ENSMUST00000022782.9	-0.2035878737144463	5.586742817012577	-3.0289502234444874	0.010689149657630981	0.035079655530033574	-3.5489911725106187
ENSMUST00000163402.7	-0.25479570359609216	5.470309463183327	-3.035263035756649	0.010565512450902478	0.03476461291071966	-3.511707214047698
ENSMUST00000021197.9	-0.17450947646144055	6.471599825905685	-3.0353085064972567	0.010564627121036204	0.03476461291071966	-3.6403169990226583
ENSMUST00000042744.15	-2.8992573105178945	6.495341233617992	-3.0444814721594367	0.010387539127946866	0.0342686618706234	-3.6241105113954757
ENSMUST00000055262.12	-0.27068992514001167	6.656807385971056	-3.045034869354136	0.010376951275744083	0.03425619545161974	-3.6251863169734833
ENSMUST00000074856.12	-0.2157502156102753	6.0111263442154295	-3.053600641937599	0.010214440739975308	0.03385316475972671	-3.55525738099024
ENSMUST00000010038.9	-0.3049299744125493	5.218923608839227	-3.054929048494026	0.010189467810682966	0.03383710399706007	-3.2997220075681275
ENSMUST00000161401.1	-0.20444192506586134	5.972793223330762	-3.0551579396410427	0.01018517104075722	0.03383710399706007	-3.5470307177188745
ENSMUST00000091064.7	-0.15185902084190683	6.7349512173309645	-3.0611677887330426	0.010073001804675765	0.03353889614779866	-3.597081175790886
ENSMUST00000101800.5	-0.19311480958858507	7.933740783659082	-3.061347882343941	0.010069659696352103	0.03353889614779866	-3.6354130261039934
ENSMUST00000034913.4	-0.27355863371105293	6.605930681530455	-3.0657876643173996	0.00998761895195552	0.033298681873617106	-3.5865891241543784
ENSMUST00000047903.9	-0.7981604274176055	6.270331563316576	-3.066473256812994	0.009975010139974252	0.03327869762215548	-3.567582414709176
ENSMUST00000185384.6	-0.3483263357763864	7.057543018101603	-3.067110010403551	0.00996331384413158	0.03326173321156336	-3.595795777245722
ENSMUST00000106211.1	-1.447876841299096	5.35771327560012	-3.0673835423773044	0.009958293663252873	0.03326173321156336	-3.3980433531080196
ENSMUST00000041882.6	-0.45117129853006155	5.117155439482495	-3.068969619075234	0.009929234133206974	0.033192011245291884	-3.1513224743768347
ENSMUST00000170872.1	-0.2464940269578877	5.992546063823723	-3.0695724932891064	0.009918210832946518	0.03317720658281511	-3.5233437146698083
ENSMUST00000016571.7	-0.2123708500004433	8.312894309701434	-3.0735253175045703	0.00984623890511298	0.03295836855064763	-3.6308012401190655
ENSMUST00000022816.14	-0.195933866492628	6.09894386595737	-3.075968126996757	0.00980202335920523	0.03283221006668542	-3.526899241165891
ENSMUST00000020372.5	-0.3064430877515356	8.17327700123032	-3.0780613548003464	0.009764294027568184	0.03277128969492697	-3.6158108559580926
ENSMUST00000027626.12	-0.246751448909186	5.236884148600612	-3.0817612508947265	0.009697961782746999	0.03259214811556456	-3.269023026133833
ENSMUST00000021243.13	-0.6544539562458462	5.985445229302847	-3.0822419045345333	0.009689377847198748	0.03259214811556456	-3.499114607393136
ENSMUST00000047936.12	-0.28706044777552364	5.524180942673898	-3.0832725361704196	0.009670997643226696	0.032566793268456164	-3.438957785173914
ENSMUST00000212459.1	-0.4291141108626384	5.474775792943136	-3.0849586982543933	0.009641002265936508	0.03250930455759154	-3.422138589723481
ENSMUST00000040069.8	-0.16861105583050318	8.0982915701148	-3.085332071562232	0.009634372925939695	0.03250873922897559	-3.5990690992572776
ENSMUST00000069763.2	-0.3411718084236339	5.203646336783341	-3.088640370330299	0.009575832954676166	0.03237635456651598	-3.2211377956258156
ENSMUST00000010434.7	-0.24579031645250726	5.177015809895198	-3.092061767558413	0.00951566766832904	0.03221045840921054	-3.18279332533507
ENSMUST00000019803.8	-0.37976683861743243	6.166218642665768	-3.100058222141324	0.009376527518559689	0.03187385807153635	-3.4923647068262293
ENSMUST00000031281.13	-0.2220645058963786	5.2972979067689945	-3.1014613190202702	0.009352325085844394	0.031813081478622815	-3.2902506973610968
ENSMUST00000028864.2	-0.29126925477044896	5.081029733930185	-3.1023508845793164	0.009337013251846006	0.03180400383888778	-3.0414044908905886
ENSMUST00000113805.7	-0.26603022455349024	6.007016487959537	-3.1077200662051987	0.009245128847212764	0.03153372422395079	-3.455392519216626
ENSMUST00000216755.1	-0.30458570211109937	5.671386710908789	-3.114837854571329	0.009124720350189072	0.03114414388181901	-3.4027674221271
ENSMUST00000058692.8	-0.45844341898625807	6.125680467587036	-3.1187997176588707	0.009058383981767478	0.03095973492681534	-3.4521691824910166
ENSMUST00000004134.10	-0.24033516778167652	5.899832824057267	-3.119022296577237	0.009054671609102803	0.03095973492681534	-3.420801118830657
ENSMUST00000026818.11	-0.5094097234363879	6.19448972197703	-3.11989907127806	0.009040062853726659	0.03093915388918287	-3.459733798980537
ENSMUST00000048073.8	-0.21379132802481404	5.670190707199476	-3.125253516750661	0.008951360763150814	0.03068853526739795	-3.383503702777112
ENSMUST00000018431.12	-0.21396733492164444	6.707537659938716	-3.125918047158193	0.008940413385067396	0.03068853526739795	-3.477501067052001
ENSMUST00000169020.7	-0.21746612792669762	7.74343998177242	-3.126551493011713	0.008929990634416438	0.03068769322523846	-3.505505428206276
ENSMUST00000035934.6	-0.18163681626028172	5.502808365028384	-3.128759881324929	0.008893749252049122	0.030584041344538026	-3.3498834456705455
ENSMUST00000079644.12	-0.21166407914080487	9.611435850528803	-3.1448185036261562	0.008634630007298257	0.029794803543702005	-3.5660094580338284
ENSMUST00000059305.16	-0.16940114061325584	5.109974028979513	-3.1477636900425274	0.00858793861202956	0.029654028247852245	-2.9990169130388464
ENSMUST00000020576.7	-0.2088641354634042	6.562129186579738	-3.150915265155241	0.008538256910947199	0.029502727004790768	-3.4296359347151535
ENSMUST00000020909.3	-0.13766428454555069	9.705162008194783	-3.1534383351756765	0.008498691803440874	0.02944691354208749	-3.5539787434571206
ENSMUST00000005751.12	-0.8043583710521345	5.072450175174364	-3.159172894769219	0.008409452005699798	0.029198035224758924	-2.926448252421335
ENSMUST00000154330.1	-0.2328309291515751	5.459553881602368	-3.162479375704918	0.008358427237401106	0.029040916734368066	-3.27515980567492
ENSMUST00000040519.11	-0.1963723186686872	5.514085469886574	-3.176690100720402	0.008142660218203127	0.028349981700885766	-3.2649899374749314
ENSMUST00000021447.8	-0.18327193921927964	5.696422623961441	-3.176984277330614	0.00813825346073327	0.028349981700885766	-3.29172336627381
ENSMUST00000036274.7	-0.516230420207167	5.356177329757162	-3.1782152728443975	0.008119839260101855	0.028329342106499608	-3.1941165608717386
ENSMUST00000025590.9	-0.18173273688482716	6.159942635427448	-3.1785443940473725	0.008114923129831142	0.028329342106499608	-3.3472164896395893
ENSMUST00000003117.14	-0.21655057658871524	6.082228203189407	-3.1807165901958765	0.008082551938519561	0.028238415835202715	-3.3320016925501994
ENSMUST00000167525.2	-0.236269967432718	5.670973343686311	-3.1809669335472517	0.008078829573315441	0.028238415835202715	-3.2812673958294436
ENSMUST00000002473.9	-0.15131617634414063	6.448987868567911	-3.181920076265685	0.008064673075966144	0.02823477400500047	-3.369930301032447
ENSMUST00000058438.8	-0.14723486286056442	5.555365866858791	-3.1889312870364472	0.007961305701898477	0.027919205456191674	-3.2508995530134475
ENSMUST00000109261.9	-0.3688847053165718	5.266019018355727	-3.1971963815396403	0.00784116757948941	0.02752890027383895	-3.086048848125448
ENSMUST00000007865.6	-0.2321846670383314	6.427640626318141	-3.197706203302939	0.00783381721097465	0.027522300550568063	-3.339780129383478
ENSMUST00000128764.8	-0.19614248363683462	5.457188881865231	-3.1997294532603378	0.0078047154606498675	0.027439219764171546	-3.2059534976446953
ENSMUST00000039048.1	-0.2815219344534938	5.933829862291765	-3.203174166031705	0.007755418729018718	0.027284973164820397	-3.2700923031901126
ENSMUST00000071555.12	-0.7938235332211176	5.610090771579602	-3.2036127268832972	0.007749165155561067	0.027282050313245435	-3.2317838493861744
ENSMUST00000018470.9	-0.10809352069003708	8.19457020376642	-3.212152416433585	0.007628404883563462	0.02689212261858408	-3.3699127534818354
ENSMUST00000026613.13	-0.6180755506478972	5.194019751490506	-3.2186799035354605	0.007537382359785868	0.026610926773391372	-2.972352994477626
ENSMUST00000023851.8	-0.2442264597759367	6.433134532026615	-3.220518955474863	0.007511936366164208	0.026539713383547842	-3.298042731410627
ENSMUST00000062067.7	-0.3192105710910811	6.446965490779046	-3.2250274470638054	0.007449921332404449	0.026357633068443593	-3.2904299685252605
ENSMUST00000010536.8	-0.19022622547035262	5.401234264276827	-3.226011093530726	0.007436460008403579	0.026328522380209995	-3.1331175119074777
ENSMUST00000030734.4	-0.16315787754390865	6.1043500132869974	-3.2310576319015567	0.007367783082792091	0.026103744147554234	-3.242548767378926
ENSMUST00000103186.10	-0.29119826413653804	8.297635034238775	-3.2354497664688364	0.007308533671985052	0.025948647073928577	-3.331851773476668
ENSMUST00000007602.14	-0.43566046134961844	5.626280993601935	-3.236203507108249	0.0072984143204896336	0.025948647073928577	-3.1740300955327196
ENSMUST00000105691.7	-0.16005807188852383	7.831383833651524	-3.242169339956947	0.0072188181202845194	0.025786755155295753	-3.2971756383364648
ENSMUST00000025547.2	-0.15582919292684405	5.374710330889312	-3.242955123005831	0.007208399817175031	0.025775024506188755	-3.086561369477974
ENSMUST00000033582.4	-0.22454669072765743	7.661863674666987	-3.245574182636693	0.007173784688632183	0.02568776567153631	-3.282227831385616
ENSMUST00000026475.14	-0.3179446863632789	6.1217943865594275	-3.247106234347897	0.007153614112218581	0.025633783902116583	-3.215527709984202
ENSMUST00000030937.1	-0.28600307166888506	7.7207066373826185	-3.2567657264403547	0.007027754152869321	0.02530897003799968	-3.264425780635685
ENSMUST00000040824.1	-0.32878531140177536	7.177653880432445	-3.2615008470269244	0.006966877711225649	0.025107709000842582	-3.2399424927064517
ENSMUST00000117449.7	-0.2166397890670586	5.719622487883213	-3.2624283295223004	0.006955016293831535	0.025082929730656955	-3.137378915726811
ENSMUST00000002818.8	-0.1762427566730187	6.527030759880407	-3.2627848485627338	0.00695046227124171	0.025082929730656955	-3.223077155014236
ENSMUST00000072576.9	-0.3262450094257794	5.63593494094166	-3.2687997810983824	0.006874083419118232	0.02484447821952861	-3.1153111444727593
ENSMUST00000154208.7	-0.45126316051265114	6.00692236823685	-3.270451392233306	0.00685325996624255	0.024791919854720082	-3.1560329412225174
ENSMUST00000010198.4	-0.23550405538058605	5.368495317419125	-3.2719323692540434	0.006834642164417172	0.024755280582565004	-3.0296752418449264
ENSMUST00000031681.9	-0.33962228890927904	6.5654621325654166	-3.283915696245795	0.006685867304389136	0.024268830020477448	-3.1846442493884597
ENSMUST00000078988.8	-0.4122020543359728	7.851254678458927	-3.2863406274700826	0.006656162645886115	0.024178450737511223	-3.2167333017321598
ENSMUST00000114007.7	-0.26891131430716797	5.479142543833678	-3.2895403034328474	0.0066171720488836525	0.024071578147457452	-3.0476918850979633
ENSMUST00000031654.9	-0.18970386153231455	6.865102880497505	-3.2906860743947086	0.006603266243162616	0.024038373711542056	-3.1786262180156886
ENSMUST00000038675.6	-0.24229113337602382	6.535156693547682	-3.2986197302725455	0.00650778710401223	0.023759562351440878	-3.1571063431325594
ENSMUST00000059562.13	-0.18232107142765308	8.970561731668285	-3.300882474859589	0.006480812898771227	0.02367826412034716	-3.24666231358235
ENSMUST00000029773.12	-0.5379534620088222	7.554366179907047	-3.306567569344311	0.006413539692587703	0.02346655868611544	-3.1654206358062824
ENSMUST00000034754.11	-0.27536192966409256	7.264759656649644	-3.3075224100400304	0.006402310430486722	0.023442520943070377	-3.156491702604546
ENSMUST00000038160.5	-0.28397311852387475	8.321448929472991	-3.3132834188020497	0.006334980542743658	0.0232637132193747	-3.189360393924156
ENSMUST00000166917.1	-0.31477278349494053	5.73871382786913	-3.3255177327098755	0.0061943672714286895	0.02284740596961711	-3.023441116546885
ENSMUST00000003386.6	-0.2300248871319841	5.800813436943317	-3.3278449258850786	0.0061679804570595395	0.022766771591684918	-3.0257427970305306
ENSMUST00000022781.7	-0.2519994997201467	7.790104746665177	-3.333641978540398	0.006102745410681793	0.022542519942099926	-3.1261861381404206
ENSMUST00000016138.10	-0.20090910281439456	6.246627543711849	-3.3342979193621587	0.006095408234606981	0.02253196093189399	-3.07172806090738
ENSMUST00000070673.7	-0.1943357479418779	5.860355630610422	-3.338039015262894	0.0060537321153995485	0.0224604176051439	-3.013303812582362
ENSMUST00000030401.13	-0.22272294855518027	7.842449630344242	-3.3388071054996136	0.006045211366024645	0.022448693836545287	-3.1194207442666064
ENSMUST00000023761.2	-0.34496531718280377	6.2654315263442175	-3.343149350275119	0.005997269383421946	0.02231676203254128	-3.0576845566165396
ENSMUST00000126071.8	-0.15973993630485595	5.184346386131619	-3.3436537852977666	0.0059917250765286045	0.022312634241314144	-2.732453887287379
ENSMUST00000183034.4	-0.6617021597790789	5.205542524529435	-3.349438459946424	0.005928515684279706	0.02212638160802018	-2.7468730227135687
ENSMUST00000035661.6	-0.33782779319739564	7.294712037810803	-3.3495488034217478	0.005927316557728391	0.02212638160802018	-3.079472055326045
ENSMUST00000022849.6	-0.5946942278376515	5.334320179553428	-3.3529763909821675	0.005890190578382435	0.022016009509540885	-2.8590938151708265
ENSMUST00000167549.1	-0.20925832330965655	7.621898140193495	-3.361523710608054	0.005798635222008298	0.02175461133625932	-3.066459993631473
ENSMUST00000161170.1	-0.23821873229289103	5.282152302768691	-3.364549312720855	0.005766573670696	0.02166664087921701	-2.794219627624557
ENSMUST00000029588.9	-0.30122947458461624	5.566351529166491	-3.366228595896228	0.005748856483697644	0.021632383672014095	-2.926427550408482
ENSMUST00000023217.9	-0.2326881956021829	5.595045451146927	-3.3680683322665095	0.005729509902724149	0.021594763322103788	-2.9270773260147775
ENSMUST00000035651.5	-0.44371111330316904	7.64317574609647	-3.372169314938194	0.005686621843841236	0.02151082292959794	-3.0477444342800126
ENSMUST00000044048.7	-1.252668613092487	7.37981062844133	-3.38819667414136	0.005522112696912106	0.021045304532766727	-3.00989001087979
ENSMUST00000052865.15	-1.9621734524782521	5.819666216474672	-3.390067718920916	0.005503225739500935	0.021006622682419727	-2.913052706884331
ENSMUST00000020490.12	-0.15191542635984412	6.3340658062160475	-3.391344462604863	0.005490375563393538	0.020989422081635935	-2.976007120651757
ENSMUST00000030404.4	-0.3879183808641544	5.752045574581766	-3.3915601316126684	0.005488207910375571	0.020989422081635935	-2.903242065412167
ENSMUST00000094154.5	-1.1513967760992	8.071656251032465	-3.397524210014472	0.005428607438006102	0.020816557942537117	-3.0222233390841398
ENSMUST00000016400.8	-0.1806917246878692	8.015487931141898	-3.4010283013434237	0.005393897552573548	0.020737409896915113	-3.0132068787696893
ENSMUST00000025337.13	-2.1987706325675944	4.044883748593773	-3.4016052088744293	0.005388204651675772	0.020737409896915113	-2.323701373839981
ENSMUST00000001242.8	-0.1526888778335591	6.373497996657494	-3.407271364497305	0.005332614949372895	0.02057391549869251	-2.950139910248679
ENSMUST00000095978.3	-0.33771251196612884	5.177762157683136	-3.4159223434684054	0.005248864628057112	0.020266337639106166	-2.592509906419843
ENSMUST00000079496.8	-0.44678933277096444	6.349432056547131	-3.4182927958971208	0.005226150661754297	0.02019413516074183	-2.9277837528181294
ENSMUST00000006254.5	-0.2024412519675831	5.798325106044349	-3.423267509365114	0.005178806996840502	0.020041983077772742	-2.8496729253259936
ENSMUST00000027286.6	-0.20893922862554337	5.280819086206328	-3.4323526619574714	0.005093468257947753	0.019793149515630028	-2.668599096417511
ENSMUST00000169613.2	-0.19793337174740877	8.313422138206	-3.438858622363152	0.005033237203435216	0.019614420116562798	-2.9570127861645394
ENSMUST00000051672.8	-0.3330425510809665	6.242017025321609	-3.441638314718463	0.00500772487700484	0.019530127020318876	-2.873133530482626
ENSMUST00000085453.5	-0.45012705144397636	8.28479695446433	-3.444538208070003	0.004981249659320481	0.019441944946502202	-2.9451218898707863
ENSMUST00000213607.1	-0.48480436744276645	5.399866935966087	-3.44535974827977	0.004973775169749926	0.019427843850164498	-2.729081870130895
ENSMUST00000002599.10	-0.5821475864343855	7.0716994141600535	-3.45328891865984	0.004902218999528106	0.01916321972542805	-2.8843436237315148
ENSMUST00000033006.13	-0.2710863752092738	5.629149466614182	-3.4537887181009155	0.004897743886873337	0.01916321972542805	-2.773788097354859
ENSMUST00000004968.10	-0.2891650689709877	6.19860457422679	-3.458568280137946	0.004855158196731058	0.01903842625701789	-2.8362403023345744
ENSMUST00000001319.14	-0.19093839174020744	6.349342461783377	-3.4629531767385733	0.004816420815075193	0.018905248440734566	-2.8453767205419487
ENSMUST00000059899.2	-0.22005728857587226	5.464006540556985	-3.465771809894311	0.00479168666600361	0.018833574700518878	-2.7188033443781388
ENSMUST00000076372.4	-0.15524496162560553	5.71096922650775	-3.466094535671372	0.004788862944879514	0.018833574700518878	-2.7612188190889846
ENSMUST00000015800.15	-0.46069606837883903	9.266650155270796	-3.466164224747362	0.004788253416082078	0.018833574700518878	-2.9559397258615867
ENSMUST00000046114.4	-0.3129071551574416	6.770686595591064	-3.4700500789772066	0.004754390987424693	0.01876026749626167	-2.844527227928375
ENSMUST00000022962.7	-0.22263994037980517	6.965470967159468	-3.471453559875227	0.00474222074330988	0.018726932935315545	-2.8483650698267073
ENSMUST00000044051.5	-0.2516530424903962	7.259887351841022	-3.472387160096879	0.00473414264749253	0.018709718507097343	-2.852105996612348
ENSMUST00000063042.10	-0.26726601784914905	5.549840102162263	-3.4765203287991757	0.004698548040444446	0.01858364401845598	-2.7207339799769086
ENSMUST00000160682.7	-0.3576285730768385	5.343363764254743	-3.480379659964936	0.004665558031910307	0.018482222408299807	-2.6309530709838285
ENSMUST00000025050.11	-0.19620786237352217	6.045681797848348	-3.4819067767567584	0.004652569361954316	0.01844529271866995	-2.7717258616244127
ENSMUST00000076657.10	-0.36190903283481735	7.660666990312999	-3.488645883123707	0.004595689786342142	0.01824855194560956	-2.8335109490868264
ENSMUST00000063417.9	-0.30775094213229526	6.796615296616792	-3.491670243287011	0.004570394530345386	0.01816244461466638	-2.805387056007956
ENSMUST00000023064.7	-0.22016789663939296	5.623588249644849	-3.4924874049337333	0.004563584322366465	0.018149717569822678	-2.701805693094953
ENSMUST00000034441.7	-0.2554145391977807	5.5944879872386455	-3.4937819252133164	0.004552816996799756	0.018121220182673713	-2.695517545012825
ENSMUST00000164884.8	-0.38784577301860157	6.174200880963981	-3.4946673020347068	0.004545467695783046	0.018120640235724645	-2.766433812713035
ENSMUST00000005749.5	-0.2191729813834229	5.087771757275795	-3.501187398142309	0.004491717320977751	0.017963298761398305	-2.3264372009184315
ENSMUST00000067936.5	-0.6574446560470015	7.0706559420896715	-3.5054166919637177	0.00445719901911961	0.017839433782967984	-2.788128842300984
ENSMUST00000020440.6	-0.2874578026379133	5.481670029000478	-3.528658303127739	0.004272281151015271	0.017200150617154568	-2.608404158767218
ENSMUST00000135469.7	-0.2582012123439723	7.077939003796273	-3.5409705328105274	0.004177513917070086	0.016867634443643344	-2.7226777321952227
ENSMUST00000006467.13	-0.1960204104987131	8.69915539592057	-3.5421071098472745	0.004168874647708533	0.016846271769174002	-2.786786992012324
ENSMUST00000027961.11	-0.2273939478537219	5.380358275539112	-3.54360908461494	0.004157485931170028	0.016817086104359644	-2.5373135600942094
ENSMUST00000030164.7	-0.11723413616314282	8.374175006373408	-3.5456026664522153	0.0041424186797040605	0.01681166518364941	-2.7629525931127175
ENSMUST00000196709.4	-2.1203687637522846	4.964435938041086	-3.549559626296047	0.004112677496624368	0.016713150634505004	-2.071832436160249
ENSMUST00000036372.7	-0.3237943610177414	6.179714461794088	-3.55175999357272	0.004096233646341279	0.0166597829221851	-2.6619314145488477
ENSMUST00000068045.13	-0.4124866486969925	9.413808398962972	-3.553104112767316	0.004086221804565905	0.016642401143583993	-2.802577341892455
ENSMUST00000016396.7	-0.36469061446217843	8.652181159645789	-3.557922660834312	0.004050535291309781	0.0165139732986868	-2.755058719534837
ENSMUST00000092143.11	-0.1950460915864003	8.892676031381193	-3.558820505543277	0.004043921073786753	0.01650037868793281	-2.7660848785846577
ENSMUST00000027432.8	-0.12260864711468411	7.070294250548297	-3.575430121792975	0.003923533389128097	0.016035171795859834	-2.6589923794867225
ENSMUST00000001419.8	-0.19879802962670112	6.530102114906527	-3.578163794641942	0.003904073552251171	0.015968613041768814	-2.6413286995571204
ENSMUST00000024697.4	-0.27483953651988724	8.052213812931287	-3.583195260994967	0.0038685143346943035	0.015882239473428945	-2.678582094995524
ENSMUST00000054387.7	-0.21337994598704935	5.316522108044259	-3.5846052023753003	0.003858609304872675	0.01587298725495865	-2.420945782196414
ENSMUST00000022369.8	-0.22283453914430318	9.32663075166851	-3.5859297173103455	0.0038493280377942343	0.01584776543219541	-2.737660513155139
ENSMUST00000042390.4	-0.16643441134753623	5.7130768944076475	-3.5884304973224768	0.0038318665447362944	0.01580173818571172	-2.5362799794313915
ENSMUST00000038973.6	-0.2612335706273923	5.562943364479676	-3.5885117997441203	0.0038313002190682155	0.01580173818571172	-2.5167911473157973
ENSMUST00000204267.2	-0.29570289065158484	8.664715999736174	-3.594348054867817	0.003790869679119512	0.015697008523168944	-2.6885067226298345
ENSMUST00000060579.9	-0.19636440745023354	6.293575239531847	-3.600771048728399	0.0037468787665139213	0.01554043452129558	-2.5856656654468697
ENSMUST00000028623.12	-0.2044902010488352	6.4491723749241885	-3.601320255580015	0.0037431415896988633	0.015537743678032163	-2.5965051697749386
ENSMUST00000026234.4	-0.4599811679939716	5.899455176620623	-3.6092268806482832	0.0036897603437829815	0.015341474619481139	-2.5181778095307656
ENSMUST00000163242.1	-0.1375884419136293	6.509032646000092	-3.6118003693489946	0.00367255413404571	0.015295215106278117	-2.5790223612651095
ENSMUST00000024107.6	-0.21274062471611188	9.138252328423407	-3.6139731492334537	0.003658090998051134	0.015247602163376351	-2.6765332380308946
ENSMUST00000107924.1	-0.22634069373554944	7.215482550577622	-3.6148250562878403	0.0036524361927658907	0.015247602163376351	-2.58864495842856
ENSMUST00000161807.7	-0.3569337261857113	6.3754254230484	-3.615535411351621	0.0036477278264581015	0.015242291274842782	-2.56623740219094
ENSMUST00000167085.7	-0.3869462255992877	5.134890578380153	-3.615891577393657	0.003645369430549119	0.015242291274842782	-2.177380823478539
ENSMUST00000167199.1	-0.2691989654354021	5.314272910904728	-3.621833001503238	0.003606256999246945	0.015119232469342818	-2.350909056049815
ENSMUST00000033901.10	-0.28482896320938966	5.637108656642998	-3.6269688599857366	0.0035727939553635234	0.015022001092211542	-2.4561603441111926
ENSMUST00000135021.1	-0.8770747025007068	5.615023331569285	-3.6311421780028934	0.0035458366806075275	0.01497292967626588	-2.4456191036902597
ENSMUST00000033163.7	-0.22771447003722844	6.111280936439109	-3.6347838109122423	0.003522484019188724	0.014917186111564368	-2.499517115217917
ENSMUST00000079773.13	-0.27178866573757876	6.48470511641322	-3.635930861151596	0.0035151610140039874	0.014898715300298281	-2.5340807844053472
ENSMUST00000224188.1	-0.4083259540045576	6.14084077762106	-3.6507791125809277	0.0034217622000992536	0.014551889796026497	-2.474310515547012
ENSMUST00000116380.8	-0.48144062150278355	5.572749522220797	-3.6508713842914524	0.0034211898095438038	0.014551889796026497	-2.4036561560621568
ENSMUST00000006367.7	-0.31877680581964896	9.717161664177889	-3.657502998567415	0.0033803077107418832	0.014412142451476621	-2.6231867083643854
ENSMUST00000099546.5	-0.24528191772688324	5.156275310322981	-3.6631177256268495	0.0033460860217306315	0.01427833653547651	-2.11651189953262
ENSMUST00000017637.12	-0.4346626335491681	8.019712262919331	-3.665258752105366	0.0033331302101555762	0.014235125710774793	-2.5258509001191385
ENSMUST00000025253.11	-0.2049398373431659	6.6959694092180575	-3.666437369947263	0.003326020099071505	0.0142168284778494	-2.4808005231590506
ENSMUST00000048792.4	-0.5118500836278228	5.741684191226869	-3.6729998040857237	0.0032867150183933033	0.014086657770712392	-2.384144606057827
ENSMUST00000035840.5	-0.23331494965104227	5.839397402416753	-3.6775120523448614	0.0032599659400765904	0.013993932290550619	-2.3860024638332886
ENSMUST00000173042.8	-0.33154029488987824	6.887543929795568	-3.6781792909033024	0.0032560294699085337	0.013988970335704383	-2.4647877198432475
ENSMUST00000170883.7	-0.23595829999478468	7.781384243924762	-3.684819349254375	0.003217120134956986	0.013833616580315039	-2.4778398764827463
ENSMUST00000120461.7	-0.5205490887165638	5.789685095276371	-3.685073858484393	0.0032156382904786496	0.013833616580315039	-2.367004762620385
ENSMUST00000020397.10	-0.33631783171577645	5.596085896287779	-3.6906161742087686	0.003183541987261335	0.013759793589271284	-2.333878511711977
ENSMUST00000111269.1	-0.6179977801729883	5.388823759458746	-3.691709462565582	0.0031772495149634916	0.013744404393621089	-2.270513576343564
ENSMUST00000028081.12	-0.21836317130595972	6.8515483560903085	-3.701911627136807	0.0031191420709069735	0.013539606349208786	-2.4198875749734157
ENSMUST00000172107.7	-0.21605715790864455	6.928861287178071	-3.7030050510293684	0.003112979408799549	0.01352452452994001	-2.420476112814277
ENSMUST00000195014.5	-0.6902150436130672	7.3627777270792505	-3.7094828970873754	0.003076724955302865	0.013390141219834527	-2.4171478868613416
ENSMUST00000028222.12	-2.3314022179814966	5.562378620328705	-3.710276401033037	0.003072313857293895	0.013382520360212627	-2.2930930358996333
ENSMUST00000040344.6	-0.1653885054658053	7.41423973461449	-3.721618947296083	0.0030099654099402066	0.013167944328181894	-2.39596763305203
ENSMUST00000028972.8	-0.3862118638283141	5.54389949708563	-3.7217311328264198	0.003009355271541164	0.013167944328181894	-2.269116642246317
ENSMUST00000099556.1	-0.24215934829483832	5.924408111880129	-3.725599070288196	0.0029883963795704774	0.013096360788866787	-2.3071816589666403
ENSMUST00000148633.3	-0.2173091326863279	5.181554487802731	-3.7259606991621883	0.002986444526882651	0.013096360788866787	-2.0315015078791276
ENSMUST00000065112.6	-0.6157395135858215	5.450885322814216	-3.7303942240131973	0.002962621192552355	0.013017421152603405	-2.2285052717774327
ENSMUST00000009102.8	-0.4332249727329316	5.090889152064069	-3.7361437115036886	0.0029320169664977156	0.012916792783231178	-1.9048289124571527
ENSMUST00000042603.13	-0.18463144197502057	6.622294918824313	-3.7407018669553405	0.002907985021275061	0.012844024656662857	-2.3433094378829598
ENSMUST00000033910.8	-0.14040079073620237	6.288140547380276	-3.7444904795587033	0.0028881643643687894	0.01276832593773232	-2.320747342026536
ENSMUST00000101509.8	-0.26567600327118157	6.779032957102491	-3.749056362985901	0.002864461614088072	0.012685833081405891	-2.3308585503006443
ENSMUST00000056815.8	-0.28046608109980387	5.944722165379103	-3.753416835078703	0.0028420117837624653	0.012608607834311255	-2.258546116178067
ENSMUST00000164756.3	-0.20137000054902643	7.92063476185244	-3.7558006485948185	0.002829815272784517	0.012565578673767789	-2.3545347894264577
ENSMUST00000040992.7	-0.2376495564554082	6.8648169907889764	-3.7559295594516535	0.0028291572501144666	0.012565578673767789	-2.3210752445254776
ENSMUST00000006912.11	-0.19865635796543746	5.578374410939889	-3.7566482426754706	0.002825491628202919	0.012565578673767789	-2.210436603030443
ENSMUST00000044011.11	-0.39252445145380044	6.461494708002839	-3.7620189245097184	0.0027982527033109405	0.012458415354298532	-2.3014873480590667
ENSMUST00000094993.2	-0.26141076817706477	6.535854786927106	-3.762145991806183	0.002797611524110359	0.012458415354298532	-2.3029049851213834
ENSMUST00000094761.10	-0.2916239345316205	6.149999907575119	-3.7675522096348946	0.002770471278330008	0.012367560781968295	-2.261070123884414
ENSMUST00000165111.7	-0.5829497689792147	6.113553484030666	-3.7680131481324106	0.002768169836904215	0.012367560781968295	-2.2550666983084957
ENSMUST00000039442.11	-0.27572103648945845	5.408641651116434	-3.769313487711374	0.0027616878976326996	0.012361256061379102	-2.139512697489148
ENSMUST00000019577.9	-0.2659912208076376	6.005216061617946	-3.7719877784068663	0.0027484060797113366	0.012312761341965925	-2.2325521705646745
ENSMUST00000089377.5	-0.3076587406241096	10.527435452311847	-3.774143643725214	0.002737746831838231	0.012275939671103514	-2.4339670801849485
ENSMUST00000039926.9	-0.4824579301630809	5.846684765667251	-3.7791603508435654	0.0027131069449318596	0.012187179499957308	-2.2002959367461754
ENSMUST00000055518.12	-0.2650367521047965	5.977719963425507	-3.780278332313675	0.002707647045386964	0.012173523043200907	-2.2136053096726505
ENSMUST00000023086.14	-0.46380589981991616	6.957654860874942	-3.783569197291766	0.002691640896618469	0.01211238403478311	-2.2733877563717915
ENSMUST00000020358.11	-0.49854840172665416	7.974668446668819	-3.79816477180615	0.0026218152002862117	0.011851170056280263	-2.279331736775166
ENSMUST00000033720.11	-0.5122072909005935	6.697605388576611	-3.8007949795738933	0.0026094317095005297	0.011816427480195468	-2.2339736548289446
ENSMUST00000052798.13	-0.26342282597252975	7.742885082180281	-3.805639500606704	0.002586780096447732	0.011724406004710395	-2.2537889737059027
ENSMUST00000099329.4	-0.21047940785938746	5.17315705914624	-3.808982223655826	0.002571268519422186	0.011675137113008138	-1.8710301009730435
ENSMUST00000026506.4	-0.19283263649163107	6.212518766856004	-3.8092374808078233	0.002570087964477074	0.011675137113008138	-2.19290624114916
ENSMUST00000114143.9	-0.3106504743720109	5.418082805641736	-3.818452928260832	0.002527838356545045	0.011498693283705353	-2.054642076896859
ENSMUST00000027781.6	-0.3350979855040226	7.288098506003842	-3.8333606096831425	0.002460999442739929	0.011255716542204166	-2.188209766921262
ENSMUST00000161567.7	-0.2031477346880486	9.633543758836758	-3.8441300682552875	0.0024138485526444113	0.011050111072205672	-2.2763692793924966
ENSMUST00000189707.1	-0.45997692840503035	5.4875418789269474	-3.8477724413829075	0.002398112880807588	0.010988074593208538	-2.0249454256858304
ENSMUST00000227759.1	-0.3319447310444037	5.41265555194358	-3.853101452326138	0.0023752807963548332	0.010903319056990114	-1.9885898414295529
ENSMUST00000097625.9	-0.3138925584339809	8.306363226309013	-3.8576676990179544	0.0023558949608401035	0.010834101963424643	-2.185260882731564
ENSMUST00000045467.13	-0.3770636067341675	5.160595121411049	-3.8579679603810013	0.002354625938031995	0.010834101963424643	-1.7680364668564659
ENSMUST00000030851.6	-0.24842538984678963	7.334935840660678	-3.862087004930176	0.0023372881644389792	0.010787978674580279	-2.136492937583726
ENSMUST00000079764.13	-0.3797620192903759	5.926951948463823	-3.86514064006997	0.0023245198322548793	0.01073889740686345	-2.051888903969102
ENSMUST00000110690.8	-0.17334186308086075	9.011007890673696	-3.873070627804684	0.0022916963718360808	0.010643577798595531	-2.193578494381126
ENSMUST00000044691.8	-0.2536504235456549	5.138498269115297	-3.875805051944797	0.0022804892384979715	0.010622444561865894	-1.7105321284452977
ENSMUST00000009220.4	-0.3411982979027801	5.829063775107573	-3.876511430769378	0.0022776033122737537	0.010619668456023407	-2.0203524847308794
ENSMUST00000021559.13	-0.2934610229530765	6.33894257536722	-3.886890631062987	0.002235630269757601	0.010453025917426107	-2.0649265634734713
ENSMUST00000015236.3	-0.3454401734401191	8.142848432115665	-3.889646504659121	0.0022246201879589107	0.010420916355327076	-2.1191574396055133
ENSMUST00000030738.7	-0.2448266122504723	5.783210184800069	-3.898222025133584	0.0021907161611674822	0.010290843143635485	-1.9760699930302303
ENSMUST00000007012.4	-0.19039711649114732	5.608722595571955	-3.90860764919686	0.0021503680877373896	0.010129683379594388	-1.9367301343522758
ENSMUST00000222587.1	-0.3098772287039946	9.231356269506486	-3.9120369497100547	0.0021372142672475827	0.010100027563798136	-2.132995976558708
ENSMUST00000033828.6	-0.1600947232534775	9.23956506450932	-3.91781343452345	0.0021152446818453294	0.010020523535182535	-2.1228253272834285
ENSMUST00000097648.5	-0.3054635143442965	7.500557490329444	-3.9219610292517837	0.002099614040925352	0.009965243622542874	-2.030958734256692
ENSMUST00000169114.2	-0.33706854733957403	5.22692891792133	-3.9321221214294595	0.0020618225773003816	0.009822944494695285	-1.70676015542272
ENSMUST00000076212.3	-0.47337263731122636	5.1875728192390484	-3.9377173344080325	0.00204131310262396	0.009743687115086474	-1.6545585807114964
ENSMUST00000040687.11	-0.20360948132990675	6.787675757827281	-3.9433193481753226	0.0020209896123808014	0.00966501781358157	-1.9753381175986995
ENSMUST00000030207.14	-0.27466531964070207	6.0781856247149895	-3.9482256948407795	0.0020033615434200736	0.00958983056607649	-1.9204618669908227
ENSMUST00000040888.11	-0.33964642924944677	5.927611282839958	-3.957883444996533	0.0019691244269762482	0.009461953192089308	-1.8827435803266797
ENSMUST00000024739.13	-0.18047659220725443	9.95829350671318	-3.959340823081419	0.001964010675086954	0.009454717395117909	-2.0769633416438884
ENSMUST00000114050.7	-0.4234863070124444	6.62265782194448	-3.9597243314661106	0.0019626672744436123	0.009454717395117909	-1.9422883424703556
ENSMUST00000034720.11	-0.18713567516680918	7.208425757637026	-3.966976536248927	0.001937441241175689	0.009372372004187397	-1.9425218772413464
ENSMUST00000204978.2	-0.2694617157401602	8.033792862354723	-3.9698420368933918	0.0019275664216888467	0.009333577158341278	-1.967808624385471
ENSMUST00000116551.9	-0.3172361487795685	5.5139211384611535	-3.9711651373749435	0.001923024436703077	0.009330920774055899	-1.8072531941243053
ENSMUST00000203220.2	-0.44869310210909763	7.465551520300201	-3.9794602705607764	0.0018947994497666223	0.009219280494947657	-1.9250450245698687
ENSMUST00000041500.7	-0.4705887682846006	5.145670011390318	-3.9802451336371893	0.00189215113732017	0.009215307233163383	-1.5306006414804356
ENSMUST00000180086.1	-0.23309309639320208	7.527459418993215	-3.9805221183999397	0.0018912174389308883	0.009215307233163383	-1.9248765308844824
ENSMUST00000028897.7	-0.34827981135731534	5.982233860703367	-3.986928987131374	0.00186975263591905	0.009132743214862854	-1.8367395251594596
ENSMUST00000025418.3	-0.3655409365297526	5.678999743311746	-3.9887588935064553	0.0018636682748933316	0.009111870836723372	-1.799546184575111
ENSMUST00000027634.12	-0.5075314528227288	7.7752540165615525	-3.993534522478818	0.001847885704623419	0.009043495116693017	-1.9117739341776128
ENSMUST00000049004.7	-0.27914964067103565	5.395397244280074	-4.002807555285683	0.0018176333714436592	0.008912781181026364	-1.7069485332665923
ENSMUST00000031390.9	-0.37175312125118243	6.310322319301327	-4.008922360580616	0.0017979649633492066	0.008824938273765716	-1.8394698782378933
ENSMUST00000021443.6	-0.23140346819071045	5.281976371706098	-4.01678314003174	0.0017730033863819442	0.008719433076136424	-1.6035544631887868
ENSMUST00000121200.8	-0.32570662319961485	6.292034428059725	-4.02888908318546	0.0017352602088209468	0.008575730953416683	-1.8012786125901812
ENSMUST00000087883.12	-0.5256705863362026	11.224461248623847	-4.031036446171975	0.001728652550321214	0.008551475890527068	-1.9860759314292222
ENSMUST00000001713.9	-0.3796549184043956	7.196298111315241	-4.033146530714418	0.00172218495210354	0.008536268467027496	-1.8217963401834671
ENSMUST00000070039.13	-0.19564772079412052	6.8111485927499995	-4.0333458676519625	0.0017215752619723086	0.008536268467027496	-1.8120447265098072
ENSMUST00000148178.7	-0.33393047084532856	5.894167531895031	-4.036888452505911	0.0017107771110284943	0.008504861309865962	-1.7353237693634584
ENSMUST00000015903.11	-0.1614254035742464	7.289413315462191	-4.038382266194983	0.0017062448431671466	0.008490719887214554	-1.8138424222258243
ENSMUST00000002403.9	-0.5681006112201485	6.172877068818681	-4.04228478693915	0.0016944630218187946	0.008440439072049858	-1.7624301068934551
ENSMUST00000134159.2	-0.21820435932805715	5.462049504071918	-4.04315998379752	0.001691832352233183	0.00843568737768597	-1.6621207658430457
ENSMUST00000048249.6	-0.2791986425365849	7.71674295930155	-4.044154181323213	0.0016888491161508607	0.008429166570788672	-1.8166380706673007
ENSMUST00000025106.3	-0.28440656496446515	5.838772946507745	-4.051331345684543	0.0016674738216366672	0.008347324175775196	-1.7031087138441272
ENSMUST00000044895.11	-0.25775357273578514	8.955582059429	-4.054401014162911	0.0016584172837078236	0.008320001398002565	-1.859570342847653
ENSMUST00000113603.9	-0.45056862320239865	5.594442459781652	-4.059839748820265	0.001642496008744243	0.008255142277714572	-1.6599600047690704
ENSMUST00000025804.5	-0.21985945254259587	7.381502830725562	-4.063855463199152	0.0016308420503746961	0.008212979334769865	-1.7693833863568385
ENSMUST00000114472.7	-0.543768152747087	5.810130640354086	-4.068504344603642	0.0016174574181204236	0.008153735742047948	-1.6690593064881574
ENSMUST00000117583.7	-0.3075731815930345	5.993306239533952	-4.07354988506604	0.0016030593831750297	0.008089259535359654	-1.680890739292665
ENSMUST00000056427.9	-0.5008192819972992	6.858893363836884	-4.079045164418696	0.0015875288432323192	0.008018933343676505	-1.730629121943526
ENSMUST00000130451.1	-0.27392519571825336	5.16095412738357	-4.079651528571001	0.0015858247309346158	0.008018933343676505	-1.369329289853038
ENSMUST00000029803.11	-0.2486540810035116	5.386160818037254	-4.080573449098107	0.001583237414461133	0.008018933343676505	-1.5610250828984489
ENSMUST00000179781.7	-0.38122672296498816	7.810685157830268	-4.082850287856816	0.0015768663097605945	0.008007405150314027	-1.7511055559552409
ENSMUST00000036541.7	-0.19734010907824384	5.9951518803321475	-4.086168474429136	0.0015676287836969424	0.007974459464893143	-1.6582674718899248
ENSMUST00000028981.8	-0.19203881676493229	6.621007355255856	-4.088199665441778	0.0015620018043295358	0.007953877608888557	-1.7085457272775377
ENSMUST00000023361.11	-0.19802464047903356	6.369422852512095	-4.088539246094231	0.0015610631117517972	0.007953877608888557	-1.7003134681238157
ENSMUST00000090546.5	-0.19250618804584807	6.59706289578826	-4.094176453405297	0.0015455654160508028	0.007894151886448313	-1.6974626557842472
ENSMUST00000075896.6	-0.1771089152821963	6.693763266568397	-4.103015434573503	0.001521585555200424	0.007779570048997291	-1.6825696221771
ENSMUST00000020317.7	-0.3591775397047856	5.609402725213355	-4.10981876133914	0.00150339105472666	0.007710051372405531	-1.5714651014414658
ENSMUST00000025645.13	-0.4078643614008488	5.452755806234181	-4.111988862724131	0.001497634973636417	0.007691206049698976	-1.534631385469023
ENSMUST00000167841.7	-0.2988599942889465	5.460587790498494	-4.112966129845314	0.0014950502853401098	0.0076907954862434486	-1.5354058413245903
ENSMUST00000113301.1	-0.4683079358958038	5.863916608077537	-4.11405636109279	0.0014921722819665768	0.0076907954862434486	-1.592170500735099
ENSMUST00000060904.10	-0.4878472082184535	6.225199768772806	-4.114583144411836	0.0014907837317792018	0.0076907954862434486	-1.6380328164143423
ENSMUST00000025027.8	-0.5040145383859196	6.48444352331258	-4.120156557690953	0.0014761745119675255	0.0076562926879794125	-1.6487204220565923
ENSMUST00000027623.8	-0.21093332911807217	5.361617383920538	-4.134099426523477	0.0014402732502047184	0.007519138635549931	-1.4505083168484543
ENSMUST00000010520.9	-0.41657374801540037	7.164080871237953	-4.144237998459375	0.0014147368227669555	0.007398691221767726	-1.6197459772805294
ENSMUST00000167504.2	-0.21468571696522254	7.380204362304208	-4.149287736909454	0.001402193425959181	0.007348369922917332	-1.6144407280755235
ENSMUST00000113589.7	-0.5463321821165534	5.36173117987469	-4.153106999611411	0.0013927831226715082	0.0073066651617939085	-1.416354479860642
ENSMUST00000029564.11	-0.6072080290290129	5.084660057514712	-4.153399583846237	0.0013920649287776903	0.0073066651617939085	-1.149061245512593
ENSMUST00000032210.13	-0.4680806107334554	5.358990224084896	-4.158086778440249	0.0013806116888422882	0.007264282848948022	-1.4057947029563715
ENSMUST00000002091.5	-0.2343181567263759	7.908610263317735	-4.1620082227616795	0.0013711046718389499	0.007230636901490312	-1.612639245040186
ENSMUST00000152171.7	-0.5037425772739796	5.3075056802377825	-4.1644931634581726	0.0013651154357475633	0.007206606251045112	-1.3595017906878963
ENSMUST00000055322.5	-0.6322004804130508	5.678387900930085	-4.165568945231706	0.0013625309958503898	0.0072005183194572605	-1.4792956346810255
ENSMUST00000040284.4	-0.24776947121425774	7.255378468576497	-4.180868680787517	0.0013263196605935222	0.007016523882698223	-1.5549341098600262
ENSMUST00000094894.3	-0.2835357525661868	5.78603821618376	-4.180869847118352	0.0013263169385169197	0.007016523882698223	-1.4635499831655459
ENSMUST00000102919.3	-0.2724829068346093	5.136555863662156	-4.190640565965337	0.0013037154461451117	0.006918768364510609	-1.1440707566857826
ENSMUST00000001181.12	-0.3510397758561208	9.14267103195797	-4.1958436496996505	0.0012918432022759813	0.006863002271014215	-1.6120271760654612
ENSMUST00000045791.10	-0.3387791614533757	5.775628267579642	-4.196767579498752	0.001289746765787138	0.0068591077998679615	-1.433856241524535
ENSMUST00000001485.9	-0.26660548951780516	5.744371426976087	-4.207247391427928	0.001266213320224248	0.006755375624653437	-1.411774030450971
ENSMUST00000059093.6	-0.32688751132053717	5.405294490859658	-4.210489080463399	0.0012590244063486334	0.006724152641549867	-1.3374848046319334
ENSMUST00000112571.3	-0.35066963272330565	5.909088756736155	-4.211414722621484	0.0012569794479736825	0.00672036514639277	-1.4214126105110205
ENSMUST00000118808.7	-0.3097106883801306	7.174194042441445	-4.2116239843271766	0.0012565176184011183	0.00672036514639277	-1.4981222819817361
ENSMUST00000023672.8	-1.229159051744098	5.03544696185447	-4.216832883302487	0.001245078444631778	0.0066709155004712195	-0.9772120400901771
ENSMUST00000030814.10	-0.319125186321223	5.636979628811995	-4.21883616827231	0.0012407079023961413	0.006661687787572024	-1.3784110275236143
ENSMUST00000021552.2	-0.6261099776113186	7.322643963301715	-4.218868954777445	0.0012406365051198232	0.006661687787572024	-1.4875541128759284
ENSMUST00000121758.7	-0.592039075359093	5.136383395617863	-4.218870641693167	0.0012406328317364063	0.006661687787572024	-1.0937180352774245
ENSMUST00000030103.8	-0.25478529072874245	6.805794012413278	-4.220671531031103	0.0012367176968902192	0.006661591791279114	-1.4726310357246213
ENSMUST00000012627.4	-0.34981332088719075	5.304049703851091	-4.224283838005456	0.001228903167259956	0.00663370368506957	-1.249407355112301
ENSMUST00000039659.8	-0.21121888482061557	5.542953136988621	-4.2246575483271265	0.0012280976491257087	0.00663370368506957	-1.3550664006314461
ENSMUST00000001812.4	-0.22767309357775467	6.080859936580273	-4.227099680902964	0.0012228472084217727	0.0066152089307203645	-1.4154863044148636
ENSMUST00000218127.1	-0.36271710513810795	11.809024860738457	-4.2301538028385135	0.0012163138156265933	0.006592895017999508	-1.6446236597696577
ENSMUST00000021217.10	-0.3215537246348621	8.214815458415385	-4.234615221614607	0.0012068350159689842	0.006549716251715167	-1.4952506314263685
ENSMUST00000021512.10	-0.3547508469947305	6.452422723205034	-4.240901402729999	0.0011936093272809558	0.006491944351946474	-1.4295126702367522
ENSMUST00000032887.3	-0.33294011519476374	5.109215331346007	-4.241600511656663	0.0011921477825698316	0.006491012439511713	-1.02294790793629
ENSMUST00000062684.8	-0.23952839648475788	5.657202300719264	-4.243661237441807	0.0011878504725903643	0.006474621590034803	-1.3362348557712105
ENSMUST00000002518.8	-0.27905981962722315	7.274365330072881	-4.24570700990387	0.0011836002608681011	0.006458452182676157	-1.438302477527773
ENSMUST00000031002.9	-0.2971763812010728	5.511924092683574	-4.256300464918095	0.0011618430885414872	0.006360427180035062	-1.2916994218717726
ENSMUST00000034607.9	-0.20130543167952641	7.708529516201969	-4.256597199809684	0.001161239662626455	0.006360427180035062	-1.4317478492938012
ENSMUST00000058265.7	-0.39110222525904703	6.016574646593461	-4.25791039043241	0.0011585731278481051	0.0063563592215963105	-1.3512614233381353
ENSMUST00000014698.9	-0.315232796410581	5.299110934374615	-4.260796955090273	0.0011527340766646073	0.006331228318449387	-1.1798973034214377
ENSMUST00000021335.6	-0.3467417600829785	6.011819124663014	-4.261180897400482	0.0011519597312335736	0.006331228318449387	-1.344742345103679
ENSMUST00000025101.8	-0.33366467305433734	5.4985405708145745	-4.26480517027441	0.001144676778194378	0.006300731806450673	-1.2729392150622516
ENSMUST00000068700.6	-0.23211057141546476	6.065612346212909	-4.2691549694096755	0.0011359990210440816	0.006266678810167515	-1.3377577389151192
ENSMUST00000075092.6	-0.3538493842131132	6.67740794409222	-4.29480444252513	0.001086200555806827	0.006038314912999057	-1.3362012571848068
ENSMUST00000027193.8	-0.2940751566583355	7.7694881756173215	-4.3013838107479545	0.0010737962046922954	0.005975973682224207	-1.3542402051319096
ENSMUST00000035735.10	-0.6105727106590102	4.946251836426732	-4.302677049684473	0.0010713753819034694	0.0059757090314372	-0.7205374637312012
ENSMUST00000165682.8	-0.48897489206477207	5.635015112149615	-4.302688360033658	0.0010713542350383298	0.0059757090314372	-1.2277230807471495
ENSMUST00000022097.5	-0.395560067002358	7.078747889549833	-4.307109775345715	0.0010631207136407857	0.005942844789251992	-1.3248711304550325
ENSMUST00000011896.6	-0.1909744304998009	7.283820432994393	-4.308179400452067	0.001061138770888645	0.0059383639113912935	-1.3261515530771728
ENSMUST00000109905.4	-0.25030329213215374	7.965715289472048	-4.313673119461472	0.0010510196692854218	0.005894849449470409	-1.3420100743049046
ENSMUST00000034650.14	-0.2621663185141898	9.437782251537081	-4.316191390265924	0.0010464147653785007	0.005875572192655398	-1.4093180983794458
ENSMUST00000023444.9	-0.24326409620921385	5.755956276329239	-4.341591258129193	0.001001125328314541	0.005665536025591064	-1.1720249746540388
ENSMUST00000154460.7	-0.26720774304417994	5.075411889688511	-4.344999034721685	0.000995206110284397	0.005644737250102369	-0.7998050076721688
ENSMUST00000025379.13	-0.7398601414581663	5.139026126433979	-4.347681433002543	0.0009905724805139198	0.005631336054608555	-0.8687266323774621
ENSMUST00000021603.8	-0.7146135703234178	7.097982532971232	-4.348433101483359	0.0009892780648140449	0.005631336054608555	-1.2511195789310587
ENSMUST00000032157.8	-0.367997605315348	7.1481170052104295	-4.353438760184814	0.0009807028159430577	0.005603988554349456	-1.2428940153411885
ENSMUST00000080536.7	-0.26302815556357917	6.3349997311859365	-4.355701907262539	0.0009768512272131063	0.00559105634142109	-1.2159008449631887
ENSMUST00000163230.7	-0.31358619276672073	8.618883726599394	-4.377905900362883	0.0009398875851581782	0.005435143035552638	-1.2580613280018875
ENSMUST00000029814.9	-0.3483775924417696	5.424504036582676	-4.378781691972817	0.0009384598351834523	0.005433131681021806	-1.0460881104126676
ENSMUST00000094452.3	-0.4347586119139901	6.108051105674013	-4.395390239034674	0.0009118073116339088	0.00529711614876466	-1.1176887863610903
ENSMUST00000128788.7	-0.39778594136750556	6.624731912961151	-4.396008230854699	0.0009108309389672719	0.00529711614876466	-1.1544400371522796
ENSMUST00000035799.5	-0.3679469460806093	9.245101470659765	-4.407128645688599	0.0008934465726698919	0.005220591994311528	-1.2369719999408497
ENSMUST00000024823.12	-0.26912478681677054	7.130385147321269	-4.409529563242198	0.0008897388414842788	0.00520497222268303	-1.1423922579334294
ENSMUST00000057410.13	-0.3216979438811398	6.74430006294032	-4.413114713427077	0.0008842321193776177	0.005190865568948419	-1.1258625987638418
ENSMUST00000014499.9	-0.3060447836586535	5.3906022335201955	-4.421062781099965	0.0008721503017031606	0.0051439486141484185	-0.9536835751718238
ENSMUST00000027777.11	-0.2811823340911541	5.412895245742788	-4.427978274034596	0.0008617780683702167	0.005088738805129766	-0.9531962580296991
ENSMUST00000042405.7	-0.28372402795822094	5.821484132120148	-4.430640829559419	0.0008578189744022426	0.005077279129667862	-1.019811132077571
ENSMUST00000088610.10	-0.4202552856661166	7.189302448707259	-4.443091706992656	0.0008395551531881134	0.0049926737301293125	-1.0833858994309917
ENSMUST00000008966.12	-0.47322180145981285	5.413647057973092	-4.460600779008143	0.000814554744927468	0.004878601097297728	-0.8957630598333903
ENSMUST00000023053.11	-0.7483648323211849	7.4675947304474315	-4.461349556877981	0.0008135030663994775	0.0048781095674085475	-1.0564136432968976
ENSMUST00000020493.8	-0.814619792437556	7.353929442251567	-4.462155387217131	0.0008123728379516503	0.0048771452836930225	-1.052344443435917
ENSMUST00000020820.1	-0.23278972540052045	5.788055928256814	-4.4747876747178115	0.0007948677206858495	0.004777753288853655	-0.9381438543633376
ENSMUST00000001566.9	-0.2637593107753613	8.191804360264857	-4.487618386649113	0.0007774899803469668	0.0046957408056729774	-1.0411543884047534
ENSMUST00000113658.7	-0.4166818117690676	5.048411219528218	-4.4890282668949215	0.0007756047751300622	0.0046899851246145945	-0.5172252205551464
ENSMUST00000023055.6	-0.28821974674892203	5.322878475568604	-4.5001861557469205	0.0007608523266799093	0.004628594988544889	-0.7738531561913558
ENSMUST00000033751.7	-0.4542087065435103	6.256451396663026	-4.5037290267686885	0.0007562295881275367	0.0046060424429414494	-0.9442420640831948
ENSMUST00000017961.10	-0.461781271228336	8.375013691182902	-4.504410716700366	0.0007553434863996357	0.0046060424429414494	-1.0198763239494468
ENSMUST00000022543.9	-0.304376304012826	5.500070921388376	-4.509022318429974	0.0007493774357819931	0.004586518101483221	-0.8386199449187091
ENSMUST00000064798.14	-0.380122611315195	7.778592506515118	-4.5153868636636085	0.0007412242515442326	0.004542142764334999	-0.9726705756110512
ENSMUST00000043152.5	-0.3012626341494391	5.752530814593345	-4.536672677484808	0.0007146226230494319	0.00438982468444651	-0.8250898650601171
ENSMUST00000202102.1	-0.3690486840603011	7.781998378665102	-4.543004581405083	0.0007069032444695468	0.00435303576857563	-0.9238983101719018
ENSMUST00000047923.11	-0.2995341809688643	7.72057587879583	-4.54386812419981	0.0007058572449562137	0.004351921322763126	-0.9193077686909881
ENSMUST00000039769.12	-0.4465238231827735	5.905766199649942	-4.562286716251361	0.0006839277212736413	0.004232867212784648	-0.795517828190814
ENSMUST00000045887.8	-0.3412834255147974	5.942063814909423	-4.577931493277948	0.0006658598729309536	0.004130630111856508	-0.7719609542702575
ENSMUST00000035269.14	-0.46218393048660467	6.085497313940309	-4.581584918048778	0.000661712871701458	0.004115606203094909	-0.784390863932197
ENSMUST00000023608.13	-0.34018890350230535	6.832252218335361	-4.584583054217973	0.0006583298499981299	0.0041041604403229135	-0.824122648114221
ENSMUST00000028553.3	-0.39606986214099926	6.66728595074764	-4.599919241796944	0.0006413053355642448	0.004038056499654212	-0.793078277128739
ENSMUST00000004774.3	-0.2648519769696467	8.298660719867637	-4.6038663543122995	0.0006369985775861884	0.004015964716586608	-0.8401038010418773
ENSMUST00000171737.2	-0.5481512285251942	6.481186603115005	-4.622229169067442	0.0006173564420148077	0.003901909874091077	-0.7513933970692221
ENSMUST00000020203.6	-0.3774456845781895	6.467162669656371	-4.63257891573151	0.0006065656355793188	0.0038385304561000663	-0.7327620695953039
ENSMUST00000023830.15	-0.21128474329627256	5.716782866297189	-4.642108222049022	0.0005968045684917687	0.0037910653839420307	-0.6357013393180582
ENSMUST00000031866.8	-0.29135665482673634	7.564203472604415	-4.645573418450168	0.0005932959444635974	0.00378310760024887	-0.7334010116628589
ENSMUST00000014370.10	-0.5454003687171483	6.036273273749216	-4.651681710015853	0.0005871635311024028	0.0037535193455860076	-0.6544575756531961
ENSMUST00000017590.8	-0.7734772783717156	5.035031408602209	-4.654279849298236	0.0005845752619733497	0.0037417279172874333	-0.2180574654950025
ENSMUST00000060232.7	-0.15058048840274552	8.345796261912415	-4.662396260031266	0.0005765662799580676	0.0037046040286960896	-0.7392425673643324
ENSMUST00000065587.4	-0.3976050907261932	6.637996057448992	-4.664780647292397	0.0005742353285033847	0.0036943451888753562	-0.6786822592984123
ENSMUST00000040576.9	-0.44136713479177114	5.483480054170278	-4.665692040900213	0.0005733469659624586	0.003693352862685185	-0.558806569205081
ENSMUST00000058914.8	-0.45680475033907086	7.511992053891348	-4.674638093070546	0.0005647029205272084	0.003655231111765457	-0.6806739942191466
ENSMUST00000038108.11	-0.4831977403975314	6.1511121341201385	-4.682694528049467	0.0005570351286797215	0.0036160564288873274	-0.6156497352097778
ENSMUST00000107377.9	-0.7658334558211175	6.440838604792139	-4.685268212547964	0.0005546086225379585	0.003609619637759986	-0.6391003742050749
ENSMUST00000007708.13	-0.20056182399131028	7.699763501672781	-4.689166383331476	0.0005509544145356006	0.0035951383392070126	-0.6623011823136302
ENSMUST00000085585.11	-0.2608427948874814	6.371068843562108	-4.7056316803993	0.0005357953439757251	0.0035098780931534807	-0.5996254674284058
ENSMUST00000094151.5	-0.29221939691657184	7.681874039631239	-4.718129740034123	0.0005245805749238478	0.0034498887221462455	-0.6107461976790791
ENSMUST00000025851.3	-0.24961556727691647	5.453976362601389	-4.722969630660625	0.0005203038941652821	0.003426242004640752	-0.4503778680199648
ENSMUST00000035227.7	-0.26336519180458673	5.461743907197381	-4.727272351470186	0.0005165325237326225	0.0034058651728687073	-0.4452951419850919
ENSMUST00000153892.1	-0.26260475259400273	7.844443175920267	-4.732196730126397	0.0005122513641653828	0.0033865132892457826	-0.5940901305349406
ENSMUST00000005487.11	-0.40342720006343935	5.636757656525215	-4.735500507486181	0.0005093999623579991	0.0033782850993087812	-0.4632665905034994
ENSMUST00000070630.6	-0.41227533440679665	6.385110778716619	-4.737119460263109	0.0005080087601241094	0.003376211455989953	-0.5454736175835757
ENSMUST00000040484.5	-0.3060062201808531	5.675683681604334	-4.7428898997913524	0.0005030823710636995	0.0033523276938032744	-0.4549221089966329
ENSMUST00000106223.3	-0.4429534149984411	5.240556450846283	-4.7458761244110335	0.0005005526156111395	0.0033398941765777753	-0.2770364888280126
ENSMUST00000034965.7	-0.3748326883775288	6.373311165191126	-4.751336237028289	0.0004959615165990136	0.0033172724541826485	-0.5199195022024075
ENSMUST00000026142.7	-0.36432483712036934	6.630041159037065	-4.755514051515661	0.0004924784245857413	0.003307955879961101	-0.519837079699462
ENSMUST00000004208.6	-0.5557489135110751	6.7269536990944285	-4.765429029772669	0.0004843143617843723	0.0032705846364257407	-0.5040187888466408
ENSMUST00000135192.7	-0.4124566772485432	7.5168418126062795	-4.775138152410561	0.00047645710814777595	0.0032305333033577637	-0.5050406510559515
ENSMUST00000112514.1	-0.3796573363135458	9.243008409195093	-4.777246443980875	0.0004747686590107625	0.0032234293164414927	-0.5826006782019428
ENSMUST00000002883.6	-0.8818856198917704	5.735637003934462	-4.811314763894372	0.000448337003595943	0.0030688210409403932	-0.3427790292781543
ENSMUST00000078286.5	-0.17796969387447792	6.359828814671442	-4.811899844063091	0.00044789678414815324	0.0030688210409403932	-0.41349894279152366
ENSMUST00000046520.12	-0.9920735508178353	5.37009717107294	-4.815329705172197	0.0004453252241701648	0.003063119754371804	-0.2521919858637798
ENSMUST00000003622.14	-0.37782360936195936	5.730662890286737	-4.83210629586688	0.0004329680151232726	0.0029921182473697586	-0.306241882451439
ENSMUST00000080622.7	-0.3539354544643425	7.199876560889169	-4.836615950198539	0.00042970800550434535	0.0029736739693154903	-0.3915173453691514
ENSMUST00000049454.5	-0.602337464105088	5.395313852178855	-4.839051251832522	0.00042795824891641795	0.0029656445596398053	-0.22467898522263408
ENSMUST00000002551.3	-0.3747337146771681	6.863777193368831	-4.874007221544836	0.00040364962037965163	0.0028205017224028155	-0.3193557306875192
ENSMUST00000125172.7	-0.303097730532385	6.370919091910935	-4.878842313593381	0.00040040306041834044	0.0028056097450761433	-0.2983172452067908
ENSMUST00000152080.7	-0.3102261127658972	5.456155046639513	-4.883874014008041	0.00039705356131408643	0.002786020177086707	-0.17251262009172486
ENSMUST00000224981.1	-0.9265217834350707	5.268364985201736	-4.906789349208354	0.0003821669804368246	0.0026928320428258605	-0.023956749843946135
ENSMUST00000021790.6	-0.24680078742374434	7.28048913657033	-4.915151280318997	0.0003768816748817856	0.002659315156143427	-0.2569473238533604
ENSMUST00000224380.1	-0.3819118820918268	7.043870977491565	-4.917164624282294	0.0003756206023130312	0.0026541393964000844	-0.24979844586299382
ENSMUST00000021284.3	-0.2320703671580624	7.665745914593747	-4.922304430151972	0.00037242129341949763	0.002635234215462015	-0.25524662659584774
ENSMUST00000043962.8	-0.2219419389091284	6.262958420295101	-4.943569498001787	0.0003594856375875904	0.0025544805687897844	-0.17655214239659767
ENSMUST00000109103.3	-0.395432269194262	7.718221638750533	-4.95787752111749	0.0003510481484464702	0.002508697776753113	-0.19633795605180993
ENSMUST00000098548.7	-0.4362258040448044	5.7549442493440734	-4.96273177223236	0.00034823304418687024	0.002499230307138579	-0.0837588923299668
ENSMUST00000110007.7	-0.5075409761584	5.121009148910367	-4.9645377177801215	0.00034719179019049366	0.0024953169949262478	0.21402023885697385
ENSMUST00000068439.12	-0.38854976919351003	7.92015394054345	-4.969657836778342	0.00034425742328792993	0.002481316757251541	-0.18602292570141188
ENSMUST00000034272.8	-0.19093771439578155	5.880675826245096	-4.983299407973167	0.0003365658233538022	0.0024328486455358895	-0.06089540206159061
ENSMUST00000030805.13	-0.48308524838932687	7.025860488033055	-4.9871170246493906	0.0003344458021450374	0.0024210026339448677	-0.12911597431710486
ENSMUST00000028825.4	-0.29370053724222966	5.6090421421148156	-4.9889337722823015	0.000333441846481345	0.0024207011971827514	-0.022496302464958262
ENSMUST00000005292.14	-0.3711385628644992	6.380811471734454	-4.993255198117014	0.00033106647888705607	0.002406929848671646	-0.10199424371506005
ENSMUST00000020911.13	-0.47093804281642004	5.085477283330949	-4.996259136226795	0.0003294257770002516	0.002400371830049351	0.3053193547817097
ENSMUST00000020439.10	-0.5780961645286773	6.080587538046529	-4.9977171502146	0.0003286325153550178	0.0023996374234413562	-0.060561126295451295
ENSMUST00000102553.10	-0.6225170944865548	6.12079073807199	-4.999393298783441	0.0003277230525833675	0.0023964748220158746	-0.06307568900356308
ENSMUST00000031262.8	-0.3263868513581283	5.565645608526241	-5.002543652650567	0.00032602084868344557	0.002387497656079206	0.006281706653152419
ENSMUST00000018246.5	-0.3085750411256951	7.112314011846304	-5.042572209109957	0.00030518365410896333	0.002257910240914992	-0.0356552992086252
ENSMUST00000170202.8	-0.36598376553952594	6.060675977479564	-5.0467664051508665	0.0003030828384989691	0.002245669750350977	0.025879999503431783
ENSMUST00000103193.4	-0.29911775534503615	5.398373617726306	-5.050240801361578	0.00030135407573355234	0.0022361539159520675	0.13517793412051304
ENSMUST00000139253.7	-0.3136724478947315	7.769862863365615	-5.051108128888828	0.00030092413684572333	0.0022361539159520675	-0.03900136183400704
ENSMUST00000028999.11	-0.3656492480327884	6.116190150502064	-5.071268808878077	0.00029111000192701657	0.002182674246937139	0.06023814688743023
ENSMUST00000163394.1	-0.6326308290498543	5.111780057176055	-5.071426614593638	0.00029103452410987157	0.002182674246937139	0.40259802538012845
ENSMUST00000043503.9	-0.36712683507905464	7.9647087854962235	-5.0841173739380485	0.00028503145966863165	0.0021499149529128725	0.007885417840915565
ENSMUST00000041160.12	-0.36740494147667047	6.486632440656494	-5.085715669984259	0.0002842847088840255	0.0021475020576509495	0.051171131007428095
ENSMUST00000037983.5	-0.2316180333822242	6.463816026105034	-5.093643307789623	0.0002806110803102432	0.002129342903530669	0.06531536289205953
ENSMUST00000034464.7	-0.3886773011062967	8.797772345927847	-5.0971960153860945	0.00027898100821385606	0.0021201713781327943	-0.009126758509218291
ENSMUST00000027916.12	-0.3690587820007307	5.297724631017757	-5.103093622764734	0.00027629699208273154	0.002106136616921549	0.2854443214242801
ENSMUST00000170800.7	-0.35275248754728405	7.267540035188815	-5.10572951601382	0.0002751061871652011	0.00210024162007303	0.06972116465893752
ENSMUST00000032330.15	-0.45157843372019446	7.527678489492131	-5.111919639629336	0.00027233088340530636	0.0020822137908998424	0.07448327638700203
ENSMUST00000035033.6	-0.3441456413010098	7.561454864755408	-5.116709339477374	0.00027020367191275845	0.0020722479777333653	0.08155053478418761
ENSMUST00000043584.4	-0.4757819518183597	7.778284647365217	-5.129073491738296	0.00026479289754091076	0.0020489910761433312	0.0933872094868482
ENSMUST00000049166.4	-0.3468250989621815	5.499792070415513	-5.13641384516249	0.0002616346716274879	0.002028172623972098	0.24620783034172788
ENSMUST00000074425.12	-0.41432300421458823	5.237575057646567	-5.152803127018795	0.00025472531147856486	0.001986857429532806	0.4175519270650474
ENSMUST00000006391.4	-0.45225032813774124	5.516540112522674	-5.157052837583457	0.00025296526809104526	0.0019761929561584604	0.27693662615853576
ENSMUST00000098252.4	-0.45350452150603626	5.589084875913688	-5.15709087826228	0.00025294957124629374	0.0019761929561584604	0.2655603665245856
ENSMUST00000099945.5	-0.47899761957678244	6.1794784644317495	-5.1597426691548325	0.00025185787740956603	0.001973671310354403	0.20217902603698512
ENSMUST00000030455.14	-0.17189762630779448	9.165412936889718	-5.167363336224566	0.00024874810774705664	0.0019523427926293946	0.09269109279725818
ENSMUST00000025045.14	-0.7428975540620044	6.588117883844852	-5.172853684555671	0.00024653272677125146	0.0019379783568533847	0.19757491311172792
ENSMUST00000070215.7	-0.585114310873367	6.0968646985212755	-5.181916497262161	0.00024292116762401525	0.001912576516927106	0.25035188214132464
ENSMUST00000031795.7	-0.34391439315716	8.801838865277945	-5.183476669377172	0.00024230507554634986	0.0019107160424352448	0.1372684684839136
ENSMUST00000062802.4	-0.47771560603404684	5.541215054699379	-5.185183156609292	0.00024163308903846372	0.0019084082746507237	0.3195112193302876
ENSMUST00000027384.5	-0.3566623023160904	5.476095817074728	-5.186755383146924	0.00024101570891443456	0.0019065252068372958	0.33711988737744303
ENSMUST00000025364.4	-0.22859715122181967	6.811692240481104	-5.201516808172142	0.00023529957414676405	0.001868171533718211	0.24199703137009188
ENSMUST00000027123.14	-0.34608403069877536	7.272481346491623	-5.201814548535151	0.00023518575851786997	0.001868171533718211	0.2324227846278255
ENSMUST00000024763.9	-0.486936864041005	5.808718422970851	-5.202271292709527	0.0002350112740260776	0.001868171533718211	0.31794247973433887
ENSMUST00000021018.10	-0.31414684520013747	6.464386778232111	-5.207324000681515	0.00023309011971293014	0.0018613910988503992	0.2578379191645368
ENSMUST00000006035.12	-0.26399817334084474	7.268611547397997	-5.211728132205136	0.0002314290606360523	0.0018540121083757627	0.2492113127582476
ENSMUST00000059099.6	-0.3757575109374587	5.813666326658905	-5.219454099418639	0.00022854518994570974	0.0018338291078418912	0.3463692653199155
ENSMUST00000025903.5	-0.3530174761696401	5.763576798469673	-5.22325210673705	0.00022714140978289315	0.0018254767294213028	0.35747515175623334
ENSMUST00000068795.3	-0.19039587072304975	8.823171891702826	-5.22833199968951	0.0002252780155826143	0.0018133979142338121	0.2120421132799617
ENSMUST00000215907.1	-0.6029465280591984	5.096814218035686	-5.232752259275215	0.00022366968904801782	0.0018062314696638485	0.6852781604062157
ENSMUST00000026666.12	-0.6417893176191081	5.413082520300103	-5.233315124658116	0.00022346575848432228	0.0018062314696638485	0.4364571250469309
ENSMUST00000144531.1	-0.5898741467017574	5.576902371812323	-5.233396471086215	0.00022343630223687502	0.0018062314696638485	0.3953955117915733
ENSMUST00000061260.7	-0.3519402870741155	5.147262340639024	-5.235054261296822	0.0002228368923182218	0.0018062314696638485	0.639377675042633
ENSMUST00000007959.13	-0.16367986341878016	9.198581448589717	-5.236296356040058	0.0002223888963878927	0.0018062314696638485	0.20775139952815458
ENSMUST00000130181.7	-0.6328005354727733	6.271757637669166	-5.240574985071632	0.00022085294036129687	0.0018008284326704775	0.3276071877443636
ENSMUST00000021728.11	-0.38876418034126203	5.360103403087834	-5.26266971345588	0.0002130972591385505	0.001746078681964247	0.5126146760048238
ENSMUST00000035775.8	-0.3640380361216069	5.418053279581579	-5.263363478423004	0.0002128584318647821	0.001746078681964247	0.48434824949888444
ENSMUST00000029125.9	-0.29863615208802585	5.5759932073295255	-5.280569297430124	0.00020702472654738263	0.0017215560318345157	0.47445927861075177
ENSMUST00000114276.2	-0.26757091077014206	7.681335433106156	-5.285909567783141	0.00020524854453993552	0.001709611635066913	0.36262395290348515
ENSMUST00000028844.10	-0.29998300752145024	5.805881939902276	-5.286386575688087	0.00020509067437069698	0.001709611635066913	0.4592630899139216
ENSMUST00000057679.9	-0.5937461828163828	6.753891833512455	-5.294819067739581	0.00020232089492319854	0.0016908246218581592	0.40037606385604363
ENSMUST00000111247.7	-0.549959582967432	5.710645559076887	-5.2950884328659145	0.00020223307049009007	0.0016908246218581592	0.4831784313711802
ENSMUST00000030623.7	-0.33397548879033234	7.082229106615979	-5.303375243710131	0.0001995507628196095	0.0016760265237820626	0.4059406730808961
ENSMUST00000024857.12	-0.9388130694334773	8.086818629291429	-5.30759212803279	0.00019820024892861827	0.0016674673116385927	0.3802963104704489
ENSMUST00000004050.6	-0.3327697284770963	6.847167081648362	-5.310141201210739	0.00019738855016383596	0.001663420093591723	0.42335292781433687
ENSMUST00000001975.4	-0.27614776632985283	5.767430746217718	-5.3139238291947395	0.00019619050513582732	0.0016616741268322343	0.508833386063845
ENSMUST00000000619.7	-0.2785005669484253	6.198179606140497	-5.321136471041304	0.00019392729400457976	0.0016480544191504066	0.47108996907322087
ENSMUST00000038128.14	-0.3452045579400158	7.300033340180246	-5.328917212444902	0.00019151666106277882	0.0016330852911980343	0.44539320853156994
ENSMUST00000032165.15	-0.36103959358011384	5.45468464938229	-5.339131582577326	0.0001883999114355739	0.001609235915844435	0.5977789303704935
ENSMUST00000067853.5	-0.6743133004645854	5.736578547823504	-5.3555704848902845	0.00018349566490552549	0.001578062718187519	0.5811463033337168
ENSMUST00000024906.4	-0.3172579604528831	8.622253561381243	-5.356026083514403	0.00018336167849041025	0.001578062718187519	0.4364194830444319
ENSMUST00000019382.16	-0.4843528790599647	6.3909826465316115	-5.366894671889498	0.0001801957577034448	0.0015603525938141666	0.5286723719452118
ENSMUST00000010974.7	-0.37187096553192234	7.225187906352341	-5.375356776951335	0.00017777077024364637	0.0015420081811996292	0.5240457548588475
ENSMUST00000032220.14	-0.3353580353978183	5.697577628155215	-5.377207257426536	0.00017724507995888698	0.0015401036222334376	0.621221423658187
ENSMUST00000095427.10	-0.4023721436927925	5.627254632549997	-5.377512303775976	0.00017715857902664812	0.0015401036222334376	0.6295498352685067
ENSMUST00000094695.11	-0.28675632912544824	5.110259844228628	-5.3821297984574565	0.00017585463802428564	0.001534521427704972	0.915561901786961
ENSMUST00000053336.7	-0.32753791337224225	5.73272704698058	-5.426330832302029	0.0001638731644395189	0.0014413389690475867	0.6987462808628067
ENSMUST00000022728.3	-0.28319476505411867	5.618511992701739	-5.430297990259558	0.0001628407661800321	0.001434766890808654	0.7178780824504045
ENSMUST00000016072.11	-0.398829716054971	7.8973237915529175	-5.432358769533669	0.00016230718840557908	0.0014325744997692427	0.5965088919158053
ENSMUST00000035960.12	-1.2926312105932452	4.892887277152007	-5.4376975804210925	0.00016093342769788567	0.0014254508358240543	1.1880128099824665
ENSMUST00000116234.8	-0.285798522467533	8.048778524368643	-5.446893674042727	0.00015859583036369817	0.0014072233202112267	0.6138674466995813
ENSMUST00000033846.6	-0.5142077432619425	5.530548230741935	-5.4531310196381515	0.00015703075248487945	0.0013969363016448739	0.7673368112642969
ENSMUST00000098391.10	-0.5515022691469866	5.185936490317418	-5.461003378226241	0.00015507866077288534	0.001383334649553876	0.9724963224361654
ENSMUST00000165774.7	-0.5023094514069069	5.182779295271836	-5.461891686025131	0.00015486000329025277	0.001383334649553876	0.9769070907542785
ENSMUST00000162415.8	-0.48584565638171906	7.38919248224993	-5.466457434592921	0.0001537412669115928	0.0013762852559292232	0.6721765797184718
ENSMUST00000047978.8	-0.2520907908945462	5.25934773482235	-5.470986872351046	0.00015263985728371622	0.0013713055749899577	0.9258280430563337
ENSMUST00000043964.12	-0.31998295615322014	5.3393411985526695	-5.473118842622368	0.00015212431951823946	0.0013691188756641552	0.8717313314469148
ENSMUST00000071006.7	-0.348863989838919	6.716001956442742	-5.474595555504198	0.00015176830952693025	0.001368362661702484	0.7000417116003437
ENSMUST00000168864.3	-0.26494048918011526	7.464200474503925	-5.48112250936047	0.00015020527995639196	0.0013591416609003738	0.6946620617648147
ENSMUST00000045855.8	-0.3832885675693056	6.664376907796634	-5.491657608199093	0.0001477181695737663	0.0013463226650826418	0.7290343149002796
ENSMUST00000108883.9	-0.262086938981998	8.63842818985139	-5.493005654853426	0.0001474030776296847	0.0013458890808619667	0.6630425971707741
ENSMUST00000026148.8	-0.3373278508615094	9.572867618184496	-5.497301163322526	0.0001464037734154921	0.0013391952437333467	0.6266504441954197
ENSMUST00000029698.14	-0.528609979709139	6.841087453426939	-5.50215816927627	0.00014528245690149098	0.0013313589083267779	0.742205597034312
ENSMUST00000019950.5	-0.3530828190277546	5.09278578339311	-5.508097124917308	0.0001439236705349521	0.0013248075460279263	1.1361264982086086
ENSMUST00000121783.6	-0.24252050126456304	6.530004367543139	-5.527911653512127	0.0001394865456578184	0.0012923698180561406	0.7900784145611315
ENSMUST00000038377.8	-0.6181965321425116	6.7029150487926	-5.530320523931589	0.0001389570564678117	0.0012898393931541708	0.7920279704497748
ENSMUST00000155737.7	-0.34262609507413977	6.025713568843002	-5.548574203385634	0.00013501312254613512	0.0012625483634379291	0.8690284599543201
ENSMUST00000075242.6	-0.43861681384327333	7.509077622152129	-5.572100546009494	0.00013010363684332863	0.0012257516796981016	0.8430578046275237
ENSMUST00000022993.6	-0.20225946291455976	6.793011349640147	-5.57256709299358	0.00013000820732938487	0.0012257516796981016	0.859246729186685
ENSMUST00000033824.7	-0.20971988776295625	9.717480315032214	-5.573924582044354	0.00012973096130554788	0.0012257516796981016	0.7473125757510921
ENSMUST00000017332.3	-0.41503430869726365	6.573797792154272	-5.582754051585329	0.0001279428633295285	0.0012144915951148262	0.8794075494025471
ENSMUST00000106113.1	-0.2909271898191639	5.152774594713804	-5.603325592569565	0.00012387712164219653	0.0011848399220188036	1.2327223001892147
ENSMUST00000094578.10	-0.7826619607993175	6.4950108081467866	-5.611343867502268	0.00012232959560944047	0.0011722670390687524	0.9271748003881646
ENSMUST00000033156.4	-0.7390732918787339	5.791052099568647	-5.623146525429482	0.00012008876586880787	0.001152989658561016	1.0155935945997294
ENSMUST00000038446.8	-0.31920671450554217	8.206595952502475	-5.627431710259273	0.00011928596494892905	0.0011474716819465814	0.904163412210325
ENSMUST00000034300.7	-0.2584384014506176	7.541056993939613	-5.644599264777603	0.00011612620877512561	0.0011235210698993404	0.9604634687645897
ENSMUST00000010807.4	-0.35504903729843473	6.685877871642968	-5.648265247170997	0.00011546301217088693	0.0011192570601767477	0.9850630370639948
ENSMUST00000102980.10	-0.43886298887375386	7.053236529133618	-5.65125979668487	0.00011492425433989111	0.001118344146197277	0.9804615475960752
ENSMUST00000034472.15	-0.2810841386306562	6.9417223410238815	-5.654671246385076	0.00011431372920378838	0.0011145588597369367	0.9886003535572527
ENSMUST00000021170.8	-0.44297502154594426	6.69501469590499	-5.658100923731733	0.00011370339911076116	0.0011107607784975521	1.0008873623677692
ENSMUST00000111332.1	-0.4843144955757248	8.217954961612776	-5.662464441250086	0.0001129318652319974	0.0011053700661131885	0.9607586954673337
ENSMUST00000000153.8	-0.30924307312562505	6.243914530197142	-5.665832125997905	0.00011234019626433336	0.0011017222756449533	1.0330184967326312
ENSMUST00000048731.5	-0.282318741279763	5.427067619004495	-5.687232810874555	0.00010865612432082318	0.0010677573842367597	1.176009534695483
ENSMUST00000064405.6	-0.34868270069403273	5.795775739932354	-5.720168420516359	0.00010323398121849603	0.001026423240138841	1.1721204521354753
ENSMUST00000056890.8	-0.5713905766181009	6.7273060412085135	-5.721576702368422	0.00010300861838216016	0.001026423240138841	1.103081558966318
ENSMUST00000084881.4	-0.3481274449648275	7.9119741403644674	-5.725746660713604	0.00010234436151559497	0.0010236470830714875	1.076202305799498
ENSMUST00000024572.9	-0.23597838463767307	5.497923851988677	-5.725880631228492	0.00010232309588691279	0.0010236470830714875	1.2182749010051879
ENSMUST00000151280.7	-0.5452620736422444	5.017818135381097	-5.7265887300735345	0.0001022107744304878	0.0010236470830714875	1.5480506181392268
ENSMUST00000034722.4	-0.37131290766791647	5.483080583709892	-5.732697336768171	0.00010124720453643663	0.001022366008386726	1.2328732032176735
ENSMUST00000107080.1	-0.9832190922580022	5.295717636579617	-5.7503924070943695	9.850986615002895e-05	0.0009991998721790235	1.3488116877703789
ENSMUST00000015994.3	-0.42101934739479674	5.184212692498932	-5.754070548288571	9.795077430035232e-05	0.0009955360515253992	1.443956800154444
ENSMUST00000114840.1	-0.5575754095543699	5.616241777930302	-5.767843355179827	9.588691127445776e-05	0.0009785132872653082	1.2671518248197335
ENSMUST00000033952.7	-0.5839580375422901	6.617895695525848	-5.777528897846646	9.446313073865447e-05	0.0009659431112727046	1.1947661806699568
ENSMUST00000195798.1	-0.6145131152459866	5.083413746466177	-5.77977408291639	9.413629389748516e-05	0.0009659431112727046	1.57470943776259
ENSMUST00000034351.7	-0.6154831765214448	8.01547997246724	-5.789346317182892	9.275621745993464e-05	0.0009543078323945423	1.174233414243698
ENSMUST00000114297.4	-0.35063977524597334	5.206546519807168	-5.801394888054446	9.104950169916695e-05	0.0009405955709414968	1.498522855503702
ENSMUST00000068271.4	-0.41791003763487033	5.780749837442341	-5.8159112924303855	8.903727302706086e-05	0.0009255093400808744	1.3270614657550608
ENSMUST00000034140.8	-0.36037056602597684	6.897391958180831	-5.819470242024023	8.85511649839119e-05	0.0009223621346460886	1.2558581861799158
ENSMUST00000111080.7	-0.47113613287747835	6.151123742783375	-5.824759512144851	8.783390327175066e-05	0.0009167891439007833	1.2999362239090058
ENSMUST00000135338.2	-0.4309563593601151	9.09890764803205	-5.841424904915543	8.561392316154907e-05	0.0008954753584734998	1.2082248608028863
ENSMUST00000030296.8	-0.3180472494345068	6.57041465505164	-5.873254649228076	8.153743975076284e-05	0.0008563984538331688	1.3484851391356827
ENSMUST00000091403.5	-0.41057343147157077	5.09419497749159	-5.8790049867519345	8.082318119178398e-05	0.0008524558167208914	1.7190447355076346
ENSMUST00000027338.3	-0.5039405750574559	4.995593272341829	-5.883334244333371	8.028981333044056e-05	0.0008490543165990502	1.8061142956730887
ENSMUST00000114048.1	-0.34954428422465256	8.719708920502852	-5.885826041755963	7.998451432893456e-05	0.0008489495603140713	1.2969446683148504
ENSMUST00000029970.13	-0.43291119289024493	5.106483623505067	-5.907911759519456	7.733170694647499e-05	0.000826020844262666	1.7526350569208269
ENSMUST00000047275.6	-0.5010764675057189	5.088947698999755	-5.922751436429723	7.560174118319573e-05	0.0008109858419886092	1.7913669244470327
ENSMUST00000035351.6	-0.7864336353376356	5.296535357552757	-5.9295428485022414	7.482374542870535e-05	0.0008060776515028192	1.6316166490021455
ENSMUST00000109845.7	-0.48246009924051414	5.651864415190809	-5.932739618445731	7.446047868216654e-05	0.0008038855541845062	1.525593014774019
ENSMUST00000027377.8	-0.6860282124593606	8.246147034481982	-5.935398016431582	7.415981400608066e-05	0.0008023613425044985	1.3983275716956527
ENSMUST00000094215.9	-0.32125667167560934	5.566736529682914	-5.939169212736908	7.373549791259661e-05	0.0007994898491342102	1.5455120795953707
ENSMUST00000132034.4	-0.31404419385525273	7.437717996090261	-5.940225214118567	7.361714374630301e-05	0.0007994898491342102	1.4381489153682923
ENSMUST00000034015.10	-1.2528412413135195	5.397927278903793	-5.945137841350001	7.306918978653222e-05	0.0007956950082598347	1.5994860455099467
ENSMUST00000002809.13	-0.33728179328050434	7.881342088978856	-5.950750098856689	7.244848635209584e-05	0.0007906471471526988	1.437938886488121
ENSMUST00000084500.7	-0.3717651284965058	9.053341518406565	-5.954810447460344	7.200290722393075e-05	0.000787492665746947	1.391224036014684
ENSMUST00000010506.9	-0.5168392699331861	5.067259844304566	-5.965279489703785	7.086739440894383e-05	0.000776762224992149	1.8754848281607597
ENSMUST00000165576.7	-0.32270211750226707	6.987213399028551	-5.9904896003871855	6.821021021766366e-05	0.0007525560693093548	1.5252758892623843
ENSMUST00000093217.8	-0.49393366930932636	5.4404091499837035	-6.005761204879333	6.665211974823461e-05	0.0007380982710096883	1.6775621623771864
ENSMUST00000025779.10	-0.43408037888525275	6.097478027732298	-6.021336845986375	6.510183394398799e-05	0.0007278385034937857	1.6182752619242224
ENSMUST00000066489.12	-0.3712529102489288	6.4329242168186225	-6.022841267831212	6.495413357563344e-05	0.0007278385034937857	1.5884962603983155
ENSMUST00000138243.1	-0.4838337896904772	5.2702157843585145	-6.03262981786574	6.40017576057601e-05	0.000721957045996814	1.8116392624315933
ENSMUST00000002885.7	-0.3968860065984767	6.600317074682015	-6.04346993153779	6.296433090982202e-05	0.0007128451492789148	1.617528578364884
ENSMUST00000114763.2	-0.2866347973518355	10.696531745944688	-6.045005138661497	6.281885600332113e-05	0.0007128451492789148	1.4770530952003966
ENSMUST00000135091.1	-0.6068119675547878	6.1024809439243155	-6.045021229594336	6.2817333130111e-05	0.0007128451492789148	1.6548195481283408
ENSMUST00000049388.7	-0.5515162529332436	5.085998988401236	-6.057693220646193	6.163010995204158e-05	0.000703086356391658	2.000444875188334
ENSMUST00000032895.14	-0.4540751135911476	6.388532162219021	-6.0596304955882685	6.145071732467774e-05	0.000702633088319213	1.6484326329258128
ENSMUST00000022429.8	-0.4342329894203143	7.970267566989899	-6.0599167989349425	6.142425251925529e-05	0.000702633088319213	1.6062228017022289
ENSMUST00000046792.8	-0.5341203507347112	8.153447180238224	-6.064935593218954	6.0962292898755045e-05	0.0007002312684329604	1.6067095255593635
ENSMUST00000052725.14	-0.4577817994548319	5.038248696217478	-6.072509648725663	6.027209866268674e-05	0.0006954791935137087	2.0610944953297476
ENSMUST00000051484.4	-0.25349056585010565	5.583010373255705	-6.0949706573459	5.827363526516099e-05	0.000675517647509274	1.787700678111932
ENSMUST00000001460.13	-0.3854277358914997	6.311828049422012	-6.1211498164149125	5.603274206840827e-05	0.0006540620077637169	1.7504958429132476
ENSMUST00000218893.1	-0.612318791273756	7.091605523672868	-6.121858546585042	5.597336266558264e-05	0.0006540620077637169	1.7295328036351236
ENSMUST00000110340.8	-0.8556140175688824	5.829647085003896	-6.126699652633303	5.556954345275276e-05	0.0006516791914004641	1.8123976962548705
ENSMUST00000018875.12	-0.24452557526265473	5.8478022214576715	-6.135303248002112	5.485949035318395e-05	0.0006448553644085712	1.8241100528326601
ENSMUST00000132253.4	-0.5238337673501388	6.8810524359048735	-6.145373731315237	5.4040591013276565e-05	0.0006367171273718838	1.7710780103952075
ENSMUST00000015605.14	-0.5399255780518075	5.822463520648134	-6.157307503647395	5.3086944309802465e-05	0.0006284245101708617	1.8605298939362527
ENSMUST00000042148.5	-0.5135597547884894	5.705257091312514	-6.162660883262157	5.26649678128288e-05	0.0006278612631903832	1.879595826844728
ENSMUST00000130216.1	-0.533321903553623	6.838183485952759	-6.163070298548548	5.263284286857742e-05	0.0006278612631903832	1.7999158514803613
ENSMUST00000029385.8	-0.31783161429183693	6.507266839607707	-6.208103978807226	4.9223178237491673e-05	0.0005910305721069705	1.8752639911738491
ENSMUST00000112507.3	-0.32712329150958475	5.989284498005481	-6.212234474515151	4.8922406666039985e-05	0.0005888244687484381	1.9287058705325535
ENSMUST00000136521.1	-0.7838359776902069	5.941020126679237	-6.227456584945329	4.783071738459371e-05	0.0005784527383699302	1.9576202017866713
ENSMUST00000143791.7	-0.32640758903356293	5.884243087061112	-6.237953498222378	4.709300009392009e-05	0.0005722823272282897	1.9793382611050552
ENSMUST00000026700.7	-0.39385805973340027	7.821675437629304	-6.241873104434288	4.682064006131307e-05	0.0005703502182771575	1.8963544651954312
ENSMUST00000021239.6	-0.471755420666935	6.486691406057688	-6.253241809442474	4.604009137942591e-05	0.0005635710455715128	1.9453350584369957
ENSMUST00000098242.3	-0.3123445833295726	5.962698652722019	-6.257545758061756	4.5748210299885094e-05	0.0005613640146798095	2.001549142667562
ENSMUST00000032422.5	-0.4929339232412948	6.185244309275538	-6.278819522529409	4.433408324929945e-05	0.0005453417428538522	2.0076241697419626
ENSMUST00000168890.1	-1.5332024770149904	4.954432712552128	-6.2822724758376225	4.4108971579758316e-05	0.0005443787606136814	2.4227028120436174
ENSMUST00000053871.4	-0.6187902507673275	7.118212968407211	-6.2948612446406695	4.329849182520035e-05	0.0005365387004250811	1.996988996427575
ENSMUST00000003687.7	-0.31447043907840566	7.753508051867225	-6.299874656750845	4.298014208220521e-05	0.0005339088760878381	1.9888531506445428
ENSMUST00000032168.6	-0.4014200467723352	7.079055731619792	-6.307884773301169	4.247665421209935e-05	0.0005302730703252403	2.017549878109307
ENSMUST00000048937.5	-0.3436998284809354	5.217602320363336	-6.317480224086999	4.1881756892636966e-05	0.0005254541619123605	2.2852584255856616
ENSMUST00000102599.3	-0.3331991667570877	6.868363872448333	-6.35338966483492	3.973284446111774e-05	0.0005047877284946549	2.0922323564855247
ENSMUST00000034947.6	-0.3478909907974206	9.475257698523716	-6.359350083662302	3.938764893131842e-05	0.0005016690171480075	2.003669228820608
ENSMUST00000100162.3	-0.3945510936184018	6.890528659163903	-6.371500901701184	3.869377519670576e-05	0.0004940821903924535	2.119216879272501
ENSMUST00000028470.9	-0.5041149264678149	5.067686849514352	-6.406534362343057	3.676496486630334e-05	0.0004765840463753647	2.5354840532575214
ENSMUST00000044165.13	-0.41567314255945575	8.568732127749591	-6.441030143126217	3.4965376803991724e-05	0.0004581010695335478	2.169177471920335
ENSMUST00000048770.14	-0.30204865635599987	9.271322950351644	-6.444312858731051	3.479907266736836e-05	0.0004571126229491651	2.142296350664113
ENSMUST00000006027.5	-0.22168437047733747	8.404838648071244	-6.459405358290765	3.4045232585707824e-05	0.00044955791374985844	2.2047201701961656
ENSMUST00000041477.14	-0.5555301291562662	7.738229197844158	-6.467506906159056	3.364775908162818e-05	0.00044547862089387204	2.2451486145889943
ENSMUST00000034989.14	-0.34374387335962187	6.495902486844048	-6.474568606743718	3.330532815470811e-05	0.00044210845896131007	2.282829249215535
ENSMUST00000067530.4	-0.2731094337952946	5.823930035410512	-6.483183452785529	3.289259609292174e-05	0.0004377847908557917	2.3579339887758675
ENSMUST00000204188.2	-0.38543054983756697	7.395259935828687	-6.490655440018762	3.253902371400388e-05	0.00043422766128687934	2.2908601497991024
ENSMUST00000034808.11	-0.6063109096589345	5.283109468401995	-6.494838757950855	3.234283796518625e-05	0.00043381225007768274	2.5050010196297716
ENSMUST00000040372.13	-0.6719729585693264	6.979340153065928	-6.502051085848113	3.200754968834006e-05	0.00043171577072932666	2.3146806486525584
ENSMUST00000133181.1	-0.27426549747387874	5.422296309107222	-6.534104038836495	3.056158462928579e-05	0.0004189518590461494	2.4912033450844184
ENSMUST00000038794.5	-0.34075221303777514	5.155724688517412	-6.535637523611241	3.0494172524802126e-05	0.0004189518590461494	2.6583141886411408
ENSMUST00000081291.12	-0.4233496669161454	5.171877122717531	-6.551810665889435	2.9792758835985075e-05	0.0004106503279557285	2.6697281178194636
ENSMUST00000001802.9	-0.4631365260402731	5.221101515741722	-6.590640147658213	2.817792093393154e-05	0.00039016809835525497	2.688721063369531
ENSMUST00000008594.8	-0.3972213072979143	6.581598376451905	-6.599295840112979	2.7830809430195863e-05	0.00038678674652849556	2.469058183973024
ENSMUST00000052266.14	-0.4071035361876074	5.27293535841708	-6.60098592929679	2.7763566068890714e-05	0.00038678674652849556	2.668927387255205
ENSMUST00000097653.10	-0.7563419897561472	7.804070809010036	-6.609930327909104	2.7410564838407576e-05	0.0003831480917247528	2.4563149688927357
ENSMUST00000026890.5	-0.6472753331436962	8.77225006159614	-6.619498073435433	2.7038246164048246e-05	0.0003810347799757051	2.428579555343884
ENSMUST00000004389.5	-0.44662024358794294	6.788152840564036	-6.622156138767969	2.6935768836947214e-05	0.0003806568905019141	2.5001017618983292
ENSMUST00000026262.7	-0.471469553294499	7.411146808365337	-6.63798487179114	2.6334020046189357e-05	0.0003742555221818606	2.5114169721284663
ENSMUST00000045730.6	-0.6678189887223791	5.686948354144579	-6.646870169190484	2.60025217998875e-05	0.0003716439976569148	2.61450030242393
ENSMUST00000034541.11	-0.3273909369100432	7.350993066478398	-6.669619665776979	2.51738586449223e-05	0.0003618562366931545	2.5595732478147344
ENSMUST00000059155.10	-0.704780257562744	5.681703591935566	-6.672554263998469	2.506902969143676e-05	0.0003613819151221156	2.652985621467998
ENSMUST00000063384.3	-0.31396490092956064	7.042327811200026	-6.720784840884701	2.341116603945835e-05	0.0003404091801864594	2.6398434476284605
ENSMUST00000096246.3	-0.32141079257264327	6.945839416808443	-6.7337279249925395	2.2986425576519866e-05	0.00033715658039496047	2.6610767229984997
ENSMUST00000167290.7	-0.2787997844692338	6.325046410679454	-6.814179581483398	2.0523841477271255e-05	0.00030639598359688926	2.7963191078715335
ENSMUST00000114551.9	-0.6253536384585026	5.2164049848849094	-6.82215650806167	2.0295465806570678e-05	0.0003047954879786779	3.027858531352141
ENSMUST00000027780.5	-0.30026512624474755	6.158694039322981	-6.838777371980017	1.982827411876359e-05	0.0003011275360655656	2.848817079845184
ENSMUST00000025567.7	-0.3242721112467084	6.600977667052081	-6.839087397764628	1.9819669362767956e-05	0.0003011275360655656	2.823023017681874
ENSMUST00000119730.7	-0.804270960269517	5.171158497318523	-6.844184070613664	1.96787805151301e-05	0.0003011275360655656	3.092569282928263
ENSMUST00000002845.6	-0.5395792661472383	6.997462792977966	-6.8460380968471855	1.9627794264775044e-05	0.0003011275360655656	2.8246301668556084
ENSMUST00000167662.7	-0.5513038387758264	7.0747704030906595	-6.848832243547417	1.955122029156945e-05	0.0003011275360655656	2.827392383153244
ENSMUST00000053015.6	-0.30338210618175765	7.779376882070424	-6.869359757614472	1.8998332078653147e-05	0.00029500187866575303	2.8403822070202214
ENSMUST00000110815.8	-0.47514725403737845	6.560647061975457	-6.891391315706776	1.842343059184295e-05	0.00028696061705127515	2.899623677264003
ENSMUST00000097420.5	-0.31582806243556494	6.457612560031733	-6.906353046870969	1.804360586799583e-05	0.00028279557981896266	2.923158316996637
ENSMUST00000172387.7	-0.45167677441638165	6.143612571956973	-6.90871768041542	1.79843444049438e-05	0.0002827476146914758	2.9522030362157743
ENSMUST00000031383.13	-0.477632896468565	6.813835567594795	-6.933481165783551	1.7376052595186247e-05	0.0002740405034682822	2.9568006015162034
ENSMUST00000033121.6	-0.4670432112086669	6.3678785794799415	-6.947255255700502	1.7047234350043008e-05	0.00026970011325492567	2.98655346093045
ENSMUST00000110934.8	-0.37220596858019217	5.98209449937602	-6.95858138872854	1.6781826435124976e-05	0.0002663387028237027	3.042685819502587
ENSMUST00000027425.15	-0.31929449681189404	7.572523365117455	-7.002178300096681	1.5800620804017918e-05	0.00025316217600322976	3.04079501887004
ENSMUST00000078976.8	-0.38855036648151753	5.748993944707187	-7.014800332840145	1.552810745762394e-05	0.000250593962945555	3.14421277873514
ENSMUST00000057428.11	-0.5803198194252577	8.378595985527754	-7.026316420171366	1.5283843791163666e-05	0.0002483545583750247	3.0435188245128995
ENSMUST00000090945.4	-0.3195756677454913	5.564179410966391	-7.048830406983077	1.4818069824123584e-05	0.00024442527634480575	3.2108727214913184
ENSMUST00000070681.6	-0.4344991733941095	6.117846599225641	-7.062235372674074	1.4547957807436487e-05	0.0002415537152779306	3.176005388251397
ENSMUST00000032440.5	-0.37669646914859456	7.671173442332278	-7.062283140701287	1.4547004722843977e-05	0.0002415537152779306	3.123775775856096
ENSMUST00000028916.14	-0.5255937619689526	5.032498201030937	-7.090575096778197	1.399405089800668e-05	0.00023468023355957202	3.5201360963882085
ENSMUST00000049531.9	-0.34064774377655915	8.733908995015012	-7.104866537512292	1.3723297830556577e-05	0.0002309094026271911	3.140194674037663
ENSMUST00000003554.10	-0.6881989153288339	8.07204953144007	-7.116110693055111	1.3514206881737698e-05	0.00022815427792624953	3.1842120363491393
ENSMUST00000003061.13	-0.4886569521442592	9.558371477629784	-7.134219117383175	1.3184586586898806e-05	0.000224853068198942	3.147315897048218
ENSMUST00000025472.6	-0.850040876955168	5.349659117057546	-7.179867717023667	1.2391157073435193e-05	0.00021422649909433832	3.4555528349543865
ENSMUST00000050884.13	-0.3934128486929982	8.295573962979752	-7.18102074491255	1.237178837403569e-05	0.00021422649909433832	3.2680810017862214
ENSMUST00000023477.13	-0.3513927511120256	6.242263659911875	-7.185949428641655	1.2289359411572124e-05	0.0002139369107253265	3.338315173529388
ENSMUST00000015011.9	-0.3726581395772941	7.405563615085019	-7.203310722782313	1.2003642272506638e-05	0.00021004894188490414	3.331785698963624
ENSMUST00000018816.13	-0.49248645276225833	7.693239843856716	-7.229894073856691	1.1579815744101946e-05	0.00020513398946682006	3.3611784546348105
ENSMUST00000009157.3	-0.7357749258655177	7.5280598226938125	-7.233252747532045	1.1527415138473795e-05	0.00020492729880445816	3.371309092832117
ENSMUST00000043150.5	-0.442038038968402	5.075590403207029	-7.246512875476779	1.1322996401133022e-05	0.000202007074092554	3.710542832148974
ENSMUST00000006137.8	-0.3330963878172222	5.93865137103337	-7.250702629000789	1.125921456677787e-05	0.0002015840159624892	3.462207587885663
ENSMUST00000031051.7	-1.0231965742205977	4.925109451862858	-7.2612848917704635	1.1099819990515033e-05	0.00020087479990029184	3.7627833986959116
ENSMUST00000042096.14	-0.46184792362875005	5.363307214566497	-7.268903380452745	1.0986559934345607e-05	0.00019954289902416152	3.5736774336769432
ENSMUST00000003911.12	-0.6715003664190045	5.61645705821368	-7.27572062796941	1.088625764642486e-05	0.00019843754427233143	3.5252181540476517
ENSMUST00000006128.6	-0.7757771890386875	6.721795777596423	-7.299861650661816	1.0538861122678511e-05	0.0001942161549750754	3.4805022840118838
ENSMUST00000026576.4	-0.5747779430049809	7.389617541249288	-7.351759321667329	9.831492200499411e-06	0.00018387448795803918	3.540453429020209
ENSMUST00000061242.7	-0.2527245157380378	9.21503340161372	-7.354490942399447	9.795693509485269e-06	0.00018387448795803918	3.4728248166157227
ENSMUST00000004057.7	-0.5465790965368829	7.692122472771043	-7.373280208808344	9.55319703774965e-06	0.0001806847154019492	3.56214523117486
ENSMUST00000018727.3	-0.32781897725420883	5.824985525895704	-7.377277038858378	9.502445581650056e-06	0.00018040303291049596	3.648202717482902
ENSMUST00000060989.8	-0.46598251289860837	7.085194396434908	-7.395615366943402	9.27325239171481e-06	0.00017671868478301976	3.6057369677189577
ENSMUST00000105363.7	-0.9692809595467518	5.122490080445594	-7.426403624990535	8.901639792945856e-06	0.0001703953063843103	3.9261246019099847
ENSMUST00000228198.1	-0.5070941865193328	5.56923585367507	-7.45496487836553	8.571113844152426e-06	0.00016713671996097232	3.777901686762669
ENSMUST00000035325.14	-0.5159130440677009	6.975602160896116	-7.488070113348317	8.204338161701743e-06	0.00016123447379500573	3.735408798274263
ENSMUST00000019723.7	-0.4928530660343533	6.232437918535568	-7.5192127680827445	7.874591130553601e-06	0.00015597270857407546	3.8029650897474347
ENSMUST00000058030.9	-0.3671270659747199	5.8190119035889625	-7.578608571033491	7.284326571105388e-06	0.00014717850192462332	3.9246464127010343
ENSMUST00000028612.7	-0.44547906014322436	6.7757046517666035	-7.611881427299506	6.974498391667232e-06	0.00014205951987237994	3.909962220499594
ENSMUST00000023259.14	-0.3585083509394211	6.383536631217592	-7.627764651015068	6.831595318078976e-06	0.000140741964254508	3.9390366380044526
ENSMUST00000032376.5	-0.8774772636289399	9.50424628476051	-7.634615357185712	6.770928353767207e-06	0.00014018329443540254	3.848103973348455
ENSMUST00000109333.7	-0.8734821564614306	5.623754370366498	-7.6364213538621515	6.755031364581077e-06	0.00014018329443540254	4.019246381342855
ENSMUST00000014321.4	-0.5881223012607686	5.698466399125292	-7.655632965121829	6.588373915191142e-06	0.00013810878819719432	4.038447165197096
ENSMUST00000020637.8	-0.4661952037792547	8.112846961339889	-7.6596234303459525	6.55431212879818e-06	0.0001379696415062077	3.939103246034426
ENSMUST00000022587.9	-0.6422864708681555	7.458767550055001	-7.665703892949493	6.502772246675523e-06	0.00013745986207153177	3.9704797662982703
ENSMUST00000032842.12	-0.5826077867018649	5.483703865264715	-7.688206348810646	6.31577321968548e-06	0.0001346383689332104	4.107485427513533
ENSMUST00000030028.4	-0.3164954811005769	6.758661411054545	-7.7098031323606895	6.1417021267986965e-06	0.00013148469531882657	4.042863823417072
ENSMUST00000026122.10	-0.397530458216826	9.072883479495244	-7.770693763021827	5.677985555059193e-06	0.0001236621009848606	4.049918235706943
ENSMUST00000102746.10	-0.43688632516765313	7.339354053753565	-7.778213431527774	5.62337145542434e-06	0.0001230051382271298	4.1242352383914405
ENSMUST00000025394.12	-0.6698529709619914	5.5134599610958555	-7.793809657532623	5.511882507618096e-06	0.0001216240390167835	4.242553260221152
ENSMUST00000039156.6	-0.5004658131802024	5.674317142367962	-7.79790579882917	5.4829952789646366e-06	0.00012151960021352901	4.2309004851618885
ENSMUST00000036951.12	-0.3777911890896597	8.134985804897392	-7.874216318870422	4.973434968976958e-06	0.0001129416634037314	4.226713966441643
ENSMUST00000038537.8	-0.7647614037164674	7.343237480594619	-7.921274216949657	4.684659574448022e-06	0.00010801169821749612	4.314643597986885
ENSMUST00000040721.8	-0.49433736848822374	6.991367362608335	-7.92446392461515	4.665746247922098e-06	0.00010801169821749612	4.323634204057855
ENSMUST00000013842.11	-0.4027208065479755	7.507693172759185	-7.946478167234406	4.5374216227468466e-06	0.00010568411196314531	4.3448348004148105
ENSMUST00000094815.4	-0.3353487908087338	6.391536674982693	-7.954386266517246	4.492251027834213e-06	0.00010568411196314531	4.375349706128773
ENSMUST00000102694.3	-0.6751279442031057	5.956848119440119	-7.965691575516719	4.42851001220214e-06	0.00010559162972222258	4.429771583977153
ENSMUST00000034749.15	-0.9436388787086623	4.961371846117573	-7.984295190498924	4.325718671760265e-06	0.00010363186017917092	4.671871809041372
ENSMUST00000071135.5	-1.1031816822154035	5.827453369732799	-7.988607220810777	4.302259849005556e-06	0.00010356301100644475	4.47024603323344
ENSMUST00000028205.9	-0.33527146822890863	6.05694938578872	-8.039329739289169	4.036312979103982e-06	9.792500979622184e-05	4.516111130123473
ENSMUST00000117831.7	-1.4941466911743815	4.895091041231808	-8.057035215655759	3.947672242311986e-06	9.735656397584119e-05	4.719668250053255
ENSMUST00000097317.9	-1.1304896993130722	4.905737448302318	-8.118513578485482	3.655721526155878e-06	9.283167003584576e-05	4.800067973550303
ENSMUST00000029708.7	-0.370341574785944	6.651066031197128	-8.184941037969589	3.3660707844195877e-06	8.75422135069211e-05	4.670924480156882
ENSMUST00000113607.9	-0.3933174636519743	6.783956968187022	-8.210754451805757	3.2602357977864594e-06	8.678437195060146e-05	4.702148214879708
ENSMUST00000227458.1	-0.7645808558913885	5.674295804870418	-8.290891481512336	2.9537794460147826e-06	8.076339343967593e-05	4.8712159694255845
ENSMUST00000150660.1	-1.0346698482028822	6.130886770317108	-8.362638846263328	2.705525113692464e-06	7.47884442142131e-05	4.923949445919129
ENSMUST00000002418.14	-0.4414741768614663	5.956437449471886	-8.377685207465019	2.6563568874472928e-06	7.424517500415183e-05	4.959820884183252
ENSMUST00000052168.5	-0.9973245996568734	6.523432173106871	-8.430062807595618	2.4925335398199047e-06	7.084709739454204e-05	4.984647217032627
ENSMUST00000057262.7	-0.5852123460828675	5.96944574121754	-8.467987230297565	2.3806918317147332e-06	6.844148917346755e-05	5.072162955276017
ENSMUST00000112121.5	-0.5374571209620616	6.578716335407935	-8.49786977889405	2.29635850524638e-06	6.643517154492903e-05	5.069376837094321
ENSMUST00000006611.8	-0.7717335960422549	5.65089029744346	-8.501948349812169	2.285098904120226e-06	6.643517154492903e-05	5.138367155178003
ENSMUST00000037190.14	-0.43634140546289046	5.4005613427279835	-8.502121976511372	2.284620893376688e-06	6.643517154492903e-05	5.176858914382976
ENSMUST00000112697.9	-0.633376112185263	5.7800710607597665	-8.518355372331976	2.2403990674147745e-06	6.630263357743371e-05	5.149123081733744
ENSMUST00000034400.4	-0.34746487741226684	6.69736625336159	-8.525740972206412	2.2205844086473925e-06	6.610508970358007e-05	5.10325475703695
ENSMUST00000021958.5	-0.8816561740349664	5.238746510859873	-8.548463592568767	2.1607921310097816e-06	6.509548030604916e-05	5.2976227509113425
ENSMUST00000090147.6	-0.4018212572996136	5.658372428475484	-8.571475331779702	2.101995359690611e-06	6.3705654545804e-05	5.224035511395405
ENSMUST00000177752.7	-0.949948756970846	6.659909417954246	-8.576312117242122	2.089856637069699e-06	6.3705654545804e-05	5.1667639703311625
ENSMUST00000060608.12	-0.8096974948204503	5.173135607747095	-8.610920321652944	2.005165080441028e-06	6.188948171594363e-05	5.400598157531939
ENSMUST00000025215.8	-0.3777485424823537	6.033129126448513	-8.619148191521568	1.985576816248494e-06	6.166319112682823e-05	5.254276303959902
ENSMUST00000004574.13	-0.6228441880050557	6.615798070745491	-8.629971593577626	1.960121360494878e-06	6.125074884875609e-05	5.233704034421593
ENSMUST00000108275.1	-0.9504177929197448	5.479715625021815	-8.664625164151724	1.8809475725386112e-06	5.951602036126888e-05	5.35815926897603
ENSMUST00000029567.8	-0.6559312758207527	7.825037423233866	-8.700518074823782	1.8025470337877385e-06	5.77618734202937e-05	5.296648667531212
ENSMUST00000027068.10	-0.37222247174541856	6.859034419324964	-8.774834872420666	1.6511420101342048e-06	5.424903866452737e-05	5.408083322356597
ENSMUST00000021425.7	-0.38479872665732984	7.439145554292228	-8.781817959336474	1.637633591958028e-06	5.420351711276867e-05	5.407759981353476
ENSMUST00000026839.4	-0.4865675999594883	5.49597419352159	-8.786631139422893	1.6283918217315648e-06	5.420351711276867e-05	5.50380453186998
ENSMUST00000047356.10	-0.7292055960099395	7.739067572286109	-8.823803395040414	1.5588751714157543e-06	5.2284673249284396e-05	5.451055513874822
ENSMUST00000043237.13	-0.6118130185708344	7.177049436446927	-8.861362810760284	1.491859056187246e-06	5.118380377260588e-05	5.5082692388961245
ENSMUST00000034458.8	-0.5152314899185679	7.5224430788471555	-8.89040959979244	1.4421536321082202e-06	5.073758687508011e-05	5.538339795163662
ENSMUST00000020234.13	-0.28833062427722744	10.167824147715738	-9.003537682127291	1.2648629046037812e-06	4.6112501978707416e-05	5.587164440900709
ENSMUST00000030538.4	-0.42164170623155073	7.950471878451676	-9.139133921961712	1.0826293195136388e-06	4.0952692529873064e-05	5.822804115604237
ENSMUST00000023460.6	-0.3987208477585735	6.482871599471866	-9.157503719118731	1.0601960589965348e-06	4.04079270667543e-05	5.873114523201258
ENSMUST00000022282.4	-0.5278371190541726	8.436147429504484	-9.195309299838156	1.0155834290547566e-06	3.930307870441909e-05	5.873481441288078
ENSMUST00000095360.10	-1.04174852733437	5.574065446667072	-9.199085175246747	1.0112397384983212e-06	3.930307870441909e-05	5.98461726609162
ENSMUST00000001507.4	-1.4845092445748955	4.762465959391741	-9.2807931142709	9.219709603168978e-07	3.652311733349853e-05	5.704687730073827
ENSMUST00000159283.7	-0.9352971180452405	6.441157650048614	-9.384720359318669	8.204675655054527e-07	3.328848646820913e-05	6.139878790554354
ENSMUST00000058488.8	-0.6323455869241084	7.838831115500876	-9.408328273680459	7.991268083945825e-07	3.2686235553115e-05	6.142288216562484
ENSMUST00000022954.6	-0.4316417246095474	6.64308271599202	-9.429615297605237	7.803950231719404e-07	3.218169968506584e-05	6.189318417377615
ENSMUST00000034562.8	-0.5721159939232416	7.894625004233868	-9.533730257467136	6.953329832813291e-07	2.915183532406972e-05	6.284868343175122
ENSMUST00000026902.8	-0.5269849369298472	8.157403551564656	-9.54457873683363	6.870607384697755e-07	2.9047080464213788e-05	6.289292241695582
ENSMUST00000097014.5	-0.8184988044339914	8.546324678556942	-9.569412192928944	6.685201676079967e-07	2.8746367207143858e-05	6.304793627795086
ENSMUST00000032372.6	-0.5249907826654825	5.719030197043087	-9.619168315532935	6.329708842002418e-07	2.7452383779408763e-05	6.455997342016278
ENSMUST00000031055.7	-0.5067348258210185	7.397475890350999	-9.655598477019863	6.082333388342386e-07	2.6842297611184684e-05	6.4368226897060214
ENSMUST00000092584.5	-0.7454639163930885	5.796516013606483	-9.674618153405408	5.957329978613893e-07	2.6760113502148657e-05	6.513825122319929
ENSMUST00000064709.11	-0.5575538376609437	5.687298164480237	-9.680452717308485	5.919539205219521e-07	2.6760113502148657e-05	6.526795709015707
ENSMUST00000025811.4	-0.559675336953017	5.879165348957078	-9.695304598800925	5.824501069395788e-07	2.6760113502148657e-05	6.53225639671806
ENSMUST00000095786.5	-0.8284785067602911	5.260787753937922	-9.730275999096566	5.607135402527633e-07	2.6760113502148657e-05	6.651900042411181
ENSMUST00000023687.7	-0.4749542291143971	6.495679637212722	-9.731357845485476	5.600551819855228e-07	2.6760113502148657e-05	6.533910613991128
ENSMUST00000020286.6	-0.9506649932542954	5.418664873905406	-9.825694072477582	5.057228701526376e-07	2.519100752215762e-05	6.715213756265028
ENSMUST00000068135.12	-1.3395538538483613	5.110658905316556	-9.839839716681892	4.980769462369847e-07	2.511794221806379e-05	6.788108884089481
ENSMUST00000022102.8	-0.4749849216780033	6.833129670158351	-9.878431608285938	4.778427574094438e-07	2.4530886862519506e-05	6.694276205362973
ENSMUST00000048260.13	-0.49529742579296165	5.77323730743848	-9.964623221420373	4.3577361542263786e-07	2.2601825352487536e-05	6.836030552773608
ENSMUST00000050715.8	-0.9804995924446622	5.384112590494506	-10.049490779410224	3.982198650479042e-07	2.1313235543149e-05	6.96614793773762
ENSMUST00000035166.11	-0.553844660947922	6.272978296518355	-10.151376219386968	3.576744393473014e-07	1.977428686105795e-05	7.005838993671337
ENSMUST00000022242.8	-0.7640648928305618	7.1925570540688675	-10.191805898550296	3.428368409167578e-07	1.9164579407246758e-05	7.0323205096383745
ENSMUST00000063084.15	-0.6588995286193606	7.1954998897273	-10.309611550987581	3.032549662645904e-07	1.733722426451312e-05	7.158984387062127
ENSMUST00000000188.11	-0.4122674758504168	7.521583927155551	-10.422353661415324	2.6994894566688285e-07	1.5977801713530442e-05	7.275065366921455
ENSMUST00000121805.7	-0.49969556956926997	7.974992455911742	-10.472036948449109	2.5654151270563803e-07	1.536500417169125e-05	7.315679626186974
ENSMUST00000065678.5	-0.6857012746004578	7.685676247495464	-10.531465096918572	2.4143888351944014e-07	1.4996037320818562e-05	7.386689471290129
ENSMUST00000077577.7	-0.8478188252830456	8.60618228314997	-10.548710497259304	2.3723758951868665e-07	1.4919278910856407e-05	7.378569590410476
ENSMUST00000053771.13	-0.6360100388340966	5.2212985392241595	-10.702133874698523	2.0314588576754753e-07	1.3159462921092867e-05	7.6705080217728945
ENSMUST00000021940.7	-0.3968082104014412	6.689212047668246	-10.808243813019248	1.8267377263789247e-07	1.2253756668549826e-05	7.687921472348075
ENSMUST00000025918.7	-0.5853904264514753	7.0873265978241	-10.919516449983485	1.6356953209168539e-07	1.1120517783152285e-05	7.795974180825679
ENSMUST00000004587.10	-0.8086407028948059	6.005698615898275	-10.989085391200028	1.5272682653126342e-07	1.0595355750832694e-05	7.8964751462548985
ENSMUST00000020362.2	-0.44987761495101264	7.939317729378201	-11.056651380371049	1.4293426997771523e-07	1.0272890175112646e-05	7.920340375336526
ENSMUST00000026221.5	-1.052656732674845	6.737405490020771	-11.142960324612497	1.313976701389972e-07	9.656244582218748e-06	8.025776309537159
ENSMUST00000029476.8	-0.5662121520604417	5.96493880637179	-11.186612650381376	1.2594848012188723e-07	9.631826788927506e-06	8.09532537405379
ENSMUST00000001534.6	-0.8732464324721683	10.38252539365184	-11.247579025900107	1.1874163267483306e-07	9.334205531048206e-06	8.051186114927209
ENSMUST00000002655.7	-0.8449158331049045	6.1731488789884175	-11.544266411380798	8.947869556747631e-08	7.260763183870537e-06	8.432417541502538
ENSMUST00000057486.8	-0.8453824435117205	6.143090490606443	-11.553397230042549	8.871160925778788e-08	7.260763183870537e-06	8.442771156720857
ENSMUST00000120381.8	-0.5043784149520834	6.530770772204002	-11.619687605814674	8.335061983297748e-08	7.107406243723893e-06	8.493239262872905
ENSMUST00000032508.10	-0.7642878123754864	7.087013963433556	-11.792059955809517	7.097853366173772e-08	6.3766607652179e-06	8.652149442655261
ENSMUST00000036125.9	-0.6684108564556563	6.463526294004538	-11.797674891939861	7.06103907961473e-08	6.3766607652179e-06	8.663292963843913
ENSMUST00000059844.12	-0.6928194650856501	5.889430049283779	-11.872256426565523	6.591099099360392e-08	6.256569729977761e-06	8.755950155207909
ENSMUST00000024802.8	-0.7917874790079189	5.2599994670322	-12.014663943850906	5.7848311100062245e-08	5.7065657479296696e-06	8.90661840413151
ENSMUST00000102612.1	-1.25424061007004	6.894591791522497	-12.053680753805043	5.5829770974846636e-08	5.7065657479296696e-06	8.899303137895657
ENSMUST00000110731.3	-0.5960718362673916	7.617056487486542	-12.23003372224922	4.7607948408750964e-08	5.322568632098358e-06	9.055284579007711
ENSMUST00000032143.7	-0.5228247887174335	6.7799462673950615	-12.230451779710469	4.759008518486261e-08	5.322568632098358e-06	9.06343868445112
ENSMUST00000037853.4	-0.5623076213421054	6.328732040255766	-12.433648472579986	3.970667583136285e-08	4.756292526371107e-06	9.252336496360037
ENSMUST00000025762.14	-0.5472426361282237	7.623056057514831	-12.75878600874032	2.9874869997168534e-08	4.1750130821043024e-06	9.529876207049083
ENSMUST00000020238.13	-0.935012237590584	9.216719188864916	-12.792667605088662	2.9012771547361998e-08	4.170378675850805e-06	9.529501139070096
ENSMUST00000029625.7	-1.037149410683556	8.55531988238567	-12.83070785852391	2.8076738084916882e-08	4.154531450153436e-06	9.576894606088286
ENSMUST00000019514.9	-0.44348022048228497	8.111887908996245	-12.948642190168735	2.5376125059112678e-08	3.868705611284724e-06	9.68797485897441
ENSMUST00000021864.7	-0.6070536677350278	6.221552338348284	-12.994175596654168	2.4409654255424705e-08	3.837655329970052e-06	9.747754292616314
ENSMUST00000028683.13	-0.7546609396730766	9.167192808575647	-13.15276775888612	2.1341696084334464e-08	3.7024163103547132e-06	9.845060743982632
ENSMUST00000151689.7	-0.6379033454254959	5.338724237913142	-13.344010756911068	1.8184717829370308e-08	3.607515221378234e-06	10.046440195585049
ENSMUST00000034904.13	-0.522760267504391	6.332790872925538	-13.654572985216495	1.4082077970538842e-08	3.2637709383567167e-06	10.298806341448003
ENSMUST00000021676.11	-0.661130001116093	5.26267783152488	-14.115857014012423	9.723455326882369e-09	2.5746686183971157e-06	10.627284132223105
ENSMUST00000043937.8	-0.7482851137704696	7.529888117891133	-14.656031410228092	6.387838694468317e-09	1.8904244983453003e-06	11.086703605218233
ENSMUST00000065906.8	-0.9217618889887973	5.910116563236264	-14.968818179385543	5.040278717360968e-09	1.5848526391901893e-06	11.321074433989192
ENSMUST00000077290.8	-1.0932196886495191	7.356513719865089	-15.289030578985841	3.9729624477577365e-09	1.3325316049779447e-06	11.560332677605306
ENSMUST00000034713.8	-1.8256406089558794	5.426179614621285	-15.973189357174856	2.4253785009453116e-09	9.386214798658356e-07	12.00535923679816
ENSMUST00000009789.14	-1.1210758938906942	6.148997903402846	-17.291011970742726	9.879195564978204e-10	4.5183848079459403e-07	12.913711191050181
ENSMUST00000031080.14	-0.6232552939291214	7.400782070544602	-18.339233077591302	5.054828664583772e-10	3.2981069012165656e-07	13.578128638706197
ENSMUST00000057288.5	-1.2247879075970083	7.59649673014733	-18.389573384308786	4.89920225574666e-10	3.2981069012165656e-07	13.610492110733201
ENSMUST00000024042.3	-1.317886795697742	5.916662258046437	-20.134529799014697	1.7368220728642277e-10	2.1844879621449823e-07	14.529856213388195
ENSMUST00000023100.6	-1.0753206268694928	5.941925228997636	-21.094641049516582	1.0173505671152146e-10	2.0800463340327043e-07	15.021123788941075
ENSMUST00000003912.6	-1.2035156594053955	9.678264713697084	-21.779090333244252	7.046015521731683e-11	2.0800463340327043e-07	15.513978360601959
