gene_symbol	logFC	AveExpr	t	P.Value	adj.P.Val	B
ENSG00000173110	8.61876160056283	5.6313746874774635	50.13742411250124	1.0065870437905694e-10	3.3512921100293773e-07	15.04247256470155
ENSG00000162616	3.46664706845994	7.557379186610172	44.415410918693	2.483494194851799e-10	3.3512921100293773e-07	14.51097458430145
ENSG00000170345	4.702794820467625	6.911080648048078	43.342251854168744	2.9798092264635835e-10	3.3512921100293773e-07	14.317246108249307
ENSG00000130766	3.346553414664344	8.497237391231405	36.96012488823665	9.752827888748613e-10	7.739291754100911e-07	13.29829832106127
ENSG00000162772	4.167438944362143	5.2778277449256645	35.506170126059295	1.3144829204235516e-09	7.739291754100911e-07	12.907109625678618
ENSG00000100292	5.525142924863125	9.483166602609504	35.084439630376934	1.436605080039167e-09	7.739291754100911e-07	12.915174292992429
ENSG00000051108	3.367206837546286	8.22569021057431	33.666975040874455	1.9519243948011506e-09	7.739291754100911e-07	12.643434585533955
ENSG00000120694	2.965470897801458	9.554638690823097	33.62942352695576	1.9681791675587708e-09	7.739291754100911e-07	12.617777795318979
ENSG00000204388	3.9375585048860593	10.42328341825254	33.171148392131165	2.1794240589309073e-09	7.739291754100911e-07	12.50089153285217
ENSG00000196611	4.534854457228243	3.9436911044502097	32.943555691323056	2.2938031280678456e-09	7.739291754100911e-07	12.25057826864057
ENSG00000151929	2.7586875597537084	10.219564537870125	31.840204080634823	2.9542312250275993e-09	8.389551668160595e-07	12.219130294430466
ENSG00000140403	3.1312563190107054	7.898259070044453	31.797479025880268	2.98383580373228e-09	8.389551668160595e-07	12.231216166385604
ENSG00000013441	2.804826832355464	8.291202929109584	30.751266913446997	3.82512537572294e-09	9.833280643787475e-07	11.988462012023225
ENSG00000087074	3.4959800586367997	10.299021469531581	30.35033379842547	4.2164444861939384e-09	9.833280643787475e-07	11.87721579135262
ENSG00000023909	2.757047328951159	8.2177749637255	30.202858037275398	4.371642254203086e-09	9.833280643787475e-07	11.856580645184273
ENSG00000178381	5.433248414124854	6.882588944022322	29.74415619711487	4.897325643652565e-09	1.0327235451052348e-06	11.739119926288566
ENSG00000225217	6.569281925088271	0.04130986496347733	27.810311405881084	8.062044162148762e-09	1.5495604687968781e-06	9.807313220486455
ENSG00000204389	4.270394762631648	6.684873588290446	27.716363319478116	8.266771914150505e-09	1.5495604687968781e-06	11.221497425684028
ENSG00000151012	5.405227557131258	6.785524715660381	26.68046932094108	1.0961864019521536e-08	1.8688172485115491e-06	10.939706125127294
ENSG00000164949	2.117872803298228	8.855765699630597	26.609405660827132	1.1180515272209413e-08	1.8688172485115491e-06	10.915595502311916
ENSG00000006652	2.2927938339321523	7.836755414277794	26.45952067365473	1.1658077427784349e-08	1.8688172485115491e-06	10.871935787965054
ENSG00000144655	2.563113376470608	7.418175534600072	26.221171200668913	1.2465862864399395e-08	1.8688172485115491e-06	10.806319216823312
ENSG00000132002	3.111164034237765	10.876904542663619	26.144395921944636	1.2739418113742038e-08	1.8688172485115491e-06	10.790202946783463
ENSG00000099860	4.429357686993597	6.676820884918385	25.26726105468951	1.6399171701799522e-08	2.258243861247079e-06	10.534086984665308
ENSG00000109846	7.34876448800172	0.42964584152663393	25.198583898866264	1.673269013964937e-08	2.258243861247079e-06	9.562745438876588
ENSG00000123358	2.267562628252908	6.2106049067982045	24.98822225910166	1.780305684085647e-08	2.2875497929498233e-06	10.454478963370757
ENSG00000116584	2.0027372781946315	9.103414940038961	24.769151592604704	1.900094300621422e-08	2.2875497929498233e-06	10.376291011160808
ENSG00000163874	2.2479494921853433	5.999880800467348	24.654885160729997	1.966180912731028e-08	2.2875497929498233e-06	10.355554258078108
ENSG00000128965	4.986306637079584	5.036819352055759	24.39238661468559	2.1280916455720544e-08	2.3676336111991926e-06	10.278191156904489
ENSG00000140105	1.9959179150930133	9.24383282609279	24.319998846596036	2.17535986802534e-08	2.3676336111991926e-06	10.239004697553224
ENSG00000185022	2.9197410960159917	6.896577359862167	23.716357944887687	2.6193276883791904e-08	2.761753631434809e-06	10.052676520854451
ENSG00000115963	2.4582913436207647	5.871933248959929	23.481882667290197	2.8187883416210748e-08	2.881997534736214e-06	9.99187898830482
Novel00424	3.240750130141242	3.4443929971473373	23.312907164378373	2.9732046405174626e-08	2.950468369737035e-06	9.899206361098976
ENSG00000059804	1.945064531947775	7.0236521069559155	23.16880938616579	3.1124816779221677e-08	3.0004323375169696e-06	9.872343255925975
ENSG00000118523	2.661428394597599	4.6454812836692385	23.057412473470784	3.225222802094973e-08	3.016390831317002e-06	9.864111221771422
ENSG00000168209	2.35748722543166	5.898015124055281	22.978545003564843	3.307838196761383e-08	3.016390831317002e-06	9.828546249589357
ENSG00000013588	2.1475731635561406	5.7890582179756445	22.76274492593831	3.546414529948883e-08	3.112065523879118e-06	9.758897269254048
ENSG00000140961	3.888760365753277	6.0268792677594325	22.718903020691588	3.5972304514311084e-08	3.112065523879118e-06	9.740908222523764
ENSG00000125740	2.3821363194310408	8.34537054777106	22.46057438334498	3.913928119874984e-08	3.3013983691145487e-06	9.618431708528592
ENSG00000116761	3.3902828711986794	5.9674830257792095	22.021531483843635	4.527350334821837e-08	3.505332026558725e-06	9.505518234020224
ENSG00000166900	1.7809953097365945	8.470679957791196	21.98577068024546	4.581928486317179e-08	3.505332026558725e-06	9.454086224255814
ENSG00000044574	2.163173284041104	12.789282687585656	21.96367778185923	4.6160187289201157e-08	3.505332026558725e-06	9.50290014322219
ENSG00000158050	3.537877910170005	7.804035252140427	21.923724042124096	4.678400621959438e-08	3.505332026558725e-06	9.434535881689738
ENSG00000143367	1.7976981981368274	6.907251686951863	21.860513466606395	4.7790537410107104e-08	3.505332026558725e-06	9.42923248734473
ENSG00000065911	1.741221144894526	9.052850515253631	21.69247856454193	5.05875772003988e-08	3.5195349810794217e-06	9.35880181656059
ENSG00000073756	5.142144000130504	3.739734375015105	21.56516997965227	5.283029515469303e-08	3.5195349810794217e-06	9.3658391678689
ENSG00000196954	2.0397546373720896	8.498762130222259	21.560761576536198	5.2909947194870546e-08	3.5195349810794217e-06	9.303073037237677
ENSG00000110619	2.1004496241905413	7.458876442431594	21.544780034889556	5.3199847076185684e-08	3.5195349810794217e-06	9.305303820292448
ENSG00000120129	2.8616299465903667	6.7262805241574455	21.370946942872745	5.6472034348619784e-08	3.595031016834776e-06	9.259771935699545
ENSG00000141682	2.114693160927269	6.180683982686682	20.756807028273986	6.9998082189314e-08	4.2970394928455e-06	9.049410143714455
ENSG00000177628	1.7246499671278759	7.616115312828646	20.693692416418077	7.158480446483415e-08	4.2970394928455e-06	8.989645282195328
ENSG00000130066	3.209812373496728	7.728932720875209	20.666326237239552	7.228542006082143e-08	4.2970394928455e-06	8.977250478039885
ENSG00000090861	1.8482284907035886	9.964812370781424	20.654378479586324	7.25937317997017e-08	4.2970394928455e-06	8.999133517802719
ENSG00000106105	2.1342183372220536	9.682547332142189	20.567033709849948	7.48934124146533e-08	4.356730577362763e-06	8.96034299535011
ENSG00000168003	3.30790038539185	10.25427664393085	20.42708442875481	7.875209028252507e-08	4.503551739207451e-06	8.920229874026536
ENSG00000186594	2.5548332953536024	5.888861103761455	20.307333927407	8.223312079907678e-08	4.557290115953661e-06	8.888520119513139
ENSG00000112715	1.8659770916733924	8.196102335093618	20.283865359044757	8.29355520941744e-08	4.557290115953661e-06	8.825820734653075
ENSG00000128590	2.0433734190370227	6.812132936445291	20.21343166124442	8.508479234668113e-08	4.557290115953661e-06	8.82711968122351
ENSG00000153714	3.712288086351196	2.977996122992545	20.171480916529287	8.639481229888019e-08	4.557290115953661e-06	8.857572793931263
ENSG00000101255	3.227815600457564	9.10523199110204	19.9911989010929	9.229056774562932e-08	4.734999299736693e-06	8.72591434490052
ENSG00000150991	2.7020796983282924	12.101929881293852	19.96408501929893	9.321606601718856e-08	4.734999299736693e-06	8.777116379123843
ENSG00000103257	1.9077096395973783	10.079155968933682	19.91590138286209	9.48867872884287e-08	4.734999299736693e-06	8.720345521382782
ENSG00000104804	5.017923284123308	-0.7348391994452641	19.86256790084617	9.677570864458776e-08	4.734999299736693e-06	7.924096273011004
ENSG00000072682	1.6027081623062944	7.970703375280402	19.860965347433208	9.683312142318667e-08	4.734999299736693e-06	8.662895144341446
ENSG00000162783	3.0007713488879535	8.439279248423984	19.787899142319667	9.949217774079022e-08	4.795522967106089e-06	8.633553520529778
ENSG00000127325	1.9713540370442697	5.534296110001968	19.62369331752389	1.0577500114003942e-07	5.02654723727455e-06	8.6357773454744
ENSG00000139112	1.8316552821422185	5.7411715997039146	19.56890641669552	1.0797021121476494e-07	5.059604064425235e-06	8.608089651455995
ENSG00000198431	2.1762391351824064	11.335293941000288	19.38144168983758	1.1588099403814546e-07	5.269548061083969e-06	8.538870109233173
ENSG00000160570	2.2172206992151446	8.360540263568755	19.357409719342183	1.169417430225648e-07	5.269548061083969e-06	8.460586683227781
ENSG00000287250	3.7091399385819805	1.5629019870707002	19.35304048513206	1.1713577492036089e-07	5.269548061083969e-06	8.41570168261518
ENSG00000198576	3.5172985733190236	5.509046688395783	19.23716876934447	1.2241683479894412e-07	5.434663165942598e-06	8.483893844257008
ENSG00000243742	5.492447893956374	2.344956068210528	19.044304824090467	1.318154510481288e-07	5.701863228671622e-06	8.41035974734211
ENSG00000153879	1.6156621380702534	8.20097404204357	18.989525038228393	1.346319524335537e-07	5.74997731026342e-06	8.309471249986094
ENSG00000136158	1.8315363175878803	7.038223051684051	18.852301873491733	1.419910937169787e-07	5.9884743775135764e-06	8.27710886365298
ENSG00000116741	3.4919811077263603	5.641277367491749	18.72705541672899	1.49107221327486e-07	6.143372686541347e-06	8.272533029790772
ENSG00000120053	2.066213423795139	7.397209770420182	18.723664059018148	1.49305441700175e-07	6.143372686541347e-06	8.213271015448289
ENSG00000140941	2.071856540809703	9.737990455495952	18.631505970444923	1.548077845878868e-07	6.279902443507456e-06	8.193395463437724
ENSG00000164744	1.9019613802425424	5.935771451854034	18.60640217649615	1.5634611892549683e-07	6.279902443507456e-06	8.212811364478068
ENSG00000135069	1.6890930917585933	9.221811941638606	18.357674185837023	1.725594779844807e-07	6.692134238156757e-06	8.062870666946862
ENSG00000074935	1.703181224016177	6.477623880492228	18.308771649258194	1.7596631748041516e-07	6.732951260620905e-06	8.06966785169193
ENSG00000131015	2.5760745864177803	6.522418790766419	18.25825352889668	1.7956582983330945e-07	6.732951260620905e-06	8.046489183803764
ENSG00000154803	1.659317419894962	6.279576432184946	18.22436993955603	1.820267572744151e-07	6.732951260620905e-06	8.040537085336542
ENSG00000172432	1.4705761464752873	8.324383741792513	18.176280600516037	1.8558520072250864e-07	6.732951260620905e-06	7.96581140839898
ENSG00000156510	5.490131513022533	-0.4986307119034013	18.087955013956247	1.9232790706933302e-07	6.903344238850315e-06	7.5252360522380695
ENSG00000255150	4.269566961494973	3.1574563043530848	17.95361810415812	2.0312107082296151e-07	7.096323781740183e-06	8.032001884242662
ENSG00000196352	1.747885090422729	7.12503113666545	17.94586476828475	2.0376461150163387e-07	7.096323781740183e-06	7.888464339812453
ENSG00000135269	1.6580158420183055	7.362854019784537	17.83001158880721	2.1366059613470787e-07	7.1679582074520695e-06	7.830488293735948
ENSG00000115295	4.831649781338156	-0.82784776795345	17.821190474782952	2.144360773822438e-07	7.1679582074520695e-06	7.343171675223768
ENSG00000132823	2.4533349317603346	7.710798575323859	17.819655293994916	2.1457136305650828e-07	7.1679582074520695e-06	7.817113398963792
ENSG00000140678	1.9894869115117775	6.373252563241468	17.744937343339735	2.2127395880754986e-07	7.204218622801721e-06	7.829534245796822
ENSG00000179148	2.6062184288631967	4.675394367351592	17.736316043565555	2.2206245903123266e-07	7.204218622801721e-06	7.894396079617252
ENSG00000173530	1.438317400892064	9.349965567657518	17.708761596334877	2.2460396518785472e-07	7.217274081369731e-06	7.784619948421744
ENSG00000196517	2.982554128842374	3.8542762016675995	17.661298382263915	2.2905929277102073e-07	7.281187703700739e-06	7.897796157791682
ENSG00000147416	1.452815563991603	9.168225192355914	17.641898658672226	2.3090903506104893e-07	7.281187703700739e-06	7.749117063616542
ENSG00000142178	1.9419289759911762	4.270992833042546	17.58157472608755	2.3676968308918035e-07	7.396860284656431e-06	7.845911104055722
ENSG00000101782	1.630238276127142	7.515669809649973	17.496471913207852	2.4532594287289523e-07	7.471165138675864e-06	7.677964793990766
ENSG00000171867	1.426847028215077	9.367793004091137	17.486597006422027	2.4634121572137734e-07	7.471165138675864e-06	7.686085462208097
ENSG00000204386	2.0400831077204664	8.10703242475836	17.470508902362408	2.480054817817714e-07	7.471165138675864e-06	7.653748639743727
ENSG00000175197	3.948075077161437	5.149431346638431	17.437078883042965	2.515045390446761e-07	7.509524909174665e-06	7.741704349716402
ENSG00000048052	2.7583098958782344	6.701175080311773	17.41198101444958	2.541681891473416e-07	7.522486580553776e-06	7.668491076589389
ENSG00000152463	5.214348074461908	-0.6368569761694225	17.269275245682806	2.699337363717451e-07	7.893071983010209e-06	7.232030690794506
ENSG00000166670	5.420677118251775	2.4610058542882975	17.253077926992496	2.717920079908595e-07	7.893071983010209e-06	7.73174569221602
ENSG00000173334	1.5161825383149132	8.82212672579548	17.119893593921482	2.8763252657569e-07	8.224340209037102e-06	7.502901717023045
ENSG00000114529	1.5612723123004084	6.151698870323046	17.035924348384828	2.981553904922011e-07	8.383135729339054e-06	7.519420502933678
ENSG00000122884	1.6109872004326276	7.362399081817262	17.008381688484793	3.017012722810363e-07	8.412728038646417e-06	7.459451482895757
ENSG00000137801	4.579250795910388	2.373797915358394	16.91593703908408	3.1395602382626154e-07	8.54264213217586e-06	7.588981925166858
ENSG00000109814	1.2943415453176517	7.940397232610385	16.876848143807443	3.1930631694237434e-07	8.60715731800541e-06	7.383419010453588
ENSG00000198855	1.7506668355221908	5.625966578930406	16.75937529556041	3.3601626820136904e-07	8.72091453008784e-06	7.412727842696181
ENSG00000166401	1.5718186458376415	6.720188307019714	16.711524823671247	3.431044329165981e-07	8.836903485958794e-06	7.345727368688666
ENSG00000120738	1.4482375512689032	10.022611735925663	16.680801211651573	3.477446508960425e-07	8.855348997949237e-06	7.3364490251681005
ENSG00000182963	1.9847113638942924	3.5961332766018828	16.6553553946526	3.5164151588310843e-07	8.855348997949237e-06	7.468801693616838
ENSG00000031698	2.0527620148169543	9.504175773581716	16.65501253593165	3.516943585433307e-07	8.855348997949237e-06	7.307633246750085
ENSG00000170631	1.5845143833189832	6.189795829662149	16.610154550060976	3.586861061942547e-07	8.964495720736411e-06	7.320188443893479
ENSG00000185947	1.7343607875295044	6.9300373631178145	16.55478637594752	3.6753368919668475e-07	9.009096807335909e-06	7.262180775154941
ENSG00000083799	1.750936795479638	7.439655099293134	16.49581923546961	3.772287354706106e-07	9.156616931495253e-06	7.21609979843619
ENSG00000108448	2.102927131735383	5.906123189802868	16.35366803949486	4.018119686797443e-07	9.504396387205471e-06	7.209841982875523
ENSG00000071243	1.4401258596108182	6.472902942042951	16.343436805903906	4.0365004747829844e-07	9.504396387205471e-06	7.181999536885345
ENSG00000145107	2.0476706562362015	4.985488330347462	16.332413322621946	4.0564110247705626e-07	9.504396387205471e-06	7.244422585388422
ENSG00000052802	1.6947822196259406	8.296610544015115	16.295859385667942	4.123233344460909e-07	9.518749586256172e-06	7.104057355977043
ENSG00000156639	1.3112025253757915	8.616870250345414	16.283535137965227	4.1460424656791787e-07	9.518749586256172e-06	7.103024498818695
ENSG00000166340	1.3320573149189814	8.357889256417772	16.28037450048403	4.1519149777953276e-07	9.518749586256172e-06	7.0970884144332835
ENSG00000136826	2.0863233573812643	4.902219470132208	16.247797139166703	4.212995285544326e-07	9.518749586256172e-06	7.208952318831582
ENSG00000143622	1.3783570372121803	7.104592845024911	16.241963741635452	4.224039395221569e-07	9.518749586256172e-06	7.104937476416691
ENSG00000033627	1.3846891581245258	8.150311736795338	16.23778069255425	4.2319791233410656e-07	9.518749586256172e-06	7.075802819851495
ENSG00000142528	1.490313398165398	6.763106673289295	16.223077343527503	4.2600213026813334e-07	9.518749586256172e-06	7.110726384143451
ENSG00000138166	1.4731017209455644	9.090347757986864	16.06647786279087	4.5720885006564417e-07	1.0082501046545643e-05	7.0098631143156656
ENSG00000196878	1.920612690084658	12.754085909734302	15.925970852164502	4.874221823345379e-07	1.0492552405967493e-05	7.050730747494815
ENSG00000161011	1.6247287166661	10.077731569386405	15.922293636574064	4.88242657894753e-07	1.0492552405967493e-05	6.973119899319093
ENSG00000142871	1.5223791012167673	8.846377603353638	15.796925544477222	5.17171625900748e-07	1.0905856661182021e-05	6.8688416011786035
ENSG00000100889	1.7727626671413876	7.920927944607498	15.726625507360106	5.342386218556153e-07	1.1195783292800286e-05	6.826134938406939
ENSG00000138764	1.382681282713464	6.6586219410463805	15.681004143377011	5.456546830923435e-07	1.1364437658972636e-05	6.848617652696591
Novel00305	1.5995081947707641	4.249580343070406	15.551453691963893	5.796051625595625e-07	1.1852047384702811e-05	6.910899917395929
ENSG00000059728	2.048440030248071	7.623100855606524	15.508581726549156	5.913612604299752e-07	1.2019595739100821e-05	6.723679132488854
ENSG00000166598	1.818525835814654	11.37900783116427	15.46380095796304	6.03929380338469e-07	1.2128915055130918e-05	6.788760872924678
ENSG00000132196	1.7361810046786559	5.954807413406953	15.389038239956323	6.255907564027183e-07	1.23662769392711e-05	6.732247243778926
ENSG00000113552	1.6151023836902851	9.848053784673905	15.376333910174393	6.293582438943162e-07	1.23662769392711e-05	6.690607741882387
ENSG00000118515	1.6936441174940926	5.161044407015343	15.37083626094862	6.309965227448053e-07	1.23662769392711e-05	6.7635676294513996
ENSG00000162231	1.2112197147282986	8.4983755034654	15.368617224459816	6.316591520096275e-07	1.23662769392711e-05	6.643477796975915
ENSG00000143479	1.5447839830804195	8.288971944921336	15.348378006929115	6.377392375320603e-07	1.23662769392711e-05	6.630238935217658
ENSG00000167037	2.687703583865281	3.2562291311436353	15.327153543206105	6.441864456992154e-07	1.2419914673080873e-05	6.862779965067796
ENSG00000135241	1.5887539727430795	6.711327325608447	15.264199301279119	6.637470452457889e-07	1.2581362531793773e-05	6.634069466997284
ENSG00000163703	1.5995819100149635	6.375144703052538	15.246690204250934	6.693059917574047e-07	1.2615857073684265e-05	6.6410560025196315
ENSG00000162734	1.6712907555140983	9.548436404822239	15.192782266557428	6.86754287571727e-07	1.2872827590372261e-05	6.585591793918846
ENSG00000124216	2.1272220948183067	5.530065195547443	15.126949184058061	7.087635211269818e-07	1.3211978565096336e-05	6.618228227156065
ENSG00000120885	2.3028124738266076	8.556189793110155	15.016081009710236	7.476543315285274e-07	1.3314649534725935e-05	6.461069677481922
ENSG00000164683	2.6847129548400126	3.6735091673657783	15.011471465394449	7.493227326217331e-07	1.3314649534725935e-05	6.68124823545069
ENSG00000090520	1.3673839136027954	7.09311151327377	14.987667076010865	7.580058431536112e-07	1.3320373514584814e-05	6.471778128549978
ENSG00000119630	2.2094720031503403	7.632749791139381	14.948379149617924	7.725866853087115e-07	1.3489409569959991e-05	6.432630309653998
ENSG00000177426	1.2249182073704858	7.197741939486311	14.865727237354589	8.043075308252149e-07	1.3782682271118587e-05	6.4031333453983255
ENSG00000113070	1.5448368609986973	6.327242952892816	14.854259983871184	8.088236780324482e-07	1.3782682271118587e-05	6.438407408683279
ENSG00000144802	1.8356282582025445	7.098747401880987	14.826466568325786	8.198889068212825e-07	1.3881593076300332e-05	6.386217035950128
ENSG00000128272	2.1516221863307354	10.07463555627726	14.81908407395358	8.228567324422247e-07	1.3881593076300332e-05	6.408543893329243
ENSG00000258102	1.9785846616249674	4.331846643562534	14.791872836437127	8.339011719662194e-07	1.3932930832397377e-05	6.520230337444104
ENSG00000111897	1.2612697013287413	8.23098261813901	14.791242789826379	8.341588702265174e-07	1.3932930832397377e-05	6.3374266460364534
ENSG00000109971	1.493846438752323	12.876866169488762	14.739272896100978	8.55728402315317e-07	1.4144795484400308e-05	6.452781385116691
ENSG00000108551	4.060990884362654	2.1393550461158872	14.663550551077993	8.882933844993764e-07	1.4478753040100946e-05	6.566596496578606
ENSG00000105856	1.8408493838180267	6.402883504627077	14.634525405528672	9.011452317612819e-07	1.4547674698385479e-05	6.317806120112667
ENSG00000268858	1.632234846283402	5.893823647172978	14.579275397145466	9.261937517586917e-07	1.4862925598974371e-05	6.311537128564094
ENSG00000135111	1.6529836746049336	6.720878728237326	14.572144731526791	9.294834918149355e-07	1.4862925598974371e-05	6.2682896229837555
ENSG00000164430	1.2197488669604546	8.095244177533687	14.540919900954757	9.440454059189002e-07	1.4954033800799856e-05	6.202909480406675
ENSG00000134684	1.4417914726856171	9.585455174185405	14.481943198534015	9.72258192503842e-07	1.532896795097179e-05	6.209192839163249
ENSG00000164535	1.4246211785052187	7.016413910407155	14.419438571241173	1.0032029816055427e-06	1.559818829464102e-05	6.17025757806304
ENSG00000214866	5.087274963412166	0.9243456587982949	14.382835888705927	1.0218399994136926e-06	1.5617034636576667e-05	6.385529677760591
ENSG00000104497	1.5492962767977927	6.49770541364252	14.380719207186514	1.0229296546186851e-06	1.5617034636576667e-05	6.175706546007024
ENSG00000100219	1.8879171323257857	8.349975836230307	14.365275768278225	1.0309196838867847e-06	1.566812168213519e-05	6.107003696168736
ENSG00000196639	1.7761895284644185	6.858051470618545	14.290944269173476	1.0703764411564944e-06	1.619484355364131e-05	6.107541177222426
ENSG00000204054	1.2251669398675205	6.995197469139377	14.261383761887004	1.086539618412936e-06	1.636600300234485e-05	6.084276064707824
ENSG00000086061	1.7367151545073227	10.796314934492809	14.243902414751696	1.0962277490899455e-06	1.637049405377267e-05	6.12559759406778
ENSG00000062194	1.1963158085089747	8.586253279212652	14.243338862102226	1.0965416882491474e-06	1.637049405377267e-05	6.043817437495303
ENSG00000155660	1.3466273453646824	11.07687476179311	14.204241245735926	1.118571807643019e-06	1.662582061227994e-05	6.114205664020691
ENSG00000236453	2.6747964296631483	2.383501479037594	14.179840168817154	1.132574142539008e-06	1.6712100122234554e-05	6.321179083904453
ENSG00000269929	1.8602235015167454	4.124129185333406	14.090276670445364	1.185692946605521e-06	1.7252274737850305e-05	6.162413530671571
ENSG00000070540	1.7351130272390805	5.968149387966199	14.087397142733993	1.1874468420996368e-06	1.7252274737850305e-05	6.038873434900616
ENSG00000119801	1.6141477020483777	6.847866592661747	14.058205903859342	1.2053933491250998e-06	1.7335920043646184e-05	5.978672752405412
ENSG00000115998	1.8200669916546666	5.3013329053030995	14.054889652130065	1.207451455322126e-06	1.7335920043646184e-05	6.057514155187237
ENSG00000146733	1.7003901243076776	6.904823062279531	14.00484375567412	1.2389973823471335e-06	1.771346257643741e-05	5.945686229284199
ENSG00000172893	1.3388080741823458	8.308230957245625	13.970653020213696	1.2610842501096848e-06	1.7953157214641674e-05	5.8862071272747
ENSG00000149968	4.145139569793833	0.4329782650598572	13.942862268720676	1.2793646582962797e-06	1.808358836180121e-05	6.136289182397569
ENSG00000099958	2.7042477605349777	2.4033000916132337	13.922485454589378	1.2929584578089926e-06	1.808358836180121e-05	6.186835125955033
ENSG00000100439	1.4476891826263145	6.164046547736298	13.919534550429258	1.2949405553511408e-06	1.808358836180121e-05	5.935484915467292
ENSG00000151014	1.7380836591309388	7.784066038908616	13.89771710072765	1.3097020766393193e-06	1.808358836180121e-05	5.851998015326416
ENSG00000136436	1.1625672456290301	7.592373083012383	13.876564959373875	1.3241951054726506e-06	1.8138770829304888e-05	5.845806371224996
ENSG00000136888	1.9590658008772817	8.80285431916802	13.868268343790167	1.3299291608785666e-06	1.8138770829304888e-05	5.838436455434924
ENSG00000163376	1.9170400777257814	6.861651684433282	13.839272469939488	1.3501904787821201e-06	1.82470624920276e-05	5.854254481452562
ENSG00000116514	1.3458437054112151	6.814648611644772	13.831002672475403	1.3560328433082442e-06	1.82470624920276e-05	5.852055910441037
ENSG00000159885	2.1484479050714502	4.401688898987062	13.829012637521995	1.3574430010370265e-06	1.82470624920276e-05	5.995399985610623
ENSG00000115738	2.9809104342489388	3.93920931223087	13.804243243176817	1.375134109000322e-06	1.8411517792726536e-05	6.020774617631098
ENSG00000157680	1.4998951388566182	8.13979324936616	13.77641233713605	1.3953231723211949e-06	1.8534725918943746e-05	5.7753436237455755
ENSG00000116717	1.990827918869285	8.537824668013762	13.750530719396977	1.4143989620278077e-06	1.860231968151568e-05	5.7642936529661934
ENSG00000026508	1.1425058607249863	9.184337163471465	13.7470966936701	1.416952032646571e-06	1.860231968151568e-05	5.782534823164215
ENSG00000164603	1.452315209433614	6.457607197871176	13.721927013309124	1.4358243913999719e-06	1.8777021304587228e-05	5.808925661785043
ENSG00000188215	1.3129923994346928	6.579688478133572	13.664933201686441	1.4796168254446897e-06	1.9275008374711902e-05	5.769821981807552
ENSG00000210082	2.0240205787380106	12.963265391374202	13.621100735309525	1.5143233401465452e-06	1.950124789944444e-05	5.841575029664169
ENSG00000160695	1.2731122560792505	7.004916751323071	13.560676278220528	1.5636844118140809e-06	1.9993266854268493e-05	5.686556507796595
ENSG00000169087	1.5397799894639208	5.158149381261421	13.543080420844136	1.5783982224069664e-06	2.0096285292079642e-05	5.777338540729969
ENSG00000169826	1.3922313333641165	7.626910027752121	13.487851673752328	1.6256060849402805e-06	2.0542303110818374e-05	5.620265669556826
ENSG00000148926	1.861578027533458	6.817976459722528	13.476811190635779	1.6352331586684153e-06	2.0545540631857415e-05	5.647530319165103
ENSG00000105993	1.158685907392444	9.635152980648844	13.473604897176813	1.638041028443878e-06	2.0545540631857415e-05	5.64225055914404
ENSG00000261824	1.299937226175035	5.8009928973847344	13.408228123021594	1.696497857406845e-06	2.114811292150417e-05	5.659919252215611
ENSG00000109270	1.2330692751986767	6.616971585707367	13.384833436807767	1.7179855981955113e-06	2.123253995718555e-05	5.604893321763766
ENSG00000119041	1.1622358131975083	8.126798478778447	13.343015549661086	1.7571646930290302e-06	2.140533424729072e-05	5.522668267074921
ENSG00000100664	1.1731520733929965	10.241195406414246	13.338244735479993	1.761698204539476e-06	2.140533424729072e-05	5.587323967222812
ENSG00000120279	4.588899000781346	0.6764266879045154	13.336155281912056	1.763687884038773e-06	2.140533424729072e-05	5.857489310290699
ENSG00000149257	1.4962716317157057	10.219499289351244	13.307717902156265	1.791021082316393e-06	2.1581804041912537e-05	5.568394467337215
ENSG00000112110	1.8357132176365045	8.466313351050198	13.276568049500995	1.8215116133315303e-06	2.1793546749576538e-05	5.485503205718209
ENSG00000128016	1.627485995839753	6.771676465972021	13.236531210607597	1.8615651645762566e-06	2.2194066661767806e-05	5.508480975813474
ENSG00000148339	1.0609408525991686	8.256412642708646	13.21621758263275	1.8822667837913793e-06	2.236185960743702e-05	5.446862116132753
ENSG00000163602	1.2428785720798752	7.619871217324345	13.079191536785563	2.0288936824182957e-06	2.370754047694001e-05	5.377591195018169
ENSG00000163877	1.098264138406173	6.897232055188316	13.066846127521334	2.042725088676272e-06	2.370754047694001e-05	5.39990661968263
ENSG00000196182	1.0820166096810384	8.311660544346415	13.055361941395631	2.0556872135373126e-06	2.370754047694001e-05	5.350592258359567
ENSG00000119048	1.971882333720071	7.5003043918208805	13.049151427391921	2.062735638077938e-06	2.370754047694001e-05	5.363421971261583
ENSG00000110172	1.1965683641160663	8.923301934453946	13.048209280451415	2.0638072784809516e-06	2.370754047694001e-05	5.360781173155761
ENSG00000116604	1.051162874915077	7.933057553818836	13.028740583463673	2.0860931087709963e-06	2.370754047694001e-05	5.337675516481096
ENSG00000106617	1.0641559065286872	7.622466665363515	13.014333490168054	2.1027598110887153e-06	2.3747110871103925e-05	5.338280368126042
ENSG00000256087	1.5826058686290505	6.6871003582012785	13.012886825373846	2.104441656923555e-06	2.3747110871103925e-05	5.379269547510805
ENSG00000114019	2.1753014938777273	7.275492972899473	13.001450150540169	2.117791135895437e-06	2.3818090975037346e-05	5.342567491547072
ENSG00000135924	2.009454980791003	7.929891230214884	12.964921363521942	2.161073795984799e-06	2.3945672459742023e-05	5.298983987533084
ENSG00000235823	1.3835101351202095	5.256265429679854	12.962710553235308	2.1637252328246317e-06	2.3945672459742023e-05	5.428973841301513
ENSG00000132256	1.1681939205757494	5.483388505836988	12.945800767902082	2.1841270906389227e-06	2.3945672459742023e-05	5.403591411563264
ENSG00000197976	1.0372496260054618	8.546854148500062	12.944329850561685	2.1859120087731306e-06	2.3945672459742023e-05	5.287143247703114
ENSG00000003436	1.1869532125928721	8.095219068569639	12.884469433830052	2.259966937554484e-06	2.4597188539705903e-05	5.246673169357257
ENSG00000226380	1.5728221222868237	6.58180251233911	12.876887610932394	2.2695470174380603e-06	2.462203098661098e-05	5.302610761155615
ENSG00000138660	1.1891753865000467	7.687093149144389	12.850195930106214	2.3036400133632573e-06	2.4753125493909652e-05	5.236085675267093
ENSG00000132535	1.0160271029445447	8.036823470157117	12.826513876269534	2.334373281561718e-06	2.500373159361662e-05	5.212110202896792
ENSG00000142867	1.5469792575445869	8.791460237415366	12.813467219869617	2.3515020131342025e-06	2.5040797606379883e-05	5.213455629471497
ENSG00000117143	1.2073251386201846	9.699603592601841	12.812576041472779	2.352677190640908e-06	2.5040797606379883e-05	5.248740895832949
ENSG00000108861	1.0241816029051254	8.579244890660274	12.80297896294922	2.36537473316458e-06	2.5096774684582683e-05	5.201241579435532
ENSG00000135750	1.318082996121654	7.347469083587117	12.742339286234756	2.447415723157281e-06	2.580493953103958e-05	5.18122600336504
ENSG00000143067	1.7375582069700144	7.725219584820775	12.721415164466741	2.4764658734695626e-06	2.6029893635782876e-05	5.155424656933472
ENSG00000140044	1.7895682738719207	5.65131768352203	12.68745474200175	2.5244470659425625e-06	2.6182283912826975e-05	5.235731648130681
ENSG00000172216	2.15238480246029	8.804147621096181	12.685247452738988	2.5276017672248838e-06	2.6182283912826975e-05	5.134533534036892
ENSG00000156804	1.433402638251649	5.608819132979248	12.684310536854477	2.5289421703935424e-06	2.6182283912826975e-05	5.236388239808189
ENSG00000122877	2.694861574367031	3.423020295578453	12.681153726572223	2.533464383170974e-06	2.6182283912826975e-05	5.419322491461529
ENSG00000135926	1.1605220591035081	8.80662374691715	12.66760155113551	2.5529821671329598e-06	2.6182283912826975e-05	5.123634346950713
ENSG00000171786	5.391066784294246	0.40648221629288506	12.65589912036672	2.5699725307338613e-06	2.6182283912826975e-05	5.487060409517136
ENSG00000145817	1.087000770538908	7.018271385962403	12.65269360688082	2.574648740240854e-06	2.6182283912826975e-05	5.140005632697626
ENSG00000144895	1.1650343390396651	8.44465563840264	12.651546604586192	2.5763243210013504e-06	2.6182283912826975e-05	5.104315936721881
ENSG00000163683	1.4767733392523734	4.8188390968379355	12.635407487224347	2.600031829258371e-06	2.6267508230312403e-05	5.2625749361256275
ENSG00000136932	1.5804261261904964	4.907445260665893	12.634978828379491	2.600664853342038e-06	2.6267508230312403e-05	5.255322361569112
ENSG00000272405	1.488909129337336	6.415409978795038	12.629975667120794	2.6080661698739343e-06	2.6267508230312403e-05	5.159572667930376
ENSG00000157514	1.746006738366182	5.306447647393727	12.606303560892622	2.6434087602827248e-06	2.6465463374462652e-05	5.207922487653615
ENSG00000198522	1.7364932240605473	7.268810093948413	12.582126901225905	2.6800634337692565e-06	2.675305924715228e-05	5.084557122644429
ENSG00000102401	1.1142081293065305	7.365067543889731	12.555087849033402	2.7217387936449e-06	2.7088928288371365e-05	5.063966458558232
ENSG00000197063	1.061003209934527	8.204367671570242	12.543644923489229	2.739595595996511e-06	2.718645747321244e-05	5.034618724752788
ENSG00000178913	1.0365053206139283	8.590290117801873	12.518775644446206	2.7788619853335673e-06	2.7334928100628153e-05	5.0244743473906786
ENSG00000156976	1.1800529563115525	9.45554169883613	12.503609909533695	2.8031188323919925e-06	2.74136896825814e-05	5.0467466226941475
ENSG00000133639	2.034136904130037	6.64863842477426	12.481743969243924	2.8385139584414114e-06	2.764743621912355e-05	5.053980978187199
ENSG00000164609	1.1270650662670416	7.567270793623539	12.478744489632856	2.843408526388818e-06	2.764743621912355e-05	5.008805418307762
ENSG00000075426	1.5027905099701098	5.900698154700018	12.46268420252844	2.8697783113817898e-06	2.7716323323584554e-05	5.081829182846315
ENSG00000275993	2.0512223924682287	5.489408257331075	12.459440727306427	2.875137274230763e-06	2.7716323323584554e-05	5.103982235135962
ENSG00000155097	1.0424864379192815	9.581798512393968	12.382127164338137	3.006279939399488e-06	2.8734245086498222e-05	4.9752664519427645
ENSG00000143870	1.0357823914101978	10.16598454380589	12.367704769512756	3.03148351020515e-06	2.879136028100883e-05	4.9907459496928865
ENSG00000113272	1.658385065275703	6.155089285166971	12.364079934173267	3.037855441623931e-06	2.879136028100883e-05	5.006236297300609
ENSG00000141458	2.149456682312712	8.489320390695859	12.353599130899022	3.0563643203150457e-06	2.8885639262585333e-05	4.917437138178897
ENSG00000157224	1.231330387354177	8.19645753786855	12.335141420875392	3.0892703588258525e-06	2.894134439056929e-05	4.902501505121123
ENSG00000141101	1.1964751098134654	7.852362273379589	12.333037501794127	3.0930464895542368e-06	2.894134439056929e-05	4.907163826140565
ENSG00000113328	0.9968373876980774	8.880000753394725	12.32796293944638	3.1021757963188672e-06	2.894134439056929e-05	4.911759964164263
ENSG00000162852	1.3435251961251238	6.932962807877728	12.275487334442055	3.198384807367752e-06	2.9460835207965562e-05	4.906450821325446
ENSG00000184557	1.5343978929957434	5.968562810372169	12.271095086509224	3.206589017277049e-06	2.9460835207965562e-05	4.9569009899725875
ENSG00000144597	1.13007592316864	7.023501773992766	12.267525402148639	3.2132742609754974e-06	2.9460835207965562e-05	4.896613892569716
ENSG00000165030	1.522937795540538	6.555630863772105	12.246695689349023	3.2525987013697276e-06	2.9660183833571515e-05	4.91008082699042
ENSG00000006062	1.5093141998936481	4.927474445499176	12.235521485024577	3.273918017329009e-06	2.977412234627514e-05	5.003881833861174
ENSG00000275895	2.020679705367658	5.475113970343742	12.186437026190369	3.369452266947516e-06	3.0397144247809946e-05	4.931972022591841
ENSG00000141198	1.1063494160889267	7.151418039948587	12.16681931120423	3.408510990456028e-06	3.058594702606021e-05	4.825602390363892
Novel00431	2.806942684388291	2.417146967420621	12.144122253764124	3.454339253898115e-06	3.091496191684944e-05	5.178943899463416
ENSG00000164111	1.4190072496018882	10.753674052033272	12.125776025827511	3.4918908314556396e-06	3.116462885822577e-05	4.861960934583869
ENSG00000169429	4.026705717414665	2.3278484142905365	12.121499755965337	3.500709643529213e-06	3.116462885822577e-05	5.170955875151378
ENSG00000119950	1.060987986536344	7.044662912085867	12.110403311004228	3.5237108694850998e-06	3.1286843351691384e-05	4.794268744435681
ENSG00000160908	1.2485462811054768	7.657686022549039	12.088579370371619	3.5694475244973884e-06	3.145011278672311e-05	4.755693986877247
ENSG00000158201	1.1691545100390028	6.801125229584608	12.088287751914242	3.570063188297259e-06	3.145011278672311e-05	4.793427045048029
ENSG00000113013	1.086749580359717	11.795372706565214	12.061326844892756	3.6275037363589992e-06	3.154938642856116e-05	4.8604740948312255
ENSG00000267149	3.041627667078002	1.6051900131917163	12.061150904744117	3.6278819861487937e-06	3.154938642856116e-05	5.167006414203171
ENSG00000169908	1.4788518346004995	10.186804307371784	12.061056049432548	3.6280859319151547e-06	3.154938642856116e-05	4.794818349533242
ENSG00000104695	1.4646927371707976	8.458666651444242	12.047401572171923	3.6575793884402904e-06	3.1642750914352664e-05	4.719081585718123
ENSG00000157557	0.9904753784832048	6.904972195841202	12.018185309123401	3.72159871190231e-06	3.203233177030203e-05	4.741720699845936
ENSG00000166471	1.0630955096111858	8.993444094801092	12.000170924387803	3.76170163569345e-06	3.2243074733365115e-05	4.703873138979439
ENSG00000166037	0.9670478184932616	7.652670947349761	11.998611490657943	3.7651960417741126e-06	3.2243074733365115e-05	4.697102403093911
Novel00151	1.3178017284179129	5.491259170336868	11.972457475232748	3.82435134317925e-06	3.258424604011816e-05	4.792643266746316
ENSG00000186166	1.1089922788328304	6.8614026922726365	11.951444368931076	3.872638705172099e-06	3.281078675415086e-05	4.70056808795354
ENSG00000173281	1.434480255104348	7.780780159416636	11.95007631823174	3.875806194049187e-06	3.281078675415086e-05	4.66101701408914
ENSG00000134070	1.7929008188315598	4.869800990280774	11.948217874155207	3.880113786279251e-06	3.281078675415086e-05	4.823931330738596
ENSG00000171928	1.3125669241049804	7.365299405556508	11.933864812472242	3.913564451901921e-06	3.2861487445110516e-05	4.664762564013337
ENSG00000233223	1.4507233773605472	3.9619971527951505	11.925919990795807	3.9322200730288776e-06	3.2861487445110516e-05	4.894741144319822
ENSG00000106052	1.0479280892672769	8.191858017298554	11.924072482900566	3.936572653065152e-06	3.2861487445110516e-05	4.635646697045331
ENSG00000184378	1.9599285709603569	4.21442990104127	11.920525610524658	3.944944033789393e-06	3.2861487445110516e-05	4.8646817655087835
ENSG00000052749	1.0169650607856404	8.344318228270435	11.9106827976994	3.968280525979092e-06	3.2861487445110516e-05	4.627523214259503
ENSG00000145777	2.967226699108412	2.938660038783072	11.885271134032246	4.029252534463888e-06	3.3157800125076e-05	4.9752919491607575
ENSG00000119729	1.046267480137276	7.415814902563365	11.877149264423743	4.048962134658973e-06	3.323892516384276e-05	4.625440210525951
ENSG00000138942	1.0548400687587138	7.030548646868325	11.858338017068204	4.0950308401532586e-06	3.337351220936496e-05	4.629834313453278
ENSG00000173812	2.1219720192778553	10.599253613693891	11.844400140974141	4.129545923641865e-06	3.353757779549424e-05	4.671556620352374
ENSG00000131115	1.1629208175435624	5.696601896569004	11.80999946199546	4.216146725663216e-06	3.411337902251244e-05	4.67304247264075
ENSG00000118816	1.1218141825742887	9.97291890893574	11.804428828673469	4.230362065448745e-06	3.4146511025894894e-05	4.616659143869617
ENSG00000165861	1.1501142835609732	6.788822965357271	11.797263557725557	4.2487261789785335e-06	3.4167001431711615e-05	4.603027256817166
ENSG00000086619	1.3228953183585883	6.651925795144504	11.791609634193357	4.263280261633252e-06	3.4167001431711615e-05	4.6076284522011495
ENSG00000096384	1.2600450509491843	13.590912749663541	11.77981950123262	4.293811083432247e-06	3.432077797560174e-05	4.731014488098964
ENSG00000168140	1.5659282306651106	4.604734921790057	11.776361476705794	4.302812413657243e-06	3.432077797560174e-05	4.734111418665122
ENSG00000175471	1.1451692122049222	7.941404467795997	11.760081159120004	4.345477376103066e-06	3.453875046881422e-05	4.530272696384323
ENSG00000067064	1.2294478607772792	7.869144228886465	11.758133562722437	4.35061320368881e-06	3.453875046881422e-05	4.53106419782522
ENSG00000152492	0.9352122627454147	8.074018669552444	11.706398226964229	4.489577322969391e-06	3.549137196952188e-05	4.491609577564172
ENSG00000167004	1.2716822645509929	10.794413163230935	11.705641527280072	4.491646660043225e-06	3.549137196952188e-05	4.588078193874901
ENSG00000150593	0.9846435364363844	7.38301038944927	11.695221710640217	4.520251222912759e-06	3.5633943051653386e-05	4.5054757544327195
ENSG00000223812	1.2751324552201577	5.628294315279065	11.628446314929695	4.708513504558604e-06	3.6859685764224426e-05	4.556446479272126
ENSG00000112773	1.5808946365060832	6.346143989877177	11.616322637977165	4.743633949576458e-06	3.68779284467073e-05	4.507835162376578
ENSG00000251003	1.5136711039973525	3.9728219858356617	11.609461102890274	4.763641574633461e-06	3.693485553730975e-05	4.6868490322898575
ENSG00000204390	2.369723843290793	2.179593506604343	11.606313905595446	4.772850330251053e-06	3.693485553730975e-05	4.859822908867514
ENSG00000184205	1.0834380279859843	7.011306314750984	11.563228024340475	4.9009595788943015e-06	3.7484698656997275e-05	4.433203631694598
ENSG00000115520	1.1645640298090214	7.257600751049153	11.557782575111995	4.917424935747987e-06	3.7484698656997275e-05	4.417723800567671
ENSG00000170464	1.117715173926424	5.915687605995795	11.556381295821671	4.921672052474746e-06	3.7484698656997275e-05	4.490841642368155
ENSG00000023330	1.0793001362357781	8.545015821762597	11.54021777655347	4.970961908718942e-06	3.7722412789217456e-05	4.383026945635265
ENSG00000131019	0.9992040415729937	7.102484011477042	11.535822353336577	4.984461590719735e-06	3.7722412789217456e-05	4.409945483840736
ENSG00000125812	1.1620764112136577	7.461296732433417	11.518560086319727	5.037880558242526e-06	3.794153795426403e-05	4.383124961595478
ENSG00000137409	1.1956962363192423	7.446294903009751	11.494624838305617	5.1130203712749675e-06	3.842167201042704e-05	4.367360664635459
ENSG00000147905	1.0602580170916704	6.720826608888072	11.481752692778489	5.1539516506087014e-06	3.8542127805109464e-05	4.394930411497375
ENSG00000112972	1.5941581613207516	7.143013976460814	11.478969723573481	5.16284950586473e-06	3.8542127805109464e-05	4.369270039453969
ENSG00000268658	2.1712285023302496	4.5390200328065236	11.478822710177491	5.163320026054973e-06	3.8542127805109464e-05	4.541869601265949
ENSG00000169857	1.8997173951166566	4.990691356990932	11.470866027859037	5.188857834889516e-06	3.8647254602466284e-05	4.497260707145705
ENSG00000183199	1.3083208021234318	5.1243977576304784	11.461618174845388	5.218718853300282e-06	3.8714496057495125e-05	4.480123679204582
ENSG00000164211	1.441973647517119	7.728139638109306	11.458671998098703	5.228272606202658e-06	3.8714496057495125e-05	4.332953023318378
ENSG00000164442	1.3994972610227574	6.588855499923869	11.457429115024725	5.232308892180728e-06	3.8714496057495125e-05	4.386370587098553
ENSG00000072401	1.0823378257319867	7.3336542082909055	11.444521849210622	5.274433744319074e-06	3.894078654996183e-05	4.3374094469626865
ENSG00000181852	0.9867089137704426	7.799317463428707	11.431266015558835	5.318094499705791e-06	3.909204976472187e-05	4.311838582527578
ENSG00000179388	1.276314942329961	7.03663046619968	11.418612735139	5.360150940801095e-06	3.9315541900571507e-05	4.3333340315320505
ENSG00000185624	1.0069346662207455	11.30470926620454	11.399303357550377	5.425055084223849e-06	3.970528384852769e-05	4.402977432160236
ENSG00000197746	1.2583567744237136	11.055714957773196	11.34859203473403	5.599768745189005e-06	4.080695409561059e-05	4.357825787943753
ENSG00000146278	1.2183721172227822	6.817140280877496	11.331908888777612	5.658625918028066e-06	4.1146991050488564e-05	4.286228861663736
ENSG00000176046	5.550873136541122	-0.04423158790152589	11.319874829868112	5.701514232515461e-06	4.13365336941804e-05	4.710692135217045
ENSG00000134262	1.448387318388206	6.495419120247074	11.303967911774125	5.758768304198581e-06	4.151727405633764e-05	4.286508687229215
ENSG00000137575	1.102769270818703	9.570940065379935	11.199152991120927	6.1526381223868046e-06	4.353662505482364e-05	4.187532017601349
ENSG00000169155	1.541689672551903	8.012956687044355	11.194193610938532	6.1720128676082736e-06	4.353662505482364e-05	4.141791578770279
ENSG00000185950	2.0576237483557884	7.0701826530123295	11.190483729309177	6.1865511629028955e-06	4.353662505482364e-05	4.17369132373706
ENSG00000067167	1.0533804439627126	10.162438615991714	11.168454981755774	6.273676384349554e-06	4.3824811844296886e-05	4.192326820664613
ENSG00000270607	1.5548322609907501	4.509169142800084	11.131171494690312	6.424303618216991e-06	4.4506077954270416e-05	4.306993572666464
ENSG00000221955	1.1229105736005023	6.315155912429805	11.124157728778938	6.453092656365918e-06	4.4506077954270416e-05	4.171532054530385
ENSG00000114796	1.7481181113466517	6.654546953871158	11.108979189393947	6.515894229439729e-06	4.4775208004337364e-05	4.141132261867888
ENSG00000123130	0.9851966235835867	7.205649218500229	11.095772817138947	6.571096506629051e-06	4.4991497574825204e-05	4.100692273283912
ENSG00000176915	1.0226107172297532	9.208695672451416	11.044259146857463	6.7915157246632556e-06	4.608618141717295e-05	4.062269776532052
ENSG00000104164	0.9481989183677442	8.188579440098398	11.041790127701937	6.802287595065836e-06	4.608618141717295e-05	4.032390022808752
ENSG00000134970	0.8870945458548647	8.449797936119612	11.036820119483469	6.824029232023956e-06	4.614083091953673e-05	4.03119614466015
ENSG00000163512	1.222661365494143	5.831329287107088	11.029826870173046	6.854754375707618e-06	4.625588252727501e-05	4.132309200266579
ENSG00000116285	1.2807051396028273	7.961913578105047	11.003504628349672	6.971807623091088e-06	4.671008746586105e-05	4.008329350760002
ENSG00000230882	1.204525807863014	7.848678019861613	11.000402316427925	6.9857511198437265e-06	4.671008746586105e-05	4.009393044887618
ENSG00000104312	1.040565474962193	8.577832297857316	10.9991731006745	6.991284579211568e-06	4.671008746586105e-05	4.007559771233851
ENSG00000112186	0.9579281616634177	6.337729081350924	10.973078340120182	7.109926155582796e-06	4.717543835189234e-05	4.063705148654826
ENSG00000134548	4.4291752805657225	-0.597196633494045	10.971637421884772	7.116543163808388e-06	4.717543835189234e-05	4.47244685746988
ENSG00000092621	1.603384877243304	9.144934892074541	10.971252693061896	7.118311094972964e-06	4.717543835189234e-05	4.007565319832931
ENSG00000168386	1.6546949390063546	4.63304985619114	10.968528043954695	7.130845749693271e-06	4.717543835189234e-05	4.181913254346023
ENSG00000080822	1.0984271748999106	6.872799565189038	10.959287180475027	7.173543556543146e-06	4.736504101717529e-05	4.0216763260180866
ENSG00000168389	0.9315909506965925	7.077981224818393	10.94699013969485	7.230809882820355e-06	4.764990731374195e-05	4.0013943421796085
ENSG00000189410	2.4878254771924206	2.0295798135779166	10.895621516636666	7.4756630363431885e-06	4.889906303116885e-05	4.404650053290117
ENSG00000087076	1.8657146507428832	4.80763340382623	10.881413092018663	7.5450279476803915e-06	4.923969883070337e-05	4.104552992795666
Novel00312	1.606508763130333	3.991174694003934	10.856526819422447	7.668275652381824e-06	4.976623842065734e-05	4.169942262931695
ENSG00000235897	1.64702053794369	5.141015279539051	10.856123052967426	7.670293887743078e-06	4.976623842065734e-05	4.057747609002529
ENSG00000134107	0.9561151423986587	9.234586002358068	10.854524108924632	7.678292122033443e-06	4.976623842065734e-05	3.928117421688839
ENSG00000099290	1.015199193681938	7.944247633037811	10.851156603920082	7.6951677918742e-06	4.976623842065734e-05	3.8997427549748274
ENSG00000260160	1.5903985977884734	2.653847298663883	10.847691593437158	7.712575713539433e-06	4.976623842065734e-05	4.317485385309732
ENSG00000204516	0.9724713664865687	7.051716420330115	10.847366853250737	7.714209452876048e-06	4.976623842065734e-05	3.9314266338685835
ENSG00000110852	1.9037484041555	3.9999428038976985	10.833132440187569	7.786205994011706e-06	5.013484546525858e-05	4.152353790115106
ENSG00000213614	1.3409391320076356	4.7046526803024085	10.782174016152418	8.050224032252021e-06	5.1637748830453084e-05	4.043019400817732
ENSG00000132471	1.5976940886420952	8.954848270425229	10.77122725203316	8.10824646315412e-06	5.1911240164481975e-05	3.85586351573739
ENSG00000260219	2.405601776040982	2.369794859363061	10.766547277989432	8.133195885238983e-06	5.197235400908396e-05	4.288740820625134
ENSG00000133872	1.2547339948670873	8.550365258892807	10.748411545113767	8.230699369888783e-06	5.249599182231522e-05	3.82664447823002
ENSG00000184678	1.1320246002276635	5.1725665420637	10.742362904278782	8.2635109973643e-06	5.26058228398248e-05	3.9735712588268033
ENSG00000168439	1.08542514909173	11.038211195853982	10.723511702606455	8.366720514455012e-06	5.2847064185748416e-05	3.9164454590916495
ENSG00000162736	0.9107641373236826	7.600570033212283	10.720534567207002	8.38315256364943e-06	5.2847064185748416e-05	3.816401981243059
ENSG00000105281	1.1785280781230032	9.868479015744708	10.719035973692112	8.391437673771926e-06	5.2847064185748416e-05	3.8585707206954556
ENSG00000189050	1.2495338557621603	6.448074162195403	10.718322713949423	8.395384233420614e-06	5.2847064185748416e-05	3.8745806311059745
ENSG00000176142	0.9944616928412229	7.120483567928873	10.702943873118006	8.480987853056683e-06	5.328650468568575e-05	3.823310326904366
ENSG00000079459	1.181803417587302	9.225119601693807	10.697219112332093	8.51310443315329e-06	5.338887427037026e-05	3.813811242577337
ENSG00000221926	1.7877142070049246	5.2350052545040615	10.687915773249275	8.565589821765913e-06	5.347728217156295e-05	3.929345479247946
ENSG00000266412	0.9513289096384643	9.85207118347306	10.686298493999193	8.574750935037212e-06	5.347728217156295e-05	3.8340225661243057
ENSG00000101928	1.2505362415079473	5.454493459590973	10.665256222544999	8.69495654209443e-06	5.412690659230002e-05	3.8961711938211128
ENSG00000198805	1.2456012145398505	8.459406095428056	10.655742763260301	8.749924903427535e-06	5.429593461263426e-05	3.7568585576662894
ENSG00000050426	1.027946720555307	7.300426684085695	10.654989461537312	8.75429414027061e-06	5.429593461263426e-05	3.7799939185282234
ENSG00000099246	0.8327601263802125	8.266406196952275	10.639121813865376	8.846901652613108e-06	5.461576694681102e-05	3.741995920879254
ENSG00000106636	1.242824949432812	9.265026917446257	10.637579264483122	8.8559630273867e-06	5.461576694681102e-05	3.7721073595896186
ENSG00000257219	2.0439493095061962	4.543829602772869	10.634331334736789	8.875076480837792e-06	5.461576694681102e-05	3.951584721168448
ENSG00000166478	1.0886839496294138	6.419914271819846	10.633132616825353	8.882142441170626e-06	5.461576694681102e-05	3.8141471741016195
ENSG00000249061	1.490968614793731	5.79253162743975	10.629602966095547	8.90298512766629e-06	5.461576694681102e-05	3.847584424622492
ENSG00000160199	0.9609899473307424	6.288969982536375	10.610565400135348	9.01635642521211e-06	5.521086493405746e-05	3.8051076353541866
ENSG00000197142	1.4850991978281183	4.833103378705328	10.601786188039634	9.069184800192675e-06	5.543374912291682e-05	3.9011866799931774
ENSG00000162298	1.0514148592618655	8.012434576385964	10.578512070882107	9.210930125584429e-06	5.609689213668207e-05	3.69963612660729
ENSG00000229656	1.3208950720565307	6.9674167681331	10.573474511028797	9.241937504077267e-06	5.618431916893099e-05	3.7366551825492937
ENSG00000005238	1.1701295353812649	6.373768479704335	10.563059811257665	9.306415823787758e-06	5.6474544945071756e-05	3.7654211558083786
ENSG00000285230	1.2670443674726415	3.8597955983814862	10.528351571150912	9.524982279335637e-06	5.7593710054620856e-05	3.9506701031774636
ENSG00000165006	0.81992997007388	7.4212481490452955	10.52169790386661	9.567538980056604e-06	5.7747542967282614e-05	3.6771382136700703
ENSG00000107968	1.5067938603354913	4.60142622820816	10.517530360234515	9.594303509042292e-06	5.780567864197981e-05	3.8611096947983654
ENSG00000171566	0.9697265039110912	7.902702499167741	10.514313011637629	9.615023418074551e-06	5.7827253141860135e-05	3.654865869980303
ENSG00000197157	0.914588960084739	10.263615373946068	10.49518338072644	9.73926450515354e-06	5.847024633521004e-05	3.7131481921316967
ENSG00000114416	0.8437960945015028	8.697321907116189	10.48708273516463	9.792419629700824e-06	5.8542794444329864e-05	3.6387674623744566
ENSG00000224411	1.1888041703732757	5.643433393147993	10.480987304369721	9.832632226285442e-06	5.8542794444329864e-05	3.747998415250879
ENSG00000135046	1.671178150612942	6.361333469187259	10.476301664720364	9.863670585904284e-06	5.8542794444329864e-05	3.7020992013392613
ENSG00000125735	3.1377635154706898	0.9822728263259046	10.473538148921248	9.882028220397418e-06	5.8542794444329864e-05	4.17387720958898
ENSG00000101670	2.557215224459476	2.4555428418788647	10.473044138409868	9.885313911336088e-06	5.8542794444329864e-05	4.075021719752145
ENSG00000104691	1.402897481223266	5.685618162545923	10.472316168112577	9.890157923315951e-06	5.8542794444329864e-05	3.7388195651219576
ENSG00000197461	1.3863469517489069	4.9597220549210945	10.46602871328246	9.932106880330282e-06	5.856219924063711e-05	3.7903994375399908
ENSG00000135821	0.8985737070215887	8.839175266956838	10.462830849278378	9.953519369455398e-06	5.856219924063711e-05	3.6252395530666384
ENSG00000119899	0.9306745655494337	6.835363854654682	10.46143772914045	9.96286377122872e-06	5.856219924063711e-05	3.661898310645789
ENSG00000204604	0.9616503378169634	6.208057739804812	10.443343842248336	1.0085130568988653e-05	5.901700832129039e-05	3.6863545722324655
ENSG00000116752	1.3068719800688307	7.400308753992589	10.442229877623705	1.0092713041311367e-05	5.901700832129039e-05	3.6189523466020495
Novel00769	1.6022068766110062	4.510344821682661	10.390646528446005	1.0450958313304455e-05	6.037933792652266e-05	3.776442347392355
ENSG00000163660	0.9484631942665311	7.689107857494308	10.381550478827238	1.0515603465362559e-05	6.05473195662215e-05	3.5629445946255647
ENSG00000116044	0.9489870015681934	7.483863950414658	10.345743038264981	1.077449527353396e-05	6.16155034794976e-05	3.5435147082625793
ENSG00000075785	1.043294586941414	10.308175961000467	10.339687442378434	1.0818983332338557e-05	6.176522802590574e-05	3.599498111725018
ENSG00000124224	1.566247332105414	3.312948729642094	10.326666491006009	1.0915345101817414e-05	6.210518444103196e-05	3.870591487714387
ENSG00000163884	1.2175111045973264	5.244976296937411	10.324126095418382	1.0934257753353624e-05	6.210805666635543e-05	3.660859017753755
ENSG00000229320	1.5239569299171465	4.176351219112639	10.309894787209931	1.1040890988202327e-05	6.250329898354806e-05	3.75227816107677
ENSG00000197903	1.6149279295728114	5.5566825361254395	10.28236402215901	1.125051416207874e-05	6.340473470668181e-05	3.605949324429907
ENSG00000113407	0.8744845069915339	9.601016643575313	10.28158617727075	1.1256501508388383e-05	6.340473470668181e-05	3.5228940400091115
Novel00517	4.426116522554871	2.0517810847840603	10.266272092283687	1.137511282367002e-05	6.395600427720201e-05	3.9646826301340576
ENSG00000159873	0.9260934636334159	7.71782287180951	10.260129941364584	1.1423079981088332e-05	6.395600427720201e-05	3.4704521168921687
ENSG00000148154	1.008226919385704	8.534522757818198	10.238583927930708	1.1593152464544012e-05	6.476042452876076e-05	3.4476873596969337
ENSG00000116977	0.9011959587059692	7.287839784076856	10.236139662622932	1.1612625489042832e-05	6.476198082649672e-05	3.4685286274550267
ENSG00000100814	1.2427065360006315	8.128420183260866	10.232117751095725	1.164474750894924e-05	6.478552199334298e-05	3.43853496046696
ENSG00000005302	0.8888909252386918	7.085914754606044	10.229155654279714	1.1668468994075386e-05	6.478552199334298e-05	3.4729781507734954
ENSG00000249859	0.9148211001430093	7.301661937139144	10.228409763524546	1.167445091047793e-05	6.478552199334298e-05	3.462078729389175
ENSG00000269720	5.433252100891773	0.672635940892968	10.221319878138235	1.1731483213662373e-05	6.499511389638234e-05	4.010169186025542
ENSG00000143612	1.08130015422992	8.98010580270919	10.218002303667369	1.1758278010401707e-05	6.503677050343501e-05	3.4463538205000486
ENSG00000228502	1.7290608845777902	2.7869596934070757	10.213288059515639	1.1796471729489738e-05	6.51412366862494e-05	3.851578859667133
ENSG00000100380	1.0744448521222747	10.536357321730938	10.206690840379306	1.1850155500145097e-05	6.533075924426399e-05	3.5102971566834293
ENSG00000115902	1.0448942749692325	7.391693374319319	10.191738858356743	1.1972845441971012e-05	6.544210717670728e-05	3.4305819204332364
ENSG00000114423	1.386976621558956	8.266551871650872	10.187533658883057	1.2007608704645252e-05	6.544210717670728e-05	3.404276004136886
ENSG00000100296	0.8093520604059856	7.971661713746125	10.18438746100894	1.2033691768066642e-05	6.544210717670728e-05	3.404958119670063
ENSG00000080824	1.0854294721641136	12.969754538025578	10.183221488703616	1.2043374267667285e-05	6.544210717670728e-05	3.586160787267305
ENSG00000176714	2.120428952754822	2.0150101045810023	10.183035859379977	1.204491658468738e-05	6.544210717670728e-05	3.9078751206342446
ENSG00000155906	1.2521880872656954	6.7396991872564636	10.1770732598828	1.2094575779914916e-05	6.558223546683338e-05	3.4541290247525804
ENSG00000168259	0.920249778656598	7.482759186930168	10.173122352956184	1.2127607599608414e-05	6.558223546683338e-05	3.4128331665997687
ENSG00000137876	1.5627747048681204	8.954217652728193	10.172953635669296	1.2129020430143458e-05	6.558223546683338e-05	3.4109951975205686
ENSG00000047249	1.190884206642992	8.137855897656314	10.167080148495629	1.217832037899832e-05	6.574344473398453e-05	3.3889485034299778
ENSG00000116954	1.7883153045615474	5.665229873842488	10.14423925327599	1.2372193775239987e-05	6.636531287386282e-05	3.4940084713994306
ENSG00000181019	1.4385869166110234	7.7100229419242226	10.139079243427082	1.2416471324435697e-05	6.649710198197785e-05	3.378541882054348
ENSG00000004478	1.0899851118762136	9.641440490769778	10.133990422199311	1.24603127186825e-05	6.652072011524487e-05	3.4125508427248743
ENSG00000147535	1.0402412205876015	7.38302870522671	10.128386395339986	1.2508794381095862e-05	6.664315739125142e-05	3.3825387787715613
ENSG00000104231	1.0917446111421842	8.191226079024796	10.116015520356358	1.261657081709516e-05	6.703670856201428e-05	3.349637998240805
ENSG00000274750	1.6082432534966988	2.6059963846648078	10.094488826710073	1.2806614100503953e-05	6.793949052688731e-05	3.7846716762994443
ENSG00000125657	1.534654235395192	6.554332268559087	10.078841653196628	1.2946773280184796e-05	6.857521671482496e-05	3.3908513231816997
ENSG00000198839	1.1717036901244864	6.882605784384153	10.067889489442988	1.3045903825274233e-05	6.888673363136794e-05	3.3614446307755763
ENSG00000197702	1.0526563424912618	6.270913556747309	10.06783265085426	1.3046420506948462e-05	6.888673363136794e-05	3.399208930272744
ENSG00000132824	1.0256685646383623	9.017368450810421	10.05094627705842	1.320094775941466e-05	6.945505670858381e-05	3.319956959381
ENSG00000182378	0.9195958929330095	8.240002515798663	10.038972954189314	1.331176343463926e-05	6.963393771856258e-05	3.29011521901117
ENSG00000213699	0.851507400557522	7.997768430920598	10.035156353530803	1.3347306578299364e-05	6.971178389347067e-05	3.289821893354773
ENSG00000095794	1.443346910904709	7.402397724096776	10.017871958433858	1.3509614647544632e-05	7.034172811854257e-05	3.2966958576165224
ENSG00000260231	1.1280632970554212	4.765461635265063	10.002883087129678	1.3652166007022022e-05	7.075638726220016e-05	3.4598371774413135
ENSG00000130222	4.484905500840847	3.3819243042005627	9.988630779765758	1.3789283550217905e-05	7.124815114614888e-05	3.6097449415651255
ENSG00000188766	1.1764505290714808	5.760098376785887	9.975998420772543	1.3912112177692906e-05	7.166330761455856e-05	3.3587830962183975
ENSG00000166592	3.24916120452727	0.8108253382422799	9.937777817845637	1.4291304457724205e-05	7.33924828620418e-05	3.806476439711851
ENSG00000113811	1.801294306396941	7.236604151607908	9.925705999617906	1.4413476321299026e-05	7.390739986027798e-05	3.2321718652522566
ENSG00000185222	1.6341867407661104	7.683623565345601	9.881124054132645	1.487495438967363e-05	7.592752815545965e-05	3.1797035818581874
ENSG00000233822	1.5634689834643662	2.5625638356897524	9.87765214079244	1.4911584797595011e-05	7.59449256289265e-05	3.627622178614068
ENSG00000104805	1.4490464588995398	9.211965203220712	9.87440936643645	1.4945889335390397e-05	7.59449256289265e-05	3.1915812436340856
ENSG00000118473	0.9498076487441311	6.267750588454945	9.846156848195895	1.5248550634320468e-05	7.713434758650263e-05	3.227460985903541
ENSG00000204592	1.3291734886548934	8.97956757383192	9.825775902497329	1.5471166918467094e-05	7.7871597860883e-05	3.142964736179046
ENSG00000104765	0.8440827785847809	7.974744865423025	9.807358224744686	1.567548686081486e-05	7.84427196807519e-05	3.1124214587059518
ENSG00000063046	0.8587429273494074	10.8996869015591	9.805774826882391	1.5693193771341888e-05	7.84427196807519e-05	3.2181910720276363
ENSG00000103042	1.0917229806710322	7.083127154380278	9.767781414257948	1.6124888757513544e-05	8.000790392330985e-05	3.1157910312835515
ENSG00000249755	1.2120435423827618	4.221510816658308	9.760693172697081	1.6206897545163823e-05	8.008962620582215e-05	3.3284509057724723
ENSG00000175505	1.7721943792283499	4.9217245548030295	9.75918402197438	1.6224418458239006e-05	8.008962620582215e-05	3.2559902419964013
ENSG00000183760	1.0370785956914954	6.935519859414195	9.755228698603931	1.6270440066912593e-05	8.014082450476363e-05	3.114157772383873
ENSG00000204758	1.9133285324527478	1.9035657737304892	9.744009221511728	1.6401783537287814e-05	8.055257300554453e-05	3.5937450244621783
ENSG00000125945	1.1140248676976947	6.112570578460829	9.737700982287736	1.6476155860552183e-05	8.068294611538906e-05	3.1510901734363497
ENSG00000132334	1.155698010142773	5.6836835686264315	9.734921953889987	1.650904007917812e-05	8.072681337267677e-05	3.175366954768906
ENSG00000122218	1.3650810979938495	9.785293491176484	9.72786198245728	1.6592913082688926e-05	8.098325930748702e-05	3.1027427637919605
ENSG00000175213	0.945052500639469	6.112280192780869	9.701212903621624	1.6913852336193658e-05	8.199330141137557e-05	3.122203349874317
ENSG00000118855	0.9938897463902547	7.474102822712306	9.691717735185273	1.702988620921548e-05	8.22870353363538e-05	3.0378204121817483
ENSG00000106524	1.0913026083946153	6.756119428021277	9.690273748218013	1.704761046239221e-05	8.22870353363538e-05	3.0741455477693176
ENSG00000188092	1.4500049273849913	4.6758634673832065	9.684969917232477	1.711289071036752e-05	8.23664668427675e-05	3.2208043724597335
ENSG00000234127	1.1839560479219324	8.498452845307687	9.677885978450874	1.72005196258149e-05	8.25527072795156e-05	3.010354903818321
ENSG00000198814	1.1401069269746253	5.927278311451323	9.672854869663421	1.7263061284630308e-05	8.273518291810037e-05	3.110666808514221
ENSG00000145901	0.7932128308980886	8.607855699036296	9.663404917177077	1.7381225961009207e-05	8.318334240063129e-05	3.001648280257804
ENSG00000198853	1.1427750358501756	8.007240029448749	9.65921383120549	1.7433923296676355e-05	8.33173614773173e-05	2.9940726894958294
ENSG00000123091	0.9265065695308214	8.370512125753026	9.650773483719542	1.7540595535186044e-05	8.353004560002886e-05	2.9861034224420795
ENSG00000198380	1.154165084681967	9.105230340726283	9.646445700978468	1.7595576137828665e-05	8.353004560002886e-05	3.0061056751867667
ENSG00000215067	1.876959926172641	2.0653053832679475	9.641918629404497	1.7653295977342477e-05	8.353004560002886e-05	3.5012251425261827
ENSG00000149084	0.8285778866225213	7.1248296572065435	9.640104737867794	1.7676482678844283e-05	8.353004560002886e-05	3.0120062477233667
ENSG00000248124	1.0477306958802446	5.278010828656808	9.619615228427394	1.794078875426602e-05	8.466044931034063e-05	3.1142922221071636
ENSG00000186480	0.9385366466502383	8.114722225763517	9.610978358618556	1.805352969354204e-05	8.495482452721178e-05	2.95345536360003
ENSG00000170961	1.3701585248256212	4.539897023705513	9.607308288378762	1.8101677743290334e-05	8.506275864326127e-05	3.1727969363024258
ENSG00000183508	2.4281047089432772	3.3384088084363848	9.597311696592902	1.8233557924198848e-05	8.544447838367626e-05	3.313608982048674
ENSG00000234719	2.224383946548774	1.5672819443917576	9.591626081019404	1.8309047202747828e-05	8.567923059926653e-05	3.5067943097692336
ENSG00000150527	0.9923963568223506	6.092577945694903	9.585021502315744	1.839717927241761e-05	8.597241394063299e-05	3.030676568292752
ENSG00000155252	0.9355523476156202	8.052698024698344	9.582409995667751	1.8432158940181853e-05	8.601674172084865e-05	2.9314772587922953
ENSG00000111321	0.9816877746792754	8.241589902680355	9.578372819693984	1.8486381891013023e-05	8.61506250003839e-05	2.926697611875203
ENSG00000119688	0.9061049352855912	7.181523148328295	9.56758049451596	1.8632215219995333e-05	8.671047469277828e-05	2.9510112990012294
ENSG00000171295	0.7818288526601798	6.7161564925685475	9.530716245650428	1.914019151707231e-05	8.858574235747869e-05	2.948925014273799
ENSG00000134759	0.7592663812126261	8.016760461231565	9.523328422457757	1.9243855239604727e-05	8.882184347253946e-05	2.8845381782439574
ENSG00000175224	0.9219432917022345	7.779865589016934	9.520193599319429	1.928803274087576e-05	8.890412905425523e-05	2.888843791374841
ENSG00000111711	0.7702336906493867	7.186608217567956	9.493537563158435	1.9668323662625586e-05	8.979827339336769e-05	2.8909258250636167
ENSG00000140830	1.3180433908597813	6.029235923575476	9.483996944981222	1.980647824334165e-05	9.018778526581702e-05	2.9530180454147823
ENSG00000169359	0.9421438724641211	5.8782012519944935	9.483954310114429	1.980709806815958e-05	9.018778526581702e-05	2.9621620045301507
ENSG00000088970	0.9343398248793742	5.370841884947838	9.47812670258087	1.9892025233926804e-05	9.045241662974264e-05	2.9932260867525926
ENSG00000213859	0.9193012737304702	6.093241724477758	9.473403490170115	1.9961158141649746e-05	9.064461314929508e-05	2.9406608928051208
ENSG00000118620	0.9077904542205042	5.652756306231738	9.46015017290276	2.0156591312723576e-05	9.12863611934622e-05	2.9576247024567026
ENSG00000256235	1.213609338562022	5.938795827057035	9.450850152634178	2.0295013322800618e-05	9.163888416643212e-05	2.931613912100765
ENSG00000135506	0.7946169888314181	8.786521413084152	9.448926887199574	2.03237724486281e-05	9.163888416643212e-05	2.8340364871223773
ENSG00000170540	0.9770703278374402	8.158113579765011	9.436095368693296	2.051682211390823e-05	9.229834374976848e-05	2.811653894411527
Novel00868	2.412382896708296	2.838504840323421	9.425436783835318	2.0678747917504677e-05	9.26561692877301e-05	3.244398301325841
ENSG00000153234	1.5656621328059548	3.8480619864633265	9.420414095569896	2.07555504053272e-05	9.28769589755623e-05	3.1057225496572984
ENSG00000090581	1.115104892512484	5.988365912359817	9.417360751967708	2.080239608777853e-05	9.296329059624472e-05	2.9013503352167547
ENSG00000136868	0.8350607339052516	8.954097120106255	9.41540843778149	2.0832411592511155e-05	9.297428136657756e-05	2.8127856847907378
ENSG00000092531	1.0422095495396668	5.82586175069801	9.40902177816911	2.0930942738218573e-05	9.315451271471473e-05	2.904579795902709
ENSG00000104549	0.7964045805457545	9.399685922966173	9.408191672506124	2.094378773626925e-05	9.315451271471473e-05	2.827647973012465
ENSG00000258808	3.4141362632364203	0.801452146316292	9.407427266821554	2.095562393315604e-05	9.315451271471473e-05	3.417032162090587
ENSG00000146453	3.308342358031397	0.03569103135190584	9.396170621346283	2.1130797249876484e-05	9.380961831721481e-05	3.435687994058723
ENSG00000132434	0.9933097900313115	5.08805811133641	9.39031518550025	2.12225684573557e-05	9.388993067562657e-05	2.9458340586185905
ENSG00000083896	0.8274464655025024	8.294759604004774	9.38986175629777	2.1229693637981515e-05	9.388993067562657e-05	2.7738891201352196
ENSG00000111981	2.0862898516346395	3.9763908309139495	9.384894729688094	2.1307921711873378e-05	9.393924204748107e-05	3.060292715869961
ENSG00000135047	1.258964005858413	9.81329947312794	9.379351796544292	2.1395602732144747e-05	9.399578596127132e-05	2.8231931030909845
ENSG00000172602	1.2650638952270712	3.6042695671042457	9.377570654945895	2.1423863789467604e-05	9.399755061854837e-05	3.103387850897179
ENSG00000162413	0.9957857196078326	9.268697546390733	9.368725498714413	2.1564831227190305e-05	9.437061032495473e-05	2.7889526504848323
ENSG00000245522	2.0276218124764886	2.8350922046212514	9.362516786128165	2.166440365915869e-05	9.447744167020747e-05	3.194819032491428
ENSG00000141627	0.8143707145383905	6.455058765043102	9.36122247517907	2.1685226234272872e-05	9.447744167020747e-05	2.827813795635965
ENSG00000081791	0.8977158870375304	7.0822942832162745	9.35941980238544	2.1714264703850787e-05	9.447744167020747e-05	2.786839745849935
ENSG00000278000	2.9427426238331007	1.7667676501458336	9.35849049672157	2.1729251551891227e-05	9.447744167020747e-05	3.310582486806261
ENSG00000130707	1.1156965002477524	7.50549004335719	9.33152641016098	2.216920257268045e-05	9.587719329525669e-05	2.744855799015175
ENSG00000255248	1.0014407479729899	4.995099814705416	9.329037808433084	2.2210309049262035e-05	9.587719329525669e-05	2.904239474160944
ENSG00000172071	1.1946986378322215	6.12120692624355	9.316648400811971	2.2416234895453854e-05	9.634697648058765e-05	2.8110453094140544
ENSG00000136161	1.6726816462263348	2.1749497257012	9.301291226821201	2.2674472393049753e-05	9.733291330044513e-05	3.225028320077919
ENSG00000090238	1.1787245638127941	4.514599718238927	9.293205644899833	2.2811777142115067e-05	9.773689380915576e-05	2.9220058720646165
ENSG00000144381	1.0183115784985297	12.376532813321269	9.285933614528533	2.2936064998323122e-05	9.800433685903621e-05	2.859121170131461
ENSG00000143322	2.432079059136967	10.333094603670137	9.28529164505369	2.2947073538422824e-05	9.800433685903621e-05	2.771459672612293
ENSG00000136870	0.7866278856389721	7.253073316684263	9.283364000390971	2.298016462630943e-05	9.802158716708979e-05	2.7155818143682016
ENSG00000125378	1.6632168840155224	4.100299574636686	9.27980807926991	2.3041348452234096e-05	9.815847181545182e-05	2.958967757033477
ENSG00000179119	1.1097878112428559	7.568329706939421	9.27408859845936	2.3140143233101214e-05	9.823079781049539e-05	2.6950185545568157
ENSG00000171425	1.9359415015001753	7.6679773098840185	9.27380466586075	2.314506009587012e-05	9.823079781049539e-05	2.691081503389994
ENSG00000196449	1.1544431546975895	6.665518441122992	9.268679469935524	2.3234015296095453e-05	9.834500850853334e-05	2.738181308316559
ENSG00000225190	1.1176248105651263	7.3910741897792835	9.267282439405927	2.325832936568525e-05	9.834500850853334e-05	2.696332174380414
ENSG00000250182	1.9141623027373016	4.766830831766293	9.265512728702797	2.3289170657474253e-05	9.834500850853334e-05	2.8740277812895663
ENSG00000066697	1.0251591439577599	8.365031188855134	9.259756113674932	2.3389811243155598e-05	9.864652891800873e-05	2.667431033329782
ENSG00000154727	0.9494854869755347	7.083644489257281	9.250905820525631	2.354549190779896e-05	9.891647995414807e-05	2.6972279200538916
ENSG00000151135	0.8936908525789349	8.029452882670446	9.250080680910141	2.3560065720214364e-05	9.891647995414807e-05	2.6602197606350337
ENSG00000163162	0.9296410650234286	7.801375577432584	9.247441250294017	2.3606752078730687e-05	9.894308262563644e-05	2.6644710157371048
ENSG00000165678	0.9916734827235594	9.594012436175179	9.232195831639478	2.3878456283060598e-05	9.931200401770124e-05	2.691828396041254
ENSG00000278845	1.2239152269916058	7.64589100265891	9.230536235046054	2.3908245108327456e-05	9.931200401770124e-05	2.655969481217589
ENSG00000008405	0.7429625684340495	7.809618688800654	9.2300262801447	2.3917406896063658e-05	9.931200401770124e-05	2.6497281804049386
ENSG00000214517	0.7866115354054184	7.784595370635832	9.224928710216641	2.4009206324696802e-05	9.931200401770124e-05	2.6463221014064544
ENSG00000138303	0.7886620000252647	6.337806086933669	9.224709362334519	2.401316531822955e-05	9.931200401770124e-05	2.7222886511599746
ENSG00000204178	0.8646523849004026	7.144773742469565	9.224410965049655	2.401855224613047e-05	9.931200401770124e-05	2.671968804836748
ENSG00000163132	1.2475798663720692	7.776274071916377	9.22037076120022	2.4091623328884195e-05	9.949221188697096e-05	2.642808961334599
ENSG00000173221	1.202992907641308	9.976952901334139	9.198017602716495	2.4500443432137085e-05	0.00010081036114637868	2.681210920384821
ENSG00000099968	0.7279636408096373	7.750688058202667	9.194881188903977	2.4558426805868315e-05	0.00010092586119731997	2.6224719680462574
ENSG00000102580	0.9782934350587293	8.894169416660645	9.185782207257045	2.4727515352126563e-05	0.000101305863421582	2.6206731584819236
ENSG00000285106	1.6515053080336584	6.213108835764205	9.185061211729217	2.474096960859027e-05	0.000101305863421582	2.696723596506427
ENSG00000215154	1.2715781320214763	5.609790611706108	9.178293673537326	2.4867658040572642e-05	0.00010170118573199042	2.7292914025755977
ENSG00000103429	0.7279651333309616	7.9510955353251775	9.159516685387853	2.52229965661184e-05	0.00010290494608716261	2.58642708777284
ENSG00000139624	0.9503030473970773	7.730011440329854	9.1557502049786	2.5294958793234635e-05	0.00010298092250994332	2.590507874679486
ENSG00000075975	0.779987047492595	6.874513885443875	9.153754357253032	2.533318484980823e-05	0.00010298092250994332	2.6287273272809504
ENSG00000124145	0.8255127088107148	8.3924966931553	9.148838874278567	2.542760709978143e-05	0.00010323281346885264	2.5752532760159585
ENSG00000113916	1.2634106306434045	6.178309127725095	9.141509489426113	2.556913347120175e-05	0.00010344155435471787	2.6624345753257312
ENSG00000141582	0.9553199710933749	8.278684790076003	9.100407942551142	2.6379362928197514e-05	0.0001055800362037229	2.5331996561305186
ENSG00000149428	1.1260198154673695	9.763597312168406	9.090837832499233	2.6572131117626924e-05	0.00010609984661641803	2.581450553223977
ENSG00000183098	1.3346727337079138	3.6615404523510158	9.077644371700513	2.6840483000713735e-05	0.00010704466861041152	2.8505473479452093
ENSG00000145632	2.6142370929362526	1.9868159000180536	9.066931590052054	2.7060618698624527e-05	0.0001074927287459313	3.0575078747924254
ENSG00000172530	1.0043584818698168	6.489720080400482	9.065464326084058	2.709092692049578e-05	0.0001074927287459313	2.579863245416629
ENSG00000119541	0.7396276716177272	7.6731250800012925	9.06443915771268	2.7112125715111895e-05	0.0001074927287459313	2.5157674497876332
ENSG00000126368	0.8830661943711027	5.6520372249953335	9.053970376378501	2.7329672725905796e-05	0.00010811740836436364	2.6221901505012823
ENSG00000144161	0.8883915198527799	5.750246043179372	9.053354336390147	2.734253532191555e-05	0.00010811740836436364	2.6150121105549733
ENSG00000196204	0.842620486085913	6.388469462994989	9.052240110512688	2.736581705488042e-05	0.00010811740836436364	2.5749141287323702
ENSG00000120686	0.7727102585944019	7.5826699564663445	9.047720617831313	2.746048036714086e-05	0.00010821595070135365	2.5049929449403443
ENSG00000101444	0.9113309581018854	9.576214771454353	9.046161911600901	2.7493213592250856e-05	0.00010821595070135365	2.5351451431334047
ENSG00000108788	0.8124028636340164	7.727801693608326	9.03163663373625	2.780036402335883e-05	0.00010919491061095774	2.4860239971598173
ENSG00000188493	1.0357367510462838	5.400369397519706	9.021929104261053	2.8007786778195787e-05	0.00010941783472609457	2.6141774316421706
ENSG00000247400	0.9524868786712535	4.559163005305588	9.020233735089043	2.8044190061162156e-05	0.00010941783472609457	2.690955347091358
ENSG00000137947	1.145771149123055	6.534736171248822	9.01988441149261	2.8051697403103677e-05	0.00010941783472609457	2.538483056704507
ENSG00000071242	1.392677714353209	2.9890059510968077	9.011026650928022	2.824281652513205e-05	0.00011003610041084934	2.8885591330845406
ENSG00000134531	0.7465708494919525	7.583696123472237	8.997428312836943	2.8539072861041516e-05	0.00011093413805662912	2.462303621919344
ENSG00000162623	0.8564069324919643	7.697271512316356	8.98982661799615	2.87062047982011e-05	0.00011136969014816378	2.4516343593697147
ENSG00000139800	1.053725803382621	5.428215269363	8.986758429970617	2.8773973530639784e-05	0.00011146198242523378	2.582211115014257
ENSG00000233476	1.1440640959006005	7.118523570782779	8.97243074628618	2.9092824461902647e-05	0.00011231028573736789	2.461288187258024
ENSG00000117394	0.7527058880963136	8.973449724283606	8.96159377763757	2.9336628411785643e-05	0.00011312203915584544	2.434719155254264
ENSG00000180867	1.070698310042613	6.772878725076958	8.955482714250158	2.9475122795643115e-05	0.00011339688062998844	2.4679758881802787
ENSG00000181789	0.8093617694006454	8.861855832398593	8.95112777991038	2.9574266233415032e-05	0.00011356792959193783	2.4213973329976257
ENSG00000189362	0.7854928146739741	8.397862027309587	8.949099798147714	2.9620562549171692e-05	0.00011356792959193783	2.406271996099597
ENSG00000156265	2.5781459903146953	2.1637609744119994	8.945223569124577	2.970927866642686e-05	0.00011365569197287782	2.939055207382241
ENSG00000049860	0.9224628497767657	8.50447790907672	8.942261162275123	2.9777281090324217e-05	0.00011365569197287782	2.40288568020722
ENSG00000114473	1.3063836029930709	7.130252313554612	8.94222137826882	2.977819552579253e-05	0.00011365569197287782	2.434919850006768
ENSG00000107372	0.7825363244689338	8.60721387729089	8.915396736615625	3.040200004474467e-05	0.00011525432376513316	2.3826363032141913
ENSG00000223891	1.5900283407425457	2.01372833026493	8.91352549206128	3.0446060136523097e-05	0.00011529181470328723	2.9296440504651606
ENSG00000102317	1.171367317250514	8.880497822957217	8.90773937415398	3.058275359020952e-05	0.00011553124870155913	2.384917795791619
ENSG00000100591	1.3177016971501203	9.962840863177583	8.90768094055809	3.058413755774299e-05	0.00011553124870155913	2.435431640934982
ENSG00000273002	1.818213217480247	1.9136914488283654	8.906504565036812	3.0612014326969133e-05	0.00011553124870155913	2.934532145666452
ENSG00000176407	0.9486328029191773	7.950690470002981	8.899533766533585	3.077778906548972e-05	0.0001158245287422044	2.366010265285327
ENSG00000261270	3.0480922780812296	1.0333642720639376	8.898554181232043	3.080116556092109e-05	0.0001158245287422044	3.0058477233210805
ENSG00000106070	0.8042795814947707	7.330818687317078	8.88953275092919	3.1017389618647835e-05	0.00011625733985336208	2.3802282704974136
ENSG00000159200	0.7575930784596414	7.465468277731641	8.888360840992059	3.104560261051548e-05	0.00011625733985336208	2.3736807437572995
Novel00050	1.3343206489087476	3.2504353687961656	8.879127233157707	3.126890644439709e-05	0.00011683420857518912	2.7415607069745906
ENSG00000163597	0.7017745880304878	7.645945499640588	8.859522447480893	3.1749029105832826e-05	0.00011836599359456349	2.3419539690035265
ENSG00000218358	1.1937536871279488	3.876697726808432	8.857075126621062	3.18095431180688e-05	0.00011846070472446374	2.6361757277879274
ENSG00000174808	1.3225229466143893	2.4010877305832166	8.84099762344946	3.221032014394771e-05	0.00011927262141335837	2.8246533341259887
ENSG00000158793	1.0147800730976382	7.158553275670551	8.838936218990398	3.226211522997444e-05	0.00011927262141335837	2.3448400299337093
ENSG00000056558	1.4576889168859282	3.869546025791905	8.836121028998223	3.233300112004094e-05	0.00011930028566353571	2.6193212490622795
ENSG00000151445	0.845479015703483	5.931326518369743	8.835319352351796	3.23532191411189e-05	0.00011930028566353571	2.417676545625504
ENSG00000173209	0.8390079234524066	6.546304205671971	8.823027196349136	3.266500716503849e-05	0.00012005635531028307	2.3694948186621243
ENSG00000157693	0.7689546470715616	7.419387201806737	8.817467449954895	3.280713570395445e-05	0.00012044752542452917	2.31445731470137
ENSG00000164850	1.8922322254074786	1.949394650821433	8.809228640834167	3.301902977179465e-05	0.00012070329645944869	2.8504912403223193
ENSG00000196205	0.9230431406323802	10.99383515651955	8.80919492696892	3.3019900009505375e-05	0.00012070329645944869	2.4025522635498824
ENSG00000052841	1.0454847294433751	7.914260735818216	8.804157424255084	3.3150220132796675e-05	0.00012104853109096967	2.2848104660833695
ENSG00000113240	0.9588654677926742	5.820849809119137	8.799455491603608	3.32723802035764e-05	0.00012123219309596845	2.3937482289355927
ENSG00000165526	0.8130537412217986	7.759688728385721	8.796828863291147	3.3340842102026697e-05	0.00012132706303328314	2.2836194403320604
ENSG00000129946	1.5425267609608033	4.859996521246198	8.795699148055094	3.3370336246261636e-05	0.00012132706303328314	2.4697190574122576
ENSG00000123983	0.756786868383136	9.079008321260138	8.785970701406969	3.362553810943224e-05	0.00012199200600131654	2.288240885245261
ENSG00000170919	1.3694578715390988	4.517924052405774	8.783440228842954	3.3692277350482765e-05	0.00012210283972129843	2.4938963090132127
ENSG00000279766	2.1809266896327983	0.9227205167281866	8.76547826849268	3.4170306080417135e-05	0.0001233054681447352	2.906135247953948
ENSG00000136560	0.8508733329456826	6.279927972925916	8.761171740189992	3.428604574508025e-05	0.0001233612447556876	2.3324779902570985
ENSG00000068323	0.7066246180022535	8.365205599996184	8.76082254452493	3.429544978685091e-05	0.0001233612447556876	2.2435550101474586
ENSG00000104064	0.8594325728256313	7.0955642452872905	8.757150714115033	3.439450977819265e-05	0.0001234388437045924	2.2773361868361075
ENSG00000272068	1.7212990318242305	3.464099697432389	8.7368901888259	3.49469140390851e-05	0.00012446511475529558	2.5905389118521986
ENSG00000186010	1.2997994159742694	4.487805194897604	8.736006640391265	3.4971229634860756e-05	0.00012446511475529558	2.4563114312964167
ENSG00000244405	0.6881814106609454	8.434077903038162	8.733292858658746	3.504603277040228e-05	0.0001245999099761194	2.220659166934019
ENSG00000119508	1.880454786164238	3.9836247719840636	8.730087221090715	3.513462494979725e-05	0.00012460068678435085	2.513045022960368
ENSG00000179218	1.1343558882397815	12.307782142536423	8.728389389044638	3.5181648657866475e-05	0.00012460068678435085	2.385995646765858
ENSG00000102226	1.0465241601011481	6.979664212659409	8.727944940248873	3.5193969918638515e-05	0.00012460068678435085	2.25844280327715
ENSG00000070756	0.853350833639066	13.04540038972091	8.726370076707388	3.523766817619124e-05	0.00012462462518497824	2.4101662943108817
ENSG00000126775	0.9881429488229081	6.785977167373065	8.722774966320113	3.5337651246437024e-05	0.00012477404669688043	2.266506133911638
ENSG00000179833	1.2579263313746587	7.160851335407641	8.72219252925652	3.5353879265624683e-05	0.00012477404669688043	2.2434577824417605
ENSG00000164615	1.2466762323229004	8.05472214846161	8.715672338145115	3.553611863547961e-05	0.00012515539068487286	2.2044679620424423
ENSG00000257576	1.2617464022062927	3.4467820172041894	8.68881738729614	3.629790954043113e-05	0.0001271746072579591	2.5516994182695036
ENSG00000129197	0.777360923506051	6.497795916458941	8.68427268885403	3.642863302887834e-05	0.00012723623999941563	2.252119947859784
ENSG00000173545	1.0671050240836495	7.953124122195706	8.682823352636747	3.6470432712073e-05	0.00012725050669134882	2.177973046607394
ENSG00000003756	0.7645160604948353	7.325773493339593	8.665067522383938	3.698691391337142e-05	0.00012887318336531894	2.185610432883971
ENSG00000196152	0.8005790741502397	5.506151449749006	8.660692516947133	3.711543095693975e-05	0.0001290933101180383	2.2954352625203462
ENSG00000070669	2.9929260419510175	3.468061740846075	8.63786683710975	3.779412208566015e-05	0.000131185891614355	2.504755578521814
ENSG00000155304	1.1026093151324963	8.170789782753783	8.629276373173782	3.805314588149579e-05	0.00013154847766820368	2.1274196300986237
ENSG00000228175	1.7750327961614818	2.717960848423359	8.627782330501066	3.8098398012333764e-05	0.00013157010736296226	2.6030310586200276
ENSG00000175354	0.9732874202094903	6.447076663435464	8.61380708485935	3.852462205725381e-05	0.0001329060069746159	2.193489443766511
ENSG00000100353	1.0265380230753713	9.664278739397309	8.612007598131985	3.8579891482187595e-05	0.00013296072917354538	2.164534277855301
ENSG00000164463	2.059180356071259	6.123562643651394	8.606801693903337	3.874028724386431e-05	0.00013304946826576958	2.2069841819683695
ENSG00000249328	3.604025097392078	0.8337443644769551	8.59737314433313	3.903269251711985e-05	0.00013356623179793344	2.774607662588023
ENSG00000148572	1.0026347893293828	6.347846668257053	8.59530999637658	3.90970061243823e-05	0.00013365075852448416	2.183298397046162
ENSG00000111057	1.7438916692505106	8.123447468606438	8.593638089723163	3.9149210957264536e-05	0.00013369376292490947	2.0961518452247585
ENSG00000139793	1.4206982911043822	7.011422037109015	8.590355963111964	3.9251922099925266e-05	0.00013381360603401669	2.1359055460553105
ENSG00000186141	0.8733130399398776	6.530600606202174	8.583536658392946	3.9466294092906886e-05	0.0001341156483723452	2.1614696637282726
ENSG00000105321	1.2635432945801366	6.775496968979453	8.578051731902471	3.963967187757352e-05	0.00013422323636133227	2.1401787224714584
ENSG00000148719	0.6888962149240934	7.720192541284698	8.576322092384864	3.969452264768698e-05	0.00013422323636133227	2.0918967500952386
ENSG00000188732	0.9191931934772821	5.148655394314505	8.573582839276021	3.978156484734218e-05	0.00013422323636133227	2.248903695848842
ENSG00000197780	1.0259514177679803	7.716107854566637	8.573320335495449	3.978991737553774e-05	0.00013422323636133227	2.089388932739694
ENSG00000242802	1.2789089254602208	7.0003302444032665	8.573078024479996	3.9797629142606514e-05	0.00013422323636133227	2.1212537945317465
ENSG00000179046	1.568901216866493	2.1455104693391607	8.570706968418051	3.98731786929849e-05	0.00013425097983655034	2.62754309196583
ENSG00000119004	0.8948428082006998	5.323973083885948	8.568757965080763	3.993540077456058e-05	0.00013425097983655034	2.229506399268449
ENSG00000102158	0.709803359146874	8.294207702255669	8.56584754348358	4.0028519103976564e-05	0.00013431610535773278	2.0714518850573276
ENSG00000137193	0.8770229883415901	5.961236185558071	8.565239164907663	4.004801481620604e-05	0.00013431610535773278	2.180275293035546
ENSG00000196267	1.125687697285188	4.846716859065529	8.550213679484559	4.053290884750289e-05	0.00013580738277207025	2.2571860479823798
ENSG00000282855	3.6037536032528372	1.7266569465847403	8.54519915157339	4.0696198024062213e-05	0.00013619084321321446	2.6524975280730185
ENSG00000120705	0.716669578654642	9.970850308620234	8.544222534818436	4.072808559636437e-05	0.00013619084321321446	2.119172429733272
ENSG00000156697	0.8424939098958015	6.506477656525945	8.539155569234113	4.0893978020649875e-05	0.0001364750562232173	2.1237644442364685
ENSG00000161638	0.7700181753750801	9.247546914505703	8.53789704723994	4.0935299454222656e-05	0.00013647796478117317	2.0787222104519483
ENSG00000165943	0.7353705486320843	7.339875347756911	8.532073315050134	4.112712268878152e-05	0.00013684705320705015	2.067566485079351
ENSG00000120889	0.8457647428904291	9.716566926179572	8.529576420727262	4.1209674569186125e-05	0.0001369110172247103	2.0940384682680957
ENSG00000170340	0.8245838745464082	6.898842305900784	8.529037926758965	4.1227502519355565e-05	0.0001369110172247103	2.0885481749810495
ENSG00000102393	1.1803389043812391	6.9807512431875605	8.506521025342094	4.1980772936435946e-05	0.00013872980204459833	2.0632858718855225
ENSG00000279088	1.2308129489059514	3.4291426440908124	8.498416839310558	4.225565522836145e-05	0.00013947148201347043	2.3887970298894734
ENSG00000115170	0.9458415555964343	6.679304932381928	8.492239685091146	4.2466531516788525e-05	0.00013978739252453118	2.070605672553686
ENSG00000198715	1.1498807413882872	6.628435512831977	8.489569441372023	4.2558053782505266e-05	0.00013983610079497228	2.0716792923613516
ENSG00000138463	0.885939467708142	6.693136855800719	8.487293885440625	4.263622280882593e-05	0.00013993639665075747	2.0652475255330076
ENSG00000162236	0.9401034162809108	7.044396425284268	8.484900597280918	4.271860993699866e-05	0.00014007054414716567	2.040396343054706
ENSG00000145050	1.639242190317466	8.68193746219131	8.47443281889465	4.3081059983125315e-05	0.00014087263498646941	1.998827272475296
ENSG00000170502	0.8115453301938569	6.863861585771863	8.4666335368794	4.335335527805067e-05	0.00014132774947646663	2.03523841498094
ENSG00000147894	0.9457290843799839	6.404451932935521	8.459981917803944	4.3587108156228854e-05	0.00014185032159834247	2.0596804478350332
ENSG00000125746	0.8215534771489628	6.303437814294626	8.459680258879793	4.359774258965061e-05	0.00014185032159834247	2.0656284412740007
ENSG00000184164	1.2947909127289936	7.026232329777865	8.451422733849068	4.388997971370629e-05	0.00014266357567827075	2.011490271692244
ENSG00000107745	0.7068442699855204	7.660732970183137	8.449600305547337	4.395477173647967e-05	0.00014272088339801944	1.9811847719615816
ENSG00000213862	1.6620328522649823	2.644390505596902	8.408196417031112	4.5456083796850975e-05	0.00014629447976666598	2.4228725219512057
ENSG00000155096	0.9308169996173916	9.978822875217093	8.40744197518665	4.548396836847439e-05	0.00014629447976666598	1.997452355513639
ENSG00000137936	0.7377133122556758	6.6220470039722885	8.406268931739941	4.5527362787772994e-05	0.00014629459242471054	1.9975374102818417
ENSG00000134440	0.688094771884872	9.34167206302773	8.402806444993214	4.565572165175473e-05	0.0001465674641798482	1.9626600294508876
ENSG00000012822	0.9865667096755546	6.32059178513687	8.388265193586161	4.619923390619653e-05	0.00014761005227226053	2.0005382466681407
ENSG00000133112	1.5405883178675417	11.107547274182354	8.382901739556715	4.6401533839981564e-05	0.0001481161543766299	2.0327169438276975
ENSG00000138600	0.8175001151590751	7.151314842332644	8.378497205982276	4.6568408005702044e-05	0.00014850832571950727	1.9390109009534964
ENSG00000120370	0.9650150306297292	5.055965761537565	8.377178672399658	4.6618493974198e-05	0.00014852766635405483	2.0828800599886446
ENSG00000177406	1.0626957910717838	4.841958121655972	8.369505519246113	4.691116863888385e-05	0.0001490628722049141	2.096889815604009
ENSG00000132376	0.9532427421114873	6.4810206161654484	8.364133240343394	4.711730805575513e-05	0.00014930116389867587	1.9688275397079487
ENSG00000110958	1.1135257580302547	10.776585121726018	8.361114732779651	4.723357661369119e-05	0.00014930116389867587	1.9967364902713713
ENSG00000114850	0.8246736497508316	11.509636747799654	8.360727792846614	4.724850423196416e-05	0.00014930116389867587	2.030925172420499
ENSG00000168495	0.7488453859996254	7.765400876918131	8.353456639720578	4.7530001510769585e-05	0.0001499296951665047	1.8907043164082635
ENSG00000275894	2.837840165893028	0.8355633964751714	8.351623405494843	4.760127031417462e-05	0.00014995955746034096	2.5685002864070654
ENSG00000111275	0.9975517458888623	8.302842749352333	8.349987409136807	4.7664972493085534e-05	0.00015002016529073748	1.8781197831874437
ENSG00000165626	0.9637312633655855	7.17117606910907	8.346022487639562	4.781975494494733e-05	0.00015036705795363678	1.9086743643464157
ENSG00000153531	1.1210971842199728	3.681979528420305	8.343767945665293	4.790801896727334e-05	0.0001505043351914155	2.215944871076749
ENSG00000143013	0.8453522918748089	6.542821944178426	8.333705907186477	4.830417529656615e-05	0.00015146680989834032	1.9372958612421662
ENSG00000125459	0.7723794310119896	6.071599709925963	8.324200121259093	4.868180802979401e-05	0.0001519448846369334	1.9578889046565937
ENSG00000100906	0.9423275717803916	6.725870154233905	8.321198059080398	4.8801756713360134e-05	0.0001521784908972986	1.9136345155505499
ENSG00000166275	1.3239063990848	4.740831358562941	8.319971581554366	4.88508564647203e-05	0.00015219094156229573	2.062565789719276
ENSG00000058085	3.1462299003256042	1.5210679091228405	8.318777866222955	4.8898697836085736e-05	0.0001521994524898093	2.4793664867807657
ENSG00000113161	1.129913774916921	8.213263048740295	8.295896717265366	4.9825951921029135e-05	0.00015463932523734612	1.8286211503618768
ENSG00000124143	0.9863942893100672	4.822390263498082	8.295710481165067	4.983357954303566e-05	0.00015463932523734612	2.032375854420798
ENSG00000198719	0.7799014359394949	7.032963700671816	8.295671905657118	4.983515963342725e-05	0.00015463932523734612	1.8705356531506112
ENSG00000113448	1.5122948984226232	6.703967847842715	8.294921415139653	4.986591163551647e-05	0.00015463932523734612	1.8912904128752883
ENSG00000070770	0.9173380601649841	8.352043970447506	8.293708076250418	4.991567426519115e-05	0.0001546515013505555	1.8276068051280152
ENSG00000167658	1.0226689324514702	14.363592827726642	8.289067864568617	5.0106497378759785e-05	0.0001550893146041234	2.069206408148781
ENSG00000235448	4.867187839226932	-0.1533558550128871	8.286030387995222	5.0231852815067053e-05	0.0001550893146041234	2.572250519621985
ENSG00000261770	2.733323610747105	2.0277203503194867	8.284322452865709	5.030249301714078e-05	0.0001550893146041234	2.393552160434142
ENSG00000131871	1.1455478265703647	6.91531596227307	8.283591000813445	5.033277993228071e-05	0.0001550893146041234	1.8666910613238983
ENSG00000137494	0.9811601441879674	6.397758297872743	8.281560294850758	5.041697170754254e-05	0.0001552069913697523	1.899219691465241
ENSG00000215190	1.4340454097378856	3.428954402193693	8.277170802059112	5.059949729770977e-05	0.00015561970887922332	2.1925902116040996
ENSG00000182149	0.8038505958952786	8.666746691017487	8.26542108012625	5.1091735069347034e-05	0.0001561444874311385	1.8094742921757119
ENSG00000115641	1.2152004023283318	10.430390851032012	8.256985471893772	5.1448443457056096e-05	0.00015709235133403373	1.884632989213328
ENSG00000261762	1.8726128775238586	3.3757102209472256	8.251947140115265	5.166282579750599e-05	0.00015760431667340434	2.17769976637273
ENSG00000118985	0.8490725866882674	10.161000077793373	8.24859991206495	5.1805804830756595e-05	0.0001578916413235026	1.8629298211998861
ENSG00000153113	0.7086464164575901	8.983443337740642	8.247553261159899	5.18506042046357e-05	0.0001578916413235026	1.8045669042693122
ENSG00000136603	1.5323973047008854	6.070150132532005	8.245695444900491	5.193023055657518e-05	0.00015799152199989598	1.8866328986226195
ENSG00000166579	0.7448859435067146	6.796434910938595	8.242920724297157	5.204941097614434e-05	0.0001582114528229829	1.8375060039808222
ENSG00000224080	2.1670104411528515	2.075663225331815	8.23639313154916	5.233099658858614e-05	0.0001585536248578517	2.3455579732024017
ENSG00000128342	0.771855547489114	8.60415157518278	8.235706447905846	5.2360717705276496e-05	0.0001585536248578517	1.7803907364619382
ENSG00000185262	1.4328905197163468	8.059519132981016	8.234870039503305	5.239694478853131e-05	0.0001585536248578517	1.7741993882486815
ENSG00000095752	0.9713313171663547	7.08158405607227	8.227364431085649	5.2723293025702955e-05	0.00015927387229032355	1.80542247167807
ENSG00000072042	0.7054931952163814	7.969487169415346	8.227225020035297	5.272937621466847e-05	0.00015927387229032355	1.7691766456573337
ENSG00000257605	1.883073545751299	1.7833780117934577	8.226135635200169	5.277693852986684e-05	0.00015927494686920456	2.3705847586316278
ENSG00000253658	0.951494409013729	4.855100322571474	8.222188404437674	5.2949677042159306e-05	0.00015965344981255184	1.962340130912704
ENSG00000204947	1.5962747562317672	2.799735188358915	8.21680327594232	5.3186363739290575e-05	0.0001600971294152359	2.231432946516011
ENSG00000196305	1.0220772514580094	10.919685008625427	8.216681594155311	5.319172557038513e-05	0.0001600971294152359	1.872678835372632
ENSG00000166669	0.8691486305947871	5.318566507586507	8.213278573799332	5.334192320562568e-05	0.00016031451436506462	1.9109153596917583
ENSG00000136738	0.7562648885800769	7.589887649909605	8.2073446185255	5.3604966193467935e-05	0.0001609102810825274	1.764062579052613
ENSG00000211459	1.6752175322690253	10.520399386137788	8.203033605359991	5.3796978550397164e-05	0.00016128647548399721	1.8399871991071386
ENSG00000139239	0.9565089967093323	6.647520676019113	8.190696411803406	5.435075016682997e-05	0.0001624264225534848	1.799939694954178
ENSG00000228782	1.0788253990322878	3.482113053426991	8.176352334104214	5.5002651645520604e-05	0.00016393899880917537	2.0939660392511277
ENSG00000198911	0.7077392620762133	9.727946227892211	8.175110794471495	5.505948725744218e-05	0.00016396355693434238	1.7740808460183741
ENSG00000178607	1.4914893467247046	6.763621898348441	8.168537135228156	5.536151746420202e-05	0.00016413862910739685	1.7715320763535622
ENSG00000258623	0.9553886957886846	3.9916996985341444	8.159144564510404	5.579629126219291e-05	0.00016513744449003412	2.005711033689842
ENSG00000225383	1.0268176874806718	5.028729653063762	8.151596848497402	5.614844226213518e-05	0.00016603404398987212	1.8805887808308057
ENSG00000153037	0.8387820574102971	5.142412764699367	8.13432291798273	5.696379787398531e-05	0.0001677187794118966	1.8540000472356226
ENSG00000154781	0.8380273345410894	5.867158246345996	8.131248719220338	5.711029112579666e-05	0.00016793282429680288	1.7944437670706392
ENSG00000172006	1.3245137401137046	3.385413473102311	8.1289779218941	5.721877140298e-05	0.00016793282429680288	2.0650000227143046
ENSG00000175155	1.5322795887253742	5.20445194360639	8.12887491221254	5.722369784220748e-05	0.00016793282429680288	1.843364957435071
ENSG00000170222	1.3367605534219744	4.587498685934599	8.128565162170485	5.723851450543074e-05	0.00016793282429680288	1.904372290123563
ENSG00000131931	1.096483596355042	5.437571214599511	8.124039481148886	5.7455488114902967e-05	0.00016842295125949836	1.8190977685161602
ENSG00000269893	1.8297721634867452	7.0033590776685655	8.120222146971532	5.763921836197042e-05	0.00016875533191023777	1.71123251377837
ENSG00000214293	1.2412202938708345	4.903299167831268	8.118642654036567	5.7715432659719824e-05	0.00016875533191023777	1.862686390667493
ENSG00000169203	1.3068226886441603	3.5127611271307	8.11857033305733	5.7718925022055236e-05	0.00016875533191023777	2.036906334997804
ENSG00000204070	0.8308298958210081	6.523605651633524	8.098674709713672	5.868873523811566e-05	0.00017114588823975994	1.7232822872407123
ENSG00000163818	0.9323835334052051	5.745793453356308	8.091593691622851	5.903829383430759e-05	0.00017180038010797765	1.7660102238004
ENSG00000181472	0.7450518740713266	6.660643709916871	8.085452648490175	5.934333971092296e-05	0.00017231017916063173	1.701861062230014
ENSG00000130150	1.1050132579769922	5.473928069969683	8.080209433680956	5.960518555982438e-05	0.00017292166472815775	1.775559839067256
ENSG00000267519	0.7844872205898241	5.299514162691214	8.07768328887784	5.9731803001368376e-05	0.0001729915050013879	1.7878379716304913
ENSG00000110721	0.7359039372466345	6.346385826273225	8.07424549740604	5.990459913692886e-05	0.00017334315393481816	1.7118526248324244
ENSG00000244625	1.0637291365659847	3.8380596572610877	8.071933354759953	6.0021131004312704e-05	0.00017353153042720744	1.9474787184954554
ENSG00000068308	0.673049991316998	8.066199051846766	8.069317964985121	6.0153252760285e-05	0.00017376461884691916	1.621121206871429
ENSG00000182551	1.157558441022604	6.237328598711539	8.064347407838593	6.0405249721113026e-05	0.00017430427995544407	1.7093704503487608
ENSG00000149150	0.7961792838569988	7.277939681588596	8.063172803189703	6.0464972387455924e-05	0.00017430427995544407	1.6436276344321197
ENSG00000183283	0.7998756465801904	7.67785516640756	8.057411314574026	6.07588745148619e-05	0.00017491505342418434	1.6220030126238374
ENSG00000136816	0.6795767780469983	8.130704486337706	8.05186587133757	6.104326828597073e-05	0.00017543440136019185	1.6040120543427552
ENSG00000101294	1.0573788222977623	9.690072207301297	8.049985589029067	6.114003544668481e-05	0.00017556296135924645	1.656411847099581
ENSG00000005486	0.9649196371005955	7.706842230290268	8.037090866713358	6.180830094441388e-05	0.000177180295145669	1.6019569230886628
ENSG00000110324	1.0791245968447698	4.334490104284025	8.030524994216545	6.215171693936072e-05	0.00017781036459752468	1.8425876956436493
ENSG00000176928	1.5413460781907633	2.379539506024763	8.023497046785094	6.252167147366116e-05	0.00017831624645150697	2.1157930279064727
ENSG00000196998	1.3971655390149955	5.455458438529655	8.019006774740959	6.275933298755623e-05	0.00017854130649242389	1.7202208248334276
ENSG00000255529	0.8467487936885165	6.520969065457589	8.015924107412888	6.2923078561675e-05	0.00017857116899779247	1.64643891280208
ENSG00000115541	1.8469538024206438	5.679027171972504	8.013307010388528	6.306246960438308e-05	0.00017880064911360378	1.6978770211187895
ENSG00000090020	0.8489553183899288	7.747211328254428	8.011417536011495	6.316332125711896e-05	0.00017893622663435718	1.5764315847268175
ENSG00000170689	0.6474815407452281	7.220243525710252	8.007862052210221	6.335358726915692e-05	0.00017932466732058341	1.5948633139537138
ENSG00000132952	0.7478278629520414	6.843984952291107	7.997830760398886	6.389386595953191e-05	0.000180399919453942	1.6075159247392161
ENSG00000117614	1.2460226880873941	7.324014337629157	7.995434154279197	6.402370817026012e-05	0.0001805865695569062	1.578264776608128
ENSG00000153487	0.739292890207393	6.740466583662549	7.986703956978951	6.449919430963809e-05	0.00018135023466726575	1.604176277602222
ENSG00000152433	1.6979674995852503	2.5980006305122845	7.984900843730773	6.459789214552e-05	0.00018147650965777222	2.050322885153423
ENSG00000223547	0.8638844672154047	4.987805642523805	7.977997384034216	6.497733686213008e-05	0.0001820995755268694	1.7237258854094346
ENSG00000230207	1.645028179494462	3.632626735937034	7.97415829699326	6.518942993662694e-05	0.00018253040382255542	1.8866291706492708
ENSG00000155090	0.6389868192161021	7.687869779909368	7.971817243720696	6.531914363946298e-05	0.00018260085573095313	1.5414814686999279
ENSG00000133805	1.0053547272777381	6.549935226608144	7.971381214918856	6.534333516391988e-05	0.00018260085573095313	1.6027909283747412
ENSG00000139428	1.1174832490732802	5.549120312748985	7.9707756165350085	6.537695131090438e-05	0.00018260085573095313	1.6677578539101106
ENSG00000274752	1.3440654657299231	3.674553856389226	7.965910106185552	6.564773491984836e-05	0.00018320550671593742	1.872877626498882
ENSG00000185860	0.7757141492475776	5.563825917330567	7.9628491222663325	6.581873365847189e-05	0.00018353091517659848	1.6592241122693991
ENSG00000181704	0.686684321642975	7.413616251532415	7.960386694557425	6.595665681139252e-05	0.00018376363342827281	1.5415321369569064
ENSG00000100461	0.8369982477566804	7.875384145748792	7.954958296544542	6.626185198010576e-05	0.0001841789340959412	1.5189653976064488
ENSG00000178977	2.8436275204911627	0.67582685883746	7.95469278769187	6.627681993163259e-05	0.0001841789340959412	2.236731044823612
ENSG00000163734	2.077237981146494	2.7319067049811068	7.948234886128096	6.664205028882354e-05	0.00018475782882045245	1.9973697029055053
ENSG00000134108	0.6161461200970635	8.24589408724702	7.935476229602902	6.73702689302513e-05	0.000186073556371239	1.494311797350961
ENSG00000119878	1.0411436503787197	5.87862984121479	7.935091276906018	6.739237874500713e-05	0.000186073556371239	1.6109159645308884
ENSG00000089289	1.2749027868793137	6.957534574546592	7.930345256693178	6.766563589900363e-05	0.00018661823080326696	1.536491554778399
ENSG00000159111	1.0835152198371825	8.097272899263224	7.912213252761423	6.872109154849567e-05	0.00018890580183480085	1.473048276551065
ENSG00000143851	0.6612593752720368	8.416242706801853	7.911836444034866	6.874322011167927e-05	0.00018890580183480085	1.473949505607198
ENSG00000133884	0.7153244407630632	7.759796271258451	7.907394698921328	6.900466948013479e-05	0.0001894399957900527	1.4780025011978166
ENSG00000156502	0.6783044420919406	7.835589070267025	7.904799140006859	6.915796429578725e-05	0.00018970648092193998	1.472921594225201
ENSG00000225648	1.0465987050407541	6.258297252784256	7.900620089338807	6.940558282365325e-05	0.0001902310612892007	1.5546123685759463
ENSG00000100528	0.9034085095672371	8.571393776849064	7.891376836512533	6.995680165606895e-05	0.00019158624089900703	1.4585300304268305
ENSG00000058729	0.7497475871730357	6.780346602637083	7.882356278824238	7.049947095723135e-05	0.0001927594935248773	1.5030031477651082
ENSG00000177000	1.1871388629624082	4.7803059787871724	7.876271475182741	7.086818980136568e-05	0.00019345410387524903	1.649196751728918
ENSG00000137055	0.625461374695961	7.783791699250317	7.873077518650029	7.106259684336276e-05	0.00019353316415582407	1.4445971825629336
ENSG00000145782	0.6218003167542916	7.458360271848424	7.8724590673693475	7.110030918413005e-05	0.00019353316415582407	1.4565215760608332
ENSG00000136628	0.7479810767452673	10.200376017179858	7.871829836894391	7.113870182771728e-05	0.00019353316415582407	1.5144310843902105
ENSG00000242247	0.8557805575493322	7.062666832947962	7.868442041541046	7.134580832427285e-05	0.0001936611080338669	1.4717621085364385
ENSG00000249673	0.988630515610855	5.697820159343628	7.86657404541907	7.146029347435739e-05	0.00019368001033137711	1.558574278411939
ENSG00000188522	1.0071898885375177	8.68223746594689	7.864575996894144	7.158297698059329e-05	0.00019368160732359405	1.4364395279705562
ENSG00000092203	0.6320190200020557	7.697934710639467	7.861003072051509	7.180294891901796e-05	0.0001940530862880365	1.4362996847560856
ENSG00000237973	1.1666021054269864	6.025276682885867	7.859987770464794	7.186559536068612e-05	0.0001940530862880365	1.5305467116690572
ENSG00000235027	1.5077743086498656	1.2873996557598686	7.8548654730503324	7.218258761998446e-05	0.0001943687554906844	2.091603075688022
ENSG00000168575	0.7046729823578817	7.2468863642608135	7.852454899430628	7.233230697034519e-05	0.00019443907012100075	1.446814717023214
ENSG00000272150	2.1116993019343058	2.6738925201121484	7.8486240503974365	7.257095473641995e-05	0.00019479268200531496	1.913680885692747
ENSG00000181788	0.9853557265863762	7.151186629659617	7.847109079748955	7.266557498375104e-05	0.0001948916136686614	1.4465555927510145
ENSG00000239305	1.1240794054252472	5.4823134779329	7.8437411261648435	7.28764219483375e-05	0.00019530186469713322	1.5531032148298678
Novel00670	1.6022530228452352	2.72081768730708	7.837779830680748	7.325130360452426e-05	0.0001961507129854483	1.896705142540199
ENSG00000227939	1.2106445012400888	4.064029897727189	7.826252818385812	7.398233058707278e-05	0.00019779428161710265	1.6864117249332171
ENSG00000129103	0.7751695940113947	8.46124749933416	7.813450861446081	7.480380182628818e-05	0.00019983216734908654	1.3814347245182024
ENSG00000095209	0.6156487701972564	7.730134559526663	7.805070808953267	7.53470587773805e-05	0.00020102133380576283	1.3817392898331224
ENSG00000163931	0.9219130517084668	10.495470190169073	7.80474751651813	7.536810529469175e-05	0.00020102133380576283	1.466158142163276
ENSG00000123427	0.9162237073731667	4.122011383374838	7.7918715729947055	7.621171165103642e-05	0.0002027904693301237	1.646061589788613
ENSG00000006756	1.0697278914340922	5.385761445385215	7.789592326235355	7.63621419390476e-05	0.000202941133543126	1.509656524791711
ENSG00000259706	2.016123165613852	1.5351231560840752	7.787815153872216	7.64796659673153e-05	0.000202941133543126	2.0040265147456893
ENSG00000148634	0.7348605375199888	7.506521642969403	7.784288748022453	7.671346644055344e-05	0.00020332383014173394	1.3704699277831622
ENSG00000169504	1.105627895948441	9.485179034220536	7.781501510859411	7.689882626965893e-05	0.00020346951570565284	1.3928445895803998
ENSG00000144659	0.9682455772822598	7.563658239919658	7.780743116468947	7.694934855969562e-05	0.00020346951570565284	1.3648018174445689
ENSG00000260267	1.10346449899142	4.435472986127579	7.762580221895288	7.817048541329362e-05	0.00020605251389410362	1.5787590946324652
ENSG00000257122	0.9352292734358256	4.503938062567402	7.756427753363697	7.858903797563208e-05	0.00020699407816532602	1.5649463064992686
ENSG00000234742	1.7137997160304466	2.3313389671116336	7.748305480652092	7.914544346119496e-05	0.0002082969783448298	1.8686305020138754
ENSG00000134109	0.8603830666012673	8.935601983496769	7.719952409079513	8.112257660061441e-05	0.0002125058800081312	1.3069087628849019
ENSG00000117758	0.6744745323203301	7.202906611976271	7.713335518421255	8.159190681785441e-05	0.0002131475888720498	1.3157166291735116
ENSG00000233016	1.7955089496652645	8.861906257337164	7.708080839460614	8.196678193823764e-05	0.0002133283967852903	1.292564010534175
ENSG00000109220	1.0581362847402342	6.952664938918938	7.7067116824776685	8.206477554948049e-05	0.0002133283967852903	1.3233398830284582
ENSG00000167981	0.852084702623336	5.339617175724472	7.7066549634212045	8.206883788598305e-05	0.0002133283967852903	1.4340592781149937
ENSG00000105327	1.231515386799697	6.969507135922561	7.704075050825704	8.225385473574357e-05	0.0002136447312381823	1.3197561823427026
ENSG00000213430	1.1259424657040649	5.9667795598519175	7.696104986834709	8.282837812923818e-05	0.00021480626272717113	1.3774453407288778
ENSG00000171169	0.871574322191444	6.181717934073058	7.694468694527145	8.294688539732195e-05	0.0002149483804382214	1.362396920300359
ENSG00000033030	0.8513951445528019	6.6356702769242695	7.682719922765359	8.38033754764545e-05	0.00021646988313716724	1.321935861862297
ENSG00000155621	1.0593592917198267	4.885642342120646	7.682018625734227	8.38548124659981e-05	0.00021646988313716724	1.453150369788891
ENSG00000119321	0.6458189315822658	9.11358760800433	7.679417368824664	8.404591179249886e-05	0.00021679732904273023	1.2757808621212714
ENSG00000230844	0.8171444408599582	4.69043214914751	7.675805604506544	8.431205591050595e-05	0.0002173177056088977	1.4673516675278613
ENSG00000253540	1.8299160935203984	1.5094391005083634	7.669295742409226	8.479414073823228e-05	0.00021839345866472954	1.8972485573592852
ENSG00000010810	0.6920735573911481	7.148413705475877	7.665230595158442	8.50967475840532e-05	0.0002188387395949661	1.2719318229636514
ENSG00000119537	0.7105629468244885	8.680166402162373	7.6642535280857595	8.516965981621116e-05	0.00021885943047973832	1.2439248366399625
ENSG00000107625	0.6181929587354489	7.559534163892127	7.659649397935919	8.551417863696496e-05	0.0002191642881026709	1.2481250265418993
ENSG00000120438	0.7884220506001256	10.434989699528819	7.658834387115384	8.55753267547527e-05	0.0002191642881026709	1.322631311942942
ENSG00000099250	1.3339528903370663	7.792914970755854	7.6574139545295985	8.56820150583131e-05	0.000219174464599506	1.237105360498452
ENSG00000057252	0.6277174092933135	7.563989796020683	7.651667708441531	8.611513560914847e-05	0.0002199488777784004	1.2401945988794862
ENSG00000204160	0.6952484804218422	8.175978654207247	7.649233771750655	8.629933061517068e-05	0.0002200896293130212	1.2203048303454302
ENSG00000142657	0.7640996206301178	9.933727543030619	7.6492156290414535	8.630070527004359e-05	0.0002200896293130212	1.286981899256972
ENSG00000163565	0.6474543550688079	9.32880052288094	7.6471318800591455	8.6458751975516e-05	0.00022031178504395313	1.2553280785261443
ENSG00000181458	0.8733894738371166	5.390475870467242	7.645487441161864	8.65837068667107e-05	0.00022031178504395313	1.3707066238360195
ENSG00000135452	1.003613599774111	5.391129919741523	7.640271101300112	8.698141657023855e-05	0.00022084638305249068	1.365597093334232
ENSG00000070495	0.9615660111799595	8.006142855689525	7.64013948798778	8.69914775756804e-05	0.00022084638305249068	1.21383197324844
ENSG00000128253	1.9528101449377502	1.362513775348631	7.637228942320431	8.721430353283284e-05	0.0002210087391557454	1.8835456405630016
ENSG00000087086	1.8205206160672045	12.752526390502359	7.629159543462459	8.783542876752186e-05	0.0002219900649150702	1.3942943488527835
ENSG00000135318	0.8216824317458622	5.0272622209358255	7.625271776898166	8.813644712126633e-05	0.00022258411121792862	1.3840360636733546
ENSG00000132676	0.939201361375888	8.718694280934326	7.607339663737355	8.95399007374985e-05	0.00022545345155844772	1.18970846089438
ENSG00000087842	1.776678909619441	3.356455476559306	7.603257666076912	8.986286024290676e-05	0.0002259294265719578	1.5773386842779509
ENSG00000173598	0.8254286496881669	8.572741789884633	7.598036351754496	9.027786147356747e-05	0.00022663504807426832	1.1761518912414948
ENSG00000072849	1.0386031499311876	7.060273905566591	7.583556215985842	9.144003650750189e-05	0.0002290413386609587	1.1973267552329219
ENSG00000167106	0.6358866154093388	8.354161910742734	7.581058810140421	9.164216568374534e-05	0.0002292073143194639	1.1546465751184023
ENSG00000116668	1.1074382317929605	4.495483250106602	7.577430882238779	9.193668548275814e-05	0.00022977361245838962	1.393469847121291
ENSG00000117500	0.6892301544219741	8.547347645056533	7.558404555760468	9.349870953068095e-05	0.0002331593835598799	1.1366498446017044
ENSG00000197261	0.6546920450423661	6.467372898893087	7.5569211660815805	9.362173496010183e-05	0.00023328150571599326	1.2107200856363987
ENSG00000189266	0.6061780552381393	8.434323533528154	7.555315515605021	9.37551042533749e-05	0.00023328150571599326	1.130663372963415
ENSG00000143398	0.7710171795085277	9.036183000499884	7.550173081340174	9.41836799595926e-05	0.00023400275123981255	1.1460233738830006
ENSG00000196141	0.6537402724631569	7.283477732108779	7.547253250983183	9.44279967324171e-05	0.00023409262378778492	1.1499585885349894
ENSG00000107140	0.7558905010671886	6.7929663247761995	7.541924974420574	9.487566963729498e-05	0.00023468940461721314	1.173687071497385
ENSG00000138356	0.9702805870557247	7.1002458085366	7.5309159961638175	9.580816531119103e-05	0.00023651747339705983	1.1433790298198758
ENSG00000120254	0.6178191924339984	8.511358460422834	7.530448475715094	9.584799209743446e-05	0.00023651747339705983	1.1082234056473723
ENSG00000256683	0.8423857246915354	5.0217545817701685	7.5250332945905996	9.631064849009324e-05	0.00023719133431063838	1.2868598433525271
ENSG00000008394	1.306697319512958	9.14545773045479	7.520058091674103	9.673791710657187e-05	0.00023772303883290132	1.1217134769456774
ENSG00000233426	1.0189842644037022	5.384189624475855	7.517884369611606	9.6925260738397e-05	0.00023801006530666048	1.2467943589430561
ENSG00000093167	0.6100997690324306	7.47351244948377	7.515405773754284	9.71393754425396e-05	0.00023829848726996934	1.1104588470328363
ENSG00000172594	1.2798518209158511	4.1458724918305885	7.514890302499306	9.718397109765199e-05	0.00023829848726996934	1.3760803645077697
ENSG00000109332	0.6960117412725548	10.12540664205559	7.499370846919051	9.85374092966733e-05	0.00024092411814240032	1.1503167692906509
ENSG00000115844	0.9595977097403079	4.454432140314092	7.499336907550515	9.854039212700428e-05	0.00024092411814240032	1.3220165000889628
ENSG00000170315	1.4509258658050896	9.331925746706359	7.495621703781305	9.886752174701172e-05	0.00024154889093006343	1.1070944271429273
ENSG00000123342	2.2331751921705276	0.8518886177996984	7.493045716981725	9.909505449347233e-05	0.0002416013198497046	1.800575659946162
ENSG00000114480	0.680848557516458	7.399372329895128	7.49213757912479	9.91754084148906e-05	0.0002416013198497046	1.0906227531538084
ENSG00000117481	0.6366470909151483	6.822776256296989	7.490058883663369	9.935961014054136e-05	0.0002417526614307249	1.1205735515213675
ENSG00000114784	1.2885792469448152	7.1849247783730235	7.48853487080687	9.949490226445935e-05	0.00024185576386187742	1.09710651173482
ENSG00000067334	0.6845655637629839	8.355251269168095	7.482402740764316	0.00010004135969416498	0.00024276191718805793	1.0575541291685564
ENSG00000104221	1.0670914547010986	4.910479625108704	7.481931091224007	0.00010008352898891185	0.00024276191718805793	1.2558048927696372
ENSG00000185220	0.9665438540777549	4.5131450231630845	7.47333384491592	0.00010085568675155751	0.0002441083838592217	1.2896193604580954
ENSG00000006704	0.7017388289559703	7.509561809110667	7.456126951387067	0.00010242120819578589	0.00024718823780585234	1.050414595203394
ENSG00000125734	0.8813160109757696	7.26466202091302	7.454014998943884	0.00010261522365349395	0.00024747946004781174	1.0588749446623957
ENSG00000130783	1.0737916273472194	3.1154812096767808	7.447469577623233	0.0001032191371479514	0.00024874508957079656	1.4640252259811177
ENSG00000142039	0.7131677239153325	7.0732704728818625	7.445403982431483	0.00010341054355333449	0.00024874508957079656	1.0604680628805703
ENSG00000119446	0.785719143523969	6.764511785264714	7.445141416523014	0.00010343490239117592	0.00024874508957079656	1.080173636357662
ENSG00000172977	0.7988271549063715	4.82766199382822	7.443069023381509	0.0001036273883517018	0.00024883865419957275	1.2259753119820571
ENSG00000279691	2.8347150574052193	0.791946886864596	7.440246559875464	0.00010389018614507022	0.00024912970010907386	1.756628779696375
ENSG00000085063	0.6169733819983314	8.04892150356941	7.434019491744582	0.00010447262434348833	0.0002503484620276489	1.0101059127027545
ENSG00000175582	0.6244621221141609	8.190610961568208	7.432910884410898	0.00010457669843209101	0.00025042000036187015	1.0075177757858809
ENSG00000169136	0.991605130707736	5.8801949559686095	7.429786788780547	0.00010487060716230123	0.00025086689273582036	1.1225555821051598
ENSG00000153975	0.9449993836104271	6.320459099989479	7.422511163383605	0.00010555867036445996	0.00025187761938450344	1.0874294627931622
ENSG00000255112	0.7867441309746965	6.889956304448117	7.41676721418969	0.00010610544763120082	0.00025300337830930854	1.0433794504173273
ENSG00000139722	1.0915783062910531	8.07268607383724	7.414324288947891	0.00010633895345260762	0.000253219829546015	0.9899677782568803
ENSG00000151304	0.6927133552911124	8.269845479228177	7.406433357974717	0.00010709713841253703	0.00025419756200025623	0.9810831012237919
ENSG00000215717	0.6754001083659178	6.139248336340179	7.405274537712254	0.00010720898954545483	0.00025419756200025623	1.0815983230183743
ENSG00000157800	0.8284280955881567	7.598262518691698	7.403213425301887	0.00010740825419716282	0.00025449118655985066	0.9942412305060611
ENSG00000112335	0.9417280479785184	9.532673605529075	7.3987894469016355	0.00010783735623755018	0.00025504685241930933	1.0211480263346253
ENSG00000128595	0.6639679135309695	10.27575888556027	7.397745106847651	0.0001079389309881806	0.00025504685241930933	1.0576172630978036
ENSG00000189190	0.670330994277978	5.920454016184208	7.39239464518859	0.0001084610090369253	0.00025605102356774593	1.082747831394454
ENSG00000145217	1.270479764931984	4.1569910766353715	7.391286640664611	0.00010856947646607667	0.00025605102356774593	1.2529546156003395
ENSG00000168216	0.6289742071623676	6.437905973102124	7.3902231472656	0.00010867370057765624	0.00025605102356774593	1.0478333206172117
ENSG00000040531	0.8494135901770221	5.886452120722108	7.388797143941704	0.00010881362684956706	0.00025609644830876997	1.0813955640492408
ENSG00000141505	1.3537731203786096	5.22266514833147	7.373256736345877	0.00011035165473634468	0.00025856005769474093	1.117872778695073
ENSG00000229043	1.0851820560365728	2.970246103655499	7.372129506811649	0.00011046415801378481	0.00025864404520368496	1.4131150765305849
ENSG00000165511	1.134126257992492	3.105400472807744	7.355542825593417	0.00011213450508126897	0.00026128578739240436	1.37541967650699
ENSG00000156026	0.7122345555592382	7.368810426761351	7.348512964874715	0.00011285094456034318	0.00026277369699558175	0.9489871248764974
ENSG00000164366	0.7944894509807057	6.3616856373917035	7.3448553681943105	0.00011322572654494664	0.00026322630475427426	1.0073463971314176
ENSG00000257135	0.9195155461461759	3.3876567555000063	7.344332954423656	0.00011327937003651636	0.00026322630475427426	1.3197402472894257
ENSG00000188112	0.7210058158223811	6.615351911596382	7.343171602190874	0.00011339872403303006	0.00026325337555737667	0.9889743122242294
ENSG00000120742	0.9399907967330741	9.83571943499454	7.341943486989938	0.00011352509230467783	0.00026325337555737667	0.9789291738374954
ENSG00000163050	0.7357557538752761	7.106311108330628	7.338418245150856	0.00011388870119994909	0.00026378888335676484	0.9517773458666321
ENSG00000105443	0.8107100099572602	6.946008049450228	7.336760946553683	0.00011406009193542993	0.00026394976007554225	0.9596152110476766
ENSG00000124762	0.8305165192914359	9.539626150959421	7.333671463382919	0.00011438036326388249	0.00026450948982339925	0.9563417379502717
ENSG00000116729	0.584134200256309	8.095587417966362	7.318856475978973	0.00011593019197636347	0.0002671779151149251	0.8939534332010988
ENSG00000224959	1.604279045460847	1.3148023108749998	7.3027081661150905	0.00011764629280334843	0.0002706019501065735	1.5711997529842243
ENSG00000147789	0.5951096114446699	7.079643718327948	7.29658000932742	0.00011830495590808912	0.0002719079844917525	0.9112521762157577
ENSG00000182372	0.6024034004655654	6.478404921907617	7.278339273613211	0.00012029001355326623	0.0002751757260429028	0.9329980144110994
ENSG00000127993	0.7199376460145643	6.270325359961353	7.276951243547898	0.00012044258394131445	0.0002753206491991836	0.9448487204620548
ENSG00000101166	0.6818369543552141	9.381913695312658	7.271816825935485	0.00012100883453357464	0.0002764220934190613	0.8861097638277116
ENSG00000140682	1.2738927178416501	7.3380536999521295	7.271098617778344	0.00012108827921558169	0.0002764220934190613	0.8723623444649906
ENSG00000101888	0.770565265319668	5.289554987196387	7.269772467189601	0.00012123512473590509	0.00027657018989786595	1.0082274482873217
ENSG00000182199	0.9921758659778828	10.481859290169124	7.264928257653429	0.0001217732207807418	0.0002773190332965794	0.9353933687173441
ENSG00000160336	0.9873195244337163	6.006761004081185	7.258405987025721	0.00012250193675337337	0.00027851855431663193	0.9427048309172683
ENSG00000105497	0.8125562178369146	6.697064446407205	7.255776247892241	0.00012279712787461688	0.0002788139363721113	0.8952458812883446
ENSG00000178035	1.0579968844686132	9.48144216571504	7.25234780736096	0.00012318316838695988	0.00027902030303698336	0.8714366236576732
ENSG00000103978	0.7693174463224803	6.359005806716031	7.252031913604647	0.0001232188060240383	0.00027902030303698336	0.9140727516439924
ENSG00000125122	1.8178162732681906	2.090498889556681	7.2450037572271535	0.00012401467636844778	0.0002806341502797738	1.4182953527751234
ENSG00000204256	0.6988462854914594	9.443116001460272	7.242696945223282	0.00012427715111921401	0.0002810396165390269	0.8597290650938803
ENSG00000141447	0.755937162389805	6.992585942207188	7.238719625290784	0.00012473115934800205	0.0002815557596183613	0.8578256122443353
ENSG00000023839	3.0895477077319273	1.6519772284885068	7.238504765180802	0.0001247557381830024	0.0002815557596183613	1.4689299852358122
ENSG00000242299	1.361063961781059	5.428651686629275	7.237084881521116	0.0001249183013077547	0.00028173419024890665	0.9631987752958384
ENSG00000132912	0.9392936501329627	8.24269266039087	7.229630696779442	0.00012577562652257862	0.00028335713190716307	0.8029634819011964
ENSG00000129083	0.6476478633543756	8.50846171752682	7.229368832252895	0.0001258058635438442	0.00028335713190716307	0.8070548055463611
ENSG00000169410	0.6003039070229041	7.121489600091455	7.228539838746404	0.00012590163948353553	0.0002833836768628745	0.8400034002922583
ENSG00000148672	0.5737655697180415	8.706304336033666	7.227034521695113	0.00012607576131576048	0.0002835768600249436	0.8105230980909806
ENSG00000139644	0.7051439655632841	11.457649088261608	7.219326030228902	0.00012697163885873835	0.00028522124468001545	0.9381564530619233
ENSG00000106526	1.5014275651485773	2.7603366493845427	7.218138498283096	0.00012711028451746142	0.00028534271454551884	1.2934576094161923
ENSG00000156508	1.0484140567425762	15.452482851722642	7.208605473783872	0.00012822942449373242	0.00028766361585229604	1.0737118569199122
ENSG00000141510	0.6466073527213467	6.631336834327944	7.207022032034841	0.0001284163783713206	0.00028789160174407685	0.850418157269683
ENSG00000004866	0.9515755479370291	6.308817741042201	7.203377392893454	0.00012884785198710862	0.000288667100002991	0.8679145088416877
ENSG00000224032	1.5879758514329962	6.553561992305412	7.201055496361253	0.00012912357609438693	0.0002889965902203488	0.8496397772743904
ENSG00000175376	0.6882845320671898	7.412315816956049	7.19997689707111	0.00012925188341508784	0.0002889965902203488	0.7969754510033056
ENSG00000147383	0.961869692269981	6.918579477264032	7.193879416601896	0.00012997990748745165	0.0002904319257368622	0.817010242658462
ENSG00000108433	0.6286959942846826	6.422233984784816	7.191539690581947	0.00013026048020265947	0.0002908662211805249	0.8486355491651061
ENSG00000187446	0.56067545825967	8.860377598292686	7.186553500134655	0.00013086066883944463	0.0002916274086289869	0.7746949676841908
ENSG00000259985	1.3922672307244022	3.2337742202335287	7.184402853172535	0.00013112049566799697	0.00029182094484420963	1.1844667164752583
ENSG00000027697	0.7911326878146046	6.029586307291084	7.183532368004132	0.0001312258256756032	0.0002918628449765888	0.8653028570091674
ENSG00000066135	0.9682300207877965	5.97057515499421	7.181662482075395	0.0001314524044060007	0.00029217418476010963	0.8671814908276367
ENSG00000188706	0.5796275422935375	7.869894673716803	7.179735057742188	0.00013168641270354031	0.0002925016171571725	0.7587055495691093
ENSG00000151092	0.6633400880726459	6.737018988788057	7.176716953292788	0.00013205377571556113	0.0002931246310949363	0.8120775510542373
ENSG00000137331	1.1604454539500075	6.80997871207808	7.174327955735399	0.00013234537575532054	0.00029357876252363675	0.8044884128521064
ENSG00000224546	1.083990183875298	4.318990242573954	7.167976600865932	0.00013312412365317522	0.0002947249299250743	1.0078239653214514
ENSG00000136875	0.5770804466948913	8.725201168247922	7.166205726958564	0.00013334216436619028	0.00029499269687498355	0.7491030379326231
ENSG00000175061	1.119458230082099	9.42685586372531	7.165574887785407	0.0001334199334413826	0.00029499269687498355	0.7804068534416544
ENSG00000229132	1.1840789912957321	5.706271414908561	7.1597724913003225	0.00013413762665202535	0.00029619133005493034	0.8629593168602012
ENSG00000119760	0.7146737227953173	7.42688899741464	7.153185187847946	0.00013495763575383608	0.00029771382075709577	0.7485562885831207
ENSG00000244026	0.7140121085718913	5.325469594214289	7.143789146084566	0.00013613699214022482	0.0003000171204971381	0.8772045071539463
ENSG00000104635	1.0185547366708025	9.81632007483169	7.141402822380203	0.000136438344574112	0.00030048497036100125	0.7747610344348814
ENSG00000157734	1.6074806364352896	2.542800330537819	7.137244039677493	0.00013696531097622168	0.00030133291842127205	1.2459116749948702
ENSG00000127666	0.6971847414492842	7.4974280047731305	7.1369552774170915	0.00013700198484239222	0.00030133291842127205	0.7290056160953728
ENSG00000056972	0.6444665658234028	6.330394715051068	7.135202752695972	0.00013722479731383757	0.0003016263623041615	0.7969696257033121
ENSG00000165312	1.0703067176709693	5.5777492877795005	7.132488799819308	0.00013757064292356297	0.00030218968048444106	0.8447281385867829
ENSG00000114544	0.7310945450239767	6.54472370048843	7.127031996202426	0.0001382689669928072	0.000303526021232096	0.7746248780433884
ENSG00000223559	2.197118034112237	1.7780172553178353	7.124262435372458	0.0001386249101656884	0.00030390627638514865	1.3402193847448185
ENSG00000232187	2.11114523887379	1.3748104770679257	7.123582836458393	0.00013871240830857408	0.00030390627638514865	1.3891516252711638
ENSG00000226744	4.4219878123912775	0.19971485974469458	7.118889928399525	0.00013931830492596489	0.0003046592899550903	1.5025914840293186
ENSG00000165416	0.6433356078575008	8.080705710570916	7.118427931487882	0.00013937811251068936	0.0003046592899550903	0.6902955739957033
ENSG00000285906	1.6991792551979281	3.7865251624557787	7.116483164983934	0.00013963018588827858	0.00030492702083304333	1.0305617617921712
ENSG00000139278	0.5870706755521358	7.55980507455574	7.11518292211336	0.00013979900249378206	0.00030509821113455413	0.7041350237578001
ENSG00000168404	0.6330704920714201	7.28138277597723	7.110637724844325	0.00014039092018124669	0.00030617153461664955	0.7112820953743579
ENSG00000088826	0.9148038392176367	6.620667856903686	7.107605612216805	0.00014078734614954131	0.0003063693722090301	0.7495180547348852
ENSG00000249087	2.684894296925659	2.2268992270817036	7.1030219502029155	0.00014138900095923495	0.00030658514732420227	1.258016633444786
ENSG00000011638	0.8567929015288458	7.105427741414801	7.099958189645836	0.00014179275324029147	0.00030705614773716527	0.7094598918821662
ENSG00000123106	0.7067475025399137	5.465156937579616	7.099303224215018	0.00014187923364618872	0.00030705614773716527	0.8196670679413725
ENSG00000119599	0.6571829917529541	6.182429607495875	7.0982865783017495	0.00014201358635616823	0.00030714989767032793	0.76839397376561
ENSG00000137221	0.7145575232440695	7.173816827971779	7.095614894783953	0.00014236733484438498	0.00030771773719728054	0.7013248972864865
ENSG00000254473	2.2159079867972373	1.599692537392128	7.094045073115548	0.0001425756484475158	0.0003079707028565418	1.3327151696365238
ENSG00000224790	1.4804749994660251	1.7189662014104337	7.093198924402963	0.00014268807260693468	0.0003080163512321162	1.3168545422656877
ENSG00000141504	1.3484427961662728	7.19286091399681	7.0904431027827455	0.0001430549136170168	0.0003086107919078099	0.6950198973156354
ENSG00000276953	1.086543400851614	5.128495548578821	7.0870647823381265	0.00014350605612038474	0.00030938621939308506	0.8371019254418641
ENSG00000166946	0.6975981105674132	6.803032798846621	7.0837036869828	0.00014395647548751645	0.00031015909852802077	0.7120123960830469
ENSG00000137267	0.6908130332550746	6.615296425371351	7.080548838710397	0.0001443806924113613	0.0003108745731945967	0.7220360104054233
ENSG00000115944	1.1069768041580996	8.063717217863417	7.072263315195419	0.00014550146818070872	0.0003129694823241721	0.6431002839904014
ENSG00000214174	1.2588229037814918	3.8857200698112857	7.068705624848986	0.00014598569235970592	0.0003137297617972279	0.9669824243139411
ENSG00000131013	0.5873407720601822	7.300810106190812	7.0642363564407935	0.00014659653985934592	0.0003146416828787743	0.6625461543942333
ENSG00000091490	0.927120632759209	8.18565525625675	7.063437738258204	0.00014670599308863418	0.00031467642764211807	0.6328358355233377
ENSG00000115216	0.6740773354586374	8.929290712442867	7.060579283865269	0.00014709850199984208	0.00031531788166929304	0.6479870393986831
ENSG00000281398	0.6371575144010988	6.377759263684532	7.0594464467710445	0.00014725438192425918	0.0003154516092777463	0.716026798773929
ENSG00000198246	0.8453220758074913	5.173548956842084	7.05540356837668	0.00014781219293291803	0.00031644564654547297	0.8001724742394973
ENSG00000280367	2.9141094834954027	0.7448235300454451	7.052371388312055	0.00014823210242059434	0.000316878497906765	1.3874324409448864
ENSG00000174738	1.7122105592549648	5.167760565268543	7.045134525031082	0.00014923968774777156	0.0003186928521904944	0.7901189613436763
ENSG00000197279	1.7333082899868302	2.8693803248938905	7.041484788758577	0.0001497507377667772	0.0003193798920512682	1.098320243324876
ENSG00000115762	0.6351935916783411	9.617193427304155	7.04033071692731	0.00014991274165548365	0.0003195234304141515	0.6610127999417861
ENSG00000119711	0.7549715446215632	6.00976339202333	7.03833792218001	0.0001501929428751643	0.0003197545849985593	0.7175210316372436
ENSG00000065600	0.893225073503169	6.465890539031382	7.035001072761625	0.00015066343795738161	0.00032031407666553594	0.6850813523711636
ENSG00000166986	0.6357108161322156	8.712243437143066	7.030531627033837	0.0001512962088706083	0.0003212545051790009	0.6089357495227343
ENSG00000250903	1.1187883490560302	3.4319736347914107	7.0281356488969715	0.00015163664552314554	0.0003217748691793038	0.9943813426842434
ENSG00000258469	2.8520587866644282	0.190201552257974	7.025477025604324	0.0001520154018315527	0.0003221354537484974	1.412634803405533
ENSG00000110060	0.752570154263152	5.748121044087354	7.021414160289054	0.00015259625298723835	0.00032299859321138156	0.7177086781570896
ENSG00000134910	0.6743276949131065	9.5410741164083	7.019758790909667	0.00015283362438462783	0.00032329821233462966	0.6359661064713418
ENSG00000214717	0.6466589173467225	7.435911708956697	7.005125583974778	0.0001549499703171711	0.0003275696740915635	0.5953689910568247
ENSG00000222041	0.6165064909856364	6.793959166807568	7.003635801543596	0.00015516726035290606	0.0003278236295746431	0.6297611742827529
ENSG00000164185	0.9431443610296277	5.481267674983869	7.001193828206878	0.00015552416687948688	0.0003281666910890486	0.7170204393347754
ENSG00000121073	0.9761620996938021	7.910346140726672	6.999168734163543	0.00015582083955062627	0.00032858719540238316	0.5711171745100554
ENSG00000123240	0.6171152516090093	7.884223639689446	6.9944839982607485	0.0001565095689576076	0.0003298334076595678	0.5671341787997228
ENSG00000271270	0.6670817957975412	5.315933647417038	6.98927240918313	0.0001572797494589421	0.000330424579498425	0.7189090709988513
ENSG00000138095	0.6914494941517528	9.900295635146367	6.978336029565763	0.00015890974375639506	0.0003334337533794011	0.6104582805563155
ENSG00000183386	0.9536837815284747	6.850538747010984	6.97079077456615	0.00016004530355346645	0.000334983160167119	0.5916547953983056
ENSG00000115839	0.626987075067678	7.831732373832565	6.961418508917214	0.0001614684590683843	0.00033775237501347093	0.5344278959787756
ENSG00000111674	0.5874098042917115	9.027979850069686	6.957641100759828	0.00016204603793287082	0.0003386274529862285	0.5452991772070623
ENSG00000177675	1.067895194682348	4.134201186466395	6.950113119730728	0.0001632039815193345	0.00034074890695930365	0.8086826573588359
ENSG00000163608	0.5900392805945716	7.498058637252889	6.948803768528585	0.00016340632532662485	0.0003409603844477627	0.5340424213295751
ENSG00000203761	1.2054186418711725	3.874889514837409	6.947299288671203	0.00016363916955073083	0.00034102443364062123	0.8434700429145803
ENSG00000119280	0.6637584168451527	7.289135716714593	6.9405628701019575	0.00016468629713713888	0.00034236079269298004	0.5344166392803906
ENSG00000188725	0.5625231065287357	8.242098394132238	6.935090864863605	0.0001655423860200543	0.0003435055414708876	0.49895257109716873
ENSG00000137720	1.1141507065477714	3.775491449265515	6.93428478148766	0.00016566891597586043	0.0003435568054717597	0.8449108404174188
ENSG00000101680	1.600497950678971	8.083762243726824	6.9218249326171435	0.00016763851377342044	0.0003464758638511719	0.48596326657418665
ENSG00000166295	1.003479856988279	6.4018523699473056	6.921484614751777	0.00016769267506489737	0.0003464758638511719	0.5709389334240988
ENSG00000186523	1.153554499687818	2.8076068730094548	6.918240873553909	0.00016820989478618766	0.0003471560247899937	0.9818443128171941
ENSG00000167987	0.6817062995185443	6.789566166338605	6.918129701964701	0.00016822765279538818	0.0003471560247899937	0.5407677270438915
ENSG00000129472	0.7071305339829665	5.807779002151625	6.915787336705558	0.00016860229762273533	0.00034741486705188964	0.6033676644211408
ENSG00000214193	0.9268895931327874	5.0008655178944466	6.915414666472104	0.00016866198939863525	0.00034741486705188964	0.6717113437136755
ENSG00000205609	0.9563758671621767	3.9945724128869595	6.909300049427509	0.00016964476219073941	0.00034858795836270086	0.7861746789389761
ENSG00000258890	0.6251671677717194	5.929398620446198	6.90222700435781	0.00017078955703570575	0.00035072669838007983	0.5809691226555689
ENSG00000254612	1.0652549610298587	4.6681377511748945	6.898408276374157	0.00017141121158910673	0.0003517891897211959	0.6890372628949315
ENSG00000234741	1.4117546789472861	9.555574111917082	6.891015597349952	0.00017262186062450534	0.00035384335221572355	0.502115373697583
ENSG00000135378	0.5950901977366412	7.0876998948734204	6.879467066906776	0.00017453222332593416	0.0003568663212746888	0.480837806934284
ENSG00000164951	1.0302001859069962	7.543567685878531	6.871993562481885	0.0001757810599944864	0.00035857635817496803	0.4514803939569312
ENSG00000077585	0.7453841260262726	6.146273553633192	6.8711682330802635	0.00017591958423792623	0.00035864210103852753	0.5342999841632619
ENSG00000025796	0.7150596564771554	5.601908592229316	6.866923355389015	0.00017663397608823366	0.00035987671744636704	0.5671839357649482
ENSG00000204498	1.2929281044590484	5.279683119381289	6.866303848059791	0.00017673850646373154	0.00035987671744636704	0.5936214745025392
ENSG00000100129	0.6666941097706403	9.272211887032979	6.859097385482743	0.00017795954717514295	0.00036170813986080255	0.45396163905320464
ENSG00000167604	0.8458070010455394	4.969153152880777	6.857091575529399	0.00017830107745611795	0.00036218412723476335	0.613809228501597
ENSG00000130522	1.3180823021885715	8.343069898921197	6.853189645413541	0.00017896755769457906	0.0003628825358542727	0.41371225487370644
ENSG00000204628	1.1380768446525327	12.313331516144975	6.8501851485942975	0.00017948264318691604	0.0003634900588911493	0.5907668231894476
ENSG00000159348	0.8383037133829978	6.541029830530567	6.848903022183886	0.00017970295184603692	0.0003635803930462815	0.4853461187414858
Novel00547	2.035840333193229	1.060956525352809	6.84714734146936	0.00018000512116461855	0.00036367501725115145	1.148285197864766
ENSG00000058262	0.6552306963819969	10.277572622019555	6.8428112772971055	0.00018075383026177607	0.0003645328292308622	0.4882090335942806
ENSG00000129245	0.5638490487337755	8.835406768331534	6.83994948687272	0.00018124987886721175	0.00036490437443557845	0.4134827876947167
ENSG00000188707	0.6977313982456268	7.211094327032661	6.8392539524009255	0.00018137066862135897	0.00036490437443557845	0.4317089351258243
ENSG00000100284	1.2353748922377497	6.417421312001371	6.836403023728422	0.00018186671331118132	0.0003656843210440559	0.4803390423186098
ENSG00000267898	1.9098397965695288	1.2155048430672717	6.832640362646946	0.000182523712105676	0.00036649276846800435	1.115696019049924
ENSG00000108840	0.6952283564615467	7.518568359596857	6.832172506630896	0.00018260558939812605	0.00036649276846800435	0.41038002792841954
ENSG00000232472	1.0689143975585242	7.1328636636310865	6.818331375912794	0.0001850464928174102	0.00037053226514299233	0.41360887324120377
ENSG00000147677	0.9309408587650392	10.692901140810473	6.816974705719534	0.0001852876952037256	0.00037068351783133983	0.4831669174251445
ENSG00000271643	1.289003782318268	4.3999989977906635	6.816670888458863	0.00018534175891566992	0.00037068351783133983	0.6340582996637814
ENSG00000132801	0.8015493831452831	4.340268029327086	6.8127076993687465	0.0001860486149970171	0.00037143670236682583	0.6373053167625882
ENSG00000138430	0.7117545580809193	9.14744008098635	6.810385378486508	0.00018646421018186368	0.00037197965212428923	0.39596241064991666
ENSG00000172661	1.0163634369120382	8.05928073610732	6.8051148918347835	0.00018741124644562355	0.000373273639614837	0.3631938032471256
ENSG00000011021	1.064159908037082	6.4084151489709855	6.801936987172411	0.00018798486529182594	0.00037397460819258295	0.4443897882824466
ENSG00000204977	0.6193685742684378	6.003017067182936	6.79905494836685	0.0001885067731373178	0.00037457117347780344	0.4671987807224278
ENSG00000123562	0.7424534977728321	9.584967176412588	6.791611241555779	0.00018986224491568938	0.0003768592427028809	0.39837095490794994
ENSG00000173726	0.617147447203644	9.189828992478029	6.791505066003491	0.00018988165755628262	0.0003768592427028809	0.3780396719237249
ENSG00000106615	0.9963615512513968	8.868089443729144	6.790428439771596	0.00019007862791869509	0.0003770283895342018	0.36208641555734467
ENSG00000112208	0.6314460441090555	7.915434632555266	6.789245641375716	0.00019029528534410595	0.0003772363647185743	0.34987797917601604
ENSG00000116266	0.6190383024756443	6.409690519450255	6.783939609252088	0.00019127060493383165	0.0003789471644431873	0.4251775041375154
ENSG00000251022	0.7385614122845734	5.663613266016053	6.777453300756682	0.0001924704551967379	0.0003808770180843365	0.46774808287528025
ENSG00000166012	0.6818056681902274	7.961240171477983	6.7732518816601335	0.0001932521201696828	0.0003819757782381428	0.33149379387921485
ENSG00000144048	0.6795690333857483	6.711365898680126	6.770398545312696	0.00019378499544706117	0.0003828047860880471	0.3901346593270949
ENSG00000123395	1.045877204313535	7.416274605978232	6.76942064465072	0.00019396800026092495	0.0003829420906263082	0.3479095280292004
ENSG00000006194	0.558582444231309	7.48622352469148	6.767406101993894	0.00019434561049404416	0.0003834632104133947	0.3428090957721217
ENSG00000183298	1.7238581674224172	4.20619066517384	6.765850705284888	0.00019463771818687824	0.00038367121718263297	0.6052575059421041
ENSG00000270069	1.0676349233132427	5.7266481398615	6.760713127413988	0.00019560605374317205	0.00038527427047837853	0.4453487002825547
ENSG00000228929	1.2309842301675444	4.424126561088785	6.759116131488665	0.0001959081505250106	0.0003856441656192449	0.5702446032362358
ENSG00000095380	0.7614475325851302	7.505926045891093	6.734762315230889	0.00020058010694240494	0.00039369242630812927	0.30710859289175296
ENSG00000059145	0.707643481751222	6.585580555989488	6.731873390948948	0.00020114250225448553	0.0003945667457015315	0.3578409644468419
ENSG00000162650	0.7013409247557192	6.124883915036312	6.728161043202234	0.00020186777846538915	0.0003957593750971662	0.3838289728919406
ENSG00000059691	0.6839649014668447	6.807692673678365	6.727163798638632	0.000202063105203075	0.00039591226304017135	0.33705287874035506
ENSG00000112763	0.6556884750854088	6.390630897250261	6.724117616223518	0.00020266105606711114	0.0003962708821386147	0.36255391678320414
ENSG00000275832	1.3478654801421044	2.8334850023509777	6.723241610126916	0.00020283337683858554	0.0003962708821386147	0.7742728945628503
ENSG00000187735	0.5588972817513138	9.334224305794447	6.721671852613277	0.00020314257548612437	0.00039664528338552294	0.3109370892155576
ENSG00000205352	1.3311730241319903	6.729843043418273	6.720300546343974	0.00020341311479421954	0.0003969438110559264	0.335257792340399
ENSG00000023318	0.7636424623487024	8.310265585087851	6.717856457383311	0.0002038962953939562	0.0003975302765265063	0.26908971948030125
ENSG00000162542	0.7143925351626299	5.480091532671789	6.715332400963152	0.00020439662838690284	0.0003979424259534969	0.4158577052539556
ENSG00000241839	0.6911971662869414	6.504695303599302	6.710809706838528	0.00020529656984737973	0.0003994511700660455	0.34081040190223
ENSG00000197329	0.759054781121697	6.40399097917506	6.706715088603544	0.00020611514220900487	0.0004005947521965337	0.3430356317755976
ENSG00000230795	1.0414312931107483	6.6467117515881435	6.7055149409139245	0.0002063557577824	0.00040083150648118456	0.3253478323154688
ENSG00000189067	0.6301779115937514	8.189000403097245	6.703968494782412	0.00020666626393261707	0.0004009387611546279	0.2537891041347846
ENSG00000147121	0.9509696048539897	4.731054368850627	6.701159368481824	0.0002072316329222061	0.00040137745664725795	0.47348033343302287
ENSG00000143575	1.2109642600788577	6.910499457225545	6.699232409909839	0.00020762045239725369	0.0004018998315480975	0.29999000825780975
ENSG00000068912	0.6426924618995216	7.153621373373765	6.698112588027633	0.00020784678231894116	0.0004021072497385937	0.2841012086575203
ENSG00000283041	1.0887386413844808	8.761875497508687	6.695609450700557	0.00020835369259501323	0.00040285693914932644	0.2567393948612473
ENSG00000226360	1.1003471519223735	4.537231530904242	6.694922887336672	0.0002084929692353502	0.0004028953483391017	0.4883529013782786
ENSG00000150961	0.9384231093562372	7.884454144658308	6.693356587959595	0.0002088110982244953	0.0004029398895142898	0.24828700248295377
ENSG00000173846	0.8704512186922804	5.671603259718296	6.693226149916246	0.00020883761571832923	0.0004029398895142898	0.37716601709642994
ENSG00000170448	0.7351769857445998	6.113367776758323	6.693045763702206	0.00020887429364567067	0.0004029398895142898	0.34692297451426946
ENSG00000131732	0.6888467426326068	6.526702288653011	6.68701054989959	0.00021010558212643832	0.00040455819105917793	0.3137440388032484
ENSG00000271780	1.2973345056462833	3.2847871892244003	6.68658454119764	0.00021019280051177798	0.00040455819105917793	0.6613917085626717
ENSG00000232850	1.5990211467688606	1.4926906463504004	6.682990755721739	0.00021093017816263738	0.0004051086034217459	0.927399529707472
ENSG00000083750	0.9927906105075213	4.150252325230282	6.682382042266114	0.00021105536010412963	0.0004051086034217459	0.524209117498545
ENSG00000164070	1.0046947922036473	9.06139233533987	6.682266589670628	0.0002110791122748753	0.0004051086034217459	0.2545943030505544
ENSG00000104131	0.6260520908198615	7.618052639159609	6.678649463713705	0.00021182477799430054	0.0004060777278140739	0.2422836017970429
ENSG00000077150	0.7454118286860325	8.621372446124266	6.677267563544985	0.00021211042959093127	0.00040639442898341967	0.23245341464221703
ENSG00000104856	1.0864237799104108	6.571671448880968	6.665688609516849	0.00021452084822401303	0.0004100812135455071	0.2877034908588092
ENSG00000143222	1.1375425846862663	7.795347975833249	6.661385049695671	0.00021542449981867075	0.0004113425367222383	0.2169017620346736
ENSG00000146112	0.5985999766429675	9.944692250924096	6.66075392788018	0.00021555737765969446	0.00041136345714016354	0.2759791442824291
ENSG00000197019	1.4524804189191238	7.396389403548605	6.65469098108388	0.00021683854848715732	0.000412874301690558	0.22559971150676716
ENSG00000017483	0.9971601694247365	9.459053472621854	6.650992042881827	0.00021762434370850228	0.0004136703889715194	0.2412914380537785
ENSG00000287287	1.6853270743599214	1.1388317667055092	6.645006916864967	0.00021890254271818727	0.00041560488211876993	0.9313493005217541
ENSG00000154133	1.6577117993284407	1.4931298788867935	6.644497590896522	0.00021901170136549286	0.00041560488211876993	0.8871227790358329
ENSG00000186056	1.890703046198251	0.9234077117581077	6.642214618817286	0.0002195017333944748	0.000416300645572208	0.953410921493905
ENSG00000205277	1.386494808293067	3.6809182749120026	6.640454828915034	0.0002198803001213608	0.00041678434416262436	0.549317578653044
ENSG00000057935	0.7531036665336828	6.5781398498579815	6.63932032782444	0.00022012474015212168	0.00041701340442069543	0.2587927683543567
ENSG00000142961	0.6137612956792804	6.057437508281086	6.636201030147373	0.00022079838751437822	0.0004175861880456907	0.28926987711784236
ENSG00000232775	0.8568192634392653	3.55537852239378	6.632375700444509	0.00022162764843349707	0.00041845085943739176	0.5601223448571169
ENSG00000183696	1.0684335424632128	10.86069454520579	6.623402302333586	0.0002235865685406213	0.00042191335696647444	0.2846729066489928
ENSG00000257702	0.8357898061567841	5.64382208490158	6.614081044550269	0.00022564187990099145	0.0004248491161396476	0.2939347183686145
ENSG00000164749	0.9693154474340488	5.469097401646056	6.613674752872213	0.00022573194365129958	0.0004248491161396476	0.3073927942635102
ENSG00000091656	2.813928074941487	1.4608250047979652	6.610586775444685	0.00022641777431378298	0.0004250714998304442	0.8556804471810091
ENSG00000272269	2.205019728855977	1.0946298093885027	6.6104495544423605	0.00022644830452358774	0.0004250714998304442	0.900532518795127
ENSG00000234518	1.1307792948179856	4.096542749278254	6.610127291037749	0.0002265200227312207	0.0004250714998304442	0.45420163329267993
ENSG00000165806	0.7243906677823979	6.563129273467634	6.594303901009622	0.00023007276688701348	0.0004312586197093241	0.21103567522591504
ENSG00000244038	0.635056357600293	9.77836820195336	6.593425170982852	0.00023027187536488222	0.0004313921751699681	0.19471832980282322
ENSG00000068697	0.6886695902484341	9.126376057344395	6.588827020933072	0.00023131689012509157	0.00043310942690458323	0.15670262161565063
ENSG00000259038	1.4503997826781134	2.123871611224712	6.5860913205221605	0.00023194113489190325	0.0004335564482688541	0.7389439219234486
ENSG00000102554	1.4296986154856217	4.874064466667312	6.583715715074704	0.00023248473421293538	0.00043391063483476486	0.33167149194303125
ENSG00000276180	1.4834829669603753	3.3023465680621755	6.583577400103853	0.00023251642791382777	0.00043391063483476486	0.5483455707211036
ENSG00000231528	1.454158849188556	3.5328707074846366	6.58162067540333	0.000232965310846811	0.00043434569407780683	0.509121638408593
ENSG00000106443	0.6115083080307242	6.127194127691425	6.581035599478055	0.0002330997177622122	0.00043434569407780683	0.22497876451419074
ENSG00000111142	0.6741371861409977	8.913833694230394	6.576572958651325	0.00023412774751702418	0.00043571264209731915	0.1335143384034101
ENSG00000260630	1.187923864610093	3.8232642964237225	6.573537733444996	0.00023482983831198516	0.0004364959650158649	0.45551630219182027
ENSG00000135048	1.2940493212956037	6.478116881607405	6.562227497376328	0.00023746678573945102	0.0004404689032902186	0.1819330336163052
ENSG00000104611	0.6150606092152282	6.694369179203438	6.558007332360095	0.0002384591406555555	0.0004418238004238574	0.16230767954075453
ENSG00000142188	0.7465042877057213	6.783344405518539	6.556997282959286	0.00023869733424724027	0.0004420223961307292	0.15478882294177243
ENSG00000271992	3.1789487542793076	0.5541415403181895	6.548870247394729	0.00024062355573759958	0.0004443112032372073	0.8965869286222796
ENSG00000121749	0.6415027106215829	7.4468436870355506	6.547905053021033	0.00024085346827384485	0.0004443112032372073	0.10735730971482216
ENSG00000244716	1.2751768377696555	7.60659368477063	6.547898102933739	0.00024085512469497694	0.0004443112032372073	0.10081313295341676
ENSG00000073536	0.8280447829299726	7.977720063843998	6.54052282830895	0.00024262005325968646	0.000446590321712047	0.0796334797366951
ENSG00000135604	0.9673151680916576	3.7555985221929182	6.539252820518349	0.0002429254218760655	0.00044690860055062435	0.42869827112489123
ENSG00000188295	0.775023638505755	5.470619099311067	6.5375246595662935	0.00024334163949203853	0.000446943218098061	0.22449221224716887
ENSG00000251562	0.6151252115898158	7.80110471441211	6.533543399533877	0.0002443035289222641	0.000448221917663795	0.07767500601404187
ENSG00000105656	0.6897464945288485	7.674170633189143	6.527975394612733	0.00024565589295756776	0.0004502134616180519	0.07638210120945832
ENSG00000074695	0.7732020408453053	8.95317717327894	6.527419533738426	0.0002457913582121637	0.0004502171783973074	0.0815262412492821
ENSG00000240230	0.6517177690942857	6.22153613015093	6.514105447289583	0.00024906103925258	0.00045411776992208174	0.1459119894595613
ENSG00000145365	0.6204527369883941	6.632244638247796	6.513817910664937	0.00024913218498096425	0.00045411776992208174	0.11842457186265953
ENSG00000155463	0.7646612852977093	8.980380883684951	6.508126237702883	0.00025054515462493966	0.0004562004056689403	0.0615771106612053
ENSG00000149716	0.6064761872657023	6.141650567729196	6.507174502675057	0.0002507822945832396	0.0004563859017927996	0.14340351383575722
ENSG00000166289	1.3170532052467143	4.963817081598407	6.50418068522659	0.00025152988318349954	0.00045700690676420434	0.23561610295579438
ENSG00000185670	1.0147717466762485	3.8632430889715677	6.497349514983646	0.00025324500942280155	0.0004596281128523574	0.36666617546725977
ENSG00000237550	0.9105872082919877	6.197367431072811	6.4864040432049785	0.0002560203440170656	0.0004636982702983208	0.11705430724322063
ENSG00000184575	0.8815865085449648	9.53224949146562	6.486337546435097	0.00025603730811078	0.0004636982702983208	0.0655239887267598
ENSG00000117475	0.6193600596336353	6.140740533045125	6.484614130462885	0.00025647740828320517	0.0004642461242207802	0.11869852246451629
ENSG00000152684	0.6964232543722337	7.358251026608384	6.483673568487705	0.0002567179501594684	0.0004644100265660338	0.040775114989129335
ENSG00000118242	0.7367558544740227	7.1452826289873075	6.4831840306506985	0.00025684324527925874	0.0004644100265660338	0.050757858883439866
ENSG00000172273	0.9057826127970454	5.8649047908673575	6.480117003081477	0.0002576297892062754	0.0004650333109198643	0.131874702444728
ENSG00000254477	1.9044096300400768	1.467895291203322	6.479897065817678	0.00025768629542501634	0.0004650333109198643	0.716356354253926
ENSG00000214975	2.0095685024809984	1.7010228332489037	6.477734520884849	0.00025824263133079423	0.00046569248429187583	0.683044652518471
ENSG00000274213	1.4190133661250028	2.853981452034619	6.4747237075967154	0.0002590194209527475	0.0004668437640462447	0.505035238045223
ENSG00000156256	0.6616278312561166	7.0276199293123	6.4674749159314615	0.00026090030213792877	0.00046998271191317227	0.040290138819052856
ENSG00000234618	2.0094853979807663	3.823518700796066	6.456579653777447	0.00026375602187969004	0.000474048710380306	0.32822743319078107
ENSG00000225684	1.3657038026514132	2.933162045437463	6.456185615187743	0.0002638599520136973	0.000474048710380306	0.4717669038686223
ENSG00000147687	0.9636866083453768	6.792598445306317	6.454153963313126	0.00026439653690371113	0.00047450740186868155	0.041267026972685805
ENSG00000127870	0.6396946925811795	8.128804956076953	6.4527426699798385	0.0002647699922779855	0.0004746726641583013	-0.019771733153001847
ENSG00000245532	0.5797900334520154	8.24512949382312	6.449410601860663	0.0002656540537774949	0.000476004661415437	-0.023927335352770918
ENSG00000147533	0.7674434426788874	6.224516527631049	6.444774490573475	0.0002668895746988914	0.00047736829851716486	0.06947474478872895
ENSG00000177410	0.8681986039564817	5.687153326894707	6.441138698986327	0.0002678629868417868	0.00047818503576941196	0.10164996091520617
ENSG00000166562	1.1122588435318548	6.782469331396805	6.438888254740286	0.0002684674791787542	0.0004790107217076238	0.025127453012631307
ENSG00000168826	0.7105632154780075	4.784920839854179	6.4356088862654275	0.0002693510716184458	0.00048033325350985	0.17932363121053196
ENSG00000157837	0.6636116207511709	7.845960227410681	6.427235342708886	0.000271621959462011	0.00048242529398219355	-0.0409744135493364
ENSG00000179152	0.726448815147938	6.136927759583415	6.424026998780841	0.00027249769616757613	0.00048338970918475387	0.05213496241167981
ENSG00000141756	0.5967852475646254	9.535096557808249	6.4228696763989195	0.0002728143651729508	0.00048369714560879455	-0.004390623736787447
ENSG00000229204	1.4523649393647755	1.6506690822231092	6.420759792530426	0.00027339273067885354	0.0004844680006882625	0.6286807003773838
ENSG00000120549	1.029529030806593	7.016073596296738	6.406092166744431	0.0002774513743108987	0.0004908867000130951	-0.02691951817761229
ENSG00000171621	0.5900913793728542	8.257424049575842	6.400651570011387	0.00027897384284313774	0.000492661526399902	-0.07791140738493763
ENSG00000214413	0.7051831855340991	4.55631183042107	6.3988586787017185	0.0002794775913457138	0.0004929652591924856	0.16414627004879456
ENSG00000267541	2.3897328752168985	0.289153089565035	6.3894912800951875	0.0002821260649901238	0.000496258567637846	0.7565526488251058
ENSG00000066827	0.8602692873931499	5.368602409956353	6.3890462744727055	0.0002822525759623671	0.000496258567637846	0.06998895687098905
ENSG00000205763	1.146286613890788	5.491079367984847	6.388411447428563	0.00028243316068884955	0.0004962737428052527	0.05863018196411751
ENSG00000091164	0.7730536521752711	8.040160619169479	6.387982046129965	0.0002825553823144311	0.0004962737428052527	-0.09012942692156489
ENSG00000179361	0.7221545634407409	5.857046653536624	6.378435384834543	0.0002852879323426142	0.000499772317613697	0.020010727059613487
ENSG00000081181	0.6856610268111867	6.723296456289374	6.373351114833185	0.0002867551997300464	0.0005020411138280792	-0.04329917219295076
ENSG00000213609	1.5801876595420155	1.9139793014829998	6.3729178042074235	0.0002868806364731881	0.0005020411138280792	0.5401855748096009
ENSG00000164294	0.7073260971634738	7.82620701884545	6.37027987200064	0.0002876455957211001	0.000503118838757383	-0.10359104809990072
ENSG00000282021	2.183778191736701	1.6126400717363083	6.361522747193445	0.0002902013451495123	0.0005070633550152535	0.5698064093299724
ENSG00000196793	0.6625877221980758	4.895512737446046	6.357765203631844	0.00029130571529593447	0.0005079830232431561	0.08131108898647188
ENSG00000121104	0.74501093026812	5.7126763588061324	6.357172038082282	0.0002914804780672052	0.0005079830232431561	0.006699322191066948
ENSG00000109180	0.5810831995512169	8.073792114069672	6.35314796071444	0.0002926691658943457	0.0005095282588893304	-0.12973907386745864
ENSG00000122958	0.6124046063264279	8.087106255877474	6.350010233953915	0.0002935997739273353	0.0005108848051731972	-0.13352244346729947
ENSG00000156273	1.1432032030439263	7.591296426234347	6.347910359864456	0.00029422440745275594	0.0005113521197119843	-0.11960928847266228
ENSG00000173727	0.8390926139675541	6.6453491673879705	6.346041140907134	0.0002947816737788027	0.0005118854180801237	-0.06813356056406583
ENSG00000268006	1.5265907669275793	2.0262050032646153	6.341544705160548	0.000296127002904577	0.0005134288323741228	0.4897123774140191
ENSG00000128692	0.6686611247080521	5.5063108659764834	6.335422323779734	0.0002979698089981129	0.0005147823489624851	-0.0015884308140057257
ENSG00000197111	1.0442248473827833	8.24246509369526	6.328440657860969	0.00030008684154150583	0.0005167081564764992	-0.1585405115260734
ENSG00000166848	0.8140545836920374	7.7707216224469775	6.326592150356826	0.0003006501576442134	0.0005172838510410893	-0.15044569357856297
ENSG00000104361	0.9356821371021251	4.69646585879513	6.316498795469273	0.0003037468402471014	0.0005215480096660153	0.056792293534302374
ENSG00000186517	1.8033898010676293	1.912343682877871	6.312123238754849	0.0003051002900946346	0.0005233392876356366	0.47409947765660565
ENSG00000181218	1.0854195601170442	6.148294545742445	6.308645165584828	0.00030618091595121903	0.0005243931017357426	-0.07707028010096906
ENSG00000013375	0.7040914107214853	7.682664465458622	6.30319110732023	0.0003078840568850787	0.0005265082655500535	-0.17329514037601257
ENSG00000197062	0.6758119635753124	5.545849111136239	6.301887136532255	0.00030829280751732254	0.0005269401887352818	-0.04223881140353569
ENSG00000187091	0.6808015950414568	5.212884229541715	6.29676442211061	0.00030990445839665446	0.0005288910686041033	-0.018783864923901383
ENSG00000169084	0.9331547635620279	5.1233132998380455	6.292477222127808	0.0003112604538618178	0.0005307403021330972	-0.014965171523601661
ENSG00000104408	0.8697585770793559	11.097229526646823	6.292344223381003	0.00031130262534718415	0.0005307403021330972	-0.06780514471557186
ENSG00000127527	0.5657435373535966	7.843120800831735	6.28839105810283	0.00031255900849723846	0.0005323913555345631	-0.19588879212365207
ENSG00000226964	0.7424407004441766	6.5187950731059665	6.284957691814526	0.0003136547677944719	0.0005339410628347872	-0.12777511182189372
ENSG00000111203	0.8844331448588116	5.0352121766931806	6.282682939506354	0.0003143831081391797	0.0005349110473331278	-0.017166998398835176
ENSG00000136504	0.6109604072687809	7.018559968938793	6.280428166183033	0.0003151069082791322	0.0005358723329303387	-0.16750214725602053
ENSG00000093010	1.110732168584999	7.491230322110333	6.277108287161769	0.0003161759914100327	0.0005374195440893956	-0.1949399725932066
ENSG00000086589	0.6979612296766886	7.592006934981065	6.272502025279595	0.00031766600898874663	0.0005393826184159352	-0.2042576064719972
ENSG00000001461	0.8730763501452703	7.2339469128056475	6.27183671525235	0.0003178818658588496	0.0005393826184159352	-0.18921171078628785
ENSG00000136240	0.7394092297240782	8.85665261213909	6.269784676839195	0.00031854866867737854	0.0005400920643806407	-0.20872115375411937
ENSG00000083444	0.5685734508293443	9.255493476651303	6.2686236032270966	0.0003189266445094412	0.0005402223585391174	-0.19124088746631962
ENSG00000101665	0.6925121018095437	4.836694811692852	6.266397369714026	0.00031965276819612295	0.0005411482387825985	-0.014556833808949676
ENSG00000155508	0.6154723262807824	7.301933477387494	6.260762191076243	0.0003214990073736959	0.0005431836008406859	-0.20512059991443632
ENSG00000186184	1.039741488963549	8.512408767725553	6.250679390178481	0.0003248320736435372	0.0005465484539526777	-0.24147792785028344
ENSG00000163902	0.7022001095065775	10.106784889483137	6.2506760735251605	0.0003248331763303565	0.0005465484539526777	-0.1678413928026634
ENSG00000175866	0.8826699817555488	6.835917518353099	6.249888021115348	0.00032509529792543277	0.0005465484539526777	-0.1897724873800204
ENSG00000116161	0.9376966080768607	9.88419453774974	6.2498424098692915	0.00032511047631387797	0.0005465484539526777	-0.18056947062960838
ENSG00000115289	1.1378529824391377	4.9500430788274725	6.248127871721383	0.0003256816076756858	0.0005470112462339656	-0.04711842863395965
ENSG00000106366	0.6902925779667424	12.415573240728504	6.245222027940969	0.00032665212540627887	0.0005483205328959129	-0.0645475251653016
ENSG00000174444	0.9384940691071826	12.89847057904993	6.243526576996598	0.00032721987139786203	0.0005490004207341554	-0.048040378470336265
ENSG00000198018	1.2011822276162043	9.142387797600344	6.242824993771046	0.0003274551274583281	0.0005491220676165005	-0.22620609944421588
ENSG00000126524	0.9356409635493792	7.499126112857566	6.234992006159256	0.0003300945081406541	0.0005524589919700467	-0.24280435359110264
ENSG00000136891	0.5450539759083615	9.297326725660604	6.230903647905504	0.00033148149805358097	0.0005544960706161538	-0.2316288356879106
ENSG00000269889	1.7479374646070136	1.4779500192725374	6.228635132930514	0.00033225389405994394	0.000555512704934713	0.44282095714605685
ENSG00000106211	1.4004182206373734	11.239300858981789	6.224066410578368	0.00033381555742511995	0.0005572952453005218	-0.13752977113477005
ENSG00000163754	0.6501592332624941	7.183707758997725	6.2119089047666485	0.0003380110880261013	0.0005631848943210201	-0.25432633380871383
ENSG00000198960	1.1551084980447754	6.221390774078581	6.19204906562608	0.0003449913582709583	0.0005733994299537997	-0.21326292165407157
ENSG00000254027	1.052231129862499	2.7232110871117143	6.175042991095696	0.0003510960860686032	0.0005818262251451214	0.19600282775633193
ENSG00000167842	0.5983015374012011	6.460958708202298	6.173099945549028	0.0003518011971019171	0.000582708512038227	-0.2503582862695941
ENSG00000179832	0.5866268648116435	7.976567325905947	6.17178412293855	0.0003522795892153905	0.0005832145898001607	-0.3321532321461653
ENSG00000163935	0.6924850962038231	6.8438787235077925	6.166304320644832	0.0003542796647473376	0.0005853768799498125	-0.2851223105131915
ENSG00000172738	2.3021455610100556	0.861097854249925	6.164657687304008	0.00035488313371436565	0.0005860869765796719	0.4506570494431754
ENSG00000206573	1.0885515958193004	5.7710328409127785	6.162907625361863	0.0003555257604687008	0.0005868610155681978	-0.21631763683351224
ENSG00000168374	0.7911639111182929	9.122920276272856	6.161042837172325	0.00035621193853449957	0.0005877061518901719	-0.32006758893180454
ENSG00000157191	0.8789853519648281	7.215221140061066	6.15729990749335	0.00035759365450795246	0.000589409374846034	-0.31809278532807195
ENSG00000181929	0.7100923253136262	7.669179918264151	6.151850028146324	0.00035961615937750256	0.000592164432279011	-0.34417037003434814
ENSG00000136872	3.0472506865519935	0.7710897527192699	6.146365860258005	0.00036166422957411074	0.000594666233227607	0.4412684300273959
ENSG00000135999	0.7589895828154498	6.368308042571162	6.145499540877027	0.0003619889416933466	0.0005949102237084031	-0.275744454172
ENSG00000126804	0.6527012590336003	6.618853862467605	6.1435915416036515	0.00036270523730483963	0.0005954867943096421	-0.2948755775703056
ENSG00000055483	0.8567275742460101	8.574787655334848	6.138961791780328	0.0003644498813781792	0.000597789936689342	-0.36676591664114344
ENSG00000149196	1.1416982603855121	6.332067402281206	6.138404195822074	0.0003646606305549048	0.000597844979345116	-0.28147915304906856
ENSG00000170265	0.6016983563099192	8.575121930255992	6.13791618827078	0.0003648451891989696	0.0005978570511691711	-0.36795210361453545
ENSG00000011243	0.8739456678233948	6.415440608786395	6.135867695635075	0.00036562103780340407	0.0005988375638585851	-0.289830571594222
ENSG00000234797	1.0518391483869935	6.635846419338539	6.133619324006469	0.0003664746998161506	0.0005996535582830708	-0.3074732616763125
ENSG00000103671	0.6168020060666786	5.9720145270794305	6.125171318204452	0.00036970209092808767	0.0006037632404604878	-0.2732848186668493
ENSG00000120616	0.8833836437192453	5.436255602330529	6.117954959182402	0.0003724839770019487	0.0006077180553213611	-0.24124332437940144
ENSG00000259230	1.3287203010181563	3.730824180377225	6.107415382833893	0.0003765888364369528	0.0006132291187926056	-0.04738517489812466
ENSG00000146757	0.7670956321608289	5.966930134862806	6.086512909687887	0.00038487925106256367	0.0006231202462020584	-0.3172381283481869
ENSG00000254206	0.8984526911990929	3.367800569406393	6.084749469877806	0.00038558789374372747	0.0006235017583593198	-0.014806865078082154
ENSG00000266947	1.0284674493708863	2.876614084362143	6.081998419750946	0.00038669630607231963	0.0006245635886491175	0.06533986639729328
ENSG00000137094	0.6391464807602576	5.444471785163359	6.079175669556577	0.00038783728682862843	0.0006261067013204749	-0.28640380462312365
ENSG00000232150	0.8715979777433378	3.516559387318857	6.076549125014368	0.00038890231895187614	0.0006272258241604351	-0.04844963023038584
ENSG00000175390	0.8447384931378092	9.603446547990293	6.074363923592324	0.0003897908676924882	0.0006283585225009342	-0.3945487523059388
ENSG00000154710	0.8183208407132816	3.9359926016680715	6.071998794099844	0.0003907551208720318	0.0006296121193038373	-0.11956447706090856
ENSG00000136997	0.6138819671822091	10.807417759450272	6.065551924643985	0.00039339696253711085	0.0006329620179304778	-0.34073191678938475
ENSG00000119655	0.9921584324669963	6.671173060511352	6.061788271572436	0.0003949484252668424	0.0006348527807767157	-0.3924671255998753
ENSG00000100316	0.9860219254848239	13.375059761814063	6.059203183177608	0.000396017993563206	0.0006359660686731353	-0.23946529553952178
ENSG00000160325	0.9685714231822375	4.8237560851775765	6.054784721532924	0.0003978535677633859	0.0006383061995404965	-0.2536475738308832
ENSG00000255508	1.0758698393620052	3.9943634432046133	6.0470927473929095	0.00040107165246780745	0.0006416385753562742	-0.15708232152209245
ENSG00000169100	1.0688352565293737	11.440013880555835	6.045360731842657	0.00040180025517542133	0.0006424330954440029	-0.3320008830316068
ENSG00000156253	0.6418617932247592	6.156637273104301	6.044837130851319	0.0004020208063695697	0.0006424330954440029	-0.37760807585199974
ENSG00000248049	1.0374847126158766	4.445712491316418	6.044128360090531	0.00040231956896496	0.0006424330954440029	-0.22268219072119244
ENSG00000149100	0.7555586502636285	8.628503863100395	6.044103827883574	0.0004023299142481263	0.0006424330954440029	-0.47416775133936095
ENSG00000174021	1.289658456425864	3.220783319451421	6.04082063335082	0.000403717113363317	0.0006440385534221426	-0.04023566078273877
ENSG00000179598	0.617597632802747	6.107500465456289	6.030477601862963	0.0004081220400419813	0.0006501434197835906	-0.3909976345397599
ENSG00000141994	0.8192216579182521	6.996535267371431	6.026574299727232	0.00040979824135273105	0.0006521977671340163	-0.45591370607167825
ENSG00000230291	0.8565274536076872	3.4347861147794463	6.02075459499996	0.00041231161980427155	0.0006553544418584916	-0.09900694440880109
ENSG00000198804	0.7241112632158853	15.568632270466274	6.019722306511355	0.0004127592230682635	0.0006556730784521286	-0.2052441572228778
ENSG00000231721	0.8067110051294661	4.238423959957775	6.015914807137747	0.0004144148368180247	0.0006576837532568275	-0.22834730427976435
ENSG00000036054	0.5792658447756089	7.301237812243607	6.015324425321956	0.0004146722120285013	0.0006577828130626062	-0.485759549591104
ENSG00000144468	0.692638001318441	6.773908209565909	6.008205039889718	0.00041778990120428823	0.0006624168828304833	-0.4618919860285189
ENSG00000175106	0.8734312039692544	3.89009518704834	6.006183889997059	0.0004186797304897315	0.0006635159279813782	-0.18810516390818588
ENSG00000260916	0.862203227037067	4.3728046813220045	6.00472115997402	0.0004193250228506694	0.0006640814110889102	-0.25909996278519465
ENSG00000080815	0.5728117789050593	7.593031676381245	6.002366535626198	0.00042036610051989225	0.0006649391575968666	-0.5132978080868691
ENSG00000040487	0.8137328050460262	6.9851763899138	5.987891817585314	0.0004268293629556655	0.0006729543320618764	-0.5001032203911064
ENSG00000107521	0.7074943678996393	6.965936596666811	5.984495542768424	0.00042836180012003087	0.0006741645720022333	-0.5028362155825699
ENSG00000261644	3.0727576775638386	0.5811454894994814	5.984419416970108	0.0004283962188419645	0.0006741645720022333	0.2840084638941818
ENSG00000204673	0.6888988072771136	8.300949856411275	5.976117207240364	0.00043216838229867457	0.000679150499243469	-0.5605143053333483
ENSG00000207870	1.3984486057812717	1.750680829272342	5.973296780247805	0.00043345824034074135	0.0006808603831050565	0.11935884090190019
ENSG00000148834	1.1544920159831733	9.296417577999845	5.969868961432612	0.0004350316311964611	0.0006826961505380743	-0.5314027451706878
ENSG00000158406	1.2309520727803236	2.415325361792113	5.968290554924334	0.00043575826064636453	0.0006835185362253993	0.0120502537962075
ENSG00000248901	1.2594236451357905	2.074782964401948	5.955199023030921	0.0004418372198041727	0.0006924100230465762	0.05058523164405759
ENSG00000198130	0.6684629803123112	4.793062637244305	5.950749396079902	0.00044392475681195875	0.0006950357909436422	-0.37061464466617267
ENSG00000139354	0.8583229205306093	6.933098119140531	5.938682721120601	0.0004496411227109144	0.000703332938352631	-0.5540382204890735
ENSG00000117139	0.9458728200351665	8.343664059044878	5.936339718786759	0.0004507605212533694	0.000704102716053189	-0.6064013933927015
ENSG00000204231	0.5843408926766269	6.934191646773796	5.934181536622251	0.00045179435640623877	0.000705066678313899	-0.5593771768910658
ENSG00000074319	0.8560771806348111	7.119191022373611	5.929975754210419	0.000453816623232995	0.0007075680622865644	-0.5756531984364708
ENSG00000133773	0.8018848315836564	6.90149437958402	5.924680533725174	0.00045637702255406365	0.0007112314430011135	-0.5682002539573876
ENSG00000017260	0.7061815470299884	8.850682946575606	5.921090860407546	0.0004581218534191027	0.0007136210219003012	-0.6096840352573762
ENSG00000204856	0.9100559518605857	5.603101836980543	5.916052020498295	0.00046058358042768793	0.0007164081613805237	-0.48852782248437876
ENSG00000186088	0.7697492852510992	4.79134831035262	5.906634411449868	0.00046522400522442384	0.0007226822254268905	-0.4218788140705021
ENSG00000072818	1.0200746970990893	2.8809927557787303	5.905519486314136	0.0004657767979348716	0.0007232079688137399	-0.13779631482998767
ENSG00000188033	0.7616271356215423	4.646868568136339	5.897015773651813	0.00047001709216127756	0.0007289689089630867	-0.41707388505294407
ENSG00000251893	0.8532662743822983	3.804000525719648	5.8967800265753985	0.00047013525367625274	0.0007289689089630867	-0.30150086623769834
ENSG00000073792	0.6675772539872327	8.578151595292365	5.895539835236685	0.00047075740725117737	0.0007292633113248267	-0.6488913614013603
ENSG00000188856	1.34298979512928	6.440374170310573	5.889845838223741	0.00047362560191904687	0.0007333697938847471	-0.576490169162521
ENSG00000115484	0.8664635964180967	9.408353126919215	5.887031025927899	0.0004750506426435845	0.0007347076200876946	-0.6224454490699314
ENSG00000256223	0.633830532798461	5.632250685734472	5.8868035946583595	0.00047516599063248814	0.0007347076200876946	-0.5251207277788792
ENSG00000153391	1.2675910355265572	5.399842192646878	5.886697035238708	0.0004752200458453279	0.0007347076200876946	-0.5059097804976291
ENSG00000285928	1.7117197057472078	1.3910869807487312	5.883629102959458	0.00047677926857154254	0.0007362257446958282	0.06754196579794325
ENSG00000136802	0.5741016492062165	8.921285589053879	5.874843271424947	0.0004812759990386194	0.000742489812874395	-0.6612417635611374
ENSG00000118454	0.6910847117348276	6.783527167297039	5.864949929009128	0.000486395968532373	0.0007497030597662067	-0.6300422281992919
ENSG00000003056	0.5897206416109224	8.503583277507106	5.851574822572905	0.0004934141115522407	0.0007594795676903558	-0.7027465292331279
ENSG00000171346	1.7033774687845937	1.3172244085139764	5.847633560722767	0.0004955035262846783	0.0007620004091542865	0.0363153871090196
ENSG00000163682	1.15825001166019	11.39922124295483	5.841557841042407	0.0004987437483648422	0.0007666338983977119	-0.5715541988694532
ENSG00000133433	0.7932594709842977	5.0371963797249135	5.840411829551033	0.0004993575542733426	0.0007668786473000719	-0.5259239785936405
ENSG00000109775	0.6660570650744999	5.505930480821553	5.839652371959271	0.0004997647826949365	0.0007670319674590766	-0.5705265395448604
ENSG00000135919	1.3850969554532861	2.5791132534647305	5.839377873898234	0.0004999120617790484	0.0007670319674590766	-0.16369952619407346
ENSG00000129187	0.6206518461546846	8.89740909754266	5.836719755070397	0.0005013407401821224	0.0007688743897156732	-0.7072454379458417
Novel00763	1.313692906742559	3.702532006936022	5.832395412821017	0.000503674660210246	0.0007715683489881358	-0.3609468713820565
ENSG00000206341	1.2026499208344257	5.117760479416159	5.832194544247818	0.0005037833647957508	0.0007715683489881358	-0.5437347040785019
ENSG00000246560	1.616357412267577	1.8585971959963146	5.825356096160795	0.0005074997103298597	0.0007758513922306057	-0.06625112767290453
ENSG00000176845	1.0012688430185603	7.527892308727528	5.811452313109715	0.0005151498007804375	0.0007847022247553933	-0.7346526957183315
ENSG00000244398	1.1611945419928578	7.561877859869744	5.809802431950664	0.0005160660472596171	0.0007857431604034063	-0.7380134533435765
ENSG00000081320	0.7208995155401299	6.8243703031021825	5.809121867510943	0.0005164445187590542	0.0007859647299472479	-0.6989394318867905
ENSG00000102103	1.0343885460630187	6.71341149208339	5.808524360088689	0.0005167770547787982	0.0007861162230945289	-0.6916015465635814
ENSG00000130449	1.2916974205143212	7.2007963814390115	5.807587241450546	0.0005172990758245988	0.0007861925217782941	-0.7242163198304077
ENSG00000107864	1.033135972697795	5.5078696603442125	5.807412042613813	0.00051739673502212	0.0007861925217782941	-0.608791398458906
ENSG00000147403	1.1514689984185669	11.22962084113602	5.804600314784008	0.0005189668457831932	0.0007880261645690791	-0.6234463508941612
ENSG00000173614	0.7191408777693571	4.746274053485356	5.794751766001652	0.0005245082196353604	0.0007953666215953735	-0.5485575502753921
ENSG00000245248	1.2219826888927925	2.513206250415667	5.7899552872630045	0.0005272307283226132	0.000798777044167264	-0.2104526395994082
ENSG00000204520	0.9212648992607697	6.999260706513728	5.777872013293862	0.00053415896454389	0.0008077031623130154	-0.7479699257513674
ENSG00000138768	0.6708985070635585	8.586855011482248	5.777180102941839	0.0005345587319042571	0.0008077031623130154	-0.7886431341992983
ENSG00000146833	0.6405369112251602	7.2149254698245215	5.775379178483297	0.0005356008138723405	0.0008089154637445287	-0.763237472002726
ENSG00000162889	0.6251460497839965	9.026725585179655	5.772247283863048	0.0005374184118149982	0.000810934580261093	-0.7780205506432276
ENSG00000115649	0.6089642590716986	7.055584598761212	5.770350879159813	0.0005385223146602022	0.0008122370539398847	-0.7603048716650731
ENSG00000173599	0.9611275294840196	4.862106196359225	5.76987697155999	0.0005387985700371129	0.0008122906055876762	-0.5907722707867196
ENSG00000168288	0.904086623675119	8.07632853190917	5.76529909662164	0.0005414752568141073	0.0008155971055762492	-0.8083559261730535
ENSG00000060558	0.7663650587806403	5.744380597443449	5.763592573029269	0.0005424768306904855	0.000816741109660731	-0.6791932067155617
ENSG00000086544	0.614583865607119	6.1384823330942755	5.762913849109351	0.0005428757503758444	0.0008169771551151201	-0.7069435935156099
ENSG00000101577	0.8144166664053074	7.283445785429123	5.761400978757056	0.0005437661098115557	0.0008176255413447394	-0.7834750918628641
ENSG00000125352	0.8552834195438432	5.930653583873917	5.756014596615492	0.0005469492844900571	0.0008216415342250457	-0.7013890044865247
ENSG00000203879	0.5565035733108434	9.013305154807371	5.754598447410933	0.0005477896068052653	0.0008225376650471585	-0.7996687836358118
ENSG00000274180	0.7417292000294999	6.247857825643343	5.746600187619837	0.0005525626005569387	0.0008278624397331756	-0.7334692913735283
ENSG00000241741	1.4613587650031605	3.549627316214851	5.742544660873648	0.0005550003473040156	0.0008300404130335765	-0.44238179317973625
ENSG00000109917	0.6492256433842742	7.980883022772103	5.741067266093647	0.0005558913578468582	0.0008306365993690433	-0.8350818915076763
ENSG00000076554	0.6597144867215814	8.471294425156998	5.733954518507628	0.0005602032704744235	0.0008350488117082199	-0.8434514982097756
ENSG00000173295	0.8728843282064913	3.7543201654403844	5.7322921580620045	0.0005612163667104079	0.000836001775399963	-0.4873691921188117
ENSG00000272645	0.854119719717668	3.571133115297611	5.72841425782997	0.0005635875853535143	0.0008379419521314763	-0.46263002883585713
ENSG00000147872	0.7890870674636519	7.2025810582276595	5.722662561067933	0.0005671250429110633	0.0008419540976219643	-0.8255351939952655
ENSG00000131100	0.8916020048985462	7.717697863179433	5.7175061095455515	0.0005703173300393323	0.0008454528433887114	-0.8542808080096727
ENSG00000217128	1.0425024634128546	7.773842223759975	5.7145986820900205	0.0005721260516725929	0.0008477616593514838	-0.8599466059796343
ENSG00000215014	1.5838729648252827	1.4863215082770653	5.70736921737375	0.000576651139025037	0.000854091722155608	-0.14964640375372174
ENSG00000148248	0.5649234215434298	11.319723332724987	5.706239232712744	0.000577361998730481	0.000854575197259251	-0.7362204193610697
ENSG00000164695	0.8479090974024164	6.295653765479365	5.703670267547055	0.000578981718814075	0.0008564157471629501	-0.7879172063005084
ENSG00000158850	0.7567750475937105	7.69723123767219	5.702236739229393	0.0005798877392410626	0.0008573800316386263	-0.871799242357298
ENSG00000171931	4.208716622022416	-0.2164795342239294	5.697780327497812	0.0005827143319645884	0.0008607020996876632	0.04764937021950644
ENSG00000159216	0.5653028734591379	7.9756722069495	5.697488582248907	0.0005828999104286633	0.0008607020996876632	-0.8871934880625858
ENSG00000106245	0.981125338983917	7.310471000531475	5.688108385189725	0.000588901665201305	0.0008684240464987776	-0.8725147213350954
ENSG00000120697	0.9280667761603851	6.483482832004266	5.685766326322002	0.0005904108482352466	0.0008699630337163906	-0.8218338776978102
ENSG00000171174	1.3262481768821657	2.03093205973419	5.681676906020055	0.0005930562826286391	0.0008730243881278484	-0.2604266565377724
ENSG00000124225	1.28262230725996	1.6480428815091333	5.673673361816014	0.000598271828670874	0.0008787850021486848	-0.2123677817564742
ENSG00000117151	1.2255397727755066	2.895223222059296	5.667779913300787	0.0006021447976783198	0.0008837044573147677	-0.41949390879848814
ENSG00000214756	1.1122484732930338	4.087882421306444	5.665111649074557	0.0006039074130292396	0.0008859059180698497	-0.6192788442064527
ENSG00000272455	0.9935418365819646	3.324368010807526	5.658560937880714	0.0006082589982376566	0.000891514274567269	-0.5047630327416499
ENSG00000225259	1.6621372454583676	1.927500792739438	5.654545002252482	0.0006109439156054236	0.0008950606909477633	-0.27658131575110545
ENSG00000086065	0.8340762607869348	7.607036476452268	5.644156125231262	0.0006179506544357756	0.0009033646048814155	-0.9382106606078304
ENSG00000144445	0.787871418722486	5.286517505867319	5.642581478465862	0.0006190204136993319	0.0009041449678881152	-0.7860372532950564
ENSG00000236801	1.3293990330263012	4.431032317569656	5.639100903010637	0.0006213922765334476	0.0009072165906637181	-0.6975042279797279
ENSG00000169490	0.8193483659333722	6.6899099138855105	5.63041606825673	0.0006273546189195005	0.0009147340035585112	-0.9031622389318663
ENSG00000162642	0.6629181038731176	7.633895116331724	5.627484837867995	0.0006293812521747752	0.0009165007962182528	-0.9594489531446584
ENSG00000089248	0.8470226926141979	8.624611211050174	5.610253873885103	0.0006414421515191955	0.0009320899804306273	-0.9880922156532588
ENSG00000172456	0.824813677253883	3.75061851545194	5.607326376348768	0.0006435165852687231	0.0009340110728119771	-0.6363236158797019
ENSG00000138029	0.6390783255411936	8.676052320092564	5.60667044976446	0.0006439823945536135	0.0009340110728119771	-0.9907883297997273
ENSG00000105053	0.6207509241807081	6.4536098336375645	5.6065415069895534	0.0006440740077497659	0.0009340110728119771	-0.9154423305664743
ENSG00000214046	0.6225936086410115	5.818268690825328	5.597960539734926	0.0006502032907868469	0.0009423478965269851	-0.8836496693441758
ENSG00000116874	0.8289052227126694	5.625499264256664	5.592817218411937	0.0006539080348839187	0.0009473103090160334	-0.8754040316894107
ENSG00000171490	0.6763649240144414	9.765301247556902	5.589318360378511	0.0006564416203467168	0.0009485370565523865	-0.9602362092316463
ENSG00000120709	0.6245747348788617	8.201811586545476	5.583491115310999	0.0006606853832455323	0.0009530365468449875	-1.0283180738051572
ENSG00000146592	0.9247463148385169	7.193694377644323	5.581975418820158	0.0006617941777242722	0.0009536830538808533	-0.9948838249679026
ENSG00000267317	0.9926149018454997	3.5741981425184224	5.58171957803049	0.0006619815388823233	0.0009536830538808533	-0.6388045517177918
ENSG00000111912	0.9530118151907203	6.951158035104962	5.577996070915117	0.0006647150484716389	0.0009563959801890446	-0.9854737558413076
ENSG00000159479	0.8308625019096567	6.291485076303658	5.576236620299251	0.0006660110444140818	0.0009578522011309088	-0.9415411706327497
ENSG00000158796	0.7495076250900583	6.350217352988011	5.568600802515113	0.0006716680148837683	0.0009649488570909453	-0.9546888867116232
ENSG00000171223	0.8918324543201095	7.866818256928188	5.5537025840850704	0.0006828590256002664	0.0009770849670802796	-1.0579248985154406
ENSG00000157954	0.5552456335844642	9.167935455352787	5.55175928405398	0.000684333912791854	0.0009787802550910198	-1.03681540145954
ENSG00000269952	1.7171170079033955	1.1934121277734706	5.546537588462035	0.0006883144607161852	0.0009832231119629167	-0.2985866913220976
ENSG00000241241	1.1390479753268399	2.6010873049140057	5.5455420145674585	0.0006890763001290036	0.0009838948102561397	-0.5154881969769542
ENSG00000143761	0.7149960719790442	10.571922637492056	5.538041695935537	0.0006948458216606384	0.0009908748107704962	-0.9789590277015909
ENSG00000018610	0.7276865466846516	6.643211942101704	5.534628746359343	0.000697488864166979	0.0009942236703419463	-1.0162238468632383
ENSG00000089157	1.1198859515812298	13.296932737229296	5.522333961713653	0.0007071027469276279	0.0010056119890866637	-0.8784913902186995
ENSG00000230196	1.1211044816817517	2.568200119023547	5.521806407823633	0.0007075185339590696	0.0010056119890866637	-0.5385461226380794
ENSG00000226084	1.0130245514935243	4.827563555526845	5.521748016922845	0.0007075645708629934	0.0010056119890866637	-0.8858185473852824
ENSG00000223396	1.3630060515562255	2.0425055125753304	5.520239464762464	0.0007087551020067263	0.0010068798796508188	-0.4545798599600541
ENSG00000123496	0.9279591594774583	6.794564040463163	5.519330575379015	0.0007094734561002386	0.0010074761956574937	-1.0460358114814534
ENSG00000205771	0.9990360926111976	2.549908097115966	5.517902434850128	0.0007106038354893873	0.0010086568535722308	-0.5401648173188587
ENSG00000078902	0.6322061829301173	8.310768830953087	5.517469938654124	0.000710946550985093	0.0010087189499679158	-1.108506283673206
ENSG00000067082	0.730900513275599	7.213555026797423	5.498540543474485	0.0007261270642076208	0.0010280959776065935	-1.0979128157917142
ENSG00000156261	0.6502135877192163	9.840224976464363	5.497725759791666	0.0007267884835884303	0.001028408474813797	-1.068359873611187
ENSG00000173575	1.1194469100465883	7.898692332396958	5.497142721157029	0.0007272621875832007	0.001028408474813797	-1.1283173629705017
ENSG00000113742	1.484168596061341	7.024963093231512	5.495875579116674	0.0007282928860340261	0.0010294345192621718	-1.0904486610697361
ENSG00000171988	1.4948610672181566	9.643152872591703	5.4950840925190825	0.0007289375040455107	0.0010299142121648044	-1.0814585119282345
ENSG00000114942	1.0422881895505522	11.071304496970093	5.48985393673979	0.000733213044181637	0.0010350882054681353	-1.011167007206324
ENSG00000204084	0.6527806504479683	6.015162346318263	5.485543531530608	0.0007367575585137111	0.001039222409040661	-1.0343364918166156
ENSG00000105085	0.8778593091670617	4.799573207109576	5.483801764999323	0.0007381952125351523	0.0010408151471348113	-0.9291364184555695
ENSG00000279520	1.5343489994674389	2.5768651641650795	5.482850017934922	0.0007389820950032054	0.0010414893853553948	-0.5871856732152843
ENSG00000285796	1.2175023135812824	3.3133974554744436	5.481114702973085	0.0007404192017090608	0.0010426437339592534	-0.7171631467067456
ENSG00000264281	1.440063187140601	4.400894324049105	5.478160687682275	0.0007428726924613423	0.0010448197837762472	-0.8892726524533945
ENSG00000034713	0.8010836594179196	7.232707615875004	5.478109633472656	0.0007429151750640896	0.0010448197837762472	-1.1240442105418618
ENSG00000175309	0.7910805216603256	6.085435055616954	5.473078241442411	0.0007471150424662026	0.0010491864335674436	-1.0542820312900663
ENSG00000241458	2.1277709625785453	0.42126387446761643	5.463360897484162	0.0007553009422759735	0.0010591792931168474	-0.2975696203588427
ENSG00000197958	1.055436737630579	12.20460073128724	5.458700626896173	0.0007592619011131208	0.0010625257794921897	-0.9990421120855046
ENSG00000185641	1.1386032019046848	5.796350596865208	5.45612158062329	0.0007614638077845547	0.0010647239483900072	-1.0554189856071643
ENSG00000179859	0.6399125031392883	6.568865697941168	5.45467885379669	0.0007626986400412524	0.0010655989641373867	-1.109122427405329
ENSG00000124067	0.5625578503955833	7.830863833532076	5.454652461029061	0.000762721250264312	0.0010655989641373867	-1.1782568255743913
ENSG00000164010	0.9288258799672264	3.7455480928031424	5.450159523220913	0.0007665810935899816	0.0010705482656343534	-0.8266266670873472
ENSG00000081041	1.3518526262203223	1.7263031039874044	5.447619424518951	0.0007687728216578347	0.0010721188758600006	-0.49362104553878083
ENSG00000139620	0.6647042442535227	6.274421102179923	5.43922924627806	0.0007760616748519254	0.0010802112586429029	-1.1083520368546145
ENSG00000204599	0.8452311497828235	4.487272380459302	5.4386833986862255	0.0007765385123008778	0.0010804292538157368	-0.9485671703353971
ENSG00000213793	0.6447550932361503	5.431338049040187	5.436786606411842	0.0007781980176002045	0.0010818459461817429	-1.0501752768576527
ENSG00000120437	0.6165301432966581	6.802279266271947	5.4344373883740955	0.0007802587870769873	0.0010842640640847427	-1.151049999113905
ENSG00000178764	0.6666847646498617	5.472265016380783	5.432602918088512	0.0007818722065047367	0.0010860587998134958	-1.0589940443403156
ENSG00000189283	1.190738437235137	3.41660877295255	5.428651083054211	0.0007853603944152084	0.0010891608140844856	-0.7990760150618925
ENSG00000166987	0.6021965378704399	7.4532444559767885	5.427498446555379	0.0007863810358472045	0.001090077902608245	-1.1968135574505174
ENSG00000129535	1.5385527129834133	0.9982921854734995	5.426927556737323	0.0007868870925767015	0.0010903314375169573	-0.41514661861925006
ENSG00000163659	0.693574858602588	7.805637717470038	5.418685411043351	0.0007942334719305909	0.0010991565768227291	-1.2218560495234625
ENSG00000248538	1.1447696312581046	2.6922523813266945	5.417058876069046	0.0007956921703182764	0.0011007238141262257	-0.6871045610675521
ENSG00000129518	1.0623357688858492	6.442522699193692	5.416207301136777	0.000796457054803699	0.0011013303700441312	-1.1479320997361917
ENSG00000137764	0.7139676220282141	5.744981497619836	5.411936943116501	0.0008003049643349545	0.0011060580492817471	-1.1061683930971418
ENSG00000134294	0.6719438435217935	11.163649849367246	5.408485517765989	0.0008034299691592206	0.0011087004973182864	-1.106656853059472
ENSG00000006327	0.9579113590676318	9.557595011255833	5.405413019263052	0.0008062232322098171	0.001111645764395555	-1.1964330271943657
ENSG00000187534	0.9672332721361716	3.6725365088742645	5.403024567424458	0.0008084020302146912	0.0011141946282452484	-0.8727968257945795
ENSG00000106635	0.6867258568045251	7.63467212162491	5.39968908695952	0.0008114556239482346	0.001117946621152039	-1.2388115963677802
ENSG00000059769	0.7548882163322812	5.395220729688526	5.3888902510868375	0.0008214295937349058	0.0011293820086640473	-1.1062263508735128
ENSG00000057757	0.8238340121649808	7.747341770471606	5.383391810268813	0.0008265600214499707	0.0011345864574337677	-1.263496833891237
ENSG00000101940	0.7975233689296735	6.647176748247449	5.382378302539464	0.0008275095534915581	0.0011354279111348178	-1.2042131729661527
ENSG00000133398	0.8587741631450463	7.049001161499836	5.380479299136227	0.0008292919321773951	0.001137081980982719	-1.2345426785274354
ENSG00000196365	0.5573147832853085	10.288506335661758	5.377738498500334	0.0008318718931011255	0.0011390735045500582	-1.1922697022304973
ENSG00000228232	0.7376610711807903	4.588949973266421	5.37739897090083	0.0008321921128381427	0.0011390735045500582	-1.036438784100027
ENSG00000078487	0.8926180050981514	3.377537537421085	5.34666148715279	0.0008617537520210585	0.0011761962618604578	-0.8935876942453307
ENSG00000273841	0.7006352365887096	7.133823003519115	5.344139071803709	0.0008642306934820226	0.0011791000241845307	-1.2848900729843757
ENSG00000270194	1.3700199050454789	2.0255474427677314	5.342615893390256	0.0008657302191793848	0.0011806684557442379	-0.6677688035170721
ENSG00000183291	0.6645891866267046	8.335599317275491	5.3300661688787	0.0008781950052100083	0.001196217177060383	-1.34033944029499
ENSG00000136003	0.5807473658579836	7.440524962818095	5.319416795708588	0.0008889278388825488	0.0012083974731626592	-1.330869808237047
ENSG00000260101	1.9191410103148658	0.8477787766929731	5.31852938873532	0.0008898287170436064	0.001209134954210684	-0.5261393201775162
ENSG00000040633	0.6539350729349671	7.488059178412769	5.312974220656944	0.0008954911735105338	0.0012151332316342402	-1.3409642938156203
ENSG00000137154	0.9385588289283522	12.10943090663326	5.310577768522221	0.0008979461824719177	0.0012167351082972894	-1.1866159260556115
ENSG00000163468	0.7229693498295617	11.113810364197843	5.300014519539987	0.0009088564653358241	0.0012305303828423237	-1.2444004042352184
ENSG00000148444	1.0123764071400347	3.041659994514199	5.297623758844387	0.0009113460281973804	0.001233406136838332	-0.8956441406539462
ENSG00000143862	0.7532729932498867	7.2262322343292675	5.295620476222177	0.0009134378973594009	0.0012352462788339153	-1.3506052390933716
ENSG00000102786	0.6577160611881645	7.052174649608108	5.295126701288773	0.0009139543212528463	0.001235449471116628	-1.3414274117984943
ENSG00000125826	0.7582757797240927	8.533114352686768	5.2908781748034475	0.0009184110640506783	0.0012394875720427953	-1.385261371333537
ENSG00000086598	0.5698521834227694	9.576969621444851	5.288883278139656	0.0009205120011642148	0.0012418262662647185	-1.3409545927263373
ENSG00000257511	1.487067142397395	1.8069102121111398	5.28829790100979	0.0009211295008686018	0.0012421626442568594	-0.7004609215184159
ENSG00000149243	0.7917671676648697	5.250503362795344	5.265915975824082	0.0009450860786321177	0.001270406545539747	-1.2465448039282938
ENSG00000174749	0.55102138924663	7.184284226922204	5.263828923558112	0.0009473547777381561	0.0012728170432013456	-1.3883800484116078
ENSG00000141337	0.9236960121840623	3.8414789710115933	5.263572630399038	0.0009476337915002313	0.0012728170432013456	-1.0732826257069021
ENSG00000145390	1.0588046126528692	6.212769624791801	5.2590570515385835	0.0009525645840954707	0.0012779136806115776	-1.3290997064986048
ENSG00000139372	0.5721284906081987	7.138129853013334	5.248201452257808	0.0009645346171590491	0.001292430420291752	-1.4056179530566943
ENSG00000156831	0.850046389134131	6.288935351746304	5.2398571716211455	0.000973848354437517	0.0013043923572338954	-1.3582945922283782
ENSG00000101146	0.5821788163008179	8.028178092286161	5.238744742598963	0.0009750975064458201	0.0013055472169635702	-1.4539310613543952
ENSG00000268205	1.1580762755007967	5.784420191053859	5.234156986615022	0.0009802678313111518	0.0013119490927583602	-1.331429972662388
ENSG00000196937	0.5914264500280586	8.263407343891629	5.215469157100617	0.0010016434495919194	0.0013384169964489594	-1.4855440147493182
ENSG00000188554	0.6418287835365373	8.902949598349293	5.2108032230360815	0.0010070603350245087	0.0013440749882803371	-1.4737658284017137
ENSG00000143507	1.212647756086009	3.129930499280635	5.201720020286237	0.0010176983365823907	0.0013566630531920134	-1.0311899027351377
ENSG00000241352	1.3295796126844137	1.6437395196193474	5.197833596973353	0.0010222878194546018	0.0013616688919669952	-0.7876378148217515
ENSG00000121060	0.8013279059595231	8.551842958529903	5.197307309311185	0.0010229110661815067	0.0013616688919669952	-1.502991722610644
ENSG00000117479	0.6966636690298813	7.063606578838567	5.197175043397739	0.0010230677656005729	0.0013616688919669952	-1.465816608441151
ENSG00000106853	0.6341722468650834	7.995709003499333	5.195475456015854	0.0010250836754984625	0.001363276437182425	-1.5080181620295177
ENSG00000076053	0.7112097447069621	6.111269316821823	5.191789941075942	0.0010294701945948075	0.0013680316804107445	-1.4075115261936828
ENSG00000134153	0.6719451927017079	7.756134628406043	5.191428770894307	0.001029901173672956	0.0013680655747923438	-1.5052487729594137
ENSG00000150630	1.7073927209224447	1.493941044187371	5.190272463847667	0.001031282316677612	0.0013693610926683443	-0.7746358287995578
ENSG00000184786	0.9347767766169022	3.051044138561706	5.184880504108155	0.0010377497313802321	0.0013763237396528707	-1.0384387027084507
ENSG00000143333	0.7904069463827774	4.90034350425943	5.154891952481601	0.0010745456740848508	0.0014195446767275985	-1.3511048504143064
ENSG00000143578	1.0507460860682385	3.455030163693066	5.154429291743658	0.0010751245103964632	0.0014197534630440965	-1.1475078745147078
ENSG00000057663	0.7293760032384506	7.088836761206684	5.153788029669555	0.0010759273638505172	0.0014202577956305342	-1.5225705383544295
ENSG00000117450	0.8128746799766269	9.932109761933397	5.152777860724914	0.0010771934257712641	0.001421052498478595	-1.4952349929048436
ENSG00000170412	1.1317693546581187	3.4812040030462486	5.1470200455035435	0.0010844412241162611	0.0014281439071695023	-1.161300513768257
ENSG00000118496	0.9525602489017526	8.370686008855362	5.140024063117142	0.0010933200243597285	0.0014375922689749507	-1.5802937463134734
Novel00688	1.5312323012819917	1.4927774105719684	5.133965827486257	0.0011010734631958696	0.0014466596046818006	-0.8447230403713792
ENSG00000287385	0.8372967789733359	3.9239473762166317	5.1330675276437905	0.0011022282738179091	0.0014476131552594884	-1.2512118843645332
ENSG00000144741	0.7154086796053765	5.878365098909421	5.128066365944454	0.0011086819765105827	0.001454390742125469	-1.472941637000888
ENSG00000122406	0.8553356606502955	11.713410301014186	5.126950492680694	0.0011101276203631704	0.0014557211780432714	-1.435035683180125
ENSG00000144218	1.2284266759932958	4.683049430278252	5.1236572415942225	0.0011144062421651138	0.001460071195720392	-1.366733000476965
ENSG00000113615	0.8496891442911245	7.679246758707219	5.121096407895213	0.0011177458610021924	0.0014628683223512013	-1.59195649704633
ENSG00000078070	0.5834186508206161	6.712874273252833	5.1067715610513735	0.0011366316695936923	0.0014847058665153378	-1.5570420806881913
ENSG00000196072	0.7394608372844909	7.329299433246247	5.092991078152821	0.001155132079042139	0.0015024732593246634	-1.6131572899231754
ENSG00000272872	0.7804423500091371	4.2400874607924965	5.088797747719852	0.0011608273028160631	0.0015087177656785042	-1.355486514267385
ENSG00000134480	0.771358754654285	6.651574585405935	5.084755475464037	0.0011663466586898177	0.001515307518836906	-1.5807781205035427
ENSG00000181163	0.7605288986433898	11.912524962966545	5.083739658351815	0.0011677382055326768	0.0015165314493715365	-1.482036134720489
ENSG00000099251	2.0785125283305366	1.7057172725435823	5.082716157338939	0.001169142128233768	0.0015177705042942412	-0.9413458511002437
ENSG00000173581	1.2090376367847582	2.1653345977940917	5.081995365708376	0.0011701319442164037	0.0015178874201407712	-1.0154217972447155
ENSG00000219507	1.5455546652387502	2.2439377701583076	5.078636436917588	0.0011747567309098636	0.0015221310330606297	-1.0326855843458222
ENSG00000238103	3.7617494968976377	7.586155220692955	5.070665301936187	0.0011858126863702855	0.0015346881487584747	-1.6529900530788515
ENSG00000178802	0.6335355610618123	7.166911372433308	5.0683156878064155	0.0011890934304480008	0.001537754401813551	-1.6365798560245803
ENSG00000111653	0.8893482549635228	4.33981057167216	5.0665634728803735	0.0011915465389116427	0.0015397464658322031	-1.397663518402144
ENSG00000134058	0.6409081497034173	6.841907246449786	5.057622683208672	0.0012041507718341012	0.0015542481653283311	-1.6296592319096463
ENSG00000146083	0.6556609483360152	7.199074401607689	5.039234075655201	0.0012305380971827176	0.0015834613043075854	-1.6758095125904466
ENSG00000151117	0.8886370161871766	3.5005451963426935	5.0213850143554914	0.0012567612784937278	0.0016116733385168518	-1.325016562224083
ENSG00000154640	0.6707263631573266	6.960056515447066	5.020886724381195	0.0012575021207538537	0.001612010697349355	-1.6854645888857194
ENSG00000170581	0.598908024951359	7.031242842491545	5.014735190035832	0.0012666877416906408	0.001623169176021353	-1.6978435980460427
ENSG00000255717	0.7880863687121309	7.513849546939521	5.012420163706049	0.001270163701882067	0.0016270054404518201	-1.7252234452502409
ENSG00000111640	0.6249326842532028	12.450013749952927	5.00989583901096	0.0012739658888750239	0.0016312565119788731	-1.5557588619146392
ENSG00000071537	1.188658055906128	8.562183823382718	4.998973811913603	0.001290561833750027	0.0016500021322745704	-1.7574153103136387
ENSG00000075415	0.6891594634805678	10.843106236203692	4.996789256952104	0.0012939097229591817	0.0016536558353273784	-1.6455390928430385
ENSG00000164011	0.8136919328342271	5.15663612250469	4.992776977904024	0.0013000835737637176	0.001658405284642262	-1.586335401756747
ENSG00000204569	0.5509428546975617	8.415723061602801	4.983506200370607	0.001314473236542572	0.001675494031014219	-1.78143593667581
ENSG00000116299	2.6968266533856653	0.4591793169602242	4.983148011119578	0.0013150327063205156	0.0016755741507271222	-0.890143412003316
ENSG00000173451	0.92765665899769	3.375445638257047	4.979739810464339	0.0013203692347788529	0.001681104074771264	-1.3574294042969095
ENSG00000123609	0.8270420285522393	5.530983590446029	4.975466374060456	0.0013270942378540334	0.001687763379186261	-1.6431070362474793
ENSG00000130811	0.7530504294559623	9.080843109182167	4.964747383054385	0.0013441288549086768	0.0017085557127245032	-1.7818826330102606
ENSG00000151353	0.8445484537642125	5.384173606692686	4.964539128353276	0.001344462186509649	0.0017085557127245032	-1.6443940179160101
ENSG00000102897	0.6924329097692352	6.006068521053361	4.962196596367927	0.0013482179042231574	0.0017120388441283151	-1.6956905220221774
ENSG00000168005	0.6438354066447465	8.001990160623329	4.9538614274571655	0.0013616753382449409	0.0017284772728511778	-1.8192694270612568
ENSG00000178752	0.6432083780413489	5.187735274770235	4.952378548197874	0.0013640849473805228	0.0017308847733967221	-1.641874175018259
ENSG00000219665	0.8466026770296122	3.8431378721620977	4.950818053761892	0.0013666257433836426	0.001733456863976094	-1.4725253481188219
ENSG00000138032	0.7222385860237592	5.190946975974938	4.9473650650232806	0.0013722664200724072	0.0017393038697687084	-1.6487156580659175
ENSG00000125037	0.646909328002029	6.857811596569394	4.93215289773483	0.0013974231934666848	0.0017672060924874792	-1.793664435999939
ENSG00000078142	0.5674009749067528	7.504101796243236	4.930747089933253	0.0013997734939599625	0.0017695150875312528	-1.8311525659379635
ENSG00000100612	0.6428537603941784	7.827524957745746	4.929559738929055	0.0014017619536633515	0.0017707019212505233	-1.8455594744687485
ENSG00000107262	0.7245387657199513	7.8308439475889715	4.923720186100472	0.0014115867780806549	0.0017804462763529457	-1.853318536595233
ENSG00000214944	0.812278248741543	7.564089151597846	4.900859614284114	0.0014507836712709565	0.0018244294099396972	-1.8728146302089872
Novel00188	0.7844804092430979	3.958696353668102	4.900486679524865	0.0014514329471760395	0.0018245658583353043	-1.556530794109186
ENSG00000231711	0.7964295519184539	4.1836807875437385	4.898485346953776	0.0014549227092439418	0.0018282715906849383	-1.5936307823106661
ENSG00000144867	0.7312544686746332	7.808850473165685	4.895547371428581	0.0014600624332743017	0.001833364588711386	-1.8894727001165537
ENSG00000123353	0.9755044230374379	3.779404332553061	4.89493671761791	0.0014611332205207274	0.001834026594507788	-1.5349730516542772
ENSG00000148057	0.9574315186161435	3.557132131445618	4.888399479758998	0.0014726505685100704	0.0018444594610486646	-1.5069470247090129
ENSG00000214226	0.7074102181702839	5.584075347972677	4.8883574760876565	0.001472724892728246	0.0018444594610486646	-1.761127686303075
ENSG00000105991	0.8531988524675351	3.5947993083593244	4.88757475453117	0.0014741106492127565	0.0018455099556377887	-1.5142713192550659
ENSG00000092931	0.7591077178993793	4.40883252036417	4.885720036833827	0.0014774000284363707	0.0018482564686482443	-1.641161197229052
ENSG00000146038	1.0885937543101045	2.6493429331675458	4.868485907017703	0.0015083537820874862	0.0018834884014667574	-1.3723800812074147
ENSG00000142149	0.8754037349191055	5.712326686026998	4.857430834986579	0.0015285843382314445	0.001906633477705321	-1.8118701294373638
ENSG00000121440	0.7806765644607192	4.293018378567755	4.845039425306261	0.00155161541115074	0.001931789814473283	-1.6790332333742146
ENSG00000114125	0.8248934798988756	6.6656301768839405	4.84113776725036	0.0015589458637975187	0.0019396368086787709	-1.8991159365685277
ENSG00000273802	1.6901284068388631	2.2076817670210547	4.84107299465767	0.001559067879412219	0.0019396368086787709	-1.3319503119567004
ENSG00000173261	1.650370847671715	1.0115258529303337	4.839154525539498	0.001562686563762664	0.0019427061408014842	-1.149274946436302
ENSG00000130751	1.3374081032207705	2.919971205595793	4.820491220059904	0.0015983753868984666	0.0019790526808790556	-1.4833895580352774
ENSG00000105223	0.6578359486781231	7.623020950366103	4.801129719153806	0.001636347722050593	0.0020216174347120835	-2.0068244686578263
ENSG00000070761	0.6848704107631214	6.661065776427505	4.797594528402098	0.0016433874055315782	0.002028828798486478	-1.9563841607404893
ENSG00000117133	0.7249149849795993	7.156840069605565	4.796547274834099	0.001645479197591794	0.00203066818312901	-1.9913354060399664
ENSG00000072832	0.7688216045900624	6.371128063745827	4.785462081812524	0.0016678009600675358	0.002054929484063599	-1.9522214620942568
ENSG00000232956	0.7058700667716797	7.03350876394026	4.7852734247724875	0.001668183715723236	0.002054929484063599	-1.9989999119155524
ENSG00000010270	0.6008249320209611	7.50311876767567	4.770106355620749	0.0016992731049151196	0.002089412338186448	-2.0430387908169747
ENSG00000166046	1.169442730779096	4.624475819960331	4.7557363337130605	0.0017293161903791099	0.002122485567966212	-1.839104588590068
ENSG00000102100	0.6153106972482014	6.820378903620666	4.750849615910599	0.001739665163011709	0.0021328598328493845	-2.030320729954491
ENSG00000114315	1.4908310797749356	2.63907429472211	4.743554358518998	0.0017552415494840096	0.0021496134257564603	-1.5343981143386252
ENSG00000030582	0.7831553976999075	9.816912218946566	4.740235051224856	0.0017623793250651249	0.002156789206662942	-2.039572130025781
ENSG00000134352	0.9824452305500149	8.545470057460225	4.7392309344494965	0.0017645448277085402	0.00215865636283126	-2.099908940324627
ENSG00000105357	0.6177709505488576	6.967578658133483	4.735086667590135	0.0017735133910905241	0.0021685363083107194	-2.06175593932635
ENSG00000249353	0.7384281914039414	7.036815621727724	4.7319638889963915	0.0017803043988037232	0.002173994586161333	-2.070213162496823
ENSG00000006282	0.5942942126125237	7.420667491836347	4.730675763795383	0.0017831139494316171	0.002176122420717724	-2.092059735616316
ENSG00000172059	0.7319801982399472	5.202807526261511	4.72650827983216	0.0017922370891065237	0.0021838237409336986	-1.9410647422620242
ENSG00000104671	0.76317226587215	4.818812658032263	4.716627541430842	0.0018140725158269201	0.002204856148559088	-1.913478405231582
ENSG00000125991	0.5969588262871568	8.995086361587182	4.709607589528234	0.0018297631361621155	0.0022207269141766104	-2.1230121831927473
ENSG00000109111	0.700995714272862	9.742930995809012	4.707858777170038	0.0018336951041610244	0.0022246987707440834	-2.0865943934797615
ENSG00000164938	0.7591531551944719	5.913116183444606	4.706763756070564	0.0018361618276215733	0.0022268907283951073	-2.026469236875381
ENSG00000176018	0.8362828892325371	6.778621831538379	4.700094146061543	0.001851265072485733	0.002243823514499884	-2.0951149985967064
ENSG00000137207	0.6488464587810094	7.595663244829836	4.700011241170939	0.001851453664602157	0.002243823514499884	-2.140556108114021
ENSG00000117036	0.8968976167975375	7.669157558265515	4.687537177304954	0.0018800711642423258	0.0022744209781834375	-2.160254602321423
ENSG00000118276	0.6120135003438705	8.395620666521513	4.686610233152193	0.0018822169991908613	0.002276200772498196	-2.1742070149664805
ENSG00000260526	1.5146099551593266	1.1467727492795934	4.679893042051861	0.001897847462704121	0.0022918172294787774	-1.3762763415198345
ENSG00000155438	0.6001116244356552	7.20663481585031	4.672919371730537	0.0019142254129614533	0.002309941539102984	-2.1591157447238016
ENSG00000112041	1.3635105837626762	1.448575027806411	4.667977655697098	0.0019259250053998758	0.0023223984875694	-1.4372903259339846
ENSG00000127314	0.6573502973492218	9.368621289369187	4.662139565857737	0.001939847865830366	0.0023366821489866673	-2.1673233168484396
ENSG00000165637	0.6246882853684639	8.972921388432237	4.651394183370515	0.001965763034308687	0.0023636794289941237	-2.202241134380465
ENSG00000078177	0.9397323627269909	6.543280413100231	4.646440846756274	0.001977836787674021	0.0023773499542615413	-2.1499911135177303
ENSG00000106868	0.5580207844898117	6.55817179885433	4.641539704175851	0.001989863336163069	0.0023892522762328098	-2.157657600482577
ENSG00000150457	0.9352177722837016	7.553378692595434	4.613766975559002	0.002059544040181078	0.002457178780612078	-2.2549475773508583
ENSG00000171428	0.7699132602947278	4.159000672827507	4.606044001300237	0.0020793924720720353	0.0024782303782306773	-1.9782938193884867
ENSG00000184009	0.6370191766508579	13.391707362737167	4.605429189073413	0.002080981548871766	0.0024792484978436932	-2.0532980859619308
ENSG00000024048	0.8468387382942391	7.938315934031066	4.581312041820173	0.00214437745765075	0.002547580824687898	-2.3136646193413126
ENSG00000214389	0.9171204871017382	5.314326558394422	4.576467216511834	0.002157366216833964	0.0025603072865275395	-2.15349962677956
ENSG00000109065	0.6580730490090225	6.566146228033365	4.573556986439478	0.0021652097990533217	0.0025687123284127665	-2.2502198230800046
ENSG00000212789	1.138554964780604	2.0816803396671784	4.57175742869883	0.0021700755387607136	0.0025717719943023	-1.6667556422306138
ENSG00000197258	0.7180185198497284	4.601344601203552	4.571058681382766	0.002171968073514326	0.00257262944252333	-2.084230209186246
ENSG00000116251	0.760114529742216	8.82719949173606	4.570188307974979	0.0021743279790151252	0.0025740991583147483	-2.318226285286059
ENSG00000068745	0.6203064756926553	7.701469272741598	4.568003073434668	0.002180265338762691	0.0025802228176027074	-2.323051653350869
ENSG00000110048	0.5902926664386356	8.557223342996092	4.563689148458579	0.0021920385855368047	0.0025914289374916535	-2.33619993075805
ENSG00000168062	1.4132334321907358	2.208559165037975	4.553249043956745	0.0022208199046652947	0.0026236156716879216	-1.7130456494379072
ENSG00000095739	0.8764726018060944	5.129744404414067	4.546706092455294	0.002239068176348645	0.002642398050717149	-2.175978058856903
ENSG00000023287	0.876583421086286	8.689252935923662	4.5435885576649016	0.00224782062624851	0.0026517995779589063	-2.3593771274979245
ENSG00000137106	0.611083491538098	7.715080777157702	4.542679375921079	0.002250380190494512	0.002653891213816317	-2.3580722078586573
ENSG00000254337	1.332957772207926	1.8959760480272263	4.514358440568236	0.002331728989507671	0.0027421588046702273	-1.713126176890377
ENSG00000118503	0.7822840774452744	4.04395209584151	4.51224531000847	0.002337926421990729	0.0027475317825833225	-2.0880682511753594
ENSG00000126756	0.8752757709649526	4.729409524289147	4.511192388515009	0.002341021173771273	0.0027502108079053883	-2.1806280429387312
ENSG00000126106	1.2031871563760506	2.8372924604358394	4.502991607601533	0.00236527883161215	0.0027767748009253283	-1.8920272578762676
ENSG00000047346	0.8445643157534288	5.853381942613904	4.501648182484185	0.0023692787780215767	0.0027805031641894955	-2.2998215797006827
ENSG00000161813	0.6450981406233725	7.9772161265929045	4.500000101739563	0.0023741959187672584	0.0027853049478166656	-2.425573289890986
ENSG00000127022	0.660785860911421	11.813472962638832	4.49725462106111	0.002382412007222108	0.0027939722323140044	-2.2635143918004292
ENSG00000139514	0.9874290711126541	9.957010470018961	4.490608311050086	0.002402430668555553	0.002811585527473616	-2.369756575243036
ENSG00000033327	0.9194930102070673	6.397167160290186	4.487595271444843	0.0024115664503019316	0.002821298614188182	-2.355751749545484
ENSG00000107669	0.5512951897222775	7.167297084434685	4.4770885549310835	0.002443721993442857	0.0028559466594652574	-2.4230309619437396
ENSG00000117707	1.0589820377150416	4.176764740552619	4.4576790932664245	0.0025043636514725685	0.0029187298653086165	-2.182723927389757
ENSG00000165997	0.7169498861539099	8.283731672695028	4.457090653308064	0.0025062276351659344	0.0029198936605835165	-2.487665783793072
ENSG00000163293	0.8597892994125269	6.045482527460438	4.449347124991295	0.002530898317997326	0.002947618545020013	-2.3848008009831574
ENSG00000196693	0.6828252438074349	4.884205950303602	4.435597286639345	0.0025753613345825387	0.002995006256892031	-2.3016376375701544
ENSG00000263563	1.5637872819019232	1.7627493936297958	4.43539403979833	0.0025760249429462576	0.002995006256892031	-1.7982237862010333
ENSG00000080644	1.2985749894394374	2.661359604627371	4.43372672184792	0.0025814758530215615	0.002998244243750344	-1.9545086495278756
ENSG00000135736	0.770852577313514	5.374703738627324	4.429724602642232	0.0025946113382826572	0.0030114271260287873	-2.3596195900144368
ENSG00000121895	0.6030487055577902	6.546089387353265	4.4283815717438975	0.002599035688684588	0.003015524901520564	-2.447446915081861
ENSG00000132357	0.6875980498234968	5.432715746605648	4.420793177801716	0.0026241894653413495	0.003041571712834666	-2.3771907445025153
ENSG00000142556	0.9862272132432794	2.5949494888480222	4.417407711382694	0.0026354971621543495	0.003052580647136552	-1.96489734141627
ENSG00000179477	0.9625000400763097	2.7167805603719564	4.407303243829689	0.0026695643712699745	0.0030909781018067586	-2.0006668917477297
ENSG00000197646	0.6910064341458746	4.495370646717397	4.395992307173953	0.002708270535047122	0.0031314958139989683	-2.3108654862374456
ENSG00000115548	0.7606286577049888	7.561364604157572	4.366302539283672	0.002812814563018707	0.0032401626273899343	-2.594497135578532
ENSG00000128578	0.6190971247418835	8.022892859809296	4.363276155657559	0.002823715966390352	0.0032505007405667172	-2.6152261043824394
ENSG00000105700	0.6410414779309601	6.529107542550749	4.360314575501534	0.002834428579459596	0.0032617196545350192	-2.5404063407893664
ENSG00000259319	1.36470360024897	1.7638059263135164	4.35993147143734	0.0028358175772866946	0.003262205423036245	-1.901268918505278
ENSG00000049449	0.7522107968647687	7.213840661256753	4.350632502717111	0.0028697610911784465	0.003297238544661668	-2.600211894792322
ENSG00000150347	0.7871745165408797	5.322390275477218	4.350518307295173	0.0028701806774366683	0.003297238544661668	-2.4643299060852657
ENSG00000108306	0.6319498401417354	6.784442406608524	4.3497302291383075	0.002873078124375061	0.0032983210587415636	-2.5738652811005034
ENSG00000176476	1.0203303170345195	3.9035576455471173	4.346596209231073	0.0028846322696193688	0.0033104589379917516	-2.293034994094884
ENSG00000226666	1.8900423023924267	0.9120621671120376	4.343485941970887	0.0028961489700028557	0.0033202876740705523	-1.7919746307005395
ENSG00000224858	1.1672832166171827	2.9954984891563923	4.342039000206541	0.0029015237908244043	0.0033241905841227644	-2.141285623049294
ENSG00000132950	0.6698165537893699	5.432467403720479	4.339146244846577	0.00291230188658228	0.003334065708382795	-2.490193486151197
ENSG00000139946	1.102426517248718	4.551195487408395	4.339118134975825	0.0029124068349149572	0.003334065708382795	-2.39647502167655
ENSG00000141384	0.5810465636449011	5.60540077815981	4.338264284947962	0.0029155966541975008	0.003335782675911281	-2.5061766107220267
ENSG00000100485	0.7989622167827211	6.80631547008703	4.334835900858732	0.0029284428521298036	0.0033470752652730207	-2.5961859123703928
ENSG00000138674	0.673499109413652	7.43593306683829	4.328021154804829	0.002954161458560131	0.0033702107538369336	-2.642401184690293
ENSG00000185344	0.5681392281617201	6.2823534292397065	4.327708555324345	0.002955347091017684	0.0033702107538369336	-2.5689202829973867
ENSG00000120690	0.6812818766875504	7.9529379171265155	4.306815324884271	0.003035779763297448	0.0034580845505559157	-2.692174414057595
ENSG00000055732	0.8253496274318826	6.415675227370432	4.3043785718692025	0.0030453148418183493	0.0034677327965896426	-2.6104163522437176
ENSG00000198455	0.598087194466765	6.777714204912595	4.289747407481606	0.003103257803225318	0.0035277600498929327	-2.656992999070657
ENSG00000099194	0.6836430863449898	11.091278942417707	4.269490460854136	0.0031854722920418585	0.0036151306805749183	-2.6130533530988167
ENSG00000160961	0.7546191440745984	5.170592134661346	4.258756260562231	0.0032299973090392058	0.0036631969481338753	-2.5777353095479167
ENSG00000144233	0.5597633144621685	7.607695219807396	4.251309351015481	0.0032612848383716786	0.0036949546825607938	-2.7570205768154645
ENSG00000237289	1.2339804315168839	2.476552772395896	4.250992856107786	0.0032626218548287697	0.003695228646590221	-2.173212833146292
ENSG00000165195	0.7367293090320519	6.082284946677338	4.238869543867034	0.0033142881850497007	0.003747455876795473	-2.67985864269282
ENSG00000145495	0.6161460306767879	9.164780327444	4.222201745323174	0.0033867815012440694	0.003825577765382487	-2.7842120963606636
ENSG00000178971	0.6250529553308546	6.409932874445169	4.214204645388797	0.003422174463419492	0.0038603867066457262	-2.7364835776571956
ENSG00000228205	1.7909058061098317	1.9935217539176588	4.209054874052623	0.0034451788732910603	0.0038837398992596184	-2.1476673249341065
ENSG00000145362	1.3265344726463661	4.74501057629652	4.206032496544808	0.0034587583768036527	0.003897745745937049	-2.6053504704801744
ENSG00000133997	0.6442327620592048	5.4058521318470785	4.190442577503022	0.0035297348772378064	0.0039658093492508685	-2.6960263059774388
Novel00607	1.4980807825403337	1.63676918798831	4.182044245734647	0.0035686255188638345	0.004002839927076655	-2.126317380189758
ENSG00000162733	1.2944826571547927	3.5720878740813147	4.164881048837227	0.003649561377465359	0.004084119432029227	-2.4918676752976134
ENSG00000140199	0.9285953891837897	6.733510466420858	4.157483052359019	0.003685061525801714	0.004119447031289336	-2.839854001292056
ENSG00000162702	0.7404371655072897	7.855996737129767	4.157285671520377	0.003686013807783789	0.004119447031289336	-2.899305118942185
ENSG00000282057	1.3686780586072946	3.097584891555909	4.152651463850363	0.0037084490166257346	0.004143148007316301	-2.424285832219658
ENSG00000215375	1.1578203519171548	2.4941355490346337	4.141601738600216	0.0037625443192373315	0.004195249350002233	-2.3293197701649646
ENSG00000228393	1.2365974848697932	2.4385112795581434	4.125626176003996	0.00384227660834718	0.004278495470812998	-2.3418461119258334
ENSG00000126790	0.7234725924418877	4.41126751040262	4.11520563123287	0.003895272609885994	0.004336077131559006	-2.693101696622419
ENSG00000184014	0.6819535320122796	8.300059362836631	4.099190024535766	0.0039782777321852	0.0044226389022711254	-2.9887892261249496
ENSG00000105976	0.783612310920331	9.032627228507636	4.066887819047195	0.004151595827942452	0.0046031824921057615	-3.0114083891485137
ENSG00000272899	0.8937489150629903	3.5238884905724435	4.064565239918981	0.004164369764039336	0.0046158290354365045	-2.625616894094291
ENSG00000243716	0.8990743959425096	7.757012344398185	4.049839302357419	0.004246359890949696	0.004700530929154946	-3.0487520910347286
ENSG00000097007	0.5461348426167039	10.201251348615	4.021437426491807	0.004409483108272137	0.004865139309126943	-3.0142667972212926
ENSG00000109572	0.6208304633635784	8.694521058373509	4.020568579969932	0.004414579169548863	0.00486757846995355	-3.0914351214248867
ENSG00000261140	1.7782140440115217	1.676095168174647	4.018943308361092	0.004424129056890255	0.004876514680806182	-2.3618520151167006
ENSG00000105939	0.7301053771047581	8.60177366594313	4.008757536543252	0.004484491708352638	0.004941183797078601	-3.111446906400447
Novel00443	1.465618668673204	1.485550915801108	4.008550492042282	0.004485727910625891	0.004941183797078601	-2.3456290795123493
ENSG00000221817	1.167878776826457	2.062681036138288	3.9900575715269753	0.0045976476865108125	0.00505621359005459	-2.4678511111770707
ENSG00000223653	1.3800855424714595	2.551978117093229	3.966906970006093	0.004742039671813711	0.005204828188906786	-2.587550879354432
ENSG00000188419	0.6949228895384651	7.302281327802887	3.962639901992074	0.0047691858800512086	0.005229520038769183	-3.1546875020635374
ENSG00000101966	0.710384222060437	7.908692698533959	3.9599637653731685	0.0047862967445591875	0.005243170524721655	-3.183532189981542
ENSG00000066422	0.6279075213518341	7.232518295941543	3.9446639586308403	0.004885406777575421	0.0053361484194041665	-3.1770155513103466
ENSG00000251192	1.089218736106929	3.215199833124938	3.941094123448339	0.004908849926998149	0.005360019305401862	-2.747157415826779
ENSG00000137962	0.6341484510653066	5.993732505938132	3.938092076225602	0.004928658667561377	0.00537990758471436	-3.10261028290338
ENSG00000228451	1.0904093378189705	2.436389311651814	3.9266060295878047	0.005005250812130287	0.0054599793857509175	-2.6243874010462394
ENSG00000145780	0.5610235446922074	6.975414252806738	3.9132660707532088	0.005095825446112406	0.005553396335653507	-3.2073780329835833
ENSG00000151846	1.4316902850758324	2.386434963478861	3.883911247055407	0.0053014412548972305	0.005760728758139535	-2.676783724422127
ENSG00000139926	0.5312282883086645	8.875634379408504	3.8719882585903163	0.005387502164964442	0.005842954774860182	-3.2995896750726255
ENSG00000146426	1.1144850472038832	2.4102592215565974	3.8625757678929737	0.005456508588163358	0.0059082990938585265	-2.7118315587098687
ENSG00000196428	0.6799916448793422	8.018135257016342	3.859886196512253	0.005476401827999565	0.005926035845949497	-3.3316895752739732
ENSG00000226752	0.6429507765265141	5.472311498931076	3.843027507840985	0.005602894631812233	0.006049333276075032	-3.2004129935439556
ENSG00000166685	0.6200853009373972	6.378694479817389	3.8360165403233553	0.00565642472896554	0.00610127143079595	-3.2767479973564893
ENSG00000132510	0.6319046356666682	8.745527384356224	3.8222561793252896	0.005763100242874887	0.00621236428736737	-3.3770408356455457
ENSG00000151694	0.7908433975798399	7.596444169805416	3.7910907194988384	0.006012821338989281	0.006458853612782501	-3.4171887798180993
ENSG00000170681	1.4507620140412874	1.9679208739627256	3.7667598670448834	0.006215890150117463	0.006662138934719289	-2.7726861972406773
ENSG00000154642	0.6526949182884234	5.890664134267002	3.7536238365661916	0.0063285888223993175	0.006774320649357645	-3.36418690433566
ENSG00000110925	0.5732068756745621	7.296415374185045	3.7498233725525463	0.006361603644096112	0.006801964782283596	-3.464482174253802
ENSG00000096717	0.6004702964940218	6.981817160137414	3.7470858986364637	0.0063854991890573845	0.00682225277513604	-3.4504420622012706
ENSG00000247934	1.5289415956443366	1.3262965011495886	3.7411788987390495	0.006437391833179322	0.006868994321678379	-2.7032751577137404
ENSG00000254166	0.6536229519384111	9.089631965912353	3.721051922601188	0.006617645101507062	0.007045735112806825	-3.510777556470682
ENSG00000072274	0.5634525060462874	10.230593272729068	3.7189451381102785	0.006636825005018633	0.007063926677265888	-3.4525669505800236
ENSG00000174437	0.6117703536538404	10.827017876746053	3.666539473837248	0.007133701078770016	0.007571282617102873	-3.4962299329108104
ENSG00000068366	0.5810188103149994	9.104829239663475	3.643547909348116	0.007364191070164705	0.00779629139339056	-3.6245536437090307
ENSG00000178409	0.6278647726300361	6.684783240954456	3.6210083301536318	0.007597935492053883	0.00803115111221485	-3.615120976133107
ENSG00000005700	0.6049342718668989	8.063387845262481	3.555136504977933	0.008327895680490019	0.008761559097590684	-3.7824306085863597
ENSG00000005889	0.5517406990917957	7.190157348397942	3.50060371299653	0.008989131398899973	0.009421972457250235	-3.8288771658332648
ENSG00000280385	0.6033864558563247	5.496346604323319	3.47897367684069	0.00926678555084217	0.00970094149815125	-3.7410332187963595
ENSG00000121274	0.5958337034397472	7.631790857658691	3.4652566776109115	0.009447607663186095	0.00987797590814685	-3.902379924520977
ENSG00000147174	1.699364248636907	0.9802639849183439	2.8967646917374457	0.021496766015302524	0.02168313558613773	-3.908068831242601
ENSG00000232024	0.912893841010824	5.628393225836928	2.734848960547173	0.0273480738366468	0.02740493053900989	-4.889555626098623
ENSG00000283538	-2.6600743048325284	1.104581330176812	-2.3210226695173657	0.05103286410558341	0.05103286410558341	-4.80625484433598
Novel00493	-2.178016297277874	2.0496574238965857	-2.448824652689071	0.04205138591310164	0.04206385297088791	-4.777250918248503
ENSG00000185900	-1.3042873302340787	5.5177505840027745	-2.4535202790456583	0.04175382427013733	0.04177858929046362	-5.314183629312312
ENSG00000280828	-2.0293241303849316	1.8283524028167268	-2.498347921200529	0.03901896217111202	0.03905368684821476	-4.6617534802827265
ENSG00000259863	-1.6840708127762671	1.9969535617893448	-2.57325274722531	0.03485113354490271	0.03489249987551981	-4.577304636933556
ENSG00000135913	-1.1028600074399648	5.651626443275916	-2.6177849989016266	0.03259270383245578	0.0326410753133588	-5.072313355254381
ENSG00000166004	-1.0914750498584143	5.225699347758481	-2.7339377835341674	0.02738533131031585	0.027434117529989806	-4.854240420938315
ENSG00000165521	-1.5691030782601811	3.552685516304364	-2.770149905751688	0.025944407416238144	0.026006069703620762	-4.566071436382559
ENSG00000229298	-1.9069817646702307	1.4048042338996123	-2.7777355479438057	0.025652674567497112	0.025721284989817312	-4.160411772924557
ENSG00000183458	-1.0332899201699792	4.649116694653338	-2.7891513407974933	0.025220053119887956	0.025295023551278828	-4.704729516766992
ENSG00000159433	-1.0909687905534797	6.061865070149935	-2.7984120620672166	0.024874680892313122	0.0249560432145895	-4.823455863256682
ENSG00000177409	-0.9373314578678928	3.8067358456870264	-2.8036310110325147	0.024682216157632844	0.024770314490140753	-4.558302753493063
ENSG00000144357	-0.6906960844119352	7.0776724421089705	-2.804158790939291	0.024662839168806523	0.02475823247710598	-4.885987953555741
ENSG00000139613	-0.6823417792647248	8.72014003818275	-2.8221002401383313	0.024013470473858253	0.02411352660083266	-4.890310217384437
ENSG00000204314	-2.5717907675670015	0.25144590082241325	-2.823970873118446	0.023946798441359562	0.024053735618084895	-3.9028750628835542
ENSG00000143195	-0.7309825574643432	6.606551300752018	-2.826926879355601	0.02384183523033849	0.023955435398201927	-4.817131551080401
ENSG00000197312	-0.6953445010455255	7.710991803727689	-2.831728108579491	0.023672371968203924	0.023792249931700933	-4.873702344745139
ENSG00000079308	-0.8438397353330505	5.12586077400026	-2.841942345014444	0.02331601746406786	0.0234410735768072	-4.677300323853785
ENSG00000134318	-0.6210990565012438	8.04281311781951	-2.8472308864509412	0.023133713884759294	0.023264724485000852	-4.860825240892649
ENSG00000116984	-0.9464896015639717	7.581062256681521	-2.854550599092147	0.022883843615153266	0.02302030064326986	-4.833108937474432
ENSG00000100580	-0.6311487459155698	7.628909198063076	-2.85557984482025	0.02284893521168085	0.022992039190042106	-4.8335307595206825
ENSG00000253729	-0.922339446891911	11.036138753079175	-2.8642581268187883	0.02255679994308821	0.022704845766103706	-4.70195912469848
ENSG00000100697	-0.753755436980776	7.524481004193627	-2.865243610243886	0.022523873309853813	0.022678468680228818	-4.814171313396736
ENSG00000089154	-0.674231598476446	10.093726473473719	-2.8692631825268133	0.022390091858627666	0.022550498486868582	-4.747648406045927
ENSG00000114805	-1.0406410989818031	3.846462009813063	-2.8709635713612873	0.022333748742469888	0.02250046827622974	-4.461298657989565
ENSG00000170921	-0.7977464095339339	6.547644538622531	-2.881377930826105	0.021991881454935577	0.02216266667531441	-4.728771566848325
ENSG00000006016	-1.532891482841364	2.1009915422519803	-2.89387082703275	0.021588986958445133	0.021763143710126644	-4.104269051926046
ENSG00000160299	-0.612622208149423	7.622790659820586	-2.894413250365971	0.021571669687739912	0.02175218575207246	-4.773320454070674
ENSG00000099330	-0.57922602534875	5.5748148486182325	-2.925774371444433	0.020594752805633682	0.020779514343961736	-4.590366153262728
ENSG00000117713	-0.8809090999272389	8.111962338718953	-2.9275925956928472	0.020539554275179825	0.020730019779975094	-4.738098815362665
ENSG00000185189	-0.6934069696848217	5.154420191097213	-2.9288291416014354	0.020502103178869874	0.02069841296394583	-4.546371300857331
ENSG00000105866	-0.7656660025432744	5.517617506653147	-2.946853083603071	0.019964264507124234	0.02016145718259119	-4.553119139438085
ENSG00000240694	-0.8989234112907534	5.168782011625548	-2.953477930912174	0.01977031317811065	0.019971567863157284	-4.5099027518914525
ENSG00000123200	-0.6072176625119603	7.287057646533275	-2.955932838030168	0.019698945190273022	0.01990543308534926	-4.663495489527607
Novel00480	-0.8886524604128283	3.686611520416254	-2.9633165968579136	0.01948591216655026	0.019696065802858174	-4.292051394946705
ENSG00000103544	-1.3305457793529678	2.359618670807088	-2.9789532663414153	0.0190427120319054	0.019253853879427272	-4.021256059178484
ENSG00000135636	-2.5533160692946764	0.2874430430417805	-2.9807795274428437	0.018991643703172655	0.01920797537605052	-3.6705520522607173
ENSG00000049323	-0.8033192028966845	5.595069720103096	-2.984063494700073	0.018900174590327123	0.019121196122267977	-4.502295460804712
ENSG00000196535	-1.0361763304462857	7.500288019052971	-2.9915287727103954	0.0186939597985504	0.018918242459600793	-4.618394516468857
ENSG00000100523	-0.7469530024238606	7.500172009817965	-2.993894494848122	0.01862910532834076	0.018858266239970514	-4.614747683524403
ENSG00000166348	-0.8644041634450623	5.351915150457263	-2.998385265788598	0.018506643805853328	0.018739920828616183	-4.4586297501819905
ENSG00000115355	-0.76821752038125	7.624840559266378	-3.001152007857389	0.018431617311304743	0.01866955172871276	-4.6088783790691235
ENSG00000152127	-0.7030776365056735	8.343785118751999	-3.002209393895818	0.018403028388574428	0.018646191526441477	-4.62267494327981
ENSG00000105738	-0.6022716433346336	7.501888996933033	-3.0176650592564784	0.017990427946877555	0.018233614867156765	-4.578243079209058
ENSG00000270728	-1.9717123124078473	1.3363793528569883	-3.0276500332384435	0.017729054304295864	0.017974107338549955	-3.7674889622538763
ENSG00000106086	-0.6596575450469313	6.996337496101917	-3.0365071424388885	0.017500548460730438	0.01774777592621115	-4.5226610381399
ENSG00000213888	-1.2149523880512745	3.2834542828133633	-3.037291969392866	0.01748045067015836	0.01773272416148957	-4.106487784446269
ENSG00000159023	-0.8623301874781424	7.856072985313445	-3.0463627151210186	0.017249923272653796	0.0175041326682508	-4.54837630751817
ENSG00000100426	-0.5833632282558758	7.411818448660318	-3.050157215477101	0.017154440216195253	0.017412479328953904	-4.524308352759766
ENSG00000196912	-1.6407386059635938	3.306618493973847	-3.0663634258210375	0.016752858813579206	0.017009974612403323	-4.06628774397591
ENSG00000234616	-0.6974396830480512	7.683539780400924	-3.0693183588754334	0.01668071132107561	0.01694181818100816	-4.506466288316653
ENSG00000128923	-0.7204492437642536	6.151716983833533	-3.081091266123586	0.016396501106824845	0.016658173662880766	-4.394153829769177
ENSG00000203326	-0.7396017487367406	5.026228596873434	-3.1080484407437465	0.0157647939485912	0.016021209271851418	-4.257432675365958
ENSG00000175054	-0.71279162034054	7.244990420034522	-3.1110246627364204	0.015696641604963864	0.015956754677658353	-4.422853145239644
ENSG00000133030	-0.5817610140726863	8.974041825905669	-3.1174531651280706	0.015550495300839871	0.015812950917731685	-4.425253289706854
ENSG00000101350	-0.6110704096368327	8.050678533965478	-3.122240843476775	0.015442585837205485	0.01570795436078725	-4.437639679180338
ENSG00000261236	-0.5521584232653733	8.934958544029422	-3.1404858144535197	0.015038560579642752	0.015301599335257734	-4.391800293046804
ENSG00000091436	-0.6556518848982522	8.149146077459175	-3.1446379106603604	0.014948184868306832	0.015214230994168099	-4.404697145596403
ENSG00000077063	-0.9253654618936116	5.330248245578783	-3.1475487392637738	0.01488516948900453	0.015154665617351022	-4.22785305729859
ENSG00000106268	-0.812776451668606	5.8891411643435845	-3.1502526399922273	0.014826885464539122	0.015099882751993662	-4.270041339227847
ENSG00000173905	-0.6611189572857468	7.146629537138638	-3.153207294349633	0.014763472203722166	0.015039841550530973	-4.352895766365498
ENSG00000184675	-0.9766324198028569	5.52817774492916	-3.155465666153173	0.014715196134567171	0.014995189295690013	-4.233828282618147
ENSG00000283199	-1.1566332318235912	2.497321657540334	-3.1558090487343264	0.0147078704575156	0.014992252242796867	-3.777092713083243
ENSG00000175216	-0.6912676785241061	9.175667348369648	-3.1673192040812834	0.014464533355150378	0.014748665923323473	-4.338737248952237
ENSG00000080947	-1.2882038715242699	4.406963903176176	-3.1747330673889844	0.014310055101848742	0.014595564060954552	-4.081714826605248
ENSG00000109118	-0.6067485713916083	7.154425423790506	-3.1776594525781734	0.014249561353918526	0.014538258242552496	-4.315942884988794
ENSG00000189184	-1.6257139048397902	2.4700767349920167	-3.1779140126616072	0.014244311945930944	0.014537298398539324	-3.738470128346138
ENSG00000118596	-1.1892760191588883	4.667443837292313	-3.1828440704795424	0.014143049632437498	0.014438320562736496	-4.102121826377993
ENSG00000135519	-1.4380145706246477	1.4056991907226877	-3.1833324617069994	0.01413305976337083	0.014432488995645636	-3.5431065947318507
ENSG00000096696	-0.7487281013915377	4.76976902978105	-3.1884855688689586	0.014028109033406472	0.014329651794948058	-4.105465608488828
ENSG00000168172	-0.6654451314553436	7.34746152345268	-3.1899580753793058	0.01399827111175286	0.014303502947018217	-4.307177281611631
ENSG00000134982	-0.6967723355524935	7.520375174893159	-3.1918166751614327	0.013960705592966322	0.014269439766939826	-4.312061423943885
ENSG00000051825	-0.6632091344280937	6.079814550538449	-3.1967119422129837	0.013862273935385883	0.014173124926664234	-4.2123607102167355
ENSG00000133056	-0.743510451645859	6.681768090347713	-3.200665753046798	0.01378330946478702	0.014096661453225646	-4.248290259983069
ENSG00000104154	-0.75964286714545	5.096237649117928	-3.2060904490448516	0.013675743640659434	0.013990891159364744	-4.115082643410199
ENSG00000004779	-0.6966323569794177	7.9374099719148035	-3.206263551744164	0.013672325884960283	0.013990891159364744	-4.30633636768202
ENSG00000116191	-0.5832097700757988	6.778330889360129	-3.2108145628113105	0.013582794335302184	0.01390423182260606	-4.240135736220113
ENSG00000189079	-0.725921266801155	7.25378305284391	-3.2268836615835066	0.013271608372092283	0.013589804748843509	-4.246231726126052
ENSG00000176595	-0.5969834929685494	7.237005762080503	-3.2301203164120107	0.013209848872109731	0.013530670945506446	-4.240383809362966
ENSG00000135720	-0.8706741912879092	7.962277532763686	-3.2350758873621372	0.01311588032519554	0.013438499914123825	-4.263093047922309
ENSG00000278619	-0.5887533953018327	4.961378010980081	-3.2374798043270405	0.013070552471029612	0.01339612516319985	-4.05267307794162
ENSG00000205309	-0.899717299408779	3.164138277398216	-3.238519300823727	0.013051003407320155	0.013380153599604438	-3.777414372906446
ENSG00000142634	-0.5386492761556809	9.113662356263324	-3.240456895533454	0.01301464722764978	0.013346936093036584	-4.230442980642148
ENSG00000167900	-0.5364002102181011	7.65900793727798	-3.241370363487809	0.01299754460838512	0.0133334495313747	-4.24229870097953
ENSG00000263001	-0.8778433589024397	6.680007600540302	-3.2459123068406424	0.012912860443415022	0.013250605576667362	-4.179193060625171
ENSG00000170145	-0.7349581243731604	6.764412757893371	-3.246464187737942	0.012902610641563636	0.013244115699615365	-4.184753987724674
ENSG00000106009	-0.5627609049880489	7.745244086876026	-3.247747864791109	0.012878802955415986	0.01322370090431331	-4.236061008152932
ENSG00000184163	-1.7942125006526985	0.9156868219648119	-3.2481518071264084	0.012871320897748178	0.013220041616134659	-3.365801549964779
ENSG00000155629	-0.6408483468637973	6.470781392908961	-3.2527651664463604	0.012786196091331761	0.013136609504309794	-4.153503596691047
ENSG00000286004	-3.04739122941033	0.7297635958566605	-3.2589488971085476	0.012673031496118812	0.013024309554646625	-3.3202681044211753
ENSG00000234338	-3.049343339757313	0.7157636076984571	-3.2611134394770316	0.012633671267226525	0.012987814398422394	-3.314835820896514
ENSG00000144711	-0.7553225658289584	7.5827468705320324	-3.2647846644919634	0.012567209938009591	0.0129234277143689	-4.203502491144961
ENSG00000129968	-0.6492211306217239	8.582168330398936	-3.2657067510464053	0.012550575535219837	0.012910256663363331	-4.213597736190213
ENSG00000104518	-0.5242391515259737	7.679665272919996	-3.2728606160681744	0.012422312049769724	0.012782214350693212	-4.19520267420711
ENSG00000143458	-0.658354038469561	5.772207590825021	-3.273459155576053	0.01241164399554208	0.012775133264478027	-4.0736021870360375
ENSG00000168569	-0.7806795976257623	4.8100629282997165	-3.2861429754282336	0.012187848449705793	0.012548611739184421	-3.9615922647189805
ENSG00000168101	-0.560209100396551	6.029877800135548	-3.287162194795755	0.012170052283691177	0.012534113676793048	-4.07127954000606
ENSG00000185963	-0.8763662577280495	9.031017160488553	-3.2876603151116224	0.012161364862537596	0.012528990853802092	-4.162844771578622
ENSG00000163428	-0.771745516024751	8.481868063705047	-3.2964658071538446	0.012008876998015224	0.012375672263684594	-4.169707491456543
ENSG00000164167	-0.7108997377078374	5.294723756132398	-3.298706796408563	0.01197039440717755	0.012339783296613827	-3.9942118789459506
ENSG00000153107	-0.7481038960677733	7.896516047518723	-3.299668846632415	0.011953914194859605	0.012326560664259262	-4.162718426707272
ENSG00000146414	-1.231086029089136	5.753945932133227	-3.3000144427083398	0.011947999921494933	0.012324228595268697	-4.0318792856224
ENSG00000167291	-0.5838996471824647	7.714714725931064	-3.301100739483464	0.011929430104324821	0.012308837055655029	-4.153704034996876
ENSG00000174501	-1.988200626731881	4.516548487230507	-3.3032203450316966	0.011893284601809297	0.012275295884522659	-3.9006653004098357
ENSG00000104983	-0.7484113403641626	4.9352542417883285	-3.305600643986418	0.01185283232210991	0.012237287715666718	-3.9462839095561013
ENSG00000196526	-0.5716803651565501	6.13296523886315	-3.3057674019220933	0.011850003825077948	0.012237287715666718	-4.0500600151164985
ENSG00000064651	-0.7004599718255307	7.240101019372207	-3.3058540790331277	0.011848533918057904	0.012237287715666718	-4.125370065032676
ENSG00000169641	-0.7037608139733891	8.091707371937519	-3.3065692365048864	0.011836413375130165	0.012231564694544924	-4.157378031313263
ENSG00000104894	-2.2577091359704915	2.9080730087637225	-3.3085232451654303	0.01180336388892846	0.01220114882391073	-3.623076404996705
ENSG00000243232	-3.0030605252763705	0.5711273334947824	-3.316207001051298	0.011674352240973504	0.012071487729403802	-3.210050170595897
ENSG00000259820	-0.7784574928529899	5.116631983433584	-3.3168246112523754	0.01166404780108044	0.012064530129014532	-3.9489706571768237
ENSG00000169855	-0.7005796510072306	5.9185530382961415	-3.317511435866032	0.011652599927083278	0.012056385205145348	-4.017455524466341
ENSG00000115306	-1.0489388371379196	9.672237930467773	-3.3285652256383105	0.011469992899941743	0.011871090811166699	-4.066683343267512
ENSG00000114554	-0.5827083686102164	8.982831097749067	-3.3387646308297683	0.011304200870631347	0.011703091051706095	-4.087555022339126
ENSG00000077152	-0.6674055102721805	6.3587169139865996	-3.339409603903003	0.01129380293020393	0.011695915005066929	-4.014298255529038
ENSG00000197380	-0.71369271600972	4.701609658665771	-3.346247945809934	0.011184182931093443	0.011585948176085133	-3.858014274617217
ENSG00000107872	-0.6990457465907571	6.061869973009999	-3.3490755104856693	0.011139188180674177	0.011542881118425883	-3.9796108529305987
ENSG00000136111	-0.5858674191401629	7.729361273555671	-3.3501675663612955	0.011121862058987828	0.011528467768671256	-4.079904160696714
ENSG00000158966	-0.7172912730531396	6.046252404641756	-3.3547623500624115	0.01104927696285321	0.011456748762343802	-3.9699472948262855
ENSG00000009413	-0.8390541025450622	6.714088253944658	-3.360024559811845	0.01096676789471458	0.011374692553571163	-4.008607734631218
ENSG00000137563	-0.5239245103475154	7.924929850421824	-3.3689114516907406	0.010828912618443836	0.011235163337831951	-4.0588177718380765
ENSG00000215784	-1.3028751046723732	2.4628648941675872	-3.3735457687675745	0.010757757971611699	0.01116477249960562	-3.441854490180747
ENSG00000233276	-0.7080662412894636	9.194930641777809	-3.3747438937196272	0.010739443335079951	0.01114919440386454	-4.022323030087616
ENSG00000084112	-0.8172663386452506	8.790144380825195	-3.378677730489362	0.010679543778960365	0.011090421886799715	-4.035196369889917
ENSG00000163539	-0.6350742120865922	6.96339159611384	-3.381778564623706	0.010632579241393719	0.011045049987827096	-3.994023058214102
ENSG00000164663	-0.9118983355436123	5.575248176969892	-3.38567518095014	0.010573874030701058	0.010987450255492878	-3.887999449721038
ENSG00000124942	-1.6448144999333252	11.236104036978528	-3.3871347635694367	0.010551973490791934	0.010968071028321622	-3.8916443940311214
ENSG00000078269	-0.6525385774782269	6.628311479624496	-3.3928311359542898	0.010466963137685715	0.01088306121003131	-3.9525906112656464
ENSG00000111752	-0.7417589512859726	7.187691860094494	-3.3967359432222395	0.010409111619749936	0.010826246179111062	-3.984966951991155
ENSG00000115457	-0.6500183085273843	8.081505933141603	-3.3985340960614363	0.01038258596257653	0.010801987369020417	-4.017997349488209
ENSG00000198707	-0.7234326660722568	6.22987789227058	-3.4047289783374626	0.010291752337616571	0.010710787287821811	-3.9069035427958303
ENSG00000169871	-0.7133135079627504	9.105243460616604	-3.4063608374435312	0.01026796627629351	0.010689329903182445	-3.9793758160584756
ENSG00000136237	-1.046344208399307	5.522200631037295	-3.4075118339685773	0.010251224581163626	0.010675194980508047	-3.850678688247736
ENSG00000004139	-0.9556923483710875	5.745462716559285	-3.408556374129886	0.01023605655081008	0.010662690584264653	-3.8670969940253355
ENSG00000211450	-0.9004027852720702	6.515932729677745	-3.4112001985920783	0.010197771855866388	0.01062609087143088	-3.916741721688181
ENSG00000092758	-0.6417323212884387	7.450650312816033	-3.4161942101486957	0.010125870991532695	0.010554429634053541	-3.9685214578329804
ENSG00000102981	-0.5965158171564635	5.333422682337595	-3.425929276922845	0.009987262376825227	0.010413171588197873	-3.8057204166943013
ENSG00000127580	-0.6311092002153647	5.68343589522563	-3.430141243898003	0.009927921284951964	0.010354499664738155	-3.8298342986236675
Novel00006	-0.9004717682156533	5.516566108878552	-3.4374952377303756	0.009825214048239874	0.01025054798972212	-3.8050608488193722
ENSG00000144791	-0.6070340109070473	7.152734785621259	-3.4381048360084243	0.009816751376830815	0.010244886837434942	-3.9207170721398086
ENSG00000213976	-1.0096296455048512	3.3901485322396283	-3.444811672670847	0.009724157021275928	0.010151394118126543	-3.508332244650526
ENSG00000196230	-0.5671432222982045	10.620934837701565	-3.446087639412311	0.009706646964240919	0.010136250961729761	-3.836561608871352
ENSG00000233101	-1.7023291998644576	3.22199031601199	-3.448781061895846	0.009669795729377872	0.01010089498170927	-3.4714735239441614
ENSG00000285257	-2.919073391545597	0.09661836654165416	-3.4497111477000293	0.00965710510688311	0.010090762660459465	-2.9408722472970545
ENSG00000139133	-0.7730289342841732	4.13089132016056	-3.4561498475398746	0.009569738471249136	0.010002570508672424	-3.6161186762749384
ENSG00000197386	-0.8470032385012072	8.741169864678453	-3.468775543756299	0.00940086378953993	0.009832149543058812	-3.901270806195427
ENSG00000146247	-0.9327043463498645	8.16250968700382	-3.4726625577462493	0.009349516836370732	0.009781479009586001	-3.907056325265888
ENSG00000065457	-0.6988368434000254	5.956066810469078	-3.4747701939490563	0.00932180071048426	0.009755507319222673	-3.782928414384032
ENSG00000138175	-0.8873080877967148	5.822188132769343	-3.4789975156688877	0.009266474540564474	0.00970094149815125	-3.767054540781957
ENSG00000261150	-2.056421711448521	0.8308869853745819	-3.495559707797242	0.009053073242352147	0.009483101247965274	-2.9843130789807795
ENSG00000180182	-0.6751146781266213	7.902446943973393	-3.497081731782029	0.009033727720942348	0.009465775568465676	-3.8649912589391633
ENSG00000103024	-0.7755692501540521	6.8615038490762	-3.5025286899079084	0.008964856439553887	0.009399448610023248	-3.805031753661037
ENSG00000078399	-0.56731887729131	6.534097629257331	-3.5059880677215096	0.008921408072483662	0.009356801627777392	-3.775626900116192
ENSG00000127334	-0.6297829408774813	7.66636354614062	-3.5115969795424586	0.008851440783132842	0.009286306343995712	-3.8342539824306936
ENSG00000101400	-0.6275558095317217	5.762790847232553	-3.5127053180619403	0.008837684671714354	0.009274758345991984	-3.712022603369988
ENSG00000184990	-0.6987262371105531	7.6543092910395485	-3.5307251847462675	0.00861721452005077	0.009046198441397415	-3.8051394934142335
ENSG00000183087	-0.7342533462749472	6.4309916518837476	-3.535411063745844	0.008560853853284287	0.00898982910083448	-3.7243499031808103
ENSG00000052126	-0.6582096809144078	5.454931155319768	-3.5387021155013385	0.00852150601602474	0.008951295547343547	-3.6478872243212574
ENSG00000014138	-0.8662706338785986	4.068740275123463	-3.5388909092779657	0.008519254681316974	0.008951295547343547	-3.4828626610015716
ENSG00000101596	-0.8178453014728877	8.170228139277608	-3.540305917514167	0.008502401217540902	0.0089367918093405	-3.8057299008845487
ENSG00000160072	-0.4911234481890361	8.449935880002677	-3.5510983837815444	0.008375027025202873	0.00880565322001698	-3.786955520832609
ENSG00000112293	-0.8528789432127284	3.9687260805580706	-3.5528366036713503	0.008354704256753562	0.008787023741361134	-3.4458659729492096
ENSG00000147044	-0.6083928212003151	6.033178332600876	-3.555792297275183	0.008320268408806139	0.008756265006647508	-3.6670267581710574
ENSG00000171604	-0.5306766348103835	6.166943698956346	-3.5692729121674156	0.008165128547965094	0.008595676667966998	-3.655984519638724
ENSG00000183751	-0.5047142943520715	7.71873509667567	-3.5731214595756127	0.00812140941838476	0.008552320654691067	-3.7444112539014585
ENSG00000064309	-0.9870329962331708	4.225146419996251	-3.5762380859327103	0.008086188836298766	0.008517889832554491	-3.45109548150248
ENSG00000186153	-0.7527176784710043	4.403091568773814	-3.5802644182860384	0.008040930157393149	0.008472860197078227	-3.4699148286705945
ENSG00000143924	-0.5918569321860998	7.937459860557625	-3.5893882804685986	0.007939374382527432	0.008368462719977368	-3.7282467928296903
ENSG00000147813	-0.7757110770733675	7.165783514823284	-3.596632591005639	0.00785971982051295	0.008287092085753343	-3.684131538449945
ENSG00000157500	-0.5920607007241561	7.411288187356665	-3.6005000674456267	0.007817546668645467	0.008245202394501347	-3.6906608230948663
ENSG00000160050	-1.2176309407040722	4.41632289193843	-3.607081851152621	0.007746332601457605	0.008172647341250143	-3.431797867007922
ENSG00000162139	-0.7416173972815194	6.769358221157868	-3.614860869854171	0.00766306147184985	0.008087322304041723	-3.630643122037675
ENSG00000118900	-0.6831251487753027	7.857409006253221	-3.617506596627868	0.007634959547855884	0.0080601857054023	-3.683586424629035
ENSG00000009954	-0.7276930837501325	9.486062552426661	-3.6189499297755194	0.007619675673521441	0.008046568301239858	-3.6404874067018547
ENSG00000106771	-0.6857848635028123	8.62468590534343	-3.6189566156779733	0.007619604951059129	0.008046568301239858	-3.680733754842646
ENSG00000008710	-0.7824963155421099	7.65638573952438	-3.620341551116792	0.007604970500238577	0.008036069673600049	-3.6716218587399725
ENSG00000174233	-0.6368340776164532	7.4268603969038445	-3.62572209941796	0.007548400694267847	0.007981292366800287	-3.653880795151882
ENSG00000168061	-1.0125300362396903	6.726461363329698	-3.626589790826867	0.007539320392212889	0.007974190283174386	-3.60997943255148
ENSG00000176225	-0.9501216187885131	5.310226020381025	-3.627589236912169	0.007528875829632781	0.007965640341543118	-3.502179147111403
ENSG00000177380	-0.5256838563054256	6.580203014030344	-3.6383162522880395	0.007417748362622639	0.007850527909500873	-3.5817247784768584
ENSG00000163945	-0.9377071114975255	5.776531852214189	-3.646178883408509	0.007337414545663655	0.007770381882319263	-3.5143344823300033
ENSG00000135763	-0.687486200269638	7.463516505146449	-3.6488468910236422	0.007310367940774526	0.007744169994402904	-3.621199415053338
ENSG00000099817	-0.5892147506469669	9.293019617070899	-3.6510699001036913	0.007287914288529359	0.007722808671324767	-3.6032675135343757
ENSG00000187713	-0.5983214527254495	8.118008033875668	-3.6519757189326922	0.007278786271511467	0.0077155591831855755	-3.6392483198151977
ENSG00000110723	-0.7573694858796749	4.7730104541320895	-3.6545966768627705	0.007252443798638473	0.007690051972534949	-3.404980543813858
ENSG00000248019	-1.1341842524594146	2.648900742375596	-3.6553005970855996	0.007245386375712866	0.007684983851510597	-3.0574945563806937
ENSG00000112218	-0.9215631460321223	5.354504167680519	-3.6568900400393405	0.007229477944945873	0.00767052156800232	-3.462956841789725
ENSG00000160613	-0.6848510626805071	6.882200562909616	-3.6675557259438403	0.007123693813121741	0.007563040568116034	-3.5607615627962543
ENSG00000206560	-0.5963897611677851	7.007918394100618	-3.6682842313728865	0.007116529344491748	0.007557812404254063	-3.568318497320254
ENSG00000111110	-0.6742447882852325	5.544006306526965	-3.6812443633678713	0.006990360005331123	0.007426157008182371	-3.443947342432402
ENSG00000265415	-1.63352120653673	2.8336836307925313	-3.6957983698629944	0.006851536124651257	0.0072809709872671945	-3.0323769890875667
ENSG00000182272	-0.5956346540965338	7.126765382089069	-3.7002248913688924	0.006809904197614866	0.0072390096921085565	-3.528406011767113
ENSG00000170017	-0.5790052046790661	7.253824918755823	-3.7008588929863224	0.006803963665533125	0.007234974285379378	-3.5344137440393952
ENSG00000163946	-0.568384055706332	8.425152730036785	-3.703745967654129	0.0067769825026358	0.00720855578937364	-3.5608896571766673
ENSG00000091157	-0.7023545384190824	5.962315511928895	-3.7138079416912553	0.006683844778175056	0.007111728880972135	-3.4278272906801623
ENSG00000104915	-0.6996206697367757	7.8755946479661825	-3.7219974439736694	0.006609056604797179	0.0070388121794778035	-3.529580984530452
ENSG00000258857	-2.6583434024033172	-0.21097182492194555	-3.7254007654752757	0.006578242280208164	0.0070082063319931625	-2.4963209744376966
ENSG00000169689	-0.7198013433454618	7.297215043801039	-3.726799091994343	0.00656562644042463	0.006996975240048231	-3.498406756426988
ENSG00000103319	-0.6889554091280328	7.579574869653391	-3.7286493265282314	0.006548973476442351	0.006981433336340125	-3.5082135378430035
ENSG00000168016	-1.0918292721272764	4.207411745572774	-3.731165746087753	0.006526397510569673	0.006959565486934917	-3.2195500903070524
ENSG00000115594	-1.3576916572424333	2.0096593268483236	-3.735820191007001	0.0064848609360328505	0.006917458361737223	-2.824884764822146
ENSG00000140948	-0.7139021644373829	7.0433377243789685	-3.74428160596286	0.0064100783158759006	0.006842013362152891	-3.458379925462059
ENSG00000110427	-1.1656034498369099	5.41493081355981	-3.7453221058243886	0.006400946645195181	0.006834428474964728	-3.338109343617708
ENSG00000123136	-0.5890831572771287	8.17227072845833	-3.7465284137874604	0.006390377345373301	0.006825303312215738	-3.499874109797757
ENSG00000130720	-1.0454550449965145	4.982659305125192	-3.749491662713086	0.006364494018277804	0.006801964782283596	-3.288833772636096
ENSG00000170468	-0.5276982031112327	6.822709648784897	-3.749709471055717	0.006362595972332971	0.006801964782283596	-3.435286267983952
ENSG00000127220	-0.6076633397311175	5.426857811349895	-3.750782595294862	0.00635325335392674	0.0067964098973204885	-3.3311832340324194
ENSG00000113658	-0.6500189007729444	7.967436289986295	-3.751461502291297	0.006347350425771029	0.006792248758817461	-3.489191937934881
ENSG00000113790	-0.7645877997920452	4.30275518057453	-3.7548712339745927	0.006317792904736789	0.006764910587299882	-3.1983016807012223
ENSG00000138031	-0.7079705794773075	7.583258957741725	-3.757404505228628	0.006295929101305271	0.006743639615175868	-3.466062560655474
ENSG00000142235	-1.103395668402828	3.1983464595546183	-3.761827456111205	0.0062579513571274035	0.006705089831358482	-3.0038702499376635
ENSG00000090924	-0.6882849346125672	7.7019962530615285	-3.7697967790019167	0.006190144498777766	0.006636653174094752	-3.452698496181572
ENSG00000166803	-0.6786280354535004	5.278144960029076	-3.7701510919994545	0.006187148280451339	0.006635549363713547	-3.288852064077978
ENSG00000101639	-0.8061064832045295	6.838641647227416	-3.775555419385191	0.006141640332789405	0.006588837673396328	-3.398482004645726
ENSG00000212864	-0.6310212279264231	7.6423301115962605	-3.7768669849521763	0.006130650607099085	0.006579139678229108	-3.4399312043534653
ENSG00000112297	-2.3250967112468777	1.4284229264099275	-3.783315495323894	0.006076925521346107	0.006523559245632124	-2.6587169073600805
ENSG00000137496	-0.844666619139073	3.686627338394665	-3.7845312801095092	0.006066853343672847	0.006514819599475552	-3.0572257065989215
ENSG00000198700	-0.5891858502792342	8.643159483315	-3.7950987070612823	0.005980062024633295	0.006425709958953102	-3.420198727409945
ENSG00000197744	-0.594586235219384	5.0391193909486836	-3.7957248000331556	0.005974962060143045	0.0064222752440021135	-3.227206648053147
ENSG00000143742	-0.5050014703234851	8.935433212613304	-3.7958043335549094	0.005974314540020378	0.0064222752440021135	-3.408278174560876
ENSG00000155561	-0.6150593133964328	9.559063901991948	-3.7991213532303094	0.0059473764130965525	0.006396700037547902	-3.3708827146500386
ENSG00000004799	-1.8930530852110405	1.639495783721009	-3.801781848834799	0.005925864743884458	0.006375595550339975	-2.666558588680597
ENSG00000177374	-0.5871732130226963	6.37104598512167	-3.8047213880899196	0.00590219442148616	0.006352154378977449	-3.321947221382625
ENSG00000101246	-0.5519273663767956	6.990540668486937	-3.8070111879054966	0.005883826745282014	0.006334406968277446	-3.3630959775382196
ENSG00000003989	-0.9076346674382334	7.384709202925401	-3.8079335297742487	0.005876445595746605	0.006328479872342497	-3.3833182921717686
ENSG00000167595	-0.7078660683247753	5.685720547688278	-3.8082547959297792	0.005873876972294891	0.006327733366705927	-3.268859211659196
ENSG00000096968	-0.9320889143364592	5.255622170901769	-3.810086981399899	0.005859251215198011	0.006313993484534682	-3.2282350819077914
ENSG00000076770	-1.066377473037556	5.790892094381631	-3.8341859115369856	0.005670492685218347	0.006114490993904348	-3.2390245817481693
ENSG00000120868	-1.0026711896734266	6.558366559300231	-3.8379581564496634	0.005641545034193371	0.006087167555282518	-3.2864512297912656
ENSG00000131188	-0.9848878108024541	6.7127025783315135	-3.840552089981097	0.00562173218424594	0.006067730131044721	-3.2940320560602725
ENSG00000165434	-0.8539678472090895	5.257721372066323	-3.8439996076569236	0.00559551575194211	0.006043300303153866	-3.178962416085672
ENSG00000166347	-0.6420573093119408	5.82290728638456	-3.8448567293586926	0.0055890183383366454	0.006038215777632995	-3.22588244915843
ENSG00000166189	-0.5701608138732501	7.206549786653216	-3.844924195851368	0.005588507254440623	0.006038215777632995	-3.3204440729974127
ENSG00000254681	-0.8860790945802828	5.358716372470954	-3.8453650126635495	0.005585169144460956	0.00603792396456625	-3.186596268491556
ENSG00000203668	-0.7894516590395222	7.005064222409359	-3.8480439581829375	0.005564928935741896	0.006017971227305499	-3.304061672564262
ENSG00000280789	-0.7956681038702285	4.091585823166811	-3.8547401089147417	0.005514683268031383	0.005965547081224074	-3.021356089613481
ENSG00000095015	-1.1742528809253345	5.432189472955793	-3.8614510630721335	0.005464817879834249	0.0059153979873470515	-3.1699050836271585
ENSG00000127445	-0.7347572396495483	7.402729362204085	-3.862662842879217	0.0054558658498853	0.0059082990938585265	-3.3042469931438587
ENSG00000180071	-1.3213182621884387	4.004950002871855	-3.8643877544578276	0.005443150375042711	0.005897620220100869	-2.9936837611283647
ENSG00000092847	-0.9327684968005725	8.09804904794397	-3.86778330049413	0.005418213000819289	0.005872486561119269	-3.3219388925180873
ENSG00000143674	-0.8627102329235932	6.896346257520205	-3.8714395247678133	0.005391499138448398	0.005845410698304914	-3.2625691523480285
ENSG00000263325	-0.7146333961784483	5.3004393110020676	-3.873094388363016	0.0053794548534795384	0.005836103111138251	-3.140745776979922
ENSG00000250899	-0.9876672837062674	4.643287843846784	-3.8732385483554603	0.005378407018425998	0.005836103111138251	-3.0693716514830607
ENSG00000048991	-0.6529352134654909	7.245054963168338	-3.8769120206674805	0.005351780466635418	0.005809815731797909	-3.275939642546482
ENSG00000120800	-0.7240251558331314	7.471636737687027	-3.8808300764814043	0.00532353802873913	0.0057810161921357656	-3.2808904502208884
ENSG00000198081	-0.7682306653879101	4.434151759207593	-3.881021958021212	0.005322159037426683	0.0057810161921357656	-3.032102845605994
ENSG00000127152	-1.6165957431149467	1.7059138008518437	-3.8917709982976745	0.005245522432812719	0.005701801768141144	-2.5480117046196895
ENSG00000186767	-0.8121998228376714	5.336175539911141	-3.8923545759472766	0.005241396029567644	0.005699152498795112	-3.1161898827878174
ENSG00000114302	-0.6310682599594948	8.32249613025281	-3.8959702508519447	0.005215908160529027	0.005673266967641824	-3.2809343435628815
ENSG00000186603	-0.6622575281827041	6.59058101958674	-3.897844782877496	0.005202746856356204	0.0056607764893085565	-3.2016322062271616
ENSG00000134186	-0.545673220907605	7.705035233714469	-3.899546432034628	0.005190830475108116	0.0056496329106499295	-3.2633870346576526
ENSG00000196636	-0.6819108996935208	5.890003308208277	-3.904654746296208	0.005155234702997112	0.00561270148044926	-3.143735967863984
ENSG00000165097	-0.8364563113006129	6.44851931563883	-3.9076017633966904	0.005134819435099586	0.005592279139453197	-3.177384442746213
ENSG00000160753	-0.5122576675090036	7.167380865526664	-3.9104203736527996	0.005115375486175931	0.005572901805088018	-3.223075053583905
ENSG00000160813	-1.0842181778484665	5.411277991935536	-3.924062958614437	0.005022382273844762	0.0054751269117777794	-3.07715628524835
ENSG00000227827	-0.9297615319655463	3.881152933412695	-3.9257087751891326	0.005011287959392111	0.005464798181961532	-2.884715075390747
Novel00712	-1.1621761098697987	3.15202670351055	-3.933749194148988	0.004957468046415753	0.005409604524128963	-2.7459664059895834
ENSG00000164142	-1.178279613029125	5.678418129809791	-3.9455193763724608	0.004879807256390611	0.005331758317053731	-3.0688363377987455
ENSG00000135617	-0.6978693762676533	5.1071927930108885	-3.9461749587690345	0.004875520549736521	0.00532880023803402	-3.0157402417692207
ENSG00000196782	-0.8090095218903812	4.883183261992363	-3.946356570083728	0.004874333755124699	0.00532880023803402	-2.991168031098674
ENSG00000126453	-0.7818451475797419	7.023139005075206	-3.9475203211816217	0.004866736286518794	0.005322647724704833	-3.1607765372265373
ENSG00000142856	-0.6861655047004707	5.6530639526821105	-3.9485171225960967	0.004860238929487152	0.005317265287966813	-3.0625194642495392
ENSG00000197442	-0.8503052431499727	5.700840770197586	-3.953572077189186	0.004827433932353388	0.0052830885785794136	-3.0589293598181087
ENSG00000183943	-0.6626190092208422	7.901892991379984	-3.9579009796017877	0.004799531290781005	0.005254256513658375	-3.1862667940659684
ENSG00000131437	-0.6623445571377848	6.750188090671156	-3.9579889868028375	0.004798965840354185	0.005254256513658375	-3.1264359047973
ENSG00000153044	-0.6809082080930029	6.677945666598875	-3.960803742524923	0.00478091889437646	0.005238980301924708	-3.11693983680029
ENSG00000168268	-0.5259082235592221	8.829884781191984	-3.9616307533862183	0.004775630451013922	0.005234885361182902	-3.1713924954610366
ENSG00000198830	-0.6992817345314943	9.723938601944994	-3.9633878360326844	0.004764415540186426	0.005225987656888492	-3.123659273045697
ENSG00000113212	-0.8459888024938946	3.4163603518053405	-3.964690266789001	0.004756120936444161	0.005218586029126048	-2.7496436423699127
ENSG00000169047	-1.374421821068081	6.167508200876034	-3.9759766160711916	0.004684894653863123	0.0051437795516219255	-3.0596675066725982
ENSG00000108479	-0.7429066917912053	6.548142915856613	-3.980129603746199	0.0046589773239608945	0.005116988766615905	-3.0796065287320005
ENSG00000156787	-0.6670910305572875	6.121646181880799	-3.9814969324750775	0.004650478327233424	0.005109317445810997	-3.0486370878073155
ENSG00000085872	-0.8453434201590362	7.846685172626824	-3.9824384094250376	0.004644636090315605	0.005104560967011352	-3.1488858099787205
ENSG00000115504	-0.6919960142528137	5.953808601539524	-3.9827366270538573	0.004642787190458446	0.005104191587033821	-3.035427786423968
ENSG00000168286	-0.5309308200971588	6.945335838379143	-3.9951896955468773	0.004566287618544386	0.005023363033899171	-3.087053594534699
ENSG00000127804	-0.5923659544149249	7.622357006696888	-3.995670148609284	0.004563363675986019	0.005021783771290551	-3.121120800663416
ENSG00000101974	-0.7862010297245865	6.93062611109224	-4.003274847227596	0.004517352188104256	0.0049727720334955166	-3.0743618337957406
ENSG00000129355	-0.8458588185861764	4.274505986940173	-4.0055281975796335	0.004503815259036109	0.004959488473886368	-2.8308494042085792
ENSG00000100490	-0.8059131925838772	3.90462064066178	-4.020635016768313	0.004414189271213121	0.00486757846995355	-2.752172067263423
ENSG00000163840	-0.616732602817387	6.253212644425038	-4.024157074860189	0.004393572691084283	0.004849170513483275	-2.996109407558979
ENSG00000118193	-1.2425140654248032	6.894092268688575	-4.031682724860715	0.004349869865673835	0.004802506847769476	-3.030935867078438
ENSG00000238105	-1.0928558383574756	3.31679549095597	-4.040165332618736	0.0043011742048033146	0.004750298450738586	-2.6237466193994834
ENSG00000177570	-0.8300633688456305	6.5458911557783575	-4.0430025465527875	0.004285018968364103	0.004734005893667481	-2.9891408491819726
ENSG00000178074	-0.575746229703749	7.000648360716089	-4.044941808913556	0.004274014585732081	0.004723395090815605	-3.0192280691017146
ENSG00000126705	-0.5534986295652855	6.9064282604021905	-4.048008969236468	0.004256672457404515	0.004705770927681137	-3.0084324231950808
ENSG00000168765	-0.6594041930363286	5.924068182899226	-4.048153578787075	0.004255856702432684	0.004705770927681137	-2.939445283738695
ENSG00000105290	-0.5170069218223832	7.17566123604184	-4.048647365343245	0.004253072487755344	0.0047048742864546	-3.0243316500944495
ENSG00000130299	-0.5936554406849899	7.4126520656163555	-4.049285972849139	0.004249474630179289	0.004702436012536872	-3.0351702613743816
ENSG00000142949	-1.0794274654712197	9.56304612967111	-4.053138972373214	0.004227837111538011	0.004681562984683049	-3.0029146722006015
ENSG00000099849	-0.5794763857052496	6.170317809254227	-4.058341478291481	0.00419881053347327	0.004650947715016025	-2.94164465632596
ENSG00000162804	-1.1163989810109713	3.8779983185698903	-4.062693406711349	0.004174695684679997	0.004625754758656916	-2.687782641510287
ENSG00000054654	-1.5617260358298672	7.547424361237632	-4.07877135128735	0.004086899640402791	0.0045329386544112485	-2.998838492602893
ENSG00000139618	-1.0561143225651302	5.857343713196627	-4.079463797138517	0.004083163722854047	0.00453028424890153	-2.890025577717
ENSG00000139437	-0.595591854345086	6.014205500054614	-4.084130448043899	0.004058082452805128	0.004503937564396217	-2.8943187510584467
ENSG00000179886	-0.5610398642541519	6.973870073215299	-4.0864376048573146	0.0040457442872016995	0.004491721363941604	-2.958222421963944
ENSG00000232931	-1.1369756390971562	6.184667269849089	-4.092449365191708	0.004013785621423622	0.004457706611811488	-2.8939126787988307
ENSG00000236901	-0.7950583392628499	4.755587907667127	-4.097499972905055	0.003987148294088979	0.00442958127897801	-2.760126934380522
ENSG00000135766	-1.1206567545585644	6.806783758419932	-4.097918461661854	0.003984949776265365	0.004428597017496489	-2.929955258329466
ENSG00000065057	-0.8710365024148174	6.346067837088062	-4.10366333220719	0.0039549019770584405	0.004398101275740006	-2.8887090091872167
ENSG00000128567	-0.8447993854056275	8.74382382674845	-4.1070671786804205	0.003937214744599688	0.004379875551691179	-2.9660672770193823
ENSG00000162645	-2.1863882070450558	0.9333068163429458	-4.109308781204537	0.003925613746358099	0.0043684105475634	-2.1180911758003056
ENSG00000111670	-0.7632734269791746	6.997851969721566	-4.129137541504723	0.0038245956397070335	0.0042602131688252	-2.898944771617977
ENSG00000196081	-1.3064200758879898	4.016102800836758	-4.1307173505447015	0.0038166695921359253	0.004252788376442078	-2.613643112311939
ENSG00000241634	-1.3763389559495738	2.807866604377584	-4.136058445158357	0.003790004721975596	0.004224471731729653	-2.3941963874932544
ENSG00000076555	-1.214229194334953	4.71364570722399	-4.141760420410864	0.003761761430393961	0.004195249350002233	-2.692523978429313
ENSG00000196455	-0.6808840063488661	7.112457278809664	-4.143196174445052	0.0037546858892888078	0.004189256015363901	-2.8860345287466886
ENSG00000181444	-0.7863561845966363	3.8005630645098103	-4.143714177477369	0.0037521366695382604	0.004187796600404264	-2.560008544545248
ENSG00000116830	-0.5892362399779509	7.584412136798782	-4.147385277642505	0.00373412410134937	0.004169071713419185	-2.9027397011419476
ENSG00000139405	-0.6518037259580218	6.400714986750793	-4.148128207073644	0.0037304903010026524	0.004166393338491543	-2.82923680454617
ENSG00000011376	-0.6574331532260596	7.412238653513251	-4.161223438003218	0.003667066155567601	0.004100988136852863	-2.8757115690018633
ENSG00000151176	-0.5850847393103926	8.35130032135918	-4.1618762795273305	0.0036639350733998315	0.004098845138478458	-2.899024464893782
ENSG00000140406	-0.5804628971552139	7.7171686979474465	-4.167272299549551	0.0036381663332753166	0.004072718383699708	-2.87992598166134
ENSG00000106688	-0.8687346009125161	5.155497256567014	-4.17391703340755	0.0036067047447955517	0.0040388389674544285	-2.695557813089417
ENSG00000119900	-0.6279125508041474	6.919641369155819	-4.177821850540383	0.0035883542584301867	0.004019623926940056	-2.8246634859814446
ENSG00000237190	-0.8088269946701399	6.110431785774459	-4.178227279974356	0.0035864547898275326	0.004018830442005345	-2.7672049169153166
ENSG00000188002	-0.7658921425248755	4.1759336790539745	-4.179853415667397	0.0035788471979673617	0.004011638021907601	-2.5688115623721055
ENSG00000284946	-1.0013224113668069	3.017292793417841	-4.180159883083724	0.003577415410067957	0.004011365767221432	-2.3707659133267507
ENSG00000073169	-0.5326285934235795	7.101533138599997	-4.182690698999559	0.00356561545451766	0.0040007936626347135	-2.8294269759892154
ENSG00000110074	-0.5254467012645829	6.948772639946187	-4.185388907383771	0.00355308163616613	0.003988056367406694	-2.816063434814695
ENSG00000224051	-0.8206237563841636	6.466329974528072	-4.185865909783327	0.0035508708355322664	0.003986901230976994	-2.7802861645269683
ENSG00000232442	-0.800480362303619	4.33748558330805	-4.18605647365585	0.003549988032430806	0.003986901230976994	-2.5830696969374207
ENSG00000167772	-0.6117340658810804	8.527467339536582	-4.19060648296854	0.003528980471915182	0.0039658093492508685	-2.8544362316667877
ENSG00000132182	-0.8343583892249331	9.473605930846327	-4.1914207555529215	0.0035252352303227212	0.003963393424561434	-2.811017206185367
ENSG00000183856	-0.8616460616038921	6.901786439843573	-4.192239777207451	0.0035214725065454743	0.00396048274569481	-2.803003275149906
ENSG00000186205	-0.6660528051610184	4.9847144622704445	-4.192831562871216	0.00351875646212088	0.003958747683626492	-2.6508629452488197
ENSG00000144061	-0.8474945228074535	3.6463616835716333	-4.198178223221456	0.003494320610727347	0.003932567625281544	-2.457538951646418
ENSG00000133265	-0.6791579151707428	7.359895750345315	-4.200287690404448	0.003484730547671411	0.003923083372653767	-2.8180940309966465
ENSG00000167136	-1.0832854831710312	6.176388643343767	-4.202370433092357	0.0034752900658751354	0.003913761242410783	-2.7375399561538325
ENSG00000171914	-1.1217979445177129	5.710091432279233	-4.2057167675201494	0.0034601802995436084	0.0038980461871987097	-2.700002357228854
ENSG00000274471	-0.8993714229215142	3.044043601369024	-4.211386935713305	0.003434740601088918	0.0038732669746236663	-2.3319440827301534
ENSG00000186532	-0.6790988371443758	5.916306996409845	-4.216502883072357	0.003411962057206461	0.003850153839804214	-2.6999461698037495
ENSG00000112576	-0.5552147750126846	8.279775823655273	-4.217413101788281	0.003407926599081565	0.003846886699665841	-2.8214824593965364
ENSG00000266235	-3.440405380330893	0.5360555578156135	-4.221440672935452	0.003390132584903998	0.0038280814395803514	-1.9044349519314316
ENSG00000244486	-1.3701915364616402	1.816071998483475	-4.2275873283337395	0.003363170972056111	0.003800180462062062	-2.0922790985463458
ENSG00000114353	-0.5053715772159695	9.5213314904494	-4.238435505093087	0.003316154385065791	0.0037483098476422034	-2.7422399501432464
ENSG00000228065	-1.5465160524787174	1.8440838838087252	-4.2400870333794884	0.0033090595468627847	0.003742798159944698	-2.0795618588469162
ENSG00000100243	-0.527346822662718	8.563605767639105	-4.241294633517763	0.003303882249976763	0.003738195409598121	-2.7819882124271356
ENSG00000143147	-0.7934399066301259	6.867790556090144	-4.244548048408167	0.003289977846535315	0.0037237119269406746	-2.72688273076432
ENSG00000065243	-0.7865775305047977	7.791798580054555	-4.245693200146044	0.0032850988819616645	0.003719437458972703	-2.7722152732494676
ENSG00000205060	-0.728838790691376	7.417250304399895	-4.255195941774152	0.003244914697238735	0.0036776426565278777	-2.743412578406418
ENSG00000130520	-0.7808306945006454	9.376574142247406	-4.255491896812529	0.003243671819732607	0.0036774693278823307	-2.7259761009407057
ENSG00000166902	-0.6566442120818525	7.968477662135768	-4.265615490461091	0.0032014679249243202	0.003632062131370093	-2.750253010195763
ENSG00000064607	-0.5716616354417612	7.973698957042508	-4.275589142942601	0.003160473371466254	0.003587966741361757	-2.736394340965977
ENSG00000163328	-0.7968422017944743	4.056591122138823	-4.2808982383147285	0.0031388849804331815	0.003564657665426306	-2.408972267207779
ENSG00000175305	-0.9089837207571128	5.583808353244334	-4.284378365451267	0.0031248209306043357	0.003549880747427282	-2.579537142617583
ENSG00000160208	-0.6432323447891939	9.16044745705821	-4.284486813667501	0.0031243837692378237	0.003549880747427282	-2.6969957727266314
ENSG00000152601	-0.7375478398261528	8.25555828096293	-4.293121085674381	0.0030897914315914264	0.0035136354196796333	-2.7153624048784915
ENSG00000166263	-1.0295457370640442	5.174204559764666	-4.297400957077296	0.0030727994577654533	0.0034954906845922587	-2.5240554229775345
ENSG00000137266	-0.6926507255606502	4.94562658491196	-4.299299727393383	0.0030652935827265465	0.0034881283467518946	-2.497217206370774
ENSG00000079432	-0.6299490163106594	8.55282326060049	-4.301483878159386	0.0030566842968645924	0.0034795049991974136	-2.6979188400910683
ENSG00000118046	-0.5376548462152675	8.081195728774498	-4.30680580162634	0.0030358169646551936	0.0034580845505559157	-2.695259224995521
ENSG00000142794	-0.8157996406637666	6.25495244665805	-4.315789506177779	0.0030009431730107965	0.00342066968437109	-2.5837111869160907
ENSG00000148082	-1.5939622838856735	3.001087627107554	-4.327621642161661	0.002955676828868846	0.0033702107538369336	-2.162241599562325
ENSG00000126215	-0.7694215270182765	6.038040632185523	-4.328076027261102	0.00295395339092034	0.0033702107538369336	-2.552119554238134
Novel00080	-1.210481322121499	4.832474341158773	-4.332703312675975	0.0029364648175477536	0.0033528366478531714	-2.43815347531927
ENSG00000106144	-0.669085524874033	8.048485603481115	-4.333123145224037	0.0029348836787305424	0.003352165718360477	-2.6577739620392515
ENSG00000160972	-0.8100917906740461	7.418750737345595	-4.33324418482176	0.002934428001782519	0.003352165718360477	-2.6343439864892737
ENSG00000106348	-0.5468108771658127	9.585651285322877	-4.334931253121358	0.0029280847326751186	0.0033470752652730207	-2.6039169984312123
ENSG00000214595	-1.1670183764783237	4.872051325972777	-4.335484981129356	0.0029260060113107168	0.00334655738378385	-2.4387079596740504
ENSG00000166821	-0.6576645599709083	4.282176293314166	-4.338930414116278	0.0029131077973658798	0.003334065708382795	-2.3615296878516583
ENSG00000178700	-0.7627401724029852	5.097186311247335	-4.342528280148611	0.0028997050914428505	0.003323235386728321	-2.453253241722856
ENSG00000116127	-1.4449450574101146	6.706253927039274	-4.344644740963071	0.0028918523170194596	0.003316488687159639	-2.575077560134483
ENSG00000146540	-0.9570721884957765	8.064033198134249	-4.345821168361867	0.002887497411463351	0.0033126202877515627	-2.6404618374480258
ENSG00000196312	-0.7644951154772794	7.246084717881202	-4.350103618293967	0.002871704924856978	0.003297866717653997	-2.602683083107049
ENSG00000130347	-0.8213251372797723	4.906897630866235	-4.350526338110297	0.002870151167764531	0.003297238544661668	-2.421665877132898
ENSG00000167272	-0.8565029938551945	5.88625361478298	-4.35375091974833	0.002858328967035062	0.003286980891198466	-2.505935120870941
ENSG00000070814	-0.7386787932514718	9.498592141558008	-4.3635519424122835	0.0028227206424058797	0.003250463975248272	-2.568647826066119
ENSG00000130770	-0.741141313742248	7.524270254599501	-4.367287724484494	0.0028092757194615025	0.0032371913515925922	-2.5915650620811936
Novel00759	-1.7745614176348032	2.563092073789657	-4.374741766555311	0.0027826572600598335	0.0032076138009709183	-2.017657168458105
ENSG00000182512	-0.743312828952579	7.319175721482997	-4.376518586243409	0.002776352920286085	0.00320144044875094	-2.5696877771688964
ENSG00000196943	-0.8879150391273907	6.791315053679016	-4.378809900702973	0.0027682460989566526	0.003193183705258033	-2.5340091401179006
ENSG00000138814	-0.6476830353169136	6.5939099628981275	-4.380430334310197	0.0027625284938340073	0.0031876782278371886	-2.5171398526966406
ENSG00000184743	-0.5648856284273931	7.872425615813567	-4.38445844096059	0.002748371315228876	0.0031724272383107173	-2.5814502923392793
ENSG00000144485	-0.8213051344719728	7.871959986658684	-4.386568232975953	0.0027409878560248333	0.003164987346416081	-2.578510050571764
ENSG00000118418	-0.9631363039455589	5.303434760595195	-4.38734288317399	0.002738282314823816	0.003162945748105291	-2.411490867006389
ENSG00000178531	-1.1401363840132923	7.263682430534812	-4.390171996828769	0.0027284260937099187	0.0031526402877319407	-2.5480330189132765
ENSG00000198863	-0.5770515971089072	6.7896250174406365	-4.391744048409683	0.0027229660359534757	0.0031474091830445447	-2.5159708058169095
ENSG00000058668	-1.0961214036016198	6.6304947506502625	-4.401061748087338	0.0026908476076473995	0.0031124168077484833	-2.491215984479865
ENSG00000127946	-0.9709218427824355	8.30229221530161	-4.401979177175187	0.002687707633125088	0.0031098510130878076	-2.5634535448587394
ENSG00000123472	-0.505464807869755	7.772317870460797	-4.404642738832375	0.0026786140232312426	0.0031003923548481	-2.5498883906543393
ENSG00000106367	-0.7400990556406732	9.325737540566955	-4.420182629300778	0.002626224818375857	0.003042885486675873	-2.499482199980858
ENSG00000138658	-1.0610335062085907	5.585613105722504	-4.422704192380338	0.0026178299437083245	0.0030352433780315765	-2.3876529015920305
ENSG00000227345	-0.5418621638430636	6.828981942385547	-4.423777806226354	0.0026142645302452876	0.003032151435217463	-2.4745602481410796
ENSG00000106012	-0.7502769859760585	6.01274674599925	-4.432486373948301	0.0025855390553252856	0.0030019300662999016	-2.40581786280228
ENSG00000120324	-1.3002249485540114	2.2787818071918893	-4.433883411012157	0.002580963058107615	0.002998244243750344	-1.8866883973532218
ENSG00000121057	-0.5331513036004862	7.802045266369281	-4.434056867536397	0.002580395518592367	0.002998244243750344	-2.510374402222685
ENSG00000129195	-1.01779102681994	5.247471343047905	-4.4433100971640105	0.0025503162037757766	0.0029671609901860243	-2.328968280684804
ENSG00000119139	-2.154015274047838	0.5405629413548563	-4.4453541780349415	0.0025437233265448935	0.0029605113845334497	-1.6008682384761244
ENSG00000196678	-0.7342607761208901	5.651870210783092	-4.448088441214777	0.0025349334631940557	0.002951299346037524	-2.358115371254314
ENSG00000152056	-1.5450331624962572	1.607648921019698	-4.462085495984719	0.002490453668870759	0.002903521312636469	-1.737206493528296
ENSG00000185515	-0.6163054976686713	6.107706413626952	-4.463759520866255	0.0024851913117866	0.0028983876550183157	-2.36916490104028
ENSG00000163590	-1.2577445279643529	5.160979678326116	-4.4655600034024205	0.00247954498948964	0.0028928024877379137	-2.290062415368684
ENSG00000157456	-0.5270484833028375	6.943352837898306	-4.470079299687957	0.002465434113346404	0.002877334727924859	-2.4190297176791793
ENSG00000133597	-0.5395240906769798	7.332783047815905	-4.472430508796409	0.0024581275143913564	0.0028698000808153757	-2.437950363391929
ENSG00000089094	-0.6952298947287394	7.858048019201581	-4.472514429614088	0.002457867160510186	0.0028698000808153757	-2.459450201665012
ENSG00000100442	-0.674704216544221	6.38805119366762	-4.473134386285692	0.0024559447556023292	0.002869237397992472	-2.374965498084512
ENSG00000108387	-1.1055973854755745	2.2678103578321465	-4.483592872492641	0.002423760830068353	0.0028335998061852475	-1.8172407381763582
ENSG00000162688	-1.079511459152001	7.013112724827321	-4.487005633756131	0.0024133587193277367	0.0028224167483576375	-2.4002866660808087
ENSG00000169860	-0.733804435859069	5.137004259254049	-4.49072122866903	0.0024020890294547156	0.002811585527473616	-2.2531017015258605
ENSG00000198754	-1.612819675683311	2.513539810810223	-4.491059381153322	0.0024010662462593782	0.002811585527473616	-1.8500658449956084
ENSG00000239264	-0.6873877304002107	5.736975739084562	-4.493483488299159	0.0023937481648888793	0.0028043424681719023	-2.302344124038674
ENSG00000162613	-0.5570199730727659	8.468805950091877	-4.495174448137497	0.0023886578036827256	0.0027993509654829856	-2.432198706209019
ENSG00000065413	-1.0722578570238435	5.237191404336998	-4.496746450975765	0.0023839361568959534	0.002794788253428404	-2.25471669614973
ENSG00000196456	-0.8457923491786659	5.374952710388955	-4.508109380465798	0.0023501085568764356	0.0027599256076926886	-2.25212937852163
ENSG00000157985	-0.6205975572433484	7.7455087603848165	-4.5127119376589055	0.0023365563387805622	0.002746878427542027	-2.400203169774751
ENSG00000184307	-1.0346058629634438	6.090879620188996	-4.521340721821492	0.002311378634346918	0.002719174167463913	-2.289199791955366
ENSG00000066468	-0.729019720933354	4.779338169219047	-4.522137971686388	0.002309067376865936	0.002717402626280317	-2.1713597564104115
ENSG00000106789	-0.8393902572729814	6.161017264558154	-4.525523291029815	0.0022992813251155953	0.0027068301433845147	-2.288178838082527
ENSG00000125703	-0.6140960108121885	5.3387661423794865	-4.525756062933981	0.002298610112623264	0.0027068301433845147	-2.224740708110855
ENSG00000164099	-1.259018824133845	5.413507877593394	-4.526972188449564	0.0022951068209639105	0.0027038025188310874	-2.229879068794558
ENSG00000167703	-0.6274080315778896	5.79317839353862	-4.528986292405698	0.0022893176323914516	0.002697924446974767	-2.258095709484432
ENSG00000107614	-0.6315569184378447	5.170473526241332	-4.533092092709973	0.0022775656364817324	0.0026850127384658857	-2.1987005429303013
ENSG00000047188	-0.7931944522267012	6.93883496177634	-4.548907707838186	0.002232909628060239	0.002636052164127098	-2.310900892887144
ENSG00000198642	-0.603877941863038	7.5403948831033265	-4.550751449268196	0.0022277664143397755	0.002630900903739028	-2.339953272445971
ENSG00000180884	-1.0003182019839345	4.872972277428825	-4.56180074279496	0.0021972141629832804	0.0025966376833294526	-2.1279547896883875
ENSG00000026297	-0.720447221534771	5.922601508510521	-4.5648027137314005	0.002188992877500203	0.0025887353553051824	-2.218561813616401
ENSG00000058056	-0.655646104645184	6.73336226296267	-4.567509552759975	0.002181608706815134	0.0025809073551172025	-2.2706779970656132
ENSG00000116852	-1.4060383134098942	3.1582411104764563	-4.570927331793997	0.002172324031342314	0.00257262944252333	-1.858495342884332
ENSG00000140563	-0.7807463272779467	4.884697575560514	-4.57288833386059	0.0021670163417822973	0.0025690488886765533	-2.114200278278565
ENSG00000119698	-1.105620306176177	3.8524345692041377	-4.572892668033743	0.002167004626550149	0.0025690488886765533	-1.9749223035840515
ENSG00000198944	-3.2552109975341645	0.0874975151168526	-4.577410475784392	0.002154830645223362	0.0025581979581223166	-1.3640830676892435
ENSG00000164091	-0.6961503336485144	8.961892276181853	-4.579226924647845	0.0021499570404446703	0.002553310473234888	-2.300381730017034
ENSG00000170166	-1.203022958074104	2.4665096649164084	-4.582997836987296	0.002139878011757117	0.0025431308248215962	-1.7177179941796927
ENSG00000197785	-0.5528795663759407	8.324027616505406	-4.5833719943594895	0.0021388807748244053	0.002542841343994906	-2.3145485424555643
ENSG00000197114	-0.6768632878950749	4.677337048596104	-4.584871789883299	0.00213488849259093	0.002538989698273457	-2.074553214151356
ENSG00000079435	-0.6346317215739816	5.498460909030468	-4.5943272428059325	0.002109906243705278	0.0025101634930400595	-2.1460104082925744
ENSG00000028277	-1.0981797701089437	2.6877119916442793	-4.594728734659382	0.0021088525696814314	0.00250979491009	-1.7412254915571586
ENSG00000154930	-0.5903698563326998	5.4818496237543455	-4.598198791679733	0.002099769733372827	0.0024998670008468302	-2.1393316413136994
ENSG00000214796	-0.8706707709387276	3.1037143038911017	-4.601961275878381	0.0020899698460343976	0.0024890781011366247	-1.8068268998759835
ENSG00000126464	-0.6658544679650538	8.14281527857514	-4.60962222606347	0.002070170331571859	0.0024681112009623508	-2.2793316017326966
ENSG00000082898	-0.5586818015059496	9.596787917445223	-4.612015070214902	0.0020640282617692515	0.002461658308663646	-2.22301040517866
ENSG00000144730	-0.8417409700508323	6.348572832733416	-4.6151595388198485	0.0020559872107724997	0.0024538029179859973	-2.1788628443905687
ENSG00000169925	-0.9601960894269563	8.193444897477786	-4.6179368762752295	0.002048913518016079	0.002446225835026982	-2.2682982949497204
ENSG00000249863	-1.189825617218835	3.2292065797177454	-4.61999937156529	0.0020436777280842047	0.002440838461789772	-1.8053518644356412
ENSG00000198825	-0.6062655600623783	6.199789191320766	-4.620059388664616	0.0020435255900199314	0.002440838461789772	-2.162379953291401
ENSG00000196865	-0.963237657874906	7.291899580322526	-4.621187066491496	0.0020406693309774357	0.002438972129903602	-2.233357975822644
ENSG00000184083	-0.8908976147620691	3.310402663912021	-4.62306486234461	0.0020359228202404115	0.0024341614441853823	-1.815644860102175
ENSG00000075303	-0.6255279996442864	5.586691352336578	-4.623232181256393	0.0020355004747914236	0.0024341614441853823	-2.114181360564089
ENSG00000108344	-0.49539480046288986	9.077516364786668	-4.625382112269421	0.00203008216149209	0.0024288997208774155	-2.2324276644208707
ENSG00000112759	-0.5297160084689061	8.473184467201266	-4.626240326690761	0.00202792368029591	0.002427177899013267	-2.2537089583309617
ENSG00000177602	-0.6090495723195746	5.6782522638105055	-4.626692986963044	0.002026786214518201	0.0024266773200086623	-2.116863073253535
ENSG00000156011	-1.9900143667692336	1.4974628018124556	-4.628995954715072	0.0020210100221785625	0.0024206204525489775	-1.4964011957753085
ENSG00000164252	-0.6168201332066108	5.5167316754468585	-4.629866952906309	0.0020188301283253604	0.002418868200628468	-2.099526325485578
ENSG00000138758	-0.666760193267427	9.095127718624807	-4.63082536170395	0.0020164344431797894	0.002416856060848529	-2.2241595295365615
ENSG00000187608	-1.2389446245559483	7.106662666056511	-4.635200080531992	0.0020055386639250853	0.0024046508358504756	-2.204422287735426
ENSG00000223496	-0.6032984095792777	8.20549367048079	-4.63795094902749	0.0019987203242578496	0.0023973275414312066	-2.2413044361383676
ENSG00000243667	-0.9149868351600228	3.1467071089541414	-4.6386558120792385	0.001996977331242767	0.00239608873243709	-1.7653530875135974
ENSG00000183049	-0.6105438615556231	6.723547672067225	-4.6402238881737174	0.0019931057456335807	0.0023922941251397017	-2.171497668595089
ENSG00000127616	-0.6412745011557224	9.98801566618662	-4.642745248257646	0.0019868977291299873	0.0023865407397951504	-2.1613233612349427
ENSG00000284610	-1.2205672162601926	2.1337187208453234	-4.6445772812716255	0.0019824002425984193	0.002381986616284568	-1.578222629646783
ENSG00000113300	-0.6740156651092448	8.125694676499164	-4.653633343734668	0.0019603316086833533	0.002357988894009852	-2.2198061121046475
ENSG00000072422	-0.9061178585053153	4.351639670924151	-4.661176597216417	0.0019421549637255865	0.0023369582195471215	-1.9314130297518473
ENSG00000164066	-0.7319133405808866	4.989114609776786	-4.661412873511544	0.001941588610393753	0.0023369582195471215	-2.0062241481301024
ENSG00000032444	-0.5314687236842399	8.772801295550021	-4.661702130557332	0.0019408955088237104	0.0023369582195471215	-2.196470429562982
ENSG00000184384	-2.0600544767714513	2.1006568025934937	-4.663157076669247	0.0019374133578342041	0.0023345830961902163	-1.5479896537278899
ENSG00000233836	-1.24099453487183	2.9163858924393518	-4.66726771724628	0.001927612224991389	0.002323602589182189	-1.6853872846075744
ENSG00000072501	-1.1170264748727519	8.85837869546371	-4.67050926256485	0.0019199216244683548	0.002315986972097329	-2.1813930109310524
ENSG00000113360	-0.7998694752173776	6.864353084050233	-4.677488382090604	0.0019034774890965209	0.0022977935771776965	-2.1316328610058095
ENSG00000130590	-0.6572759246806283	4.382601493045551	-4.683897740121777	0.0018885117406791281	0.002281360047637443	-1.9050503249958775
ENSG00000139687	-0.6622093655546255	7.872785725909686	-4.685625491167735	0.001884499575309363	0.0022773286415092376	-2.170520142590296
ENSG00000240764	-2.157693757689066	0.9591025745883665	-4.6856664876395815	0.001884404487296277	0.0022773286415092376	-1.3413736525381061
Novel00009	-1.4226515599841973	4.026732372230685	-4.696141600302318	0.0018602798091165386	0.0022512855365707323	-1.8373223981825788
ENSG00000130749	-0.5877515583470627	8.237189745174824	-4.696216880382625	0.0018601076657393733	0.0022512855365707323	-2.16302977640884
ENSG00000136861	-0.8420368893578951	7.106076879534408	-4.698029538645661	0.00185596791900532	0.0022476797411069456	-2.1198625768656356
ENSG00000230373	-1.4830406887887113	1.3660458555267452	-4.69843689118042	0.0018550389985826196	0.002247361429521637	-1.3846030954462618
ENSG00000115616	-1.9937145532012073	3.352972137643927	-4.709797327659745	0.0018293370919332608	0.0022207269141766104	-1.7072969324786005
ENSG00000107551	-0.6529936319425884	5.371555915581603	-4.7115136786990375	0.0018254880801144334	0.002217133470952519	-1.9769307204383875
ENSG00000184208	-0.688750153639611	5.226910889304806	-4.713005298886171	0.0018221502519838288	0.002213876467480532	-1.961376180145101
ENSG00000111424	-0.8624195807902826	5.04787304604325	-4.718556935207724	0.0018097859324469594	0.0022004388238111862	-1.9359018445549925
ENSG00000167011	-1.4509094149780979	1.9881416521114788	-4.71933061273454	0.0018080701548575406	0.0021991451703278087	-1.4550497888353844
ENSG00000155100	-0.5455790793872337	6.9085146470165135	-4.720591993227408	0.0018052766270296684	0.002196539249764912	-2.0770098182962453
ENSG00000145506	-0.7259606457023873	6.219032366538901	-4.721201553437774	0.0018039283557667609	0.0021956905744433806	-2.027732124389366
ENSG00000226330	-1.68410595055534	2.275726991409841	-4.721330905152771	0.001803642387955187	0.0021956905744433806	-1.5005080530832453
ENSG00000176532	-0.8753417904485881	3.106013576005736	-4.725254399343817	0.0017949919995755477	0.002186390977100324	-1.6425832542083514
ENSG00000068120	-0.5797846587761706	8.269691915971961	-4.727727378925715	0.0017895630430731194	0.0021813532179655723	-2.1206945739233705
ENSG00000187837	-1.1616348592345611	6.012347675191238	-4.728235691164718	0.0017884493731458834	0.0021807835869151466	-2.0046067734235296
ENSG00000213347	-1.1215172480143352	4.7402460301034	-4.730278317883334	0.001783981806670191	0.002176122420717724	-1.8863887091267628
ENSG00000115112	-0.9990045957630223	5.41899728619228	-4.7303904537832615	0.0017837369014028334	0.002176122420717724	-1.9560010942086485
ENSG00000116005	-0.6057491056777424	7.5695031339313195	-4.7328938035613675	0.0017782791654091055	0.002172307713283969	-2.095444436491251
ENSG00000173068	-0.8331214305397427	7.145639573598878	-4.733888198755	0.0017761162973393314	0.0021704514260133664	-2.074140363586472
ENSG00000168056	-0.6450928895160377	7.618859737641627	-4.734905586583923	0.001773906405138585	0.0021685363083107194	-2.0948081513231376
ENSG00000074071	-0.9756670101058873	8.491727676708871	-4.740801121482946	0.0017611598094148344	0.0021560788087683783	-2.0992987272763184
ENSG00000168393	-0.9212419574076183	7.616254379424988	-4.7449027568577415	0.0017523510431214722	0.0021468527303891965	-2.0813553800783415
ENSG00000103832	-1.998934062323881	0.6212944813787524	-4.746890883627705	0.001748098699302374	0.0021424209994356015	-1.2140208686381806
ENSG00000196586	-0.7219253977825018	6.5827548409126155	-4.753626780828131	0.0017337754406704705	0.0021264116091683632	-2.009174989423556
ENSG00000138185	-0.7769072522933778	4.6551708277210455	-4.754887973188333	0.0017311079713384803	0.0021239121073803754	-1.8438773651521005
ENSG00000130881	-0.6719617368079085	8.545113306613274	-4.757848116572898	0.0017248648279912398	0.002117792550816027	-2.0750827221193298
ENSG00000230316	-1.0552636564185036	3.847780196238144	-4.758930909026983	0.0017225873202452173	0.0021157661516226296	-1.7250179077870982
ENSG00000175322	-1.1356443011034343	3.5364461987504208	-4.7626764938680015	0.0017147344031947093	0.0021068877918350142	-1.6687358452891266
ENSG00000196924	-0.9232412094248605	12.332752784791925	-4.766012677116294	0.0017077729007097774	0.0020990986400709613	-1.8801267767154952
ENSG00000153179	-0.6592407111326901	7.354134414889423	-4.774575397772133	0.0016900469076580943	0.002078825470812399	-2.030531914599436
ENSG00000175591	-0.8954173123983753	4.017367212198769	-4.778803869994119	0.0016813679590291762	0.0020689042646843325	-1.7259045197055407
ENSG00000196550	-0.9908035403397948	2.7547613831826623	-4.7817692109906895	0.001675310775470196	0.002062203048681664	-1.5046444661830138
ENSG00000277443	-0.5840979463473754	7.555107746676121	-4.784276925385733	0.0016702070577058869	0.0020566710265327234	-2.0263757749471116
ENSG00000172009	-0.6109007111924747	8.835522055327386	-4.785665649253272	0.0016673880616666738	0.002054929484063599	-2.0283084190279386
Novel00090	-1.2492245102680348	3.0255259707913797	-4.7952811230539165	0.0016480121228985816	0.0020323073474633824	-1.5355258734243202
ENSG00000118412	-1.24956738239342	6.260827814488229	-4.79597510169037	0.0016466232951580387	0.002031337110736096	-1.930943253955677
ENSG00000175879	-0.8838466457168925	3.760048003599513	-4.800637276983505	0.001637326342503867	0.002022086046708656	-1.6556251805101931
ENSG00000146858	-0.5988714206959536	7.185053894623998	-4.806465310986984	0.001625785484011751	0.002009304111009395	-1.979690716149551
ENSG00000138111	-0.7520795851568574	5.787520811599678	-4.808644325353182	0.0016214934949491746	0.0020047339875260226	-1.8819226215369058
ENSG00000138468	-0.6720749914831403	5.0104216399160695	-4.810728078432232	0.001617400776226814	0.0020004069717702603	-1.8095337035910228
ENSG00000138744	-0.5387147613110859	5.992902557903184	-4.812801394808461	0.0016133398116297958	0.001996116070567998	-1.890884170853539
ENSG00000067992	-0.9017921233255848	7.144577443583931	-4.814342100629644	0.001610329312517358	0.0019931221938494373	-1.967082430275875
ENSG00000145687	-0.7162410980693723	3.8997213600378773	-4.824475575836801	0.0015906818196717892	0.001970249801605219	-1.6468120246800435
ENSG00000129534	-0.7503345829088959	6.800646974145028	-4.825485839872113	0.0015887375261703694	0.0019685642355118716	-1.929806318783153
Novel00260	-1.3247756617808477	1.717442763500015	-4.826509149187353	0.001586770786961558	0.0019668496088200943	-1.2713038365340479
ENSG00000083642	-0.6934968726200719	7.672111065450472	-4.8288805206292995	0.0015822234231338158	0.0019619337852456796	-1.9720256652803192
ENSG00000143889	-0.5392416619021247	7.269637405717815	-4.828925745131939	0.00158213683940804	0.0019619337852456796	-1.954483294520438
ENSG00000186260	-1.265629708483723	6.267089999792612	-4.829082535954704	0.001581836698763395	0.0019619337852456796	-1.8875370959553246
ENSG00000160401	-0.8847852774660554	5.143993409673697	-4.830789926363689	0.0015785723304335868	0.001959566976778117	-1.796864909234137
ENSG00000278535	-0.6386735479434646	5.887115389948415	-4.8317792046501555	0.0015766843102375495	0.001957943637372651	-1.8584762985617118
ENSG00000134291	-0.5868297830328704	8.557929194608619	-4.833784547311467	0.0015728647538638004	0.001953919616913278	-1.9739400378630547
ENSG00000100714	-0.5508169873420723	8.460768627591946	-4.836711724116744	0.0015673076215447165	0.0019477333020596218	-1.9727556318925394
ENSG00000105229	-0.5672168743648864	7.1258455653864905	-4.840720209419296	0.0015597326241191228	0.0019397485712414006	-1.9311551799718636
ENSG00000051341	-1.2930190417805427	6.72495048886036	-4.8464297633698195	0.001549012395113945	0.00192926091587835	-1.8965369458590535
ENSG00000171368	-1.136285071135179	4.478665709448297	-4.851335048342363	0.0015398668807323791	0.0019185786025077722	-1.6951335311677642
ENSG00000175066	-0.974880871829142	6.045256101172595	-4.852601356503484	0.0015375155942613358	0.0019163567103944392	-1.841832990203356
ENSG00000146950	-1.1786099093454157	4.591334814406555	-4.855764381731808	0.001531659688091439	0.0019097634100593182	-1.7029757408971733
ENSG00000080854	-1.0523454606303604	5.225265873369162	-4.861130176610924	0.0015217816201043642	0.0018988502907663182	-1.7648416326657
ENSG00000150967	-0.561497738822168	5.749329977642743	-4.862532876811004	0.0015192108984559733	0.0018963439035850733	-1.807934201963369
ENSG00000216775	-1.019993585369166	5.317366430532167	-4.869380499111956	0.0015067296094931637	0.0018821568687263732	-1.7627100913836582
ENSG00000141854	-1.1448147341796435	3.9430906774168184	-4.8826402959766195	0.0014828798445010545	0.0018530505908690956	-1.5773725379656574
ENSG00000198464	-0.7498368078624349	4.9301221691038855	-4.882846618003745	0.0014825120362179883	0.0018530505908690956	-1.7058137155301232
ENSG00000101945	-0.5682103930525608	5.437735438447858	-4.883109636222677	0.0014820433015520372	0.0018530505908690956	-1.7556001882663095
ENSG00000008256	-0.5612918768833168	6.375494056192741	-4.885945771024056	0.00147699925346068	0.0018482564686482443	-1.8198430675007193
ENSG00000248008	-0.6077963164797122	5.510375107360974	-4.891603750419007	0.0014669928438321733	0.0018386455628119438	-1.7508721606848932
ENSG00000133247	-0.617763053107887	5.544809272731305	-4.892084169362741	0.0014661466379263023	0.001838267839599905	-1.753060494194651
ENSG00000138623	-0.5356019404914818	9.264888288677884	-4.892478024885539	0.0014654533043153262	0.0018380815794646508	-1.8666994361509675
ENSG00000143815	-0.5624267005679844	7.791563697076231	-4.8937578239583495	0.0014632028643311165	0.0018359414147464438	-1.8911947025576499
ENSG00000187961	-0.5466459503877727	6.566456509190395	-4.895987445360226	0.0014592912942613166	0.0018330784910043495	-1.8198016293464558
ENSG00000099901	-1.0389361083902013	9.014930623588924	-4.909181529090885	0.0014363780319675223	0.0018069871289554138	-1.8576472184091637
ENSG00000100416	-0.6174296727428041	6.9840231032378455	-4.909348568656852	0.0014360904929139786	0.0018069871289554138	-1.8322826368800573
ENSG00000119699	-0.784338471475726	4.088731552102977	-4.912131981422548	0.001431308474546406	0.0018019532810147662	-1.5616204402404081
ENSG00000176087	-0.5417610658116994	7.855380281169669	-4.914574621441332	0.001427126338185519	0.0017973588148704521	-1.8661661231654465
ENSG00000179104	-1.4110298054171193	3.853250788621459	-4.915003625832662	0.0014263932114714866	0.001797106309001044	-1.5207496759523842
ENSG00000143850	-0.8973483217955449	6.342105672026982	-4.9160463585416085	0.00142461300857152	0.001795533915173817	-1.7781486743122148
ENSG00000131504	-0.6234661873049543	9.222349618693734	-4.920996209904737	0.0014161956413488443	0.001785591963344918	-1.8315967715999646
ENSG00000111602	-0.6707662221173329	7.793755966474621	-4.924030626040319	0.0014110625733519495	0.0017804462763529457	-1.8515856691928274
ENSG00000198740	-1.016772677217853	5.706067888607774	-4.925850053053356	0.0014079946134560634	0.0017772442296299133	-1.7216659181184548
ENSG00000188818	-0.8954759400944718	4.133744086854605	-4.9287634467852826	0.0014030972461290586	0.0017717253399848218	-1.546646889839435
ENSG00000119402	-0.5716637994739209	8.907151439565439	-4.9301772402660955	0.0014007274352575534	0.001770057815190631	-1.835030589998655
ENSG00000006740	-0.8861668029170957	5.877041139547753	-4.932530996499938	0.001396791809625736	0.001767069953384789	-1.725478126366804
ENSG00000169105	-0.7363512425370429	6.957625768177731	-4.934218811260885	0.0013939771656576237	0.0017641706515111862	-1.7980346567394871
ENSG00000106780	-0.8392926885566068	6.187553462570164	-4.937138946659864	0.0013891221906146757	0.001758686030444246	-1.7403942823455552
ENSG00000276449	-1.199804743717192	1.8266038046724797	-4.939538269977867	0.0013851470251969023	0.001754311585215596	-1.1424842728998064
ENSG00000094880	-0.5544727260319222	6.906271235421935	-4.9431692078611125	0.0013791551085188395	0.001747378646692664	-1.7827231156584809
ENSG00000179240	-1.280114956387406	4.9166998447756916	-4.949838860812304	0.0013682227224172182	0.001734830313955541	-1.6168149057024124
ENSG00000168807	-0.7995713090402345	6.855972138684475	-4.9625936697864566	0.0013475804757053028	0.001711873691652745	-1.753811492269099
ENSG00000214439	-1.8786529662258207	1.152650657346036	-4.97546256400234	0.0013271002504389895	0.001687763379186261	-0.9949818232522594
ENSG00000111554	-0.6117587391076871	6.064892188553372	-4.975978397615367	0.001326286495171464	0.001687763379186261	-1.6816704499369841
ENSG00000146267	-0.6721019701351709	4.836091858319908	-4.9801129603059	0.0013197838002910057	0.0016809930321562301	-1.568645581091645
ENSG00000160229	-1.3733527456008416	1.7603066933891038	-4.9840875923636805	0.001313565695153977	0.001674970013397399	-1.0750110443135252
ENSG00000172985	-0.9505244723018453	4.3736054443676045	-4.993152336096144	0.0012995046231202483	0.0016582937210316633	-1.4967921645544662
ENSG00000128596	-1.0434198132276702	7.0357510499955165	-4.993185856607252	0.0012994529350485767	0.0016582937210316633	-1.7260675448616203
ENSG00000127337	-0.6998405916980905	6.631292400664138	-4.993643163335446	0.0012987480015911551	0.0016582937210316633	-1.6969791440829232
ENSG00000077157	-1.3546651584047469	5.118100689218927	-4.993689077085165	0.0012986772492842187	0.0016582937210316633	-1.5811791240730333
ENSG00000131165	-0.6848459939784526	8.417347024468246	-5.00300298737547	0.0012844119919410884	0.0016427619639155543	-1.756069637700616
ENSG00000235750	-0.6638742172610668	4.843826677095305	-5.003003858733621	0.001284410665456269	0.0016427619639155543	-1.5398431415385678
ENSG00000231993	-1.3547832578649974	1.7590590579964172	-5.008013188346782	0.0012768097293501274	0.0016342777036522497	-1.0443070036038975
ENSG00000111664	-1.3079669901802797	1.73933634337052	-5.021818775900282	0.001256116766263435	0.0016114593039440416	-1.023671707005998
ENSG00000178295	-0.7887592799219165	6.149963942327265	-5.023254859938646	0.0012539855305333137	0.0016093370787445419	-1.6260215696980298
ENSG00000132825	-0.6457479267437609	5.661300934475957	-5.024240609921838	0.0012525249218420648	0.001608074233750048	-1.590400660383759
ENSG00000242498	-0.7807318119838644	6.0162287333641755	-5.029193629344574	0.0012452142079080433	0.0015992968167041258	-1.6094696902649774
ENSG00000109689	-0.6572980881880666	6.414964594221504	-5.0304646681728595	0.0012433457227347376	0.0015975051289059423	-1.6341999416803619
ENSG00000151575	-1.0060682712160207	3.5351155960638825	-5.034459248872218	0.0012374935713521783	0.0015905917370446668	-1.314087307012783
ENSG00000188827	-1.1040216814110488	6.5234785122108585	-5.035051235806104	0.0012366288800340383	0.0015900860675437673	-1.635702738579762
ENSG00000004399	-0.9523831543942443	8.060529971478552	-5.038860564986516	0.0012310806342381436	0.0015835554936788016	-1.710249485099573
ENSG00000113966	-0.627660931951854	4.821794735478568	-5.042447584196263	0.0012258812261181403	0.0015780706817713106	-1.4864555245678224
ENSG00000167674	-0.6414771984768279	8.393540632088092	-5.042693846891963	0.0012255251546677563	0.0015780706817713106	-1.7050906331009639
ENSG00000185163	-0.5499360358308065	7.166933672818802	-5.043269463675805	0.0012246933139346018	0.0015777454147443096	-1.6688849846061684
ENSG00000139515	-1.0939731636410652	4.462575702188966	-5.049549191167182	0.0012156585715047273	0.0015667043622066272	-1.435307745604467
ENSG00000081913	-1.078513976183186	6.719356545028772	-5.0496431873947705	0.001215523896344874	0.0015667043622066272	-1.6309967083465828
ENSG00000131196	-0.6403215745360953	5.178472677753125	-5.054070037942344	0.0012091997976345608	0.0015595719102519143	-1.5093127097280687
ENSG00000008441	-0.6623521074591583	8.245957103784416	-5.055252906677691	0.0012075161182798562	0.0015579959399909119	-1.6905711365925615
ENSG00000088256	-0.5302503408907073	8.21133023040833	-5.060802447519563	0.00119965136934386	0.0015490331879702193	-1.6832856128375386
ENSG00000149564	-1.079183135851221	3.664047952874819	-5.062208358514239	0.0011976678948986714	0.0015470641184487433	-1.2997957549275725
ENSG00000179431	-0.6731215355522169	7.4048623856963065	-5.067412116343477	0.0011903577390822736	0.0015387996213270464	-1.6494551737595629
ENSG00000074527	-1.1695220909674782	2.235728922121152	-5.070246449439515	0.00118639679523747	0.0015348553631638127	-1.0419635204447877
ENSG00000129514	-0.6949310571713925	5.238944503405307	-5.076358033664141	0.001177905240494387	0.0015250392484374756	-1.4863875380694864
ENSG00000145198	-1.0738622247526184	3.307121346200519	-5.076900403592187	0.0011771549012239246	0.0015246528355967455	-1.2206415845250724
ENSG00000065268	-0.8204026679707228	8.01556418950744	-5.079067855968167	0.0011741616003651725	0.001521944387104146	-1.657337643421931
ENSG00000285966	-1.3135685665756975	3.552386199429166	-5.080065521654104	0.001172786619929814	0.0015207463703471146	-1.2585623116698397
ENSG00000143434	-0.7011463322942877	4.544803996246216	-5.08216626132739	0.001169897180990101	0.0015178874201407712	-1.4035983963984293
ENSG00000144554	-0.8665063132065329	6.696567388304119	-5.089186219544161	0.0011602983970568478	0.0015086114804122562	-1.578403341213547
ENSG00000168411	-0.742555300641893	8.233549420495386	-5.09433761633027	0.001153309796223439	0.0015006815474191604	-1.6402142541863132
ENSG00000196576	-0.583923035055637	9.317711132619161	-5.09693953142203	0.00114979756556107	0.00149668865208451	-1.5983654184021558
ENSG00000130560	-0.6826774256735719	8.034910549505353	-5.098099564688353	0.0011482354781176434	0.0014952321509721842	-1.6333219801237515
ENSG00000167680	-0.7865536733034277	7.9378352747173535	-5.098254399088818	0.001148027156816878	0.0014952321509721842	-1.6307511481288532
ENSG00000137337	-1.27412828853819	7.36450129070367	-5.099165631381125	0.0011468019864333974	0.00149451908158605	-1.6068066936348142
ENSG00000272763	-0.6407126150850742	5.54603575145279	-5.099271663542116	0.001146659517618749	0.00149451908158605	-1.484551177241208
ENSG00000188986	-0.7484333400713705	9.417710472030036	-5.100746297573069	0.001144680163701826	0.001492907179099328	-1.5881482961570903
ENSG00000172534	-0.9969762313600317	9.706121093684569	-5.100907034287834	0.0011444646395919998	0.001492907179099328	-1.573159727760066
ENSG00000168785	-0.7925161145263875	5.112005784558763	-5.101460276955994	0.0011437231648733258	0.0014928131366663835	-1.4417146493205522
ENSG00000226137	-0.6222560989036614	5.734782610163632	-5.106100862345012	0.0011375244915770313	0.0014852970722062319	-1.4906048338154072
ENSG00000140350	-0.6714450225618407	8.955821126499403	-5.107278083727043	0.0011359579075088388	0.0014844004569848266	-1.603458313480278
ENSG00000070214	-0.6852470646768989	7.996394724097848	-5.115254649934817	0.0011254055296039454	0.0014711810371498303	-1.6104112136686108
ENSG00000153721	-0.6956919697749973	5.308486358112591	-5.118143786544418	0.0011216101109376218	0.0014667877962416807	-1.4393896308886651
ENSG00000157212	-0.9491963679211892	6.571071432029736	-5.119056176644518	0.0011204144489162316	0.0014657923034677646	-1.5310279408936536
ENSG00000151116	-0.6816499756420837	5.663997907818336	-5.123066318988281	0.0011151758954864998	0.001460071195720392	-1.4635653516931395
ENSG00000267374	-1.156515217745993	2.7141532415731313	-5.123215395444461	0.001114981674065789	0.001460071195720392	-1.0566973554841663
ENSG00000018510	-0.8084200862921769	8.029037431065234	-5.125845539378952	0.001111561164354725	0.001457034719709729	-1.5976054411655136
ENSG00000143494	-1.1907168167501005	4.3336415159633646	-5.129793796650441	0.0011064481336600465	0.0014520248941925307	-1.3159430687951987
ENSG00000125898	-0.8902747517452934	5.66187278086492	-5.130017963834685	0.0011061586136054892	0.0014520248941925307	-1.4545181237775981
ENSG00000197226	-0.617786454966458	9.101262100094484	-5.139531546952883	0.001093948102931555	0.0014378577714417868	-1.5552673923179317
ENSG00000110090	-0.5995624488147655	7.832011608830135	-5.142127154086677	0.001090642537529365	0.0014346307686643575	-1.570861323294519
ENSG00000103995	-0.9912585876802762	5.315181390767219	-5.145244548291431	0.0010866870078904529	0.0014299851656093558	-1.4054218714073095
ENSG00000122376	-0.571169771718238	6.922678483919524	-5.146486249423214	0.0010851158716636883	0.0014284748150578557	-1.5213868986348071
ENSG00000006576	-0.6989151859847658	7.038959062692548	-5.147975519386546	0.0010832347858379316	0.0014271121309711759	-1.526959995880981
ENSG00000160193	-0.5890669567686722	6.753671075258877	-5.150178068011253	0.0010804593487681732	0.001424011657321803	-1.5045439307747852
ENSG00000125901	-0.7465107021778579	8.618430216693753	-5.151370365741423	0.001078960202228405	0.0014225915288466737	-1.559470015202864
ENSG00000115365	-0.9007812180819421	6.702090871214573	-5.152635682501161	0.001077371751958579	0.001421052498478595	-1.497592158089617
ENSG00000156381	-0.9434486635114583	6.972914077260289	-5.155658724727075	0.0010735871192316456	0.0014188338974882773	-1.5131079650895431
ENSG00000173338	-1.2736552669379548	2.0747902600008366	-5.166154501795034	0.0010605604979094093	0.001402167366750136	-0.8945943417050461
ENSG00000116983	-1.0813976737032207	2.8057145850236047	-5.167405349660434	0.001059019690121888	0.001400679119745688	-1.0169646122539326
ENSG00000131591	-0.9360872996528391	6.169392024277291	-5.175752964487161	0.001048799985208216	0.001387706333369616	-1.4317212277785742
ENSG00000176155	-0.7339405723486268	6.761921408723827	-5.176125467817567	0.001048346483195033	0.00138765046461359	-1.4720936941093372
ENSG00000197582	-1.292392171781354	4.836427854040811	-5.17677070428823	0.0010475614553441934	0.001387155553505223	-1.316324190676589
ENSG00000140718	-0.6904442740264995	5.767625806337992	-5.177782798334517	0.0010463313951138732	0.0013860707212855156	-1.4015976992556407
ENSG00000183137	-0.8419354097758536	4.8983360436436145	-5.180041919912671	0.0010435914863580502	0.00138298416141872	-1.3189278176729404
ENSG00000177943	-0.8057777011649865	3.6474700179393005	-5.1844298648456535	0.0010382922748451268	0.0013765022142740503	-1.1415509181338432
ENSG00000204366	-0.7718666142357233	4.081278490599841	-5.186545718558418	0.0010357476202739221	0.0013742086003948931	-1.2078856370127316
ENSG00000148660	-0.6475882583671702	6.691228961105513	-5.187237509922488	0.0010349171222781921	0.00137364688063203	-1.4527369248044426
ENSG00000068489	-1.130997631928281	6.006039234206174	-5.1928617100743555	0.0010281924387385607	0.0013668720600094183	-1.399184325946587
ENSG00000140983	-0.6915036269134109	8.220242214149211	-5.195877733677764	0.0010246061316040481	0.0013631786624732091	-1.5104212100254566
ENSG00000072958	-0.5397487382907418	6.815878180960878	-5.200521611497444	0.0010191111114429645	0.0013580098301771571	-1.4450308198310209
ENSG00000177732	-0.5610458541869683	8.956612967130436	-5.201979075791959	0.0010173932263827872	0.0013566630531920134	-1.4825792620622957
ENSG00000168970	-1.2286172958016208	1.8230677537812956	-5.2022519273813455	0.0010170719765257002	0.0013566630531920134	-0.8096110132722973
ENSG00000111788	-0.7904025608536989	4.887990345002438	-5.214794801231184	0.0010024243479628098	0.0013384169964489594	-1.2737917945616086
ENSG00000119927	-1.1994562195411955	6.064777075718449	-5.214881884787874	0.0010023234681936536	0.0013384169964489594	-1.3751584610466425
ENSG00000204060	-0.6338565767054538	4.899756384081189	-5.21552168391992	0.0010015826521557651	0.0013384169964489594	-1.2741483304631958
ENSG00000122547	-0.8030842002843093	4.6402052099815885	-5.217576548911317	0.0009992074295607286	0.0013362369668402292	-1.242483948036675
ENSG00000198420	-0.9351418089438805	6.721716675104994	-5.22474096300198	0.0009909745393444516	0.001325752615284766	-1.4074313107389091
ENSG00000099814	-0.5751489146505975	8.99259017255207	-5.2539869076947845	0.0009581347027907694	0.0012843649134747937	-1.415115943435703
ENSG00000134504	-0.82087291030121	6.114890534835171	-5.258688513181964	0.0009529682579979405	0.0012779470995568567	-1.3231466342462523
ENSG00000093000	-0.7012339729180628	8.748013122969592	-5.26034698112322	0.0009511531611612731	0.001276527750898224	-1.416932669918383
ENSG00000029153	-0.6565863194524413	8.116730461932331	-5.26313247722078	0.0009481131762553402	0.0012729541809333536	-1.4248204682518013
ENSG00000137822	-0.8470196300076367	6.879968613599628	-5.266957533578884	0.0009439561120866336	0.0012693933528020334	-1.3655746227102323
ENSG00000082146	-0.5559620955840607	6.703146686944973	-5.2672415461908155	0.0009436482508815677	0.0012693933528020334	-1.352404941411459
ENSG00000161021	-0.7962146665289351	7.894469705127858	-5.269106627193705	0.0009416293096776984	0.0012672745476077201	-1.4119232153604049
ENSG00000070047	-0.5337442030062967	8.663291940619578	-5.280472373134455	0.0009294285177205384	0.001251353479165641	-1.394370804696094
ENSG00000279347	-1.514881226606931	2.2483120738509657	-5.281681819266219	0.0009281405187108212	0.0012501182076368506	-0.7789034478687702
ENSG00000163040	-0.9841424652980724	5.134445678978826	-5.284118356885796	0.0009255517074656268	0.001247129177711272	-1.2124629824655413
ENSG00000205268	-0.7002893035270361	6.437080760658296	-5.287892218706512	0.000921557713233331	0.0012422435974627484	-1.3076207941073248
ENSG00000187164	-0.7723569182188736	6.023276048324895	-5.291400756973509	0.0009178615788625227	0.0012392416835062632	-1.2759523521440421
ENSG00000091622	-1.2712971713332095	3.2329312174444267	-5.292291357000158	0.0009169259659667178	0.0012384740629190177	-0.936058434906232
ENSG00000164087	-0.6135690517368184	5.9838879800328115	-5.293013644220077	0.0009161679458850097	0.0012379457947200732	-1.271303001487527
ENSG00000113810	-1.5337389194092346	8.178762515141177	-5.296600797148835	0.000912413564443838	0.0012343558004945909	-1.3829826981121283
ENSG00000161048	-0.5765695842525558	5.686247312690281	-5.309923090025991	0.0008986181495431845	0.0012171568191725027	-1.228826905122344
ENSG00000163507	-0.8098565373916893	7.019002126018476	-5.3106914965854966	0.0008978295076753144	0.0012167351082972894	-1.3198882943447625
ENSG00000211451	-1.6559173500087878	1.1608548847535485	-5.312171386704642	0.0008963127981012453	0.0012154981434057885	-0.5765144738143286
ENSG00000167202	-1.0640752138168317	6.990662690115093	-5.312786156636632	0.0008956835646337745	0.0012151332316342402	-1.3155497036119357
ENSG00000135776	-0.7589696906841699	6.700956974590488	-5.315769370472891	0.0008926370831026416	0.0012119748564942908	-1.2912886024375902
ENSG00000165506	-0.5352966409103344	6.525804384497283	-5.317375789252212	0.0008910013359824835	0.0012102409450905393	-1.276727002709758
ENSG00000147231	-0.8674018267175105	4.977192168417405	-5.320145942792522	0.00088818837671546	0.0012078789129536323	-1.1510782612918602
ENSG00000186862	-1.1018519658335193	3.627032598148329	-5.320775806979189	0.0008875501487341732	0.0012074976620278632	-0.9672403972406087
ENSG00000275023	-0.5323664962620906	8.744152402283094	-5.323279959992343	0.0008850177477818899	0.001204538072213028	-1.3379686270341766
ENSG00000116151	-0.7537576907010193	3.8931031919143373	-5.3254518519239	0.000882827815813113	0.0012020423932822613	-1.0042131510573409
ENSG00000160867	-0.5387404185104767	6.590612406865795	-5.334696094242109	0.0008735734916745383	0.0011904026498020565	-1.2596216594482241
ENSG00000088035	-0.6227594558980414	5.394854813515217	-5.34138560922187	0.0008669434967222127	0.001181845397147776	-1.1652920142960577
ENSG00000112320	-1.033319705598176	5.316408622085435	-5.356084910558212	0.000852569335214068	0.001164131500207311	-1.1398924655468878
ENSG00000100364	-0.5390654130672594	8.189322965988977	-5.367499054851645	0.0008415891886943404	0.0011496040172691113	-1.294299758802599
ENSG00000253958	-1.027304256651866	3.6188532861544296	-5.369674460696278	0.0008395142714879213	0.0011472341644391442	-0.9052368650846274
ENSG00000035862	-1.2643849657469164	3.4904031690914605	-5.370113885536607	0.0008390958314363801	0.001147126959184095	-0.8834824724531485
ENSG00000178301	-0.9655841611837017	2.829474958933942	-5.372899529746596	0.0008364485697545289	0.0011439714123841834	-0.7651270609543293
ENSG00000108830	-1.6202742111554758	2.782729620002942	-5.374847404355228	0.0008346029414940267	0.001141910107299613	-0.754604885116291
ENSG00000117318	-1.1300956895638699	5.041767002141115	-5.379568992435814	0.0008301478371696903	0.001137198052217026	-1.0838753438120836
ENSG00000173269	-1.3194113340286031	2.749124422560186	-5.380017413394372	0.000829726092821415	0.001137081980982719	-0.7424129348409974
ENSG00000162595	-0.8330061992252524	3.423167710167059	-5.380086460566921	0.000829661174305431	0.001137081980982719	-0.85996024556274
ENSG00000151233	-0.6665242709817285	6.81504741013937	-5.385255449292054	0.0008248171611879838	0.0011326549051071458	-1.212937962403883
ENSG00000137338	-0.6093123691864228	5.194874360016546	-5.385810194617915	0.0008242991522807516	0.0011324044543140294	-1.0915679525732234
ENSG00000108785	-1.237462492203117	2.2101640580403874	-5.387972415545865	0.0008222835462255118	0.0011300955946903775	-0.6418122738648213
ENSG00000267383	-1.3763931528982067	2.8562240278171154	-5.395029732660144	0.0008157425674295004	0.0011220201477811392	-0.7425837358324028
ENSG00000155367	-0.8849175045317246	5.550144506764776	-5.39647847997906	0.0008144069400686857	0.001120639892247857	-1.1101753373101326
ENSG00000112739	-0.6890654709947475	7.533795440233203	-5.397082693117701	0.0008138506188090989	0.0011203312883973477	-1.2378991175822307
ENSG00000174516	-0.6309637156057457	6.13175019230391	-5.398247407001839	0.0008127794083923018	0.0011193133567002557	-1.149780113008461
ENSG00000063660	-0.6597173296014773	8.608228594894936	-5.4072040261591425	0.0008045936938432475	0.001109852462398658	-1.2377656811400186
ENSG00000132423	-1.0853622035891606	5.550780982840293	-5.409196082884407	0.0008027855054664152	0.0011082644416709022	-1.0944680708244494
ENSG00000261167	-0.9830976114940739	2.874330130849612	-5.410569696177143	0.000801541293650364	0.0011069997236088122	-0.7266816087926076
ENSG00000185090	-0.736423540651483	5.0651984335061435	-5.411686088617878	0.0008005316408850109	0.0011060580492817471	-1.0464613454732312
ENSG00000186716	-0.681789163168685	8.21394984852273	-5.419689109390381	0.0007933348164590044	0.001098363426644514	-1.229535715989277
Novel00875	-1.1639514323908573	7.438958583300574	-5.425596952478275	0.0007880679845005021	0.0010915194497966723	-1.198551936976421
ENSG00000134333	-0.5638857554198129	11.121690404207488	-5.428610122541688	0.0007853966392020016	0.0010891608140844856	-1.0839229060620408
ENSG00000121486	-0.6272508450118979	6.616570897712932	-5.430804137650082	0.0007834578180354983	0.0010873659720492682	-1.141964151039244
ENSG00000149499	-0.6701020727322886	7.452319436462698	-5.432174739499413	0.0007822493208089232	0.001086135476711649	-1.1909868385553644
ENSG00000105397	-0.5542054369358942	8.106828119383989	-5.43759921565842	0.0007774865855390103	0.0010813024483135288	-1.2068150327139096
ENSG00000102934	-1.2512864510047814	2.3698245982956294	-5.439431153425663	0.0007758853763286265	0.0010802112586429029	-0.6052110607597356
ENSG00000275342	-0.6857519965614749	5.785782477663343	-5.44283127890643	0.0007729231414892703	0.0010767310814966135	-1.0710188923634805
ENSG00000198728	-0.572563130923311	7.610090198625213	-5.446831222158879	0.0007694543308602957	0.0010723415581671367	-1.1794364923149372
ENSG00000138796	-0.6284386286026589	7.226915006527861	-5.447383446486088	0.000768976787072081	0.0010721188758600006	-1.1616195274744001
ENSG00000106785	-0.6250557503775713	8.57040163308707	-5.448000592046843	0.0007684434893645721	0.0010721188758600006	-1.1884176593336937
ENSG00000163888	-0.8543769766018956	6.877350761583765	-5.44876149029717	0.0007677865325033214	0.0010717880681283436	-1.1386683297093532
ENSG00000173253	-0.6889820855142759	5.701310320893452	-5.456725057867897	0.0007609479463732956	0.0010644437690976365	-1.0476116530469621
ENSG00000126216	-0.6098988388399418	6.77975531986148	-5.4599336973606185	0.0007582116333625373	0.0010614962867075521	-1.1179418792024114
ENSG00000163964	-0.62659323012429	5.8924394621236695	-5.460901844109567	0.0007573881399847866	0.0010607835551302075	-1.0562913151718423
ENSG00000177839	-2.0404845661453663	1.5584884184965193	-5.4612616389165005	0.0007570823551390683	0.0010607835551302075	-0.45229234460466206
ENSG00000104369	-1.4418260789548656	5.309209924925318	-5.46261088431653	0.0007559368643920169	0.001059630652454784	-1.0073637183882473
ENSG00000165527	-0.5249668077681378	8.99338218149839	-5.464414098972088	0.0007544089506642499	0.0010583683158175382	-1.1525904994620184
ENSG00000141576	-0.9078436481192882	3.271293054266672	-5.472467224204701	0.000747626863694587	0.0010492899492951485	-0.7204861206982338
ENSG00000185379	-0.6062864823009093	5.64064177235497	-5.4729264610630475	0.000747242145780251	0.0010491864335674436	-1.0230434369405526
ENSG00000158710	-0.769410578494889	8.15527454944936	-5.476146633959736	0.0007445506412536036	0.0010462781605954429	-1.1595334311610621
ENSG00000187486	-0.7607113172816238	5.1012104673582135	-5.477763620796775	0.0007432031656973898	0.0010448197837762472	-0.9686944198234766
ENSG00000130204	-0.6131354073099811	8.988228085716695	-5.478778024849689	0.0007423592139926595	0.0010448197837762472	-1.1351294272680823
ENSG00000162076	-0.8809116741931744	7.488011238283409	-5.481693392342874	0.0007399396150677204	0.0010424034493688888	-1.1313925102818754
ENSG00000064115	-0.5821984148716766	8.361534568728848	-5.485958102474917	0.0007364158280251671	0.0010391748238213776	-1.1465490381713375
ENSG00000105810	-1.2803567574773194	7.817044852493688	-5.490576844602455	0.0007326204342082195	0.0010346845311923535	-1.1335142507960612
ENSG00000162174	-1.322051943983156	2.0028695208524505	-5.497144899826234	0.0007272604168346706	0.001028408474813797	-0.4761847350239572
ENSG00000189057	-0.7511211918657024	5.831947561519979	-5.499442323003354	0.0007253957999610045	0.001027491783823858	-1.0047526504747326
ENSG00000101412	-0.8090356185781999	7.643633520061666	-5.512068892401255	0.000715241841864812	0.0010135346385770163	-1.100474287011168
ENSG00000211445	-1.0960768499890268	4.286129199998418	-5.512848444848855	0.0007146201183832664	0.00101307910900216	-0.8316292379184818
ENSG00000228716	-0.7807794080592831	7.862766064342535	-5.513186693462172	0.0007143505378973433	0.00101307910900216	-1.1073588384574418
ENSG00000177917	-0.7377604937569995	5.79396721355528	-5.522071475147843	0.0007073095896470027	0.0010056119890866637	-0.9742840100276409
ENSG00000186638	-1.1511136827778783	5.3782990054615825	-5.528017117158705	0.0007026407160311525	0.001000299483497514	-0.9334412867031769
ENSG00000137135	-0.819123012421183	3.999631086739426	-5.528595303027188	0.0007021885118755688	0.0010000776863943305	-0.7708415300519418
ENSG00000049541	-0.8130761316008428	7.045576353446256	-5.52892715830974	0.000701929110423643	0.0010000776863943305	-1.0511737005350117
ENSG00000001497	-0.5354590875529848	7.5436978038130595	-5.541151793584829	0.000692446959052598	0.0009878714756209157	-1.06078054302575
ENSG00000089505	-1.2878464570770833	2.8115964149403143	-5.543023091073301	0.000691008016479358	0.0009862356377332293	-0.5546048995931372
ENSG00000140807	-0.8713042051696265	5.799357189067862	-5.5481999339671235	0.000687044466319244	0.0009818246630076786	-0.9427756179023419
ENSG00000103266	-0.7960030631448483	7.736354455624274	-5.5490135594978955	0.0006864238199778182	0.0009813533765276096	-1.058889455008699
ENSG00000105063	-0.585724834452467	9.39415032293509	-5.554257666910871	0.000682438385930229	0.0009768973755318595	-1.0217869914960547
ENSG00000213949	-0.8736592949051971	3.2626551620785755	-5.5583066228401785	0.000679378761306618	0.000972930365300734	-0.6147372347634743
ENSG00000088367	-0.8803628514145787	8.26415443622265	-5.561222936107297	0.0006771844304569975	0.0009701996893256515	-1.0555112319707076
ENSG00000023171	-2.802221567416039	0.8640483628285613	-5.566021994173038	0.0006735905113631738	0.0009654606564738098	-0.2316481402149524
ENSG00000165792	-0.5870300033261033	6.415364678225903	-5.566112761414759	0.0006735227412666762	0.0009654606564738098	-0.9620305122747075
ENSG00000048028	-0.6142548551072045	6.98627682384231	-5.566747145822696	0.0006730492975814392	0.0009654606564738098	-1.0014224429300826
ENSG00000102362	-1.6036633802848423	4.278545290858239	-5.567442167369669	0.0006725310228657835	0.0009651721272433659	-0.7641702603636773
ENSG00000259768	-1.2223098188165915	2.7590906176352332	-5.567969870881985	0.0006721378114740568	0.0009650182876227523	-0.5155044650112979
ENSG00000106333	-0.645847037123457	6.486696398796086	-5.568418854607698	0.000671803457411568	0.0009649488570909453	-0.9640008214743174
Novel00839	-1.7370561240893574	6.140583334565333	-5.572692711399988	0.0006686299539656364	0.0009612089751512813	-0.9360511401853655
ENSG00000138107	-0.5025884881033935	8.344307069649489	-5.579377205358667	0.0006636996721470897	0.0009553424461707683	-1.0324424328320196
ENSG00000079819	-0.9193136044493659	8.667522050760937	-5.5800166940763205	0.0006632301171404989	0.0009550740141835439	-1.0234582812464854
ENSG00000133226	-0.6455951260776018	8.528790876050651	-5.582612553823886	0.0006613278364952089	0.0009535556069806986	-1.0245145628409507
ENSG00000142627	-0.5369075249316939	10.088919347702562	-5.584197388592034	0.0006601694175815696	0.0009526995786656185	-0.9494893652626848
ENSG00000100324	-0.5684795902004138	6.870630139909825	-5.585036814267443	0.0006595567577835072	0.0009522227217636086	-0.9712410037906007
ENSG00000186687	-0.9407831944779481	6.289705096700727	-5.586396562054421	0.0006585656726112941	0.0009511988781637441	-0.9290751089438105
ENSG00000284976	-0.9671439737075049	6.876110046121868	-5.58931984941122	0.0006564405398033104	0.0009485370565523865	-0.9664207124216881
ENSG00000060656	-0.6408173708097724	7.365175796251016	-5.589329229546654	0.0006564337329843348	0.0009485370565523865	-0.9943757488816125
ENSG00000100350	-0.9108883912236116	7.499112840508759	-5.5905164966275525	0.0006555728073460872	0.0009485002795822034	-0.9987568275643648
ENSG00000142065	-0.8162545852478358	3.706433344566282	-5.591955761676091	0.0006545308251848433	0.0009473989721894728	-0.6478450229804773
ENSG00000158321	-0.9512649399919617	6.751060957605688	-5.592150643191177	0.0006543898781196416	0.0009473989721894728	-0.9540300475516137
ENSG00000197275	-1.6218001137592437	3.231706476890115	-5.6064005061794555	0.0006441742046335124	0.0009340110728119771	-0.5514572307615806
ENSG00000177595	-0.7515060459021319	6.7985918137305195	-5.606438775112482	0.0006441470085602164	0.0009340110728119771	-0.9401618952087087
ENSG00000071894	-0.5593928863789905	9.003379076860766	-5.610217372181241	0.0006414679711203073	0.0009320899804306273	-0.9738387683856384
ENSG00000115425	-0.6804012560745383	4.402736742454384	-5.617001320180729	0.0006366890263305483	0.0009259434374307198	-0.7206319860641042
ENSG00000089876	-0.5401953136728039	7.002894834385737	-5.620740326928197	0.0006340719445767704	0.0009225350327736194	-0.9368321579367764
ENSG00000164236	-1.3315789943832135	5.704616761331479	-5.621791629726306	0.0006333382419595495	0.0009218650683224849	-0.8463832622133411
ENSG00000144647	-0.5605465201319078	7.171414153530679	-5.628417864393499	0.0006287353784934329	0.0009159555988932827	-0.9373544902294979
ENSG00000213672	-0.6089117057694073	6.874861905538966	-5.628692993622718	0.0006285450645150181	0.0009159555988932827	-0.918590348500703
ENSG00000146410	-0.6807648968882329	5.215145886547576	-5.634852118741366	0.0006243012903211754	0.0009106755527642221	-0.7887237743130697
ENSG00000117155	-0.8257015418832809	7.16335900061699	-5.637914024816621	0.0006222033824713484	0.0009080078773608691	-0.9254431844773476
ENSG00000160959	-0.5982973153581552	6.982410802010655	-5.643386413277158	0.0006184733135156336	0.0009037370982250965	-0.9081967943826301
ENSG00000196172	-0.8797147186569068	4.401809260938224	-5.646193576891179	0.0006165695186670975	0.0009017362618044158	-0.685346506849692
ENSG00000217801	-0.845207750424259	4.96253511360972	-5.64707113055821	0.0006159757011900949	0.000901258463059575	-0.7484243949970573
ENSG00000156928	-0.8488106728962794	6.829014808793078	-5.6481535688981745	0.0006152441157958457	0.000900578588587932	-0.8918490214980892
ENSG00000105649	-0.8403890782809555	3.3500453779569233	-5.652711203858107	0.0006121742931293625	0.0008964739865531551	-0.5161633345057544
ENSG00000056736	-0.6604628090855398	4.786518803291335	-5.664262405220422	0.0006044696089519045	0.0008863452675374732	-0.7086326899613766
ENSG00000162415	-1.614167827896757	1.8932458072101965	-5.668631643574528	0.0006015833576320307	0.0008832646860968109	-0.2547254203819733
ENSG00000102543	-0.7558638182028199	4.093293457723965	-5.6782706055904475	0.0005952698329604846	0.0008747562789236389	-0.6043007933331426
ENSG00000073350	-0.7852362322957607	7.245917478801138	-5.678704316008143	0.0005949874828363747	0.0008747223386012759	-0.880596567595405
Novel00922	-1.1543577341715183	6.1722266497144425	-5.6793967042148195	0.0005945370380770258	0.0008744411362126788	-0.8090679830431435
ENSG00000228253	-1.0684552081407217	8.234720228372998	-5.680606986732935	0.0005937505753575767	0.0008736652600333466	-0.9109144341467426
ENSG00000166133	-0.7139206451896882	6.509979507598787	-5.684794232488957	0.0005910385066693972	0.0008704338374083572	-0.8248306327832085
ENSG00000139266	-0.6843724126213555	7.12481809018277	-5.685688641755821	0.0005904609802046635	0.0008699630337163906	-0.8657478769251208
ENSG00000164638	-0.8371764781815552	6.1377627443366425	-5.688828422932973	0.0005884385442583946	0.000868120528346228	-0.7954938781217242
ENSG00000124608	-0.5848299343758327	7.03240449281108	-5.697003509137571	0.0005832086092284533	0.0008607812106460197	-0.8466335260586204
ENSG00000094916	-1.5711080903177832	8.159364578197302	-5.7002868924947165	0.0005811226059409978	0.0008588294666863454	-0.8869278245498089
ENSG00000184363	-0.5864687450196557	6.306552732086476	-5.706045249937986	0.0005774841285569331	0.000854575197259251	-0.785779572816252
ENSG00000185298	-0.7497683999147524	7.674156391695617	-5.7215598418908185	0.000567806053196782	0.0008421000542795351	-0.847721877915216
ENSG00000136720	-0.6306767166997123	7.69343132736428	-5.721634573566174	0.0005677598722746616	0.0008421000542795351	-0.848385103710454
ENSG00000133704	-0.9360441090672715	8.676857255413285	-5.722527256364185	0.0005672085547998592	0.0008419540976219643	-0.8510603559077623
ENSG00000103540	-1.0306116676418604	6.784982337818605	-5.726053982481925	0.0005650362556489393	0.0008394682195330344	-0.7950789541887291
ENSG00000110108	-0.9061189200520401	7.5201710794313446	-5.728132032936188	0.0005637605902010822	0.0008379419521314763	-0.8336152979101108
ENSG00000188486	-0.967088987747605	9.779021871689476	-5.72868316976364	0.0005634227961247831	0.0008379419521314763	-0.7915196267731757
ENSG00000166483	-0.7577686682757783	7.74846520377411	-5.729289349101036	0.0005630515252179482	0.0008379419521314763	-0.841368830808821
ENSG00000086200	-0.7298123860967394	7.089494981510733	-5.7293438285392195	0.0005630181710931962	0.0008379419521314763	-0.8113006047387756
ENSG00000257103	-0.5099622487110018	8.605594683058461	-5.733747805890172	0.0005603291374355097	0.0008350488117082199	-0.8399105874879158
ENSG00000175643	-1.096194148520072	4.42309116786859	-5.733846289825763	0.0005602691668268093	0.0008350488117082199	-0.5830680123303882
ENSG00000166147	-2.424495335717165	0.21381092544518937	-5.733914748290746	0.0005602274840576896	0.0008350488117082199	0.042557323244098555
ENSG00000146072	-0.694309305989087	6.283049399920846	-5.739536497956078	0.0005568162300199663	0.0008312822832244984	-0.7441807114767407
ENSG00000183665	-0.6718346725738966	5.619708236135618	-5.740203975830409	0.0005564127382187108	0.0008310476222885924	-0.6976153497735718
ENSG00000065054	-0.8249436958573799	7.44019230086742	-5.741242493288606	0.0005557855962593216	0.0008306365993690433	-0.8145851260232897
ENSG00000124496	-1.1134039884501234	6.634885035814678	-5.743122199134658	0.0005546524667718761	0.0008298879924116675	-0.76371189521074
ENSG00000026025	-0.8694167025053261	4.598020140235836	-5.744039595548624	0.0005541003691276572	0.0008294297450917106	-0.5919600850519755
ENSG00000101224	-0.5519082792765753	7.609707692961862	-5.744077989020345	0.0005540772768616631	0.0008294297450917106	-0.8182385649842265
ENSG00000040608	-0.9868284510364296	5.361752708306746	-5.748887436909358	0.0005511929868228634	0.0008261773156554159	-0.6655019200516552
ENSG00000214114	-0.7611419891571218	5.696109540364642	-5.750387814470271	0.0005502965984276468	0.0008252003213755023	-0.6913610517792774
ENSG00000178209	-1.3198548349071721	11.123619587953264	-5.752591432892643	0.0005489829918462478	0.000823596538234433	-0.6906303233717903
ENSG00000074410	-0.9037754199927006	5.833278609611842	-5.753781096940692	0.000548275261826809	0.000822900682119063	-0.6973811561614047
ENSG00000204789	-0.8693707348400919	4.503641713092384	-5.759890817367696	0.000544656489306986	0.0008185616903883166	-0.5620886396012921
ENSG00000184260	-2.191795630083666	1.8225659282034345	-5.761358282458692	0.000543791261048487	0.0008176255413447394	-0.1352960767789817
ENSG00000137834	-1.6316248606082875	1.3721422980695983	-5.766500649840936	0.000540771284125405	0.0008149005415985334	-0.0648216612866257
ENSG00000176396	-0.7606159975037956	6.956434439854958	-5.77288550340791	0.0005370474665772694	0.0008107374282915914	-0.7512305658362992
ENSG00000173621	-0.935869319440024	7.2925723661353885	-5.777417110058913	0.0005344217581783554	0.0008077031623130154	-0.764826504196682
ENSG00000178695	-1.0622723179395548	6.1071323115034835	-5.783200559766232	0.0005310913520730662	0.000803543597262119	-0.680755613388734
ENSG00000184661	-1.6636677174083685	5.837681130322829	-5.787416222434667	0.0005286782544762434	0.000800251426919177	-0.6576810511393951
ENSG00000115507	-1.143231987317329	4.258703898891682	-5.788122934599066	0.0005282749144370084	0.0007999998031016456	-0.4971129983504765
ENSG00000155034	-0.9589305155373893	6.20867426686087	-5.793162777144037	0.0005254084086476131	0.0007963737514721684	-0.6755220931548873
ENSG00000168763	-0.6785866269967755	6.913067231480409	-5.7965641784809865	0.000523483544053397	0.0007941697291529503	-0.7200600928152996
ENSG00000259781	-1.124351160311826	6.681855892000026	-5.800028550831602	0.0005215310765978995	0.0007915635863433705	-0.6993735705727149
ENSG00000168040	-0.9867187727299775	5.771981430223913	-5.807179739205261	0.0005175262569263756	0.0007861925217782941	-0.6294763833336816
ENSG00000146243	-0.7967801065344489	4.770483080704855	-5.812904130989938	0.0005143450385970763	0.0007838302440047585	-0.5297514582186116
ENSG00000114745	-0.6550835027181376	6.65733507059612	-5.815839953498282	0.0005127219284600311	0.0007817097996494103	-0.6788392261785621
ENSG00000160392	-0.6116509199038722	6.355033009147872	-5.8166721822685465	0.0005122628529528677	0.0007813629592508931	-0.6571605123201048
ENSG00000197576	-1.4996919555603598	1.4179568893642154	-5.820596167387109	0.0005101044288963474	0.0007784225884650729	-0.00856381863921829
ENSG00000072210	-0.5598403874317857	7.319317880282008	-5.822028451980663	0.000509319101262262	0.0007775758586691727	-0.7130939435495334
ENSG00000145214	-0.6534635011771623	6.54878070135063	-5.823588485691704	0.0005084652531916505	0.0007766237049654273	-0.662012476271066
ENSG00000206527	-0.6024394675247233	7.693043009527681	-5.824355831422519	0.0005080458468529488	0.0007763345503993882	-0.7260028422158165
ENSG00000117602	-0.6718996495407312	5.3644644881696255	-5.827979952774166	0.000506070196602421	0.0007740167014218352	-0.5719142699840924
ENSG00000119787	-0.5781956240190862	7.641354124895933	-5.82841350223295	0.0005058344229070212	0.0007740069582259816	-0.7191835535638056
ENSG00000166086	-1.2197718766127643	2.378951169139795	-5.828966980590435	0.0005055336062318116	0.0007738976349483358	-0.14293899026730283
ENSG00000169139	-0.6727206154098173	7.41914274726929	-5.8346560251587745	0.0005024530704370175	0.0007702301952087673	-0.7025748552560342
ENSG00000171798	-0.9078176375165552	3.9485058192061437	-5.840738663315501	0.0004991824161505582	0.0007668786473000719	-0.3896064395986434
ENSG00000105339	-1.0395831879198587	4.719165938330055	-5.850251388849386	0.0004941146231054244	0.000760211007003056	-0.48008320234876933
ENSG00000070087	-0.5496107417238161	7.954786960129769	-5.85524989115924	0.0004914746166852625	0.0007568395055664426	-0.6987855493837705
ENSG00000068137	-0.9874104096712166	6.7087695765320285	-5.856398577891294	0.00049087013987416	0.0007562538136691397	-0.6346541652189908
ENSG00000168502	-1.2830140725421044	8.290296592703955	-5.870129707618273	0.0004837078522912814	0.0007459004998312538	-0.684835333825113
ENSG00000075336	-0.581525698091343	6.5118187277003905	-5.8798668654564175	0.00047869911168172845	0.0007388521513330979	-0.5930487021275512
ENSG00000173083	-0.7244927763255191	5.754203817968013	-5.885872428522882	0.0004756385811295048	0.0007348006285398119	-0.5353625115753315
ENSG00000142208	-0.5973799053923923	8.584556427561385	-5.886419981742976	0.00047536062082141004	0.0007347076200876946	-0.6594196605612979
ENSG00000167470	-0.5318941066078899	8.547650008431454	-5.896159773349326	0.00047044629540483613	0.0007291161234248586	-0.6490244057446626
ENSG00000188976	-0.5597936855185903	9.130076269390244	-5.901364054327769	0.0004678435378270994	0.000726082841135526	-0.6202115263893111
ENSG00000168887	-0.6216911045511448	6.154422315371552	-5.908880827422141	0.0004641124157562847	0.0007212875590795507	-0.5355537450467436
ENSG00000178921	-0.8764302932898609	8.726155340033497	-5.915691171437061	0.00046076043574266043	0.0007164081613805237	-0.6205438443936488
ENSG00000164050	-0.8295616701991007	6.551288615935791	-5.916697020449822	0.00046026764785563	0.0007163021420041032	-0.5525747587813985
ENSG00000133275	-0.6510018578820578	8.80686150320031	-5.92051433868227	0.00045840277232352323	0.0007137290972863716	-0.6119801040184019
ENSG00000265763	-2.872310040172773	1.2802034357168017	-5.932392762037647	0.0004526532284390971	0.0007060804404778148	0.13810397471681313
ENSG00000178685	-0.8564912804325004	6.371106276705345	-5.935906195108226	0.0004509679814436697	0.000704102716053189	-0.517973514153141
ENSG00000203993	-0.7700643024231777	5.1760004256803205	-5.936970814125521	0.0004504587035952297	0.0007039590856555373	-0.42663397367453904
ENSG00000160818	-0.5943225070684681	7.483936539832488	-5.9380372843978515	0.0004499491799792068	0.0007034886623029859	-0.5837635728595547
ENSG00000180447	-0.8235974894362372	4.205919901087432	-5.939201374217095	0.00044939374696823924	0.0007032720325931536	-0.31275300183137755
ENSG00000134243	-0.9426929894455052	8.179427818170437	-5.953115059985553	0.00044281354900205797	0.0006936178803774112	-0.5875678634239394
ENSG00000137831	-1.1343809937055394	4.633746738994078	-5.957774582915812	0.0004406338787107819	0.0006908451239638374	-0.3447126513390293
ENSG00000070159	-0.7537167312674935	7.354791052025094	-5.972156211489455	0.0004339810664402329	0.0006813644105022549	-0.5383189558338364
ENSG00000198105	-0.7011142064643385	5.463331474826342	-5.979402236740634	0.0004306714171286851	0.0006771134023262738	-0.40329125898668483
ENSG00000075234	-0.5719774693232464	6.767716172253991	-5.983937081614513	0.0004286143682632889	0.0006741934165595976	-0.4896175684105053
ENSG00000148384	-0.546280786558853	7.568814280692587	-5.984505863693837	0.0004283571339611112	0.0006741645720022333	-0.5330583502727624
ENSG00000118246	-0.5994408934026989	7.357900204055806	-5.98710959923007	0.0004271817684572457	0.0006731953698153886	-0.5210525468148557
ENSG00000135324	-1.035405200639834	4.187110666361205	-5.9880432314820355	0.00042676118516023307	0.0006729543320618764	-0.2534574711717399
ENSG00000164941	-0.8566663933227483	8.14407903762677	-5.988770230703842	0.0004264340043765889	0.0006729543320618764	-0.5458628346241285
ENSG00000197191	-1.377977522849057	3.2545674222933654	-5.991763356613395	0.00042508989963759545	0.0006711527006912714	-0.1022081329483564
ENSG00000178188	-0.5507259044085009	7.145776464374112	-5.9923719701130205	0.00042481716907059365	0.000671036108822183	-0.5043595938967433
ENSG00000183048	-1.279719087919199	5.120895326555998	-5.994014214489401	0.0004240822188176339	0.0006701889490822935	-0.35483938043981045
ENSG00000085788	-0.7712197219922832	6.758168961404384	-6.0008195304584575	0.00042105165795105917	0.0006657114779413653	-0.46931006546957565
ENSG00000139083	-0.6497407936200377	5.2204333710351705	-6.00264996264724	0.0004202406338195911	0.0006649391575968666	-0.35446279673749537
ENSG00000144824	-1.291339378838492	4.29345694275057	-6.004482989546926	0.000419430197697234	0.0006640814110889102	-0.24887119064989172
ENSG00000167461	-0.7082755639763603	5.639279307224909	-6.019166471914165	0.00041300045799972426	0.0006557475507252093	-0.37146090677646093
ENSG00000151276	-1.1317619371395953	6.300641534600174	-6.020632809354863	0.0004123643983596851	0.0006553544418584916	-0.41484529177154794
ENSG00000183765	-0.6511241724556038	5.910922952768789	-6.0207318899101585	0.00041232145899805397	0.0006553544418584916	-0.3892501700971982
ENSG00000213839	-0.7870107339498835	4.779694209533956	-6.027781652825707	0.000409278950615318	0.0006516787066427952	-0.27991364954169384
ENSG00000198113	-0.789220450853783	9.723417835823804	-6.033149341336154	0.00040697909997917237	0.0006486289481954311	-0.4361591591102565
ENSG00000137513	-0.6389956317038337	5.800406317139796	-6.038988690526435	0.0004044934448804186	0.0006449720619218017	-0.36051814980583785
ENSG00000204371	-0.6374792423151554	7.784154968925425	-6.04181303822648	0.00040329724807281137	0.0006436730912950168	-0.47503558200366136
ENSG00000166974	-0.5957760217392005	6.594656149068614	-6.047645021512928	0.0004008396372842652	0.0006415716016115326	-0.4033468898362198
ENSG00000179387	-0.6028655739464304	6.244153364683972	-6.048954899637529	0.0004002899418168742	0.0006409958536735328	-0.37848238438264126
ENSG00000186854	-0.7035881382421403	6.897869210664805	-6.0506738726756835	0.0003995698378449222	0.000640146549329899	-0.4214940575337405
ENSG00000136153	-1.0167074052893739	6.558215273584161	-6.051368304569862	0.00039927933784088656	0.0006399850289193117	-0.39651620908351326
ENSG00000105429	-1.3336446624260319	6.277593324209727	-6.052160506940102	0.00039894822413163365	0.000639758226340367	-0.37693709523828556
ENSG00000136213	-0.6109610348945465	6.845682358067482	-6.05724732868447	0.00039682935702595293	0.0006369658661301452	-0.41026631996683527
ENSG00000126870	-0.617892057482524	5.357199649676135	-6.0607076510350035	0.00039539513623876565	0.0006352681855569502	-0.2999721543572642
ENSG00000168135	-1.7090669514927854	1.472334383422487	-6.063494136742211	0.0003942443887108091	0.0006340231494329218	0.2602058997104466
ENSG00000099284	-0.7349022972695431	6.978563258574497	-6.068103505762729	0.0003923489936673987	0.0006315770537375015	-0.406859103229694
ENSG00000168010	-0.7043552097803305	7.00098436969482	-6.071223703181229	0.00039107169829890334	0.0006298214367830548	-0.40462717916026136
ENSG00000157657	-1.3396661957890963	7.360791565233439	-6.07731569382837	0.00038859114922603033	0.0006270236908123512	-0.41680346118052913
ENSG00000138780	-1.1818971756533374	5.9605579251393435	-6.083090468574621	0.00038625589088824974	0.0006241510420770855	-0.3207360717018011
ENSG00000185697	-1.213024514382485	5.021474699255929	-6.084547158710129	0.00038566928562415545	0.0006235017583593198	-0.24048755767847574
ENSG00000125817	-0.7143133934966333	9.08435981514053	-6.084557178744148	0.0003856652540114102	0.0006235017583593198	-0.4096689683905268
ENSG00000090686	-0.648506970823159	7.808824091016644	-6.088412497292606	0.0003841175151705802	0.0006221855478567151	-0.4221822312478727
ENSG00000132361	-0.5606102321261837	9.992455176083526	-6.0887842715304	0.00038396862949030536	0.0006221855478567151	-0.3583598714538905
ENSG00000034693	-0.5888495445798574	5.461279340845564	-6.096081284616224	0.0003810593087209841	0.0006178251358119176	-0.26848608361169823
ENSG00000148730	-0.7666235666835322	7.585035383644711	-6.09670427317722	0.0003808120598842453	0.0006177211009853094	-0.404004944081116
ENSG00000167880	-0.6727828092953265	7.242187327835572	-6.0976944893374805	0.0003804194341195606	0.0006173810344970647	-0.3877407554392214
ENSG00000110697	-0.6700558307105506	8.501292901756647	-6.098132494435422	0.0003802459063305988	0.0006173810344970647	-0.4155861781556389
ENSG00000158435	-0.6229777808215182	7.683954840270494	-6.098856645612129	0.0003799592067216365	0.0006172279073080412	-0.405442286605707
ENSG00000187372	-0.9752590162411492	6.099675933166561	-6.1007508761505544	0.00037921039451045924	0.0006163082230627599	-0.3095859870884592
ENSG00000123191	-1.1496336776241565	5.909373649964849	-6.104844498163962	0.0003775977297225689	0.0006139830072693723	-0.2923032894738995
ENSG00000205531	-0.6163513280785953	8.685885425620182	-6.105050244560791	0.0003775168781412693	0.0006139830072693723	-0.40213087861929786
ENSG00000236088	-0.858792252759125	4.991237557680831	-6.1053628488979435	0.0003773940717042107	0.0006139830072693723	-0.21352061319935256
ENSG00000144283	-0.6389177426990846	7.212657983816687	-6.110029055330643	0.0003755662208952944	0.0006118592126029567	-0.3720359024500155
ENSG00000132600	-0.6219703904610423	6.678888138065784	-6.1120551716054115	0.00037477561299287476	0.000610866144076309	-0.3352559030327429
ENSG00000169221	-0.5301205326461922	8.35220619770429	-6.1137747146516475	0.0003741060829903616	0.0006100695621118802	-0.4007377244788035
ENSG00000139835	-0.5818970788287068	5.558291052841279	-6.1182276306075485	0.0003723784411291355	0.0006077180553213611	-0.2511218453359616
ENSG00000134253	-0.8580856623509892	3.6235513288350316	-6.127906905724744	0.00036865357014436334	0.0006023424434223158	-0.007101824290402625
ENSG00000112640	-0.794170013212181	6.933525392439899	-6.128995020224217	0.0003682374266232793	0.0006019540103812715	-0.3339761831094785
ENSG00000165025	-0.6096036421046929	7.675150957540855	-6.132920698296095	0.00036674040493124907	0.0005997974436442241	-0.3660425805432821
ENSG00000138735	-1.653859911208444	4.5175842622594	-6.1348835886398385	0.0003659944114585489	0.0005991582456385949	-0.12760792793562103
ENSG00000161681	-1.505257861864532	10.366879737140977	-6.1431552498198005	0.0003628692498816314	0.0005954867943096421	-0.27561669618901163
ENSG00000006634	-0.6264728722898534	6.727862559089257	-6.143603078989833	0.0003627009012419808	0.0005954867943096421	-0.3027184050326923
ENSG00000069974	-0.7713528917481813	4.683882530915889	-6.1494620266300055	0.0003605063734333265	0.0005930514402555064	-0.13005341202370868
ENSG00000162676	-0.7844120061727136	4.5604694946663304	-6.14963569133578	0.0003604415511199778	0.0005930514402555064	-0.11577906269373006
ENSG00000122642	-0.6547833705538695	6.928515617747429	-6.156160168493405	0.0003580155754661375	0.000589816675597045	-0.30258861098080914
ENSG00000134779	-0.5771001882812588	8.028945456805378	-6.159812396530359	0.0003566655043953355	0.0005881668679520342	-0.34700980935071524
ENSG00000110042	-1.0161765619506031	5.693885066353178	-6.166666658366873	0.00035414702599216813	0.0005853768799498125	-0.2063965119016169
ENSG00000175513	-1.5702746065630766	1.5946217224354684	-6.16941605262493	0.00035314236838664446	0.0005840697798708521	0.3615956339174531
ENSG00000138778	-1.9091967331707291	6.0494023799901395	-6.170919619907276	0.00035259428913565755	0.0005834493043372774	-0.22617059248394167
ENSG00000128872	-1.178832980738851	6.17157936763907	-6.181199806040649	0.0003488721952705732	0.0005784249566795647	-0.22239850939567773
ENSG00000149136	-0.5594871100814895	9.794914037681249	-6.182868589213028	0.00034827211759709054	0.0005777139256502378	-0.26092887889253724
ENSG00000206053	-0.6407260287354246	8.14740601553997	-6.1842933152234005	0.00034776070819001034	0.0005771493504343802	-0.3209065619156277
ENSG00000111252	-1.3157628128157661	10.772641801349351	-6.186874295216714	0.00034683638249313	0.0005758985996711716	-0.20386666399450704
ENSG00000088305	-1.3154422161192398	5.522542583219272	-6.188872771273688	0.00034612254455192767	0.0005749962901615973	-0.16783319195149815
ENSG00000158941	-0.5301891910094145	8.43197768984392	-6.192322177665799	0.000344894285822576	0.0005733994299537997	-0.3097619846698061
ENSG00000145861	-1.824279318649495	3.068672139281219	-6.194213193626263	0.00034422299268016266	0.0005726865765793239	0.15943993018244385
ENSG00000145284	-0.540256764662133	7.804584584677154	-6.202153233118681	0.00034142016069950003	0.0005683037110015358	-0.2920326917636791
ENSG00000204104	-1.1077569508671505	6.3096146173794425	-6.207648867813061	0.0003394950611480384	0.0005653782508951043	-0.20123141596025285
ENSG00000141404	-1.2440499358942594	5.818028349114153	-6.212847686400446	0.0003376850363383597	0.0005629196208525819	-0.16305351292306725
ENSG00000071564	-0.6290481759865596	8.971737207269639	-6.215571494614447	0.0003367409978040405	0.0005616233942614101	-0.2652308683522415
ENSG00000136636	-0.8537700468140246	7.553470151627404	-6.219585555313893	0.00033535511698316335	0.0005595886076662676	-0.26247844876652326
ENSG00000126583	-1.1405892155179789	4.4131898648496986	-6.225606459578288	0.0003332882337707142	0.0005566903469021731	-0.012098494189850761
ENSG00000186907	-0.9725941402716076	5.941287863606426	-6.227606183267162	0.00033260489577621304	0.000555824129940041	-0.1547415653526194
ENSG00000116667	-0.6872136385437209	5.9936355781917054	-6.2349758436629426	0.00033009997860450926	0.0005524589919700467	-0.14992476953273925
ENSG00000185453	-0.8815831207399016	5.603343461955203	-6.2358740664514505	0.00032979611306635287	0.0005524589919700467	-0.121004442087151
ENSG00000281376	-1.1622541350505111	3.5699296618926537	-6.238711336425701	0.00032883831574441767	0.000551167648942705	0.12632691852976752
ENSG00000111450	-0.6786013197037981	6.4001365925817435	-6.248042677410183	0.00032571001591109573	0.0005470112462339656	-0.16144514384717912
ENSG00000068078	-0.622300379064181	6.099999189557979	-6.2508808233204345	0.000324765111024345	0.0005465484539526777	-0.13887845449060165
ENSG00000070413	-0.6105590258477465	7.84934565030157	-6.251645760271407	0.0003245109620599029	0.0005465484539526777	-0.23752827680055688
ENSG00000116497	-0.604784055233659	6.398410020561678	-6.25288712524313	0.00032409899125011274	0.00054648175736026	-0.1558667745951663
ENSG00000156973	-0.7846142277607138	4.616883967617878	-6.253482111570342	0.00032390173980789564	0.00054642223505592	-0.004807849597147751
ENSG00000006744	-0.51926283185548	8.920128272844027	-6.254375664123545	0.00032360575763292306	0.0005461960111323073	-0.2236209235230655
ENSG00000092445	-0.5331780850926657	7.774432569985309	-6.259386304750142	0.0003219515845530087	0.0005436759991400658	-0.22614868890093387
ENSG00000169918	-1.1273598741428894	3.2031023634152156	-6.261283963144323	0.0003213275633284915	0.0005431659311975603	0.21174589993951543
ENSG00000247092	-1.4237395037781893	4.398494295493184	-6.261413381337724	0.00032128505479164825	0.0005431659311975603	0.02995630088738288
ENSG00000144677	-0.5748144799918808	6.95578195400765	-6.263398147639953	0.000320633923680039	0.0005425370403693338	-0.1828441074290419
ENSG00000154146	-1.2975076954333975	6.443933964071501	-6.268564975519147	0.00031894574339357495	0.0005402223585391174	-0.1411757922955541
ENSG00000134824	-0.8344683951549445	5.946497068869043	-6.271564074972866	0.00031797036989605665	0.0005393826184159352	-0.1055236507647157
ENSG00000197451	-0.8481835939145164	10.11645873129883	-6.276572485964826	0.00031634891040318203	0.0005374427108259498	-0.13813998352049506
ENSG00000166813	-0.601454511308094	7.460964151388265	-6.288304359981647	0.00031258662575991985	0.0005323913555345631	-0.18108555804485071
ENSG00000235173	-0.8798240641376793	8.237922220758275	-6.297445358266682	0.00030968969085964687	0.0005287920126318059	-0.19330532765846886
ENSG00000154822	-0.9923010561304402	5.47896453258272	-6.299890761045283	0.00030891977351785833	0.0005277444637211413	-0.039047274262280496
ENSG00000119397	-1.1116358179868309	6.494359634828514	-6.306973866118828	0.0003067016970718589	0.0005247522950915071	-0.10138055893156572
ENSG00000104783	-0.6975726435583507	8.775311184218916	-6.308122093456096	0.0003063438007170288	0.000524405877026512	-0.16858769638743443
ENSG00000242082	-1.0674811829267812	2.5326001365344415	-6.309316062852407	0.00030597213941192054	0.000524301675152778	0.37645258394292824
ENSG00000130511	-1.033481018003898	8.003480724811627	-6.31094950260641	0.0003054644910474753	0.0005236977605661492	-0.1753778783426272
ENSG00000188811	-0.8405135983193288	5.668769159013934	-6.3154289010829	0.000304077162665173	0.0005218496169035064	-0.036680250282743465
ENSG00000214826	-1.197539608410132	5.405048255035876	-6.3188258670742234	0.0003030297505452686	0.0005205816590324522	-0.01138754020359034
ENSG00000284727	-1.244734009059715	3.0154876839835145	-6.323362175108204	0.00030163728945690555	0.0005184534970084561	0.3123257642198807
ENSG00000118257	-1.3139689602359783	3.8553954640398267	-6.325545666634653	0.0003009695856129864	0.000517569511650467	0.1787367805945692
ENSG00000143476	-0.6796013808521781	7.497908285590311	-6.32819244285017	0.00030016241455066347	0.0005167081564764992	-0.1378451372545495
ENSG00000140326	-0.7449022459997057	6.445148401847385	-6.329120207401303	0.0002998800501521005	0.0005167081564764992	-0.07329790680778192
ENSG00000178999	-1.0931989244431675	6.804952414798339	-6.32972411101585	0.00029969641134870115	0.0005166968277417054	-0.09787774809828065
ENSG00000164877	-0.8533817572973188	4.360338364254177	-6.330604869554065	0.0002994288090007501	0.0005164993873049749	0.11205162665304247
ENSG00000185480	-1.3836271763085843	5.170425713409243	-6.332655888853082	0.0002988066740203224	0.000515689881403871	0.025295790703601995
ENSG00000115459	-0.8357973693058023	4.76642836240995	-6.334815797488921	0.00029815306383608995	0.0005148251982512629	0.0696309534653885
ENSG00000140525	-0.9394012961522238	8.226054077984797	-6.3354029023241045	0.0002979756750218534	0.0005147823489624851	-0.15067901336932543
ENSG00000131462	-0.9227877043829116	7.014543988217243	-6.335410759423089	0.00029797330186143785	0.0005147823489624851	-0.10557828942605418
ENSG00000215883	-0.9311107406337324	4.864873359611899	-6.337467682074967	0.0002973527510416464	0.0005144965035971871	0.061946738243997324
ENSG00000187514	-0.9245630931967632	11.733026591940003	-6.337689092870083	0.0002972860396088395	0.0005144965035971871	0.012319777405731536
ENSG00000137628	-1.7732605052044574	3.2796310473930936	-6.337795833329196	0.0002972538844835675	0.0005144965035971871	0.28394961558541
ENSG00000185436	-0.641026345858486	5.109230573565089	-6.339976341810953	0.00029659786139409994	0.0005139810910856154	0.03953108689503182
ENSG00000100124	-0.7613884696612043	6.411013451969375	-6.342438146071933	0.00029585914339560305	0.0005132281490060486	-0.05618380258580302
ENSG00000100242	-0.5730316468048233	6.644355597956204	-6.345459075338869	0.00029495544345873334	0.0005119236966202502	-0.0687128299750519
ENSG00000111012	-0.9962053656047907	3.133206918122733	-6.347579353277393	0.0002943230042918416	0.0005113521197119843	0.3192924997060551
ENSG00000275835	-0.6558826799239865	5.906056017942135	-6.349037533999144	0.0002938889319458035	0.0005111243589614128	-0.016017640861143434
ENSG00000168924	-0.6057385185690443	9.097548063325286	-6.356553661891007	0.00029166279279044016	0.0005080383391197445	-0.10076017061860565
ENSG00000152939	-0.6900953121173856	4.951587654262288	-6.357474794716891	0.00029139126312252654	0.0005079830232431561	0.07506984525358273
ENSG00000162745	-1.913623483154597	2.3296493938624687	-6.359817788611288	0.0002907018668410079	0.0005074123635393485	0.46391491726503187
ENSG00000151470	-0.7371452915129675	4.65857251802988	-6.360599014549304	0.00029047240458772834	0.0005072742717800184	0.11013166166192967
ENSG00000057294	-0.7587429207349476	6.383705841456538	-6.369058438706618	0.0002880005609009337	0.0005034787007667101	-0.02471845608326184
ENSG00000138594	-0.7999560633471932	7.148806821750213	-6.380914115610007	0.00028457562732107016	0.000498783463159112	-0.0626265119473901
ENSG00000255284	-1.0480923645396025	3.6570530546050115	-6.3818654681489075	0.0002843027658939333	0.0004985642058867625	0.2718322672744007
ENSG00000155858	-0.686431398842112	5.497831286497044	-6.382592488306977	0.0002840944424366563	0.000498457955684492	0.05161611652816411
ENSG00000128159	-0.7068909864044519	7.225499229018512	-6.385031133076616	0.0002833969023200155	0.0004974927931465829	-0.06203839224475338
ENSG00000124006	-0.6088307535457753	6.799740407441814	-6.390217966626052	0.0002819196103864173	0.0004961902793133917	-0.030049032807093035
ENSG00000069702	-1.2870716826541688	4.800404702303656	-6.392293481732108	0.00028133087336607075	0.0004954125087354502	0.129793748550461
ENSG00000155363	-0.5270469954047012	8.19446890205404	-6.3972942292911625	0.0002799179817145681	0.0004931818643890094	-0.08150446482015816
ENSG00000154978	-0.5555529678638216	8.530127180878088	-6.397333687696116	0.00027990686473830533	0.0004931818643890094	-0.0766483658512147
ENSG00000107882	-0.6609222321838812	6.584000180893754	-6.398768954427834	0.00027950282775199314	0.0004929652591924856	-0.005143041979930096
ENSG00000038358	-0.972291639013152	7.961130493668505	-6.400420953841959	0.0002790385823800275	0.000492661526399902	-0.07447760786868152
ENSG00000205476	-0.8284900914532614	7.861037948697398	-6.400773620727421	0.00027893958701961984	0.000492661526399902	-0.07085760338155911
ENSG00000151466	-0.7876379311274686	4.620127584472168	-6.40317624671146	0.0002782661971850146	0.000492070308858616	0.16169055358482343
ENSG00000138182	-1.7087981427115064	6.422136689662568	-6.4146957408662	0.0002750626325307558	0.00048691569892905047	0.02346608874767142
ENSG00000244509	-0.7617723528165312	7.141846536993879	-6.417326454124999	0.0002743368037345646	0.0004858857615750241	-0.021799840058483788
ENSG00000162694	-0.5508586056396414	7.1292066138145	-6.424445467430181	0.00027238329461890665	0.00048338970918475387	-0.013222520888456657
ENSG00000144306	-0.6969627785532486	5.312750263709666	-6.427066135876458	0.00027166806715061284	0.00048242529398219355	0.11703510040639564
ENSG00000159147	-0.9244072265851742	7.053145612919041	-6.428006701308095	0.0002714118799243702	0.00048242529398219355	-0.00482665086787204
ENSG00000106330	-0.9475183301683012	7.501101567378865	-6.430544741101387	0.0002707219202332725	0.00048150540794257313	-0.024000832791131188
ENSG00000061936	-0.5918981299583841	7.458526692317987	-6.431370833516346	0.000270497770419589	0.000481360483858488	-0.021331287065009974
ENSG00000163072	-2.866506469472267	1.2501741267609596	-6.431388264131295	0.0002704930430668488	0.000481360483858488	0.692260132953634
ENSG00000158545	-0.8021530363033218	8.403551554965128	-6.43185359712027	0.0002703668742146385	0.000481360483858488	-0.04155635907401045
ENSG00000136122	-0.9069791968953345	4.6669729701288	-6.432528496398645	0.00027018400063656055	0.000481360483858488	0.1887577625798631
ENSG00000148835	-1.034132742692167	5.825765995282121	-6.442357599765781	0.00026753621029386497	0.00047785451219243007	0.09295432095368206
ENSG00000182871	-1.2786233975324857	3.7191596544096277	-6.443616012215921	0.0002671993065216694	0.0004775055403623478	0.32999643960819736
ENSG00000172954	-1.052084892901596	6.387585575712385	-6.444432285730984	0.0002669810252821251	0.00047736829851716486	0.05860696329377646
ENSG00000144395	-0.9227971935474795	4.646793910103269	-6.445893187550755	0.00026659085814317385	0.0004771764219496385	0.205771437892027
ENSG00000106459	-0.6006306293666608	5.779144817594589	-6.448342311545997	0.00026593818694552987	0.0004762608507187992	0.1029118143957719
ENSG00000181588	-0.8338788492913345	8.313637797108813	-6.452872441815257	0.0002647356276482624	0.0004746726641583013	-0.01945575818765377
ENSG00000198924	-0.7771641530958808	6.5158633731539	-6.454738357351267	0.0002642420667124031	0.00047448256151551256	0.06149077069468767
ENSG00000104432	-1.2475682093119702	4.109175731327737	-6.456238561456474	0.0002638459844542535	0.000474048710380306	0.28507371528429903
ENSG00000085511	-0.8518699139515951	6.238159988979268	-6.462920698116487	0.0002620897841605411	0.00047162183027075506	0.08861844154745491
ENSG00000166477	-0.5717683387769465	6.458407375726672	-6.4638740389959874	0.00026184028942404175	0.00047142429910176995	0.0754403842640583
ENSG00000165209	-0.5584946689743724	8.3206780607405	-6.4796909298275605	0.0002577392683521477	0.0004650333109198643	0.010223109294057231
ENSG00000130382	-0.5341811913159944	9.057141333397533	-6.4810963662103775	0.00025737833895084173	0.0004650333109198643	0.03530298431229717
ENSG00000111530	-0.886939950435373	9.903749677524445	-6.490677829927683	0.0002549326721811883	0.00046219389357298726	0.08868622895152622
ENSG00000115159	-1.238405477974485	7.703379110465298	-6.495207078866496	0.0002537855980423919	0.0004603616170941023	0.03928966128310307
ENSG00000064687	-0.8620098702165793	5.123242266992908	-6.503610283692082	0.00025167259988760675	0.0004570201033481083	0.21890203190651203
ENSG00000170522	-0.5471407533957375	8.362615612533778	-6.504929639498534	0.0002513426287165499	0.00045691273129829706	0.03852270554701498
ENSG00000122786	-0.7648770782449903	7.247775046089234	-6.506032014998176	0.0002510672937734317	0.00045665824754261914	0.07053801096382983
ENSG00000076826	-0.6420325316689715	7.264426094543962	-6.509160674383337	0.00025028769139043863	0.0004559776839910043	0.07310572082637812
ENSG00000156802	-1.0366962598120963	9.51931296847655	-6.517018024064528	0.00024834164885164593	0.000453166426839077	0.09855936162225021
ENSG00000136828	-0.7665136400194097	4.491581449460734	-6.519318199994502	0.000247775153290771	0.0004523773632051198	0.3039985927005411
ENSG00000279982	-1.6589626304031406	2.2700530348765167	-6.520499419186184	0.0002474847977787028	0.00045209188289406786	0.6471173731736366
ENSG00000186470	-0.6757592903265062	6.472989751486263	-6.521574012941342	0.00024722098099843844	0.00045185459907298557	0.1378598020432662
ENSG00000132017	-0.6356580563902421	7.083351160294245	-6.5218024684551335	0.0002471649346948616	0.00045185459907298557	0.09669772058369475
ENSG00000134461	-0.8366427298370125	5.733566295453771	-6.522431547288023	0.0002470106777926178	0.00045185459907298557	0.18759855299318673
ENSG00000160293	-0.5040044762463101	8.608425490792492	-6.524535553791208	0.0002464955311899017	0.00045126203051260353	0.06601387056850161
ENSG00000180448	-0.6292086707887483	7.801747232788555	-6.5293411364819995	0.00024532340983476767	0.0004498484699904924	0.07304914814885954
ENSG00000120327	-0.7617992972386798	4.854309824113934	-6.533604689488734	0.0002442886889520516	0.000448221917663795	0.27926764668953563
ENSG00000254685	-0.8980340894960372	4.921811627794644	-6.537744117782249	0.00024328874024377294	0.000446943218098061	0.27669118403868787
ENSG00000120075	-1.0127347148148882	3.2145003270258505	-6.538665150931285	0.00024306686967692082	0.0004469251325830686	0.5143123654695669
ENSG00000213160	-0.9309444055945999	7.087990103653864	-6.541501485640106	0.00024238503042726936	0.0004464012514528422	0.11798669383747917
ENSG00000027001	-0.5842035709276328	6.31410117076468	-6.541880688085843	0.0002422940337969389	0.0004464012514528422	0.17039334235119696
ENSG00000128191	-0.732189348126326	7.041914877016293	-6.542998112671305	0.00024202610831462913	0.0004462273712860977	0.12235301801636744
ENSG00000184445	-1.0161431443645732	6.489776260894219	-6.548988388097147	0.00024059543102155384	0.0004443112032372073	0.1667038415348605
ENSG00000117791	-0.8859742682413314	4.917769173002569	-6.55404885211807	0.00023939416143304662	0.000442584055164438	0.29487205386020765
ENSG00000141655	-1.4801619315681172	3.381975097950128	-6.554286418524199	0.00023933793153952442	0.000442584055164438	0.5036610558365844
ENSG00000122966	-1.5175788020010588	6.771282918727517	-6.554664212345895	0.00023924854133815668	0.000442584055164438	0.15311412281278525
ENSG00000183741	-0.5472374409124079	9.401548559744953	-6.561276050223373	0.00023769011244339448	0.0004406409007604467	0.14094391937142525
ENSG00000141574	-1.0291904294073202	6.660409292890002	-6.568420031624758	0.0002360189529153294	0.000438024173342311	0.1761024322647735
ENSG00000100065	-0.7219613466766912	6.329884451155607	-6.572518429756094	0.00023506614357849038	0.0004364959650158649	0.20278831352659843
ENSG00000085491	-0.553558419197338	7.006584284140403	-6.57295895726068	0.00023496398356071988	0.0004364959650158649	0.15714312375399153
ENSG00000000460	-1.0981821224347783	5.130136177953934	-6.5748490870061085	0.00023452621622048283	0.0004362135906989576	0.2958994467585665
ENSG00000138496	-0.6386161832232213	5.522218466651091	-6.579256009135897	0.00023350906647899203	0.00043480109839962424	0.2656601244701413
ENSG00000241360	-0.9342377817620013	5.255437679501956	-6.5808787737348675	0.00023313575932866278	0.00043434569407780683	0.2907055426259486
ENSG00000184349	-0.7998733501386264	4.774753112521286	-6.584205060898266	0.00023237264340027864	0.00043391063483476486	0.34283353818516105
ENSG00000135336	-0.6646938757697329	6.355904276342962	-6.587109824785016	0.00023170850885493463	0.0004333617011510806	0.21697991050359278
ENSG00000167005	-0.5843465738081601	9.286386738829414	-6.588105881423316	0.00023148126121171018	0.0004331768027333944	0.1641672720918086
ENSG00000163362	-1.305620358954302	3.7522656282274247	-6.605597278757579	0.0002275308384623091	0.0004267309888670544	0.5008951613535846
ENSG00000123213	-0.8592557135333152	7.228247806116353	-6.610934832159184	0.00022634035597312395	0.0004250714998304442	0.18606846820420309
ENSG00000075624	-0.798376972004224	12.868628076692906	-6.612349802100505	0.00022602592739291873	0.0004250714998304442	0.3578068225873423
ENSG00000139971	-1.2815955387844475	3.7092396591405725	-6.613494461610612	0.00022577192212163251	0.0004248491161396476	0.515955161726259
ENSG00000180011	-0.6949210443526797	7.426870025727499	-6.621152892058218	0.0002240806407987966	0.0004223732301984021	0.18796607177897862
ENSG00000126709	-0.9898414889541356	4.235175263723369	-6.622641680347858	0.00022375349958033097	0.0004219923463298137	0.4483443439009136
ENSG00000266028	-0.9140164629934402	6.645261224387248	-6.633577962701754	0.00022136664678065493	0.00041819208635942315	0.2479255374025353
ENSG00000136444	-0.5455249244641553	7.838560777617135	-6.634873526757683	0.00022108577338348433	0.0004178954618464292	0.18673194871023657
ENSG00000149218	-1.5105834096749127	4.7274077025500825	-6.636916465630329	0.00022064367840614552	0.0004175276337309787	0.4048900601723169
ENSG00000158169	-0.6893427058033108	5.746663651759143	-6.636988197635118	0.00022062817340658	0.0004175276337309787	0.31116661546709246
ENSG00000164134	-0.8715805464047808	8.824504975311191	-6.649369419954634	0.0002179700515197994	0.00041409400553367296	0.20915389550587715
ENSG00000143554	-0.8024700630245105	4.589735500072364	-6.650991479326817	0.00021762446367055334	0.0004136703889715194	0.4353264270972401
ENSG00000214106	-0.8757575468074479	4.23174330762051	-6.652382922385088	0.00021732849629400202	0.00041357379949010875	0.480777960896436
ENSG00000066044	-0.6198799486930309	9.265863477649932	-6.655706251000676	0.00021662341994181438	0.0004126975826559468	0.23637136266976722
ENSG00000116213	-0.8326865131282002	6.93750363547886	-6.657889173665272	0.00021616167902888643	0.0004120505678211654	0.25359541839488564
ENSG00000096060	-0.7811202074375476	7.664242485152635	-6.65958660815483	0.0002158033886272571	0.00041160013184192505	0.21992897994898009
ENSG00000173402	-0.8163340635681369	8.76443655259909	-6.664102489701583	0.00021485340552160405	0.0004104843659285912	0.22287663007100633
ENSG00000087301	-1.3726482081257911	3.6749190454779725	-6.667425425046153	0.00021415735284066573	0.0004096184288460353	0.5791194767743271
ENSG00000159842	-0.8557256790685521	8.662870209890134	-6.6692243191752825	0.00021378158865350928	0.00040913163931760653	0.22508742164495832
ENSG00000184897	-1.1814929973764459	7.8238769578233756	-6.672711630888377	0.00021305522849793861	0.00040797295173214805	0.22813322768696231
ENSG00000227473	-1.1878257073539404	3.2848283209001163	-6.68033373744152	0.00021147720256397407	0.0004056418882608576	0.6547352522218439
ENSG00000066248	-0.667248142246514	6.225944147555199	-6.683064691143551	0.00021091497897788244	0.0004051086034217459	0.32903249240512444
ENSG00000100726	-0.8277143196413546	8.15928735468789	-6.685960207048123	0.00021032069573971606	0.0004045735618163067	0.234535138463702
ENSG00000042088	-0.6908532240380874	6.579988551798785	-6.690155943207155	0.0002094628607893959	0.0004036137591681449	0.3134737479444718
ENSG00000139734	-0.9483086410611747	6.408062825010132	-6.692104125129376	0.00020906587361525976	0.0004030790043302208	0.3270827055361636
ENSG00000163781	-0.8705553275846212	8.345140155358685	-6.702874183094476	0.0002068863020658587	0.0004009387611546279	0.25343575291617704
ENSG00000036672	-1.018271053851091	2.6650198665419618	-6.703321346276254	0.00020679635743258709	0.0004009387611546279	0.7803080403431677
Novel00302	-1.1807667771904207	3.512785802072431	-6.703724981291489	0.00020671520570126136	0.0004009387611546279	0.6430476116615926
ENSG00000182685	-1.61910748418256	1.4260961408375985	-6.710249483706443	0.00020540835212347035	0.0003994511700660455	0.964178332572879
ENSG00000158717	-0.8709467833721334	5.608384069214108	-6.716435232803425	0.00020417785054818355	0.00039774599754594187	0.40689655494395716
ENSG00000087299	-0.5843073898286901	6.875236339830615	-6.717588779632561	0.0002039492912470013	0.0003975302765265063	0.32212770285587133
ENSG00000176974	-0.6535889386792872	7.036683537234486	-6.723363292846475	0.00020280943064092	0.0003962708821386147	0.31791664452479473
ENSG00000171388	-0.9287668080499012	4.623650546320594	-6.724632306312121	0.0002025598865506595	0.0003962708821386147	0.5103896261138203
ENSG00000150054	-1.683336379109754	0.8990854239892451	-6.725949783072743	0.00020230117453574564	0.000396148672596405	1.042614598766459
ENSG00000141556	-0.6025282016992959	7.466563759334186	-6.736464232589854	0.00020024961044534266	0.00039327251783619684	0.3105373270988965
ENSG00000119333	-1.134334308734763	9.11177886780251	-6.748525856969382	0.0001979246790649021	0.0003889329453494349	0.32822316099285676
ENSG00000185127	-0.6194167002210014	6.739984455286411	-6.750264791718048	0.00019759198070331817	0.0003885054445763377	0.3665945128632888
ENSG00000168646	-0.9455852687279691	3.867843758392618	-6.757938385046372	0.0001961312729946437	0.0003858582595241562	0.6460237215286604
ENSG00000196236	-0.5517212694723774	6.720080155667778	-6.765633973034179	0.00019467845993380783	0.00038367121718263297	0.3844293751143635
ENSG00000162458	-1.001676250904913	2.941832793071461	-6.774483404387149	0.00019302263190810527	0.00038174581480536176	0.810565347354907
ENSG00000070182	-1.6908131696557565	3.3949063469215153	-6.781079356735359	0.00019179866901472534	0.0003797703692815043	0.74348518005168
ENSG00000123739	-0.7653842389478172	5.8838533861346605	-6.799948283612986	0.0001883448266208793	0.00037446991456620315	0.47604912678049427
ENSG00000164465	-0.6990032330184706	6.371815853776999	-6.802627631593076	0.00018786003611171616	0.0003739467621480415	0.4474849915244068
ENSG00000164626	-0.6673016393728437	6.5016192572939655	-6.807071512869386	0.00018705904305487696	0.00037279220984474595	0.4437327879961108
ENSG00000188229	-1.0089211829223004	10.938849725315357	-6.8099565209798065	0.00018654107035989846	0.00037197965212428923	0.4885065595271696
ENSG00000119547	-1.4079532032594644	5.756941029251243	-6.813708124134452	0.00018586990060684446	0.0003712996119878586	0.499473721275562
ENSG00000105875	-0.8303489117781666	5.59990687512244	-6.814324949955948	0.00018575980717979552	0.00037129951980132114	0.511790235970043
ENSG00000157227	-0.5689924089208773	7.989661340952949	-6.823969735187217	0.00018404779419528637	0.0003687513406264229	0.3848024054129464
ENSG00000138398	-0.9366225068639107	7.44038565385309	-6.828113851221492	0.000183317597379749	0.0003675065796549454	0.4092856556536004
ENSG00000184916	-0.6149692106159481	8.75531659659159	-6.831614648659883	0.0001827032710619986	0.00036649276846800435	0.40175068295857663
ENSG00000010072	-0.6462463851912563	5.914035069315317	-6.834420265185071	0.00018221259369823102	0.00036616157899811285	0.5105567225159025
ENSG00000167384	-0.6933684247447269	5.5304703877331844	-6.8395614749153095	0.00018131725176026665	0.00036490437443557845	0.543865718016729
ENSG00000162599	-1.3958260013516135	6.351453816264463	-6.840922122615572	0.00018108111685979691	0.00036490437443557845	0.489370935940471
ENSG00000137261	-2.333520692297206	1.9093412330329078	-6.843452943931706	0.00018064281488699806	0.00036452682860570065	1.0385911941365729
ENSG00000164983	-0.9329789536930111	7.108512765382416	-6.845544199671192	0.0001802815321881638	0.00036401549347867424	0.44379019483915627
ENSG00000171791	-0.9294526091811015	5.485569703089233	-6.847473264153081	0.00017994898396278907	0.00036367501725115145	0.5558163673916834
ENSG00000180263	-1.5237306006766338	3.214639657569456	-6.848671498150616	0.00017974276692388785	0.0003635803930462815	0.8435408464273868
ENSG00000197256	-1.5011941739938184	6.532741184719657	-6.852510914095556	0.00017908377382741555	0.0003629000918280481	0.48972340273977366
ENSG00000071073	-0.6194080328765068	5.412888263486963	-6.854405032244748	0.00017875966257637616	0.00036267895461977945	0.5693911259073676
ENSG00000100034	-0.639824435245643	7.85859755294009	-6.856076017010147	0.00017847427588521474	0.000362317813981176	0.42275365019408273
ENSG00000184979	-0.6589092342335894	5.06466606866942	-6.860683389182232	0.00017769001412935514	0.00036137800341919487	0.6079713256218691
ENSG00000106003	-1.3171865291320093	3.0990534806506917	-6.864563846220569	0.0001770324688037642	0.000360257870774367	0.8790418243828801
ENSG00000181035	-0.7065874198731787	5.073566766739327	-6.876405178796948	0.00017504266974746128	0.00035728612687715327	0.6236322413222055
ENSG00000123374	-0.8536612342778662	6.855087874310634	-6.877488644540978	0.00017486185535414903	0.00035713311135889756	0.4935046866553501
ENSG00000099821	-0.8395550379165435	8.989794631358015	-6.878907056092051	0.00017462545833565833	0.0003568663212746888	0.4609456761416135
ENSG00000087903	-0.8195097253439094	5.584251267777185	-6.879077233855232	0.00017459711992604332	0.0003568663212746888	0.5813443539141012
ENSG00000162999	-1.0906029190858235	3.646691825130472	-6.887559369093535	0.00017319113397792668	0.00035457942114170186	0.8158636058305637
ENSG00000143793	-1.0164502580971462	6.4590990203956675	-6.887595619210055	0.00017318515238423228	0.00035457942114170186	0.5316571577100264
ENSG00000103550	-1.1071205688362769	5.662861013922184	-6.897525701534162	0.0001715552457357208	0.0003518707593387976	0.5946714722347908
ENSG00000176244	-0.8535221067022558	4.008351852188182	-6.911172914756092	0.00016934306845623162	0.0003481800810306676	0.7860656962311463
ENSG00000150687	-0.7831025049597207	4.446556538087071	-6.911943413510619	0.00016921912517958563	0.00034813739533897677	0.7285201433699164
ENSG00000149930	-0.5961309105393093	8.132964064384764	-6.913641996618392	0.00016894624659967626	0.00034778806346998634	0.4768905945944031
ENSG00000101442	-0.6569772626091845	6.212768226971482	-6.916845698791813	0.00016843290489330996	0.00034736712781786535	0.5781107488461963
ENSG00000169564	-1.0533272955775965	6.803199769453855	-6.922578257266485	0.00016751869222454384	0.0003464758638511719	0.544483092844982
ENSG00000128536	-1.324378496897249	3.4542148777704362	-6.92281876224856	0.0001674804583542042	0.0003464758638511719	0.8823394357874328
ENSG00000160352	-0.8362360274199103	6.3338793295063525	-6.925915719015189	0.000166988993910888	0.00034586916234213383	0.5799508223331724
ENSG00000157978	-0.638627061453632	6.438016852249461	-6.932726897620223	0.00016591376111847023	0.0003438532125391392	0.5803861066445659
ENSG00000167523	-0.891864385140912	5.483413221071532	-6.938030648851125	0.00016508184455619007	0.0003427607037123602	0.6510730733013919
ENSG00000117528	-0.6621129089419711	7.48417987355947	-6.938604556658837	0.00016499210405576374	0.0003427607037123602	0.5239231170766692
ENSG00000125398	-1.424434429343385	2.2903164991357685	-6.940946180743074	0.00016462651404279316	0.00034236079269298004	1.0846188900815612
ENSG00000072062	-0.5341553995626471	7.6830633172340415	-6.94155556645996	0.00016453152096857775	0.00034236079269298004	0.5191209697968056
ENSG00000131467	-0.5431686348666904	9.0991820109183	-6.942910363546191	0.00016432054977145018	0.0003422330462523907	0.5332749491902256
ENSG00000147601	-0.6872990801519441	7.378364719907769	-6.94750434973554	0.0001636074110285102	0.00034102443364062123	0.5377484816225468
ENSG00000170779	-0.7405222693101479	8.785260167436437	-6.957370298256023	0.0001620875330683933	0.0003386274529862285	0.5352310130460385
ENSG00000145439	-0.7148120113195517	6.174645287244484	-6.974038953082207	0.0001595553466678465	0.00033416495323234887	0.6402856646461768
ENSG00000047597	-1.1231029668451993	4.100622776740385	-6.974238195731472	0.0001595253473436821	0.00033416495323234887	0.8383887623879005
ENSG00000139508	-0.8808694556464243	3.3673937342761517	-6.975211197966586	0.0001593789359386373	0.00033416495323234887	0.9501559194011611
ENSG00000198668	-0.6545304888449301	9.366395243597918	-6.982616572756835	0.0001582695222908405	0.00033229705551294077	0.5884823356910847
ENSG00000167964	-1.50678965345356	4.815376389508332	-6.990073633685024	0.00015716106796972003	0.00033038096157622144	0.7687959239948476
ENSG00000179163	-0.7168339701599207	5.425240735020642	-6.99011495347845	0.00015715495018062017	0.00033038096157622144	0.7103351997883038
ENSG00000120253	-0.6455248961666982	7.770133671624896	-6.99086697354928	0.00015704365287372505	0.00033038096157622144	0.5673204517109722
ENSG00000159871	-1.4573445455225034	1.9663841140033302	-6.993118758638543	0.00015671091943139052	0.0003300515868673606	1.1835878654397938
ENSG00000044459	-0.8744057879113791	5.590893467812525	-7.002569738313402	0.00015532295822297991	0.00032794722218043446	0.7098376650711913
ENSG00000096092	-1.1768703430475265	6.006844346433786	-7.024933258247637	0.0001520929987615164	0.0003221354537484974	0.7038324559106304
ENSG00000174804	-1.1916191363560618	5.080655897416248	-7.026901187572021	0.0001518123798108565	0.00032194529822867995	0.7797813363125456
ENSG00000080839	-1.1421183506833437	6.45550137689639	-7.033307687130846	0.0001509028341987257	0.00032062100918545377	0.6839991656801141
ENSG00000174721	-1.0273303294273237	4.401240609976626	-7.037538551490772	0.00015030550438877152	0.0003197545849985593	0.8641837444256693
ENSG00000141696	-0.7286593599461044	7.339855567858905	-7.038153179447522	0.00015021894862705514	0.0003197545849985593	0.6338299755083057
ENSG00000155755	-0.6186773849168556	6.183379859633723	-7.04360936953974	0.0001494530086482374	0.00031894652193494813	0.7119547251665139
ENSG00000143702	-1.606259063415581	3.583601697839671	-7.051909873884939	0.0001482961316522768	0.000316878497906765	0.9952555712063571
ENSG00000155158	-1.1514414020261432	4.308707060597374	-7.053204845944791	0.00014811654900664896	0.000316878497906765	0.8919040898284676
ENSG00000279673	-1.339483345881836	2.5517438746996643	-7.065493492421498	0.000146424429943745	0.000314472327581283	1.1722435084392053
ENSG00000125520	-1.0384994545589485	8.015779745321707	-7.071985929442552	0.0001455391576071802	0.0003129694823241721	0.6438971841464252
ENSG00000170264	-0.9748845169854832	5.413514343492798	-7.10088548722648	0.00014167041525634303	0.0003069980610628782	0.8257139270376541
ENSG00000079313	-0.6173864791218069	7.577626126014692	-7.10374676204953	0.00014129367080457204	0.00030657546321197817	0.6916511377548495
ENSG00000109685	-0.9984024890466721	9.288192782896699	-7.103774006034671	0.00014129008896654753	0.00030657546321197817	0.7099012685736721
ENSG00000116871	-0.7031259278198458	9.266245350543668	-7.104885393515563	0.0001411440583481819	0.00030657546321197817	0.7099050850527213
ENSG00000161888	-1.6680251752395279	5.8940643882045745	-7.106384153818775	0.00014094739575810358	0.0003064152791803102	0.7952571059155567
ENSG00000075651	-1.0738188843748144	3.943784110006648	-7.10723813370101	0.00014083547608067742	0.0003063693722090301	0.9978070271741082
ENSG00000271936	-1.395334453902968	1.8628593208491688	-7.107583720126822	0.00014079021291762975	0.0003063693722090301	1.3125430620560028
ENSG00000165819	-0.657263928336703	6.538258590513477	-7.110014512504272	0.00014047229863265367	0.00030617153461664955	0.7575958235712559
ENSG00000143126	-1.592022307135755	7.396630487669004	-7.118125399761576	0.00013941729214305258	0.0003046592899550903	0.7139045528524832
ENSG00000180834	-1.3345358258211517	3.703822599780993	-7.120598811503529	0.0001390973312388472	0.0003045518465930373	1.0470595785457482
ENSG00000084070	-0.6853274842914905	7.862902759059824	-7.1244394442013705	0.0001386021304548766	0.00030390627638514865	0.7023040170068189
ENSG00000169683	-1.1492817081059918	6.480410050968741	-7.152817273076015	0.00013500359980982705	0.00029771382075709577	0.8053615203725082
ENSG00000138587	-2.118347657809039	2.451264167620437	-7.162054990129412	0.00013385479316680498	0.00029576036158795023	1.2844755880190455
ENSG00000183814	-0.7289325226524168	5.641601161431005	-7.171595228932394	0.00013267981352729725	0.00029393413712482005	0.8797415687352466
ENSG00000139263	-0.8944140350034022	4.49754336665332	-7.172211069900805	0.00013260436308786254	0.00029393413712482005	0.9904974972309049
ENSG00000165449	-1.1304825997706702	5.547562558497143	-7.1850268054760695	0.00013104505461482098	0.00029182094484420963	0.9006556302008182
ENSG00000138074	-0.6730144555400717	7.77969532396476	-7.187229500739726	0.0001307791177963469	0.0002916274086289869	0.7694639326950758
ENSG00000189060	-0.6804089955022192	8.929450842693784	-7.190374224564554	0.00013040049167972422	0.0002909862823593846	0.7812933563517017
ENSG00000083720	-0.5668399064752432	8.58148768198134	-7.200110732159101	0.00012923595500924584	0.0002889965902203488	0.7792628788054712
ENSG00000066583	-0.7717830471394507	6.469883096614378	-7.226345403486583	0.00012615556221026684	0.0002835768600249436	0.8809524422873913
ENSG00000128266	-1.001895910293582	4.972302204590546	-7.238628481142475	0.0001247415850849914	0.0002815557596183613	1.0068972079185272
ENSG00000122970	-1.0653835064009725	4.582278665166216	-7.253535256041019	0.0001230493090301019	0.0002790110004486316	1.0632257946596155
ENSG00000166965	-0.668305738635067	6.243606603973192	-7.253863988750954	0.00012301228020345604	0.0002790110004486316	0.9232011525956416
ENSG00000151623	-2.109140199536168	0.12784641378207132	-7.25580794474787	0.00012279356513863047	0.0002788139363721113	1.639473716850806
ENSG00000164466	-0.658838355214348	7.987354337321851	-7.261247120685048	0.00012218390712935708	0.0002779828069146667	0.8381223273311162
ENSG00000109805	-1.117265694969591	6.9110618485548985	-7.264598379410996	0.00012180996068332269	0.0002773190332965794	0.8893039437504049
ENSG00000104356	-0.6923697054564482	8.14751935210273	-7.267653489293778	0.00012147017373647042	0.000276919166342467	0.8419096846238885
ENSG00000137843	-0.6355572690947149	5.931406271558259	-7.278269956092587	0.0001202976277158511	0.0002751757260429028	0.9676688257296746
ENSG00000100241	-0.6583858826355868	8.759389620226488	-7.278894490190918	0.0001202290453812364	0.0002751757260429028	0.8648242642240156
ENSG00000164976	-1.1861643986855457	5.784459329844533	-7.280249062631517	0.00012008044501582558	0.0002751757260429028	0.9795580733161318
ENSG00000173638	-0.8325772989492126	7.500915697693859	-7.28712099113215	0.00011932973017289336	0.0002737039494244339	0.8816652475428626
ENSG00000149485	-1.8572590680182284	1.259407689727344	-7.2872614931445865	0.00011931443602593124	0.0002737039494244339	1.562446540534184
ENSG00000075131	-0.7642527196230482	5.614276909561371	-7.288504355702138	0.00011917924134185269	0.0002737039494244339	1.000245960987101
ENSG00000184602	-0.5942578852250957	6.952736628530822	-7.302612824368014	0.00011765650883412666	0.0002706019501065735	0.9248403233617095
ENSG00000066279	-2.0951142665554983	7.077313358750333	-7.303713327346383	0.00011753864836249371	0.0002706019501065735	0.9185758920572429
ENSG00000164104	-1.0518361577850168	8.675491152750693	-7.3196322538235306	0.00011584845626102924	0.0002671720378842875	0.9031961287118486
ENSG00000112655	-0.8350234664891545	8.77512907613512	-7.325017543010214	0.00011528283606402994	0.0002660494451983837	0.9118797993260817
ENSG00000261794	-1.7088567360782916	1.260081321792481	-7.325625483614331	0.00011521917781605124	0.0002660494451983837	1.599429421236077
ENSG00000113758	-0.7230947210006207	10.307118267483384	-7.328996738850083	0.00011486688155307921	0.00026545264271238993	0.9905555220770434
ENSG00000006638	-1.1146994424607461	4.9731484257366185	-7.338189017696043	0.00011391238976016787	0.00026378888335676484	1.10684127841313
ENSG00000177084	-0.972724744278155	8.160398993797537	-7.342084492929782	0.00011351057534691134	0.00026325337555737667	0.9168826527090213
ENSG00000116685	-0.7710090214647654	8.174822431845113	-7.345612463975377	0.00011314803537156807	0.00026322630475427426	0.9203644693391624
ENSG00000142892	-0.6352208127560708	6.483359814413355	-7.357100574586034	0.00011197643805159253	0.00026109778990053437	1.0118112882626251
ENSG00000099991	-0.7373469501694503	8.33648255159762	-7.357838984252821	0.00011190159758756839	0.00026109778990053437	0.933273753490889
ENSG00000204335	-1.7880421517815441	3.510696610440407	-7.359401866609526	0.000111743378206991	0.00026091498828400525	1.315849889321158
ENSG00000187210	-0.7626261053040064	4.982370250732241	-7.3597262878549845	0.00011171056656903473	0.00026091498828400525	1.1273925931734254
ENSG00000107731	-0.897356686389192	5.552705058551205	-7.369081328279333	0.00011076902451541986	0.0002589983982779117	1.0857044737326529
ENSG00000176208	-1.666286078342388	6.143456041931346	-7.369862935471313	0.00011069076175215103	0.0002589948891482369	1.046033130889846
ENSG00000133111	-0.9535525452908944	4.904100733109036	-7.374989436659641	0.00011017897205539588	0.0002583348517824223	1.1506213886836552
ENSG00000231607	-1.2215863928549826	3.123584522395353	-7.375663055859873	0.00011011192004339727	0.0002583348517824223	1.3923710335720454
ENSG00000161999	-0.9541798530818246	5.5264319376385425	-7.378769584952213	0.00010980328603609851	0.00025781230834084646	1.0973694301140622
ENSG00000147799	-0.5978329266682252	7.405836099665815	-7.379163446405493	0.00010976422498215972	0.00025781230834084646	0.9780801825279504
ENSG00000196247	-1.2807579569039556	5.718427259280466	-7.383931124542825	0.00010929262245394213	0.00025697094645268345	1.0881487833166927
ENSG00000163029	-0.9784768696312707	5.979021426774622	-7.388479880134021	0.00010884478567717136	0.00025609644830876997	1.0750019862237625
ENSG00000198720	-0.7150581828763451	7.2541382228500275	-7.390826493923479	0.00010861455788610216	0.00025605102356774593	0.9965430598419811
ENSG00000135045	-1.302153163049545	6.328067211620423	-7.397681295759577	0.00010794514085796495	0.00025504685241930933	1.0622483171742338
ENSG00000131650	-1.3003755337532183	6.558334441484023	-7.402291742762303	0.0001074974947677443	0.00025452389287464514	1.0518982491858822
ENSG00000112312	-1.047638370453	6.151781554821928	-7.405588637393021	0.00010717865925904079	0.00025419756200025623	1.0811262896671305
ENSG00000128951	-1.4169742449367204	7.698455330736252	-7.407929538007452	0.00010695291771189429	0.00025412615799995164	0.9951135012581487
ENSG00000127328	-0.6281730867137671	9.232220056736102	-7.408664773747003	0.00010688212599726385	0.00025412615799995164	1.0157256480793802
ENSG00000102054	-0.7369988588627692	8.42630406423846	-7.410105491146937	0.00010674355927506143	0.00025398643793657073	0.9868297466398008
ENSG00000069966	-0.8397650809590678	5.484399624343995	-7.414247272355728	0.00010634632438254394	0.000253219829546015	1.1359921319347936
ENSG00000280237	-1.142038050141307	4.217123814209419	-7.423329840480399	0.00010548099577845514	0.0002518704032247046	1.2765038750258615
ENSG00000112210	-1.570217946225969	4.945064676408767	-7.428013934467044	0.0001050378044879576	0.0002509897679478534	1.1990620771667881
ENSG00000003137	-1.1959557487372852	4.887759839445283	-7.429347284180015	0.0001049120289419806	0.00025086689273582036	1.2062305385897831
ENSG00000160796	-1.0036105351144924	7.538865558558576	-7.4423414125320075	0.00010369506455382315	0.00024883865419957275	1.0355616606672342
ENSG00000091651	-0.6736589476615453	6.768899338395997	-7.4435104465245345	0.00010358635497833378	0.00024883865419957275	1.0782451592329156
ENSG00000134287	-0.597736068200529	8.777230499764826	-7.445626290411478	0.00010338992454983652	0.00024874508957079656	1.0324733464342097
ENSG00000157617	-1.2280111250745644	11.540907699164752	-7.456139549869956	0.00010242005206196189	0.00024718823780585234	1.178829180643996
ENSG00000171843	-0.9827683484199969	5.487329232849181	-7.45697520044423	0.00010234339890575785	0.00024718823780585234	1.1780769070658144
ENSG00000147862	-1.2178168138656016	6.691123597148582	-7.459246565273999	0.00010213537348054274	0.0002470284947120797	1.0993366779546152
ENSG00000213420	-0.9705026629744622	3.8507742498721225	-7.475721175494541	0.00010064060370564774	0.00024376266827197092	1.3797345456755217
ENSG00000163485	-0.8797360105732475	4.824725392468909	-7.47765833934092	0.00010046645472014034	0.00024351567401275392	1.2603897606813366
ENSG00000179750	-0.8278601163531718	6.426962127659275	-7.48647049822047	9.96784927373454e-05	0.0002421275986290881	1.1440111538595321
ENSG00000037757	-1.155887352393549	6.2122018752080095	-7.489819626748907	9.938083621944737e-05	0.0002417526614307249	1.1608114230573339
ENSG00000144645	-0.9674642493235872	5.980556428291035	-7.49244576237632	9.914813155583966e-05	0.0002416013198497046	1.1779408335071189
ENSG00000142677	-2.5563680682123664	2.3946062562678505	-7.493175539532328	9.908357347436687e-05	0.0002416013198497046	1.6176255091991028
ENSG00000107331	-0.9972959579417235	9.526525842660986	-7.502500293121374	9.826280500202354e-05	0.00024059412487433047	1.1236873358819786
ENSG00000080819	-0.8854152429789268	7.9204511711361985	-7.503759936840264	9.815251479412714e-05	0.00024049860923412125	1.0823200553617793
ENSG00000085840	-0.8906781065695055	5.873414382956077	-7.521413379286796	9.662131577059749e-05	0.00023760956225218362	1.2134548232830547
ENSG00000100147	-1.0972478992200951	4.428655945302257	-7.5223363704410255	9.654199677754415e-05	0.00023758767113598393	1.3475488052132683
ENSG00000156876	-1.0111364171365391	4.7933931724205365	-7.527664132962644	9.608556651904233e-05	0.000236809862260956	1.312759541231988
ENSG00000137269	-0.7373058884834816	5.7073699283053685	-7.529875474507251	9.589682975909243e-05	0.00023651747339705983	1.2332488049603754
ENSG00000173950	-0.751685235788595	5.2919616471689155	-7.539072568669122	9.511629929645703e-05	0.00023510798082508868	1.2755334719042182
ENSG00000160014	-0.724412414159449	9.256839826316488	-7.541904432908996	9.487740008828652e-05	0.00023468940461721314	1.1488150295061832
ENSG00000172819	-0.7823388942022671	7.034782884685988	-7.544147088249782	9.46886833911509e-05	0.00023456653286471596	1.1601788942988218
ENSG00000076382	-0.900942682603584	7.345068854573053	-7.547468063886716	9.440999812579936e-05	0.00023409262378778492	1.1474516329191813
ENSG00000281344	-1.855540098041188	3.171559387842842	-7.549300666421482	9.425660511456805e-05	0.00023401161564131904	1.5541053046023974
ENSG00000160877	-0.7265777086061842	9.637468555394815	-7.551295664395605	9.408993609007453e-05	0.00023394211080907256	1.1770484842754572
ENSG00000116750	-0.5801885807373308	7.933786232752013	-7.5560119870835	9.369722753018363e-05	0.00023328150571599326	1.133339753523602
ENSG00000159259	-0.7740805469976308	6.688994225617294	-7.566609707543628	9.282147065287504e-05	0.0002316417470286985	1.2052111679679012
ENSG00000115840	-0.6700001830965041	6.46601271645098	-7.567689353197445	9.273276783163605e-05	0.00023159167924792008	1.2213531019655646
ENSG00000162817	-0.928556947816876	6.132671770646601	-7.581675696279638	9.159219115522503e-05	0.0002292073143194639	1.255914878728099
ENSG00000100629	-1.71359297801886	4.051151500975573	-7.5879048552066655	9.10892657826678e-05	0.00022833223086977798	1.460062776379961
ENSG00000197136	-0.6729871377748875	8.132264510527122	-7.593826053850579	9.06140668594071e-05	0.00022730993426292904	1.1664537335029062
ENSG00000117724	-1.7624229652840748	8.570491786428283	-7.598733242259717	9.022234732893473e-05	0.00022663504807426832	1.176768564364651
ENSG00000064932	-0.6103759567637415	8.617534183713138	-7.60610155650433	8.963771989785904e-05	0.00022553144439625382	1.1853714324725448
ENSG00000008277	-1.008764382933368	5.224308903298963	-7.611243235880949	8.92322721653871e-05	0.00022484666638238692	1.351910130124022
ENSG00000136108	-0.758941146040577	7.983490030512994	-7.614422273715205	8.898261544923045e-05	0.00022438516033311174	1.1892758196633286
ENSG00000185340	-1.0008466530592157	6.4882575133267695	-7.619764656148226	8.856482484088199e-05	0.00022349866792306344	1.2707274854253274
ENSG00000156136	-0.7579012220270922	6.326221320814601	-7.630205805872377	8.775461630493764e-05	0.00022195208051938497	1.2911812155338112
ENSG00000159055	-1.0179594711970648	6.449486184695856	-7.633913942183568	8.746887205548725e-05	0.00022139532956880269	1.2869965396828018
ENSG00000165810	-0.901953457467294	6.423339719078683	-7.636755178314774	8.725063442663097e-05	0.0002210087391557454	1.2914143477199467
ENSG00000187790	-1.7130554131069635	5.249930072821966	-7.639300700540668	8.705562817421832e-05	0.00022084638305249068	1.376881322816014
ENSG00000079691	-1.571704308218954	5.913945810163565	-7.642401732754725	8.681872428402198e-05	0.00022074331253526012	1.3289326263747778
ENSG00000152078	-0.8226405282180469	6.314519597045081	-7.645923022349748	8.65505889843403e-05	0.00022031178504395313	1.307181762070302
ENSG00000213390	-0.8172945393034778	5.7567932575483445	-7.655046581273448	8.58601587316363e-05	0.00021946376936404611	1.351796510779785
ENSG00000171161	-0.7492049893924673	9.728497208182572	-7.658331520247201	8.56130799405217e-05	0.0002191642881026709	1.2858327001689984
ENSG00000197587	-1.6468255260748408	3.1653638386595224	-7.659247161975612	8.554435122999708e-05	0.0002191642881026709	1.6606681550135196
ENSG00000267500	-1.9236505113879152	1.3220425588073768	-7.659540249743484	8.552236490245992e-05	0.0002191642881026709	1.908635611013973
ENSG00000175745	-0.7232042480134613	6.626976769402741	-7.668251874088315	8.487173052771067e-05	0.00021842655896300213	1.3085269927177094
ENSG00000151503	-1.1878776569800058	8.053861898044817	-7.683383263741427	8.37547548861211e-05	0.00021646988313716724	1.254759241912839
ENSG00000033170	-0.7887741414122678	5.8160572655821605	-7.686502466509992	8.35265509791831e-05	0.0002161185452482851	1.3780476702155342
ENSG00000128944	-0.8384825481400364	6.5603147976048595	-7.689395683034782	8.331550234580426e-05	0.00021573791628146091	1.3334656381246646
ENSG00000161682	-1.0282269158943178	6.876266485231109	-7.700857480320626	8.248525530184887e-05	0.00021408096260649084	1.3228277701577529
ENSG00000176884	-1.5641680275897034	2.6616815515731815	-7.7102785695072695	8.180975921437595e-05	0.0002131475888720498	1.7858700409844115
ENSG00000145779	-1.18186096457652	4.553708979927719	-7.710405609165599	8.180069282311356e-05	0.0002131475888720498	1.5154037285146167
ENSG00000164308	-0.8967849985999248	6.356256589332195	-7.711401823797085	8.172963532245479e-05	0.0002131475888720498	1.3678955444313257
ENSG00000092964	-0.9863156643418742	7.606554744361911	-7.7119542328646045	8.1690263140109e-05	0.0002131475888720498	1.2969037956530105
ENSG00000099617	-1.2535363595724474	2.488462516281812	-7.7127132888295185	8.163619711024344e-05	0.0002131475888720498	1.8132613445804733
ENSG00000079616	-1.0208637389276385	7.367114543218006	-7.717077002735792	8.132615439931999e-05	0.000212873890568895	1.3116247917678834
ENSG00000144579	-0.9551775163678302	7.278570867407932	-7.72864897415578	8.051032568093681e-05	0.00021106591985041242	1.3266623252460343
ENSG00000146094	-1.5343872519230937	4.086550149772823	-7.734545368264185	8.009815330181695e-05	0.0002101486541526675	1.5962773613131418
ENSG00000141519	-1.5292527377209546	3.1417096422157997	-7.736745707381905	7.994494977156263e-05	0.000209909930372959	1.73801618429418
ENSG00000064199	-1.4402732301400933	2.253131383833991	-7.738785421155039	7.980322304065406e-05	0.00020970099263174983	1.8703583158527284
ENSG00000123737	-0.6727335884489687	6.891503538466353	-7.739707232177977	7.973926454403192e-05	0.00020969624206669033	1.3592542796240448
ENSG00000182809	-1.3233757379321371	5.484890764384643	-7.764884298121656	7.801438175235811e-05	0.00020580181706994233	1.4777318096437053
ENSG00000131470	-1.0987102605005328	4.749465859701059	-7.776881330454482	7.720718787290526e-05	0.0002038318089852757	1.5580970648147119
ENSG00000106976	-0.8349377263189721	6.3949352032633895	-7.779636734830859	7.702311952651523e-05	0.00020350509419143494	1.4310099002017242
ENSG00000016391	-1.277413721535523	6.268459425131251	-7.780942754573026	7.693604557864272e-05	0.00020346951570565284	1.4401625334240116
ENSG00000108852	-0.880831430518076	6.162575642378609	-7.78737314063361	7.650892764281454e-05	0.000202941133543126	1.4528399947290227
ENSG00000276672	-1.8979799511060291	2.6222279697185344	-7.788894368565115	7.640827360478898e-05	0.000202941133543126	1.865487283149613
ENSG00000166845	-1.4102159757645385	5.961652688801691	-7.802161317201112	7.553670542346253e-05	0.00020115299455308807	1.479550713325927
ENSG00000166924	-0.959055407590172	4.2450363370847715	-7.802576787387657	7.550959154567271e-05	0.00020115299455308807	1.6399729489610841
ENSG00000143971	-1.0340211217138657	5.299084507825346	-7.835530365049814	7.339332406618111e-05	0.00019637515892093185	1.5607832216582267
ENSG00000072864	-0.750482769954913	6.5626823618609595	-7.851662694286056	7.238158626910994e-05	0.00019443907012100075	1.488843005448329
ENSG00000167632	-0.8325609108199385	6.262315695081822	-7.85356924743824	7.226305227773868e-05	0.0001944302538956063	1.5097828489133516
ENSG00000146729	-0.7081111562065656	7.214437307388903	-7.855713240696544	7.213001575875308e-05	0.0001943687554906844	1.4515536235134796
ENSG00000196358	-1.6687802895436445	4.484343574456484	-7.856515661719552	7.208029542919508e-05	0.0001943687554906844	1.6622540163383883
ENSG00000258405	-0.8893764449679802	5.441246304805249	-7.859546934372299	7.189281501483273e-05	0.0001940530862880365	1.5715373870233025
ENSG00000103034	-1.0445341241074662	5.003448573511676	-7.8655200192605035	7.152498306843387e-05	0.00019368001033137711	1.61641973184601
ENSG00000167702	-0.787244549274976	6.719695504406314	-7.865801162012504	7.150772185817506e-05	0.00019368001033137711	1.4915416058277788
ENSG00000189403	-0.8575877330452801	9.904801577750778	-7.869567274990388	7.127694450323112e-05	0.00019362996034935734	1.4970400136313895
ENSG00000122566	-0.7079831257775897	11.45287395152139	-7.871088691058701	7.118395279116113e-05	0.00019353316415582407	1.5763905942712526
ENSG00000129295	-1.1908875520467141	4.3225938632549425	-7.8721995433960625	7.111614128762582e-05	0.00019353316415582407	1.6961155958821177
ENSG00000164086	-0.6491399139080904	8.178436547944958	-7.880610936174306	7.060501271560187e-05	0.00019289175133800868	1.4426170206200943
ENSG00000152270	-1.1586347900432754	5.672012527422094	-7.883541803369902	7.042788244359517e-05	0.00019271993135822394	1.5764609480302143
ENSG00000105464	-0.6162187894249307	8.460917971588376	-7.9116512734883315	6.87540974075683e-05	0.00018890580183480085	1.4748350613314951
ENSG00000107672	-1.337558632032028	6.106639991311945	-7.917192793436218	6.842940985051394e-05	0.00018847414598827268	1.5796096758328222
ENSG00000168993	-0.9546917653955402	5.991594400962775	-7.929745235254117	6.770027104422014e-05	0.00018661823080326696	1.5985996741187218
ENSG00000136830	-0.9910360547690313	10.905324574646983	-7.935377794732414	6.737592177831733e-05	0.000186073556371239	1.6109631975789274
ENSG00000165801	-1.0446965637266024	6.777542730811724	-7.94213802480427	6.698893166454269e-05	0.00018541481167856197	1.5596955122348959
ENSG00000159184	-1.1264215759614862	5.010684319352617	-7.945093861118015	6.682050723260581e-05	0.0001851004855523908	1.6906608685015376
ENSG00000143799	-0.7321629475359277	9.518540373811902	-7.95288815845833	6.637865556036293e-05	0.0001841789340959412	1.5572732413329202
ENSG00000102900	-0.7559588268039121	8.055597247842247	-7.953334268081136	6.635346519785076e-05	0.0001841789340959412	1.512684350705209
ENSG00000164880	-0.6607295567562872	8.97189491820807	-7.9574695747578845	6.612046682375885e-05	0.00018406803223049699	1.534880441911807
ENSG00000058804	-0.697378547816796	7.441297541450048	-7.9779202373635885	6.498159126684966e-05	0.0001820995755268694	1.556847808347806
ENSG00000109881	-1.319934273782394	5.489288609057479	-7.981125124377394	6.480511394151796e-05	0.00018190720003218106	1.6820301694288453
ENSG00000132646	-1.160744314691236	9.099010463086447	-7.992650348617897	6.417489910147587e-05	0.00018058891540315229	1.5736681816011764
ENSG00000082458	-0.7053247591182954	6.996852284196472	-7.993650344202281	6.412054248049011e-05	0.0001805865695569062	1.5936887586660209
ENSG00000174243	-0.6704962876880387	8.573589909254402	-7.994573989801974	6.407038181954683e-05	0.0001805865695569062	1.5559459450059165
ENSG00000172927	-0.9449761412875484	6.908006944671115	-8.00200274776252	6.366854105293715e-05	0.00017991428602396142	1.6071429348220363
ENSG00000197769	-0.7980332640382137	10.19406794336955	-8.004919693510724	6.351152846552485e-05	0.00017962103691758664	1.6394649589270447
ENSG00000151692	-1.1082036409051161	6.113950917100341	-8.015820186589242	6.292860697640049e-05	0.00017857116899779247	1.6717307032957045
ENSG00000125450	-0.7696600836777119	7.068830893509177	-8.015965912106635	6.292085477506169e-05	0.00017857116899779247	1.6104681622033228
ENSG00000159733	-0.7575585242465426	5.880061576910268	-8.01911572144286	6.27535546806667e-05	0.00017854130649242389	1.6895706760350917
ENSG00000134247	-1.2009896315449664	8.530368482524912	-8.02085975782404	6.266113570127035e-05	0.00017854130649242389	1.5794353780019739
ENSG00000145375	-1.1731769331276638	5.240301525578516	-8.025194082468163	6.243211329065424e-05	0.00017821146382628378	1.7442456772297543
ENSG00000004777	-1.332274463942205	3.544485991379581	-8.028864628364724	6.22388976258674e-05	0.00017781036459752468	1.9499484431477736
ENSG00000138092	-0.7935581313086448	5.539688835120641	-8.029531052419868	6.22038893072269e-05	0.00017781036459752468	1.7233562631081654
ENSG00000110811	-1.0155940412195825	5.945585208419205	-8.034036223677607	6.196780332362047e-05	0.00017748673040228819	1.6992600697167335
ENSG00000140853	-0.948468425634216	5.3276776352497315	-8.046035669852365	6.134387498197454e-05	0.00017599849846018886	1.7560321098786016
ENSG00000124920	-0.8778264221592904	6.2283651562597	-8.054499866546053	6.090800034106324e-05	0.00017519487907139588	1.7007604566514694
ENSG00000176273	-0.6900308529425585	6.841311081043429	-8.062581662792892	6.049505389087879e-05	0.00017430427995544407	1.668162897633211
ENSG00000114107	-0.8346270845464652	4.654742571581456	-8.078619196183398	5.968485759932678e-05	0.0001729915050013879	1.8511611463794875
ENSG00000164659	-1.09624469651173	3.120152909757503	-8.088651887402046	5.918420316334928e-05	0.00017199612529986258	2.068202829280028
ENSG00000162522	-0.762296606218035	7.71916961343291	-8.091035911262791	5.906592795650683e-05	0.00017180038010797765	1.6517587832607656
ENSG00000177181	-0.8779759615426483	5.333158452174301	-8.091970802846784	5.9019618814489856e-05	0.00017180038010797765	1.7981555400809617
ENSG00000109255	-1.9752359626343368	4.589581698838722	-8.104182945888459	5.841842136300836e-05	0.00017050497723078737	1.8817188752650829
ENSG00000143772	-0.9546667978056744	6.994873581368692	-8.11396405396645	5.794184974615837e-05	0.00016926043380392932	1.7059215344467251
ENSG00000090539	-1.4680344731833221	3.4485735889603846	-8.134261460482735	5.6966722349150414e-05	0.0001677187794118966	2.0605939357418377
ENSG00000075891	-1.2178381389334838	4.624103390652568	-8.139201015004158	5.673220780732733e-05	0.00016732034015902306	1.9102353839590531
ENSG00000164576	-0.880818402444298	6.607655359682113	-8.142769859872786	5.6563443468677186e-05	0.00016696855491103832	1.7584996528704835
ENSG00000198133	-1.006279812338426	4.188929768838596	-8.147413048775746	5.634471684964519e-05	0.00016646854172565925	1.9683793652629085
ENSG00000121957	-1.5594595495432664	5.317147519823333	-8.160024597727052	5.5755393251344524e-05	0.00016513744449003412	1.8622534112731035
ENSG00000132383	-0.6828577867707395	8.241191689842358	-8.1688703726179	5.534616209596897e-05	0.00016413862910739685	1.7121026369005303
ENSG00000100941	-0.8389365139606717	8.141334324689371	-8.169351773059248	5.532398789589912e-05	0.00016413862910739685	1.7129527688887105
ENSG00000181090	-0.7009199089051457	8.297744807008714	-8.169403834222834	5.5321590458507156e-05	0.00016413862910739685	1.7130232719333875
ENSG00000161956	-1.0038130670182577	6.8360310244541065	-8.173280201860075	5.514340884656955e-05	0.00016406866088917606	1.7709778925727377
ENSG00000148773	-2.841310964837901	9.334572688897211	-8.17874319213371	5.489338729526057e-05	0.00016375799180743517	1.7583674911993636
ENSG00000047230	-0.7518377083646435	5.85779276699096	-8.189523023437738	5.440375115961051e-05	0.00016244093487834149	1.8486476289698306
ENSG00000174684	-1.1905952144271144	6.281228359355106	-8.198250001094305	5.401094294249924e-05	0.00016155400841134083	1.83032165925888
ENSG00000105011	-1.0085819276512993	7.165871145265754	-8.201315933934554	5.3873698242579984e-05	0.00016128647548399721	1.7770003400984429
ENSG00000162062	-1.7814705487874933	5.455122653431983	-8.201961279694672	5.384485953988201e-05	0.00016128647548399721	1.889224990546932
ENSG00000182010	-2.516878293929184	2.2473474056844247	-8.212892790644682	5.3358980329569516e-05	0.00016031451436506462	2.3033314919532426
ENSG00000095002	-0.8224884837771462	7.734683116009736	-8.236376854494003	5.2331700875014124e-05	0.0001585536248578517	1.78525002107469
ENSG00000254470	-0.7197753933810747	7.335429756399911	-8.237580063624499	5.2279668247941485e-05	0.0001585536248578517	1.8021242500974122
ENSG00000136943	-1.0477594631066216	5.398310657950834	-8.269226330808811	5.0931734214701695e-05	0.0001557966194382625	1.9552552362521674
ENSG00000198890	-0.7444428882785372	6.712750518812847	-8.271285694195486	5.084537767233716e-05	0.00015567359733799057	1.8691722161482653
ENSG00000137393	-1.5758098842672343	1.9753222813680027	-8.271376638887473	5.0841567819351776e-05	0.00015567359733799057	2.388376205056966
ENSG00000139645	-1.5192884357885639	8.79002319219782	-8.273299002031091	5.076111105707597e-05	0.00015567359733799057	1.820653787681147
ENSG00000143061	-1.7691543836685453	6.338842389112037	-8.274814942223758	5.069776499170151e-05	0.00015564536768152947	1.8967365298760566
ENSG00000004897	-1.0087417085276922	9.370615086567248	-8.276120430113517	5.064328403953385e-05	0.00015561970887922332	1.8493716649305387
ENSG00000099282	-1.0270989083618352	4.776069316337663	-8.285630864552758	5.0248367135423466e-05	0.0001550893146041234	2.027971076975275
ENSG00000104885	-0.7577156660183917	9.1208462147268	-8.286231361303471	5.02235478742333e-05	0.0001550893146041234	1.8461271780509563
ENSG00000184992	-0.7112594456738908	7.6978376699870354	-8.325759183232856	4.861964547463168e-05	0.00015189137391796972	1.868104151721572
ENSG00000124207	-0.6989808881156314	9.768970097136222	-8.326424291787884	4.859315350803446e-05	0.00015189137391796972	1.9142028775605864
ENSG00000110171	-0.9514452251981362	5.74088807413231	-8.327464708257107	4.85517450909365e-05	0.00015189137391796972	1.9821922869593234
ENSG00000145703	-2.9103544969676713	2.625387509960131	-8.32766135255111	4.854392312433128e-05	0.00015189137391796972	2.3546601491080796
ENSG00000069275	-0.8793292761424301	8.732124847843432	-8.341179235371742	4.800959085627289e-05	0.00015068312516192068	1.8803904518590144
ENSG00000185361	-0.7507642616730372	6.082846376449122	-8.353009990192607	4.754735442446948e-05	0.0001499296951665047	1.9832412107805322
ENSG00000139880	-0.9820540036359162	6.587500810696936	-8.360442166903614	4.725952668754767e-05	0.00014930116389867587	1.958528693465965
ENSG00000198554	-1.1148776960235711	7.040930913249838	-8.360781722885736	4.7246423366896914e-05	0.00014930116389867587	1.9291133447773854
ENSG00000197299	-1.371284824653979	5.917402530657682	-8.364473198288806	4.710423348584717e-05	0.00014930116389867587	2.0039011555166537
ENSG00000112394	-1.0776353143141	5.334274883266303	-8.369300442099606	4.6919019052050616e-05	0.0001490628722049141	2.051018539072821
ENSG00000135451	-0.9011897416876895	6.0010021137563445	-8.371816182396422	4.682281749597576e-05	0.00014903791153907757	2.0052188396693493
ENSG00000101935	-1.063930170214527	5.608709692840627	-8.392152246014321	4.6053239335139666e-05	0.00014728306115332818	2.0498755293358695
ENSG00000167325	-0.6646809519036001	8.787681642629883	-8.394838409859517	4.5952651487744675e-05	0.00014710080277006692	1.930789168644905
ENSG00000010292	-1.04953122444193	9.218379439207395	-8.398406265822501	4.581942796200591e-05	0.00014681362767693062	1.952507844412433
ENSG00000129810	-1.1864706181903073	4.520073629612678	-8.400217842486452	4.575194963482558e-05	0.00014673676622424097	2.1577043324085494
ENSG00000116117	-1.1294230659299624	3.5514712147248795	-8.413947475069937	4.5244150621670026e-05	0.0001458011119364992	2.2968363658234843
ENSG00000174013	-0.9882439121337505	7.1804398553338675	-8.421052168429243	4.498386293593508e-05	0.00014510091161170648	1.9758793974938262
ENSG00000167771	-0.895566510798008	5.69713864664806	-8.42181409125121	4.495604896519368e-05	0.00014510091161170648	2.0701122171380613
ENSG00000159403	-1.9662768724260669	2.118533887745399	-8.426836389439448	4.477319196494841e-05	0.00014469803610127964	2.507016926667011
ENSG00000050748	-0.662725696193843	7.9945917942899865	-8.426943085816383	4.4769316312653165e-05	0.00014469803610127964	1.949914293495456
ENSG00000170873	-1.3890638049121664	5.498722409402246	-8.436067615889655	4.4439263483240345e-05	0.00014389450575091452	2.097419203573409
ENSG00000114904	-1.0468584526699969	6.927965108582638	-8.44114930013463	4.425663230278404e-05	0.00014344080440883126	2.0081859957653663
ENSG00000110881	-0.753003466221279	6.592765273060276	-8.44854862085926	4.399221065024903e-05	0.00014272088339801944	2.0373882712787754
ENSG00000176890	-0.988063413492462	4.941860816465458	-8.470401317348486	4.322157098368124e-05	0.00014103441054056143	2.1771792047590637
ENSG00000133985	-1.4337645814401112	4.3814749046498624	-8.47238660027949	4.315231325178127e-05	0.00014094472885915779	2.2374888948627625
ENSG00000167962	-0.7109041446681514	8.302906659413058	-8.474219320584979	4.308848823533978e-05	0.00014087263498646941	1.9899494288371766
ENSG00000138769	-1.839741584025266	1.8467573527599335	-8.476361131350048	4.301403319372466e-05	0.00014087263498646941	2.5809200816399507
ENSG00000182985	-1.0804485346280446	6.836400703299372	-8.489389791997741	4.256421918092369e-05	0.00013983610079497228	2.057369185237752
ENSG00000147874	-1.1102628185924122	7.885877286752426	-8.496257921589509	4.2329222756903886e-05	0.00013947148201347043	2.0150069909310098
ENSG00000141522	-0.8230481745969342	9.118462767574126	-8.497063971202316	4.230173892386752e-05	0.00013947148201347043	2.0360466553690237
ENSG00000099219	-1.1507475269866108	6.743517580746245	-8.51311715311977	4.1758522076911e-05	0.00013813064067401737	2.084789548909596
ENSG00000012963	-0.7356776076627751	7.491056487118326	-8.521899558378864	4.146465226712112e-05	0.00013729316658416747	2.052294655181236
ENSG00000101188	-1.0728751837407664	8.057652098731918	-8.524944758688603	4.13632984444375e-05	0.00013709211095435376	2.0361925711718527
ENSG00000253187	-1.6246850633973249	1.9539078229314668	-8.526434435538786	4.131381857643994e-05	0.00013706275700777615	2.611882045649482
ENSG00000115525	-1.0489732242881145	3.691461913917269	-8.533753641729705	4.107167245688465e-05	0.00013679745594227918	2.382662571103051
ENSG00000137825	-1.3043459031153803	6.606081786567057	-8.539598828272219	4.0879435506812036e-05	0.0001364750562232173	2.1176456496985026
ENSG00000247240	-1.3823047298529967	3.0154173198421406	-8.568331910087561	3.9949017117930215e-05	0.00013425097983655034	2.5099384907651583
ENSG00000111087	-1.2993479477514742	3.0191502730599615	-8.572330931888944	3.982141659682679e-05	0.00013422323636133227	2.512861198494944
ENSG00000102781	-1.4038023280513015	4.904139407797057	-8.578632282529151	3.962128037303974e-05	0.00013422323636133227	2.2765813621924327
ENSG00000004864	-0.7269511099638422	6.881436041219416	-8.581120284904948	3.954257026700747e-05	0.00013422196386406762	2.1358551760501605
ENSG00000138231	-0.8619978304175664	6.300545279426959	-8.583371592879022	3.947149935795459e-05	0.0001341156483723452	2.175654367984426
ENSG00000204860	-0.9049318802341597	4.359350386944054	-8.584874949619616	3.942412011776538e-05	0.0001341156483723452	2.3391800647729113
ENSG00000161692	-0.8116527296426561	6.587255887298886	-8.589982616798267	3.9263624769910056e-05	0.00013381360603401669	2.1634612899603134
ENSG00000106025	-0.9148232331887698	5.073126592824628	-8.599327005296221	3.897189508240196e-05	0.00013349357767312103	2.2785523372385246
ENSG00000126217	-1.047429766418321	6.18527455825904	-8.599874032783315	3.895489251107937e-05	0.00013349357767312103	2.1971511378444823
ENSG00000148700	-1.1884594361206693	5.511476917533308	-8.60605433430368	3.876337501637567e-05	0.00013304946826576958	2.2471304358536006
ENSG00000196814	-0.7586240521548193	7.113270393353902	-8.608612703358471	3.86844046827868e-05	0.00013304911457667957	2.146276872810751
ENSG00000141503	-0.8980615867270494	8.697984543678512	-8.610641373918341	3.862191310234283e-05	0.0001329697293952089	2.1203292842315147
ENSG00000168778	-1.1607356534861846	4.420567593193062	-8.629387318896189	3.804978792171899e-05	0.00013154847766820368	2.3712062577518545
ENSG00000197771	-0.7410402420529163	8.663394156108003	-8.635327014406274	3.787049746069406e-05	0.000131185891614355	2.1410458502360994
ENSG00000188610	-1.5800552621834867	3.884387875213727	-8.635425452443009	3.786753409223229e-05	0.000131185891614355	2.444681741292909
ENSG00000100526	-1.5142143110120223	5.1361465566605435	-8.65946324375897	3.715163133509638e-05	0.0001290933101180383	2.32538375929399
ENSG00000134901	-0.9700447383203796	5.485029205325209	-8.664215968817187	3.701188935417725e-05	0.00012887318336531894	2.300138083587335
ENSG00000184178	-1.0044942257972762	5.472842249466506	-8.684292579864533	3.642805973490201e-05	0.00012723623999941563	2.318656844962706
ENSG00000165238	-1.3830074305070763	8.527749949596672	-8.687251501784942	3.6342891059379763e-05	0.00012720011870782916	2.1827882049832557
ENSG00000099364	-0.7337795603516861	7.618086331231945	-8.694971208939442	3.612173952427573e-05	0.00012668892843545354	2.2001126522257053
ENSG00000149636	-0.9243765238420592	6.477691690698542	-8.703241708418885	3.588648325464259e-05	0.0001259947913643747	2.2699726145642227
ENSG00000178075	-1.5196443681928407	3.4560345489334283	-8.705374661811605	3.5826090156089895e-05	0.00012591377936109095	2.5646378178732956
ENSG00000072071	-0.7543909779303579	8.24937840243956	-8.707347639759417	3.5770328186621154e-05	0.00012584889186825836	2.1956845346015967
ENSG00000213551	-1.0906594684621833	6.308654560320788	-8.718092542884087	3.546835114599064e-05	0.00012504724844991893	2.293299315563658
ENSG00000015532	-0.7110642335989272	7.603277740582314	-8.730898802516073	3.5112172048716716e-05	0.00012460068678435085	2.2320591220602584
ENSG00000117697	-0.8872393357312669	5.90239471948465	-8.740083113982626	3.4859201554448566e-05	0.0001243286956075153	2.337165576186117
ENSG00000111331	-2.1616906935671842	7.145811259891447	-8.744327160127797	3.474299608191189e-05	0.0001240453637887521	2.2634950050667397
ENSG00000101222	-2.008123592184501	0.3430061407021781	-8.746314018280547	3.468874373809516e-05	0.0001239828616232342	2.9255375439213616
ENSG00000213853	-0.9364187246939562	6.407782178629381	-8.747884810699926	3.464591961470105e-05	0.00012396111641569603	2.3131636352961014
ENSG00000073111	-1.2971658236392738	8.533956895812125	-8.74994648195102	3.4589802805293526e-05	0.00012389171408180505	2.237708897666791
ENSG00000129675	-1.608497763753579	3.903274632409208	-8.755957166513443	3.442677887552503e-05	0.0001234388437045924	2.5462032246565176
ENSG00000102743	-0.7402013873478506	6.45412316588977	-8.756951502405329	3.439989336236854e-05	0.0001234388437045924	2.3181942085358553
ENSG00000178966	-1.085309453682238	5.785188027472194	-8.760984469787287	3.429108868569546e-05	0.0001233612447556876	2.3628822250677253
ENSG00000139291	-0.9784287052985521	5.269610934989381	-8.76672073719781	3.413699579783833e-05	0.0001233054681447352	2.4069807758487958
ENSG00000169992	-0.7913362399685351	8.490254129893813	-8.767754911932032	3.4109297618535856e-05	0.0001233054681447352	2.2520839456052277
ENSG00000137124	-0.7441344137622838	8.309145312798734	-8.78052871038529	3.3769250402709555e-05	0.00012225048375401508	2.2600050272633574
ENSG00000135119	-1.128580505287017	5.003348564300704	-8.792187465104123	3.3462205011766636e-05	0.00012153011809440327	2.4527813520005424
ENSG00000100422	-0.868606568526098	8.270549554148333	-8.802499313678808	3.31932416472836e-05	0.00012107459169506473	2.2786466482208967
ENSG00000115163	-1.4699125983358279	5.3945294637473955	-8.810473959509343	3.298690306850643e-05	0.00012070329645944869	2.434377840619451
ENSG00000138030	-1.2230522879486676	4.966051699371448	-8.810911773688291	3.2975616685859044e-05	0.00012070329645944869	2.472514522750055
ENSG00000100304	-0.7230841615924479	9.06945531626954	-8.829022487481849	3.251251845390926e-05	0.00011962621293728447	2.3250582963144586
ENSG00000224940	-1.5248871289511832	4.3357246445414885	-8.829141648716934	3.25094957282315e-05	0.00011962621293728447	2.5534821967347607
ENSG00000053918	-1.0178117673584781	4.70288692581722	-8.838423363660423	3.22750158122099e-05	0.00011927262141335837	2.52195890403799
ENSG00000164402	-0.8240356252773067	7.977392965496853	-8.839751596374287	3.224161679464098e-05	0.00011927262141335837	2.313917918100586
ENSG00000113356	-0.8274441599935836	6.756470933664961	-8.842738757950103	3.216664491274479e-05	0.00011927262141335837	2.3724811111733803
ENSG00000196584	-1.7261667536340468	6.682050711907374	-8.850295043183815	3.19778691633459e-05	0.00011882525391754303	2.3840483535050687
ENSG00000198624	-0.7637297515571317	6.143400826261425	-8.85489740395936	3.1863499766152544e-05	0.00011853081390407793	2.4215668949088993
ENSG00000147100	-1.618270400115497	6.089777820631305	-8.864636830069022	3.162298443039165e-05	0.00011802649277449273	2.4331724290347623
ENSG00000006468	-1.325599474483833	5.142766956567772	-8.881078610488322	3.122156483378594e-05	0.00011678665160664499	2.5162188164549084
ENSG00000126882	-0.9235764209030739	5.7609875273727225	-8.890770328003912	3.0987626977962597e-05	0.00011625733985336208	2.4762716547218826
ENSG00000001617	-0.9076204674826673	5.480598733770067	-8.897470969399246	3.082703817738576e-05	0.0001158245287422044	2.502040016080354
ENSG00000181418	-1.0975330892316268	4.492811807124574	-8.90154103424193	3.072995050255264e-05	0.0001158245287422044	2.5976222013839783
ENSG00000166801	-1.1726905222620267	6.593135313052461	-8.920143200376565	3.0290561151016787e-05	0.00011496102736055189	2.4498633406660497
ENSG00000138794	-0.8283946982204355	6.021954865079007	-8.92287556329544	3.0226617965810344e-05	0.00011484753267640101	2.487106219727882
ENSG00000056050	-0.9251817903328403	5.670932835092862	-8.932285719138157	3.000755706073347e-05	0.00011414374016112146	2.517821012118726
ENSG00000101868	-1.181347937584408	6.682567817340474	-8.936164538936506	2.9917780520438576e-05	0.00011393069015345344	2.4576229088290678
ENSG00000137103	-1.016137208436442	4.722553159645391	-8.939306691532508	2.9845275462817788e-05	0.00011378300498479912	2.605990386882562
ENSG00000198954	-0.7541383868662281	6.8131232280425085	-8.944411581753853	2.9727900575330318e-05	0.00011365569197287782	2.4558479614092636
ENSG00000141401	-1.1547932812835784	6.070242527619842	-8.949714402317678	2.9606523307406954e-05	0.00011356792959193783	2.507082290720575
ENSG00000163348	-0.7689524242572832	7.647205785152991	-8.957222883064663	2.943561091426735e-05	0.00011337414523371922	2.4256762334567075
ENSG00000138376	-1.7204374932255986	5.736416836390227	-8.98002034888627	2.8923432617111528e-05	0.00011178426305857308	2.5539610107132074
ENSG00000172731	-1.0592758620831866	5.956276496068305	-8.981344474598655	2.8893993156591217e-05	0.00011178426305857308	2.540892633851219
ENSG00000176248	-0.9589784021903327	8.022791300097477	-8.9893309824581	2.87171400204216e-05	0.00011136969014816378	2.44115428660141
ENSG00000106351	-1.122445920874382	5.807585434849966	-8.999807288885975	2.8486993070099208e-05	0.00011085941709171249	2.5659209154184976
ENSG00000102996	-1.2116723748159686	5.6390614450756305	-9.023691517005151	2.7970000170776667e-05	0.00010941783472609457	2.5975921571155896
ENSG00000224420	-1.8902615178338933	1.0297665184956084	-9.026620381269694	2.7907331089865392e-05	0.00010936043565296844	3.1083597736060256
ENSG00000100297	-0.9869696915785386	8.392909879831343	-9.02769655427208	2.788434378174272e-05	0.00010936043565296844	2.4731139761831784
ENSG00000136699	-0.8404201929227515	8.570840201445675	-9.044932937347472	2.7519053260747313e-05	0.00010821595070135365	2.491928859565257
ENSG00000198324	-1.1165179789149136	7.319113120707167	-9.045874807668659	2.7499247625442787e-05	0.00010821595070135365	2.513948262335086
ENSG00000012048	-1.2352995826115558	6.854550318901591	-9.06642053436227	2.7071170885963622e-05	0.0001074927287459313	2.5566587413968076
ENSG00000197594	-1.0907966717385005	5.2356040981153775	-9.069116501003881	2.7015557109550727e-05	0.0001074927287459313	2.6674674792757704
ENSG00000050344	-1.068698334714406	6.213741137425172	-9.09408211657792	2.6506605649719118e-05	0.00010596361073714727	2.6205946021483353
ENSG00000174442	-1.0250786896235553	6.300444299602699	-9.104754225269785	2.629233596871019e-05	0.00010535670018815698	2.624412873421983
ENSG00000187231	-1.2212024222951685	5.723423231771551	-9.107738240175209	2.6232772833650227e-05	0.00010524301491169545	2.662499484394261
ENSG00000148019	-1.4153048471921394	6.9692176798715595	-9.118516983124625	2.6018880272388175e-05	0.0001045091690940925	2.593156275522775
ENSG00000125885	-1.2745918743580331	6.226099726776312	-9.1191475340335	2.6006428452090793e-05	0.0001045091690940925	2.640893088482823
ENSG00000133302	-1.690795082009446	5.351537006301984	-9.124953349754291	2.589209198030142e-05	0.00010424811257939975	2.704588639360021
ENSG00000165490	-1.3299073063518083	5.690493202706806	-9.127664899335134	2.5838885769151415e-05	0.00010415818468950643	2.681383572954662
ENSG00000130816	-1.2181912303683777	9.726077469345752	-9.133796220407168	2.5719028793068165e-05	0.00010379904682752631	2.6157996027634827
ENSG00000107159	-1.4705968017380175	2.51230283260663	-9.13921962784663	2.561353067857564e-05	0.00010349706887366971	3.0561524878963056
ENSG00000120756	-0.90104252402719	6.326398352126223	-9.144147968197641	2.551808421955191e-05	0.0001033589629733111	2.6558606692869438
ENSG00000141526	-0.9297456986284622	9.24394964377656	-9.147347001631697	2.545634285894647e-05	0.00010323281346885264	2.6042206503453063
ENSG00000146263	-1.4142453652323272	6.890600055749158	-9.155305773926097	2.530346527773618e-05	0.00010298092250994332	2.628983164441653
ENSG00000231925	-0.7438153266556489	8.017768976166398	-9.160139501077738	2.5211119246858644e-05	0.00010290494608716261	2.5854669619942374
ENSG00000117461	-0.9215895167742767	5.161981189268081	-9.188587647773867	2.4675242122765007e-05	0.00010128256316570455	2.7734077282065774
ENSG00000084710	-2.4983075989843044	0.9185590639955504	-9.212537248682004	2.423401283886141e-05	9.983584776351451e-05	3.261307384853213
ENSG00000111581	-0.709118163698137	7.832461109350058	-9.212922904827225	2.4226980691907244e-05	9.983584776351451e-05	2.634747726744041
ENSG00000137561	-1.3286498996470923	3.579412510809844	-9.227682259899419	2.395957004536138e-05	9.931200401770124e-05	2.9850975485812654
ENSG00000051596	-0.9762778166800556	7.9857578887788225	-9.227722350216393	2.3958848217781867e-05	9.931200401770124e-05	2.6425721900315455
ENSG00000167693	-1.0493530114941585	5.160355865630152	-9.235396254997102	2.382112815664438e-05	9.931200401770124e-05	2.812302967587632
ENSG00000182628	-1.062698464687223	7.280085005103037	-9.236454639098378	2.380220370953084e-05	9.931200401770124e-05	2.6753992038888725
ENSG00000180914	-2.6330193163321844	0.1300975151500012	-9.242100920421914	2.370153031128248e-05	9.921707601770111e-05	3.318794297789072
ENSG00000126016	-1.7091044334014498	3.9463338191185495	-9.249457019886952	2.3571087695060772e-05	9.891647995414807e-05	2.9541144902357717
ENSG00000163918	-1.0391330483194263	6.33633442386896	-9.257219176699262	2.3434318544629367e-05	9.871084989959986e-05	2.7493151157459472
ENSG00000165572	-1.1406289508183	6.013218838255192	-9.266804363584427	2.326665641338922e-05	9.834500850853334e-05	2.776386873011278
ENSG00000013573	-0.8321853913383617	7.365052245857683	-9.273769558798122	2.314566812665792e-05	9.823079781049539e-05	2.702772717720382
ENSG00000170439	-1.3749388583397897	6.0742269928385735	-9.292340829176663	2.2826518174752443e-05	9.773689380915576e-05	2.7938316864500647
ENSG00000116237	-0.8106182786441174	8.248450241954886	-9.3204814867306	2.2352296392715037e-05	9.619470411864865e-05	2.7164616957132495
ENSG00000157240	-1.3857561264017413	5.099563731117006	-9.32233903615036	2.2321384933860898e-05	9.618435857834825e-05	2.889306385067684
ENSG00000149554	-0.8370457322974261	6.925459709287873	-9.328350018930584	2.2221684990186937e-05	9.587719329525669e-05	2.7703087312618404
ENSG00000112742	-1.190547569136136	5.43074798542945	-9.3417355964947	2.2001460673863576e-05	9.52925909032294e-05	2.877563541473549
ENSG00000145569	-1.0948070407304131	5.423977925003133	-9.342823264352342	2.1983673990338576e-05	9.52925909032294e-05	2.878990942697664
ENSG00000172167	-0.9760975326886863	6.06360228676465	-9.344890703577336	2.1949909590417163e-05	9.52925909032294e-05	2.83766129272366
ENSG00000184599	-1.5704521961592115	2.7432107316929417	-9.36339012841592	2.165036622641243e-05	9.447744167020747e-05	3.2073022347038354
ENSG00000153012	-1.628387308965841	3.4362740865691457	-9.375662042318094	2.1454193979391433e-05	9.400837725515155e-05	3.1242967456223782
ENSG00000116062	-1.0222669692388893	7.970558410282549	-9.381563146869986	2.1360573910358902e-05	9.396424559784997e-05	2.7699968396660104
ENSG00000108819	-0.8359265075411972	8.67732270551803	-9.383683449648203	2.132704783887685e-05	9.393924204748107e-05	2.7772665162050405
ENSG00000168496	-1.2156999334956513	7.736596605610154	-9.386901332954917	2.127627982328016e-05	9.393924204748107e-05	2.7817898111799906
ENSG00000132016	-1.3920905942945203	2.904090126483756	-9.389691469619716	2.1232370215027586e-05	9.388993067562657e-05	3.20744052076972
ENSG00000140450	-1.1816443489962145	5.175699119561393	-9.429892719015463	2.0610879022761238e-05	9.247487476435693e-05	2.970178518127881
ENSG00000148411	-1.19464452979118	9.270542982654357	-9.432230443998906	2.057537299764285e-05	9.243849333428359e-05	2.840988769647849
ENSG00000158292	-1.023036624844508	5.3342460734015384	-9.447637958405595	2.034307179628265e-05	9.163888416643212e-05	2.971464052823201
ENSG00000159363	-0.8499096741894387	7.5779254745128775	-9.450882020162942	2.0294537184118605e-05	9.163888416643212e-05	2.8398629888893003
ENSG00000258472	-1.3229269891050106	3.457383251540359	-9.464197939255756	2.0096675833998244e-05	9.113734444073935e-05	3.192368725215486
ENSG00000175274	-0.829541690234918	7.292117355540343	-9.504591966588231	1.9509601314422306e-05	8.919430194425591e-05	2.894858180287404
ENSG00000131153	-1.4794458772989856	6.521658612056457	-9.508234528894725	1.9457616123047946e-05	8.907733622681652e-05	2.9433436177781314
ENSG00000157470	-1.399957419261995	3.9648583109423345	-9.509485829664658	1.943979400566551e-05	8.907733622681652e-05	3.161875058488466
ENSG00000121691	-1.0049651292854636	5.958642474777921	-9.512799499313862	1.9392686404939608e-05	8.902166521124657e-05	2.980530890698592
ENSG00000141905	-0.8294624947918887	9.187418025542154	-9.513804427571845	1.9378425570195084e-05	8.902166521124657e-05	2.903262798376952
ENSG00000117016	-1.3893599638629839	5.154643828765299	-9.51510069718035	1.9360047747216385e-05	8.902166521124657e-05	3.0408325419660622
ENSG00000087111	-0.7798248929432043	7.0557083922955215	-9.528814211614543	1.9166820156562682e-05	8.858746740855137e-05	2.926276207305291
ENSG00000228705	-1.3380265649052099	3.2102010507845757	-9.53766628662909	1.904324336371395e-05	8.825810866644351e-05	3.2838104378931625
ENSG00000093009	-0.9347219374347002	6.695923435957986	-9.540922167719538	1.8998016097537542e-05	8.81696097841701e-05	2.958505476480628
ENSG00000164362	-1.5935667389843124	3.556014254324634	-9.545866208940168	1.8929569399126296e-05	8.797295751054011e-05	3.244124835820208
ENSG00000240065	-1.1949918109869166	5.175295595009338	-9.599110608344397	1.8209746263124573e-05	8.544447838367626e-05	3.10637841610494
ENSG00000106477	-0.8511116005232848	5.926107716388482	-9.617307221454963	1.7970838508990597e-05	8.468381163314843e-05	3.0664578688654185
ENSG00000119669	-1.0149680268316432	7.690336199640679	-9.640722333108016	1.7668584209823744e-05	8.353004560002886e-05	2.98907100465109
ENSG00000103044	-1.1083894837316906	4.516511020558275	-9.640845259625216	1.7667012567502613e-05	8.353004560002886e-05	3.2017864215371397
ENSG00000251322	-1.256223396905475	7.800805346441496	-9.64141450522398	1.765973668740625e-05	8.353004560002886e-05	2.9857487489371684
ENSG00000124795	-0.8368266125898014	9.443439474037877	-9.656151775795426	1.7472538149507373e-05	8.338379592141142e-05	3.0300466252659186
ENSG00000108468	-0.7969003522741875	8.449568368123797	-9.682527486033049	1.714304696184609e-05	8.239407471405799e-05	3.012836557319492
ENSG00000106031	-1.2088944759861704	4.2048870482880965	-9.687203143464028	1.7085369670119927e-05	8.235148180997805e-05	3.272740714362656
ENSG00000100749	-0.9154403761008245	6.623926128205046	-9.690969072273326	1.703907310238446e-05	8.22870353363538e-05	3.0834019630372564
ENSG00000187951	-1.3575259777517168	4.818430231685617	-9.703750314179066	1.6882995114124666e-05	8.196147556123255e-05	3.2220095033084686
ENSG00000162302	-0.9891001016716885	8.631650109966408	-9.713682721152948	1.6762815391706384e-05	8.14953013423881e-05	3.0424352370387417
ENSG00000162063	-1.288080540116515	6.44865881019231	-9.724280193668598	1.663564815183848e-05	8.099376170895099e-05	3.1207857520134326
ENSG00000137203	-1.1061494586395542	5.082981330367562	-9.72647147265121	1.6609488868044167e-05	8.098325930748702e-05	3.215575070259824
ENSG00000124191	-0.9274033163497863	6.346337784893333	-9.738494700231351	1.6466777330938558e-05	8.068294611538906e-05	3.1381095761836146
ENSG00000136492	-1.3666332704061546	6.081403737640274	-9.753156561714537	1.629460871228617e-05	8.014287142165239e-05	3.1651294895795044
ENSG00000249115	-0.8661449354681157	6.410790453922388	-9.758160939784421	1.6236308335738694e-05	8.008962620582215e-05	3.1498425916693584
ENSG00000136824	-1.4359055924592683	7.810748603039044	-9.761516146673381	1.6197351961696954e-05	8.008962620582215e-05	3.081073513238402
ENSG00000138346	-1.4089256964568282	5.867881365167268	-9.772182653453214	1.6074202651710356e-05	7.987387297035456e-05	3.192891152187448
ENSG00000130589	-1.0334140759312733	7.885425193552848	-9.792631641580313	1.5841043548174306e-05	7.883138780463143e-05	3.103294372251682
ENSG00000221829	-1.0516436228881592	6.966082835025209	-9.796732680390036	1.579474283258141e-05	7.871707875499214e-05	3.1450796983989413
ENSG00000157870	-0.7905719153000579	7.370526094389153	-9.801627238996716	1.5739682381630673e-05	7.855871058523947e-05	3.12907806723244
ENSG00000169607	-1.9854090267006095	4.807636677101334	-9.806952588119042	1.5680020895060858e-05	7.84427196807519e-05	3.304093422854095
ENSG00000170312	-1.2056514704704506	7.193199018127503	-9.822116454158586	1.5511524077564207e-05	7.788077713943696e-05	3.1530979881269374
ENSG00000180900	-1.098810451594309	10.317887766608187	-9.824373771917324	1.5486615934988885e-05	7.7871597860883e-05	3.204600216156713
ENSG00000147536	-1.5869311475930576	5.959916595741554	-9.824995787685816	1.5479760273394342e-05	7.7871597860883e-05	3.22881645401862
ENSG00000185630	-2.113551564304076	1.711447973014292	-9.841775666415016	1.529609958186833e-05	7.725904190003555e-05	3.683006356138476
ENSG00000265817	-1.2410230638632616	5.011422147416042	-9.862942541463264	1.506790799928024e-05	7.633501740175905e-05	3.328825686807324
ENSG00000111247	-0.8683880764161627	6.366525947124314	-9.871904100216142	1.4972452734293172e-05	7.596549703083482e-05	3.2418442727781276
ENSG00000176619	-1.0715210271713822	10.137813337192746	-9.87499314457572	1.4939707139301495e-05	7.59449256289265e-05	3.2353333701938665
ENSG00000102879	-1.6395274755591407	5.477555290415628	-9.882286973293898	1.486270765232462e-05	7.592752815545965e-05	3.305502757438438
ENSG00000139350	-0.9321838517488565	6.702979076670125	-9.906812359825139	1.4607053414694628e-05	7.478634024458221e-05	3.248241126616051
ENSG00000156970	-2.1236381507976407	6.966233618666093	-9.968164355838347	1.3988903554675152e-05	7.194902529492983e-05	3.2791866664005607
ENSG00000149929	-1.4700773329697236	6.116805041721214	-9.982902208716235	1.384483253016745e-05	7.142578739569567e-05	3.3426083979196823
ENSG00000173218	-1.3535558115499429	6.402559342000895	-9.998254492080369	1.3696527547875338e-05	7.087742936584569e-05	3.3379441664833944
ENSG00000188566	-1.054964873004371	7.314121348689664	-10.00338203662147	1.364739361729622e-05	7.075638726220016e-05	3.2890210821447177
ENSG00000100479	-1.273025865913188	5.262101748516358	-10.006593446397341	1.361672176092844e-05	7.075638726220016e-05	3.4186486688516755
ENSG00000165424	-1.1579498081682669	5.007705640037567	-10.022905443661491	1.3462119981816678e-05	7.020277097163751e-05	3.4527852461401203
ENSG00000005469	-1.3959877268412417	4.167037654532265	-10.042983747810082	1.3274526523605123e-05	6.954697591714858e-05	3.5526583535813394
ENSG00000197457	-2.0417839142593905	6.652753636118901	-10.044930574384605	1.3256494102799177e-05	6.954697591714858e-05	3.358583828014151
ENSG00000164985	-0.8915820202250799	8.896129576716858	-10.049333789352524	1.3215811027537288e-05	6.945505670858381e-05	3.313845467141091
ENSG00000173894	-1.032063762852804	7.248820016989081	-10.053424437883509	1.317814171012439e-05	6.945505670858381e-05	3.3306090660940333
ENSG00000068615	-1.410062274834183	4.40528626508576	-10.126777673199165	1.2522750973934025e-05	6.664315739125142e-05	3.5897255235120564
ENSG00000130309	-0.8011855043922669	9.055657422878625	-10.135998134246169	1.2442995035079159e-05	6.652072011524487e-05	3.3868902226973328
ENSG00000111445	-1.1187709805446984	6.205900107520915	-10.14496535029048	1.2365977477963423e-05	6.636531287386282e-05	3.4619458925747644
ENSG00000154839	-1.0855330716754024	6.106338993744625	-10.154193792218143	1.2287275915968586e-05	6.612004615706222e-05	3.474682468233027
ENSG00000076248	-0.8185538011064288	7.875550988019503	-10.16162232033718	1.2224333633369973e-05	6.588642440733274e-05	3.39029473766929
ENSG00000089685	-1.6701487235023773	7.579712367987677	-10.184542439273297	1.2032405452940979e-05	6.544210717670728e-05	3.4179372754422728
ENSG00000123485	-0.958932674888616	7.044771776829456	-10.192067413142532	1.1970134140827253e-05	6.544210717670728e-05	3.447005777174457
ENSG00000179403	-1.8509840923438734	5.408998133094535	-10.194034050228339	1.195391948862696e-05	6.544210717670728e-05	3.550174150590445
ENSG00000181544	-1.2714880076481663	4.00383892599101	-10.202894812084741	1.188116962784327e-05	6.539488796793343e-05	3.693040462763875
ENSG00000153832	-1.5436741894707502	2.639101239155854	-10.259221620345883	1.1430192821325671e-05	6.395600427720201e-05	3.901905829018439
ENSG00000198168	-0.9127844047423483	6.158037073088518	-10.263441145073434	1.1397192899562134e-05	6.395600427720201e-05	3.55452394415403
ENSG00000120322	-1.222898371291354	5.610741968427917	-10.292796826679812	1.1170554645496259e-05	6.313140933652324e-05	3.6100635267154715
ENSG00000162607	-0.9126975713622842	8.046479726571977	-10.316615850190889	1.0990385822376722e-05	6.23219525457127e-05	3.503681294519839
ENSG00000136295	-1.0107571226456145	9.031775578212631	-10.336990326431938	1.083886449508792e-05	6.177420406490988e-05	3.5384037769607435
ENSG00000115267	-1.5376743816265348	3.931954679174667	-10.358408266823027	1.0682112966358632e-05	6.119091536246863e-05	3.817530528278292
ENSG00000266094	-2.4000511465281122	3.7470651865798827	-10.360100822458806	1.0669834853709087e-05	6.119091536246863e-05	3.8414182032779554
ENSG00000137812	-2.018168802160206	7.218172612361901	-10.360103003512684	1.066981904219102e-05	6.119091536246863e-05	3.565284427079404
ENSG00000205213	-1.508858565079528	5.284792988506734	-10.381505463975818	1.0515924500831594e-05	6.05473195662215e-05	3.700504873696355
ENSG00000163006	-1.185129443898652	4.639578038023012	-10.39257930349346	1.0437279878595641e-05	6.037933792652266e-05	3.765470983239723
ENSG00000170542	-1.0456600931552353	6.019324073310459	-10.396428580987402	1.0410098162210684e-05	6.034995051425919e-05	3.6621706925324364
ENSG00000138668	-1.1067811861665628	10.026410514004404	-10.399611007394956	1.0387685586787854e-05	6.0323668106406575e-05	3.630677257553703
ENSG00000127564	-1.3505522938758947	7.565647037319672	-10.406380570962709	1.0340190644761946e-05	6.015138488866691e-05	3.5859483218528263
ENSG00000173848	-1.0064733959734324	7.822706048283404	-10.42429823087756	1.0215656556645637e-05	5.952957724028045e-05	3.590406664768988
ENSG00000161800	-0.9525792196835479	7.222978651285986	-10.430625942429279	1.0172080834031885e-05	5.937820196197851e-05	3.6178071806373584
ENSG00000187741	-1.1291577596806244	6.389975408188144	-10.45709846623041	9.992032874646504e-06	5.863151116357792e-05	3.686208816912404
ENSG00000135424	-1.1142893355123435	6.5771766870786905	-10.463642286349858	9.948081174345996e-06	5.856219924063711e-05	3.6799064476060668
ENSG00000148297	-0.8490396078057234	8.868236574529522	-10.472877853128603	9.886420160485298e-06	5.8542794444329864e-05	3.6336738144396907
ENSG00000077514	-1.2684661352595068	5.238578556681539	-10.477976653304832	9.852562567796436e-06	5.8542794444329864e-05	3.775623963568883
ENSG00000131747	-1.9304298416204047	7.91167044867118	-10.553466739067618	9.3662557896035e-06	5.6735632018172726e-05	3.683553127992597
ENSG00000172350	-1.378164143778061	3.734053030948092	-10.58776045972262	9.154308525431776e-06	5.5852869737444506e-05	4.008804486162644
ENSG00000161996	-1.1375383226469538	6.535278766161228	-10.630550481438691	8.897384620574911e-06	5.461576694681102e-05	3.805443099992482
ENSG00000071575	-1.395895004996253	3.339447531773737	-10.693269312988757	8.535343115416085e-06	5.342903093026692e-05	4.131805191071807
ENSG00000179841	-2.4932030839341257	3.9022999382930292	-10.731869409523368	8.320784356994732e-06	5.277129026409817e-05	4.092004674691188
ENSG00000198176	-0.8390932390604942	8.803776488432558	-10.732319365309092	8.318319350447732e-06	5.277129026409817e-05	3.8223019211441374
ENSG00000185551	-0.9735120805540163	6.60722489824832	-10.821973228076432	7.843177800712885e-06	5.040548933258147e-05	3.939956370152842
ENSG00000265972	-0.9649588582572513	7.141649992453765	-10.895070588730196	7.478339218756113e-06	4.889906303116885e-05	3.961053287256205
ENSG00000163053	-1.1712430447081363	5.7960579668885766	-10.895589248014236	7.47581975436757e-06	4.889906303116885e-05	4.039252791007881
ENSG00000123416	-0.9996218963174606	8.583876364615119	-10.918356897693394	7.366158971390706e-06	4.844721319585233e-05	3.950054765676243
ENSG00000008838	-0.9723231181493439	7.808890516674959	-10.973335167097638	7.108747478437549e-06	4.717543835189234e-05	3.991350913860172
ENSG00000160233	-1.1063969781411291	5.149458087776392	-11.011415538946098	6.936393326827636e-06	4.6620300965570605e-05	4.1670928718348925
ENSG00000164109	-1.257331600985598	7.65762682617846	-11.01420828702916	6.923939633758066e-06	4.6620300965570605e-05	4.025508763106424
ENSG00000070950	-0.9266230929719876	6.74849317005398	-11.046769354112183	6.780583854500998e-06	4.608618141717295e-05	4.091400170473176
ENSG00000066557	-1.0871013276846098	6.352962681581499	-11.084051012167127	6.620535007233553e-06	4.5126636594759615e-05	4.141261820147236
ENSG00000185745	-1.8891667272024775	2.0655046060856375	-11.088661908262312	6.601038021083716e-06	4.5084822435498906e-05	4.531359815740709
ENSG00000137040	-1.2734563281001092	7.207006954283493	-11.095072328175872	6.574039212919035e-06	4.4991497574825204e-05	4.100136590922492
ENSG00000065320	-1.1992957132419582	6.338055946656248	-11.121621609388395	6.46353829211396e-06	4.4506077954270416e-05	4.168479190135532
ENSG00000133069	-1.108139171170139	5.215292200153915	-11.1231497190063	6.45724211513033e-06	4.4506077954270416e-05	4.240216284297476
ENSG00000198826	-1.7100145355095	7.310790855457589	-11.126919166166312	6.441740615879284e-06	4.4506077954270416e-05	4.117949500211408
ENSG00000029993	-1.023686444409682	6.744734380058197	-11.136203327705356	6.403738859865252e-06	4.4506077954270416e-05	4.154584536982581
ENSG00000164045	-1.455445432731577	7.217098435495849	-11.15834928924753	6.314107031093785e-06	4.40161097580794e-05	4.144143079106568
ENSG00000102384	-1.6824680912702759	4.933660573233426	-11.173539363103686	6.2534452494838534e-06	4.3774116746386977e-05	4.298522470308626
ENSG00000177303	-0.9531096759578901	7.1779034729375715	-11.179339411761484	6.2304561239370955e-06	4.3703864786203244e-05	4.1606297883454495
ENSG00000172197	-1.8578228293646144	3.9463317114171286	-11.188660357701114	6.193710736904371e-06	4.353662505482364e-05	4.406344073915582
ENSG00000204839	-1.8419148710179423	3.431643605498843	-11.190930905738949	6.184796723015581e-06	4.353662505482364e-05	4.4666973105110275
ENSG00000055118	-0.9906660532777636	8.04970005512522	-11.19915715846164	6.152621870734589e-06	4.353662505482364e-05	4.144521041506417
ENSG00000111206	-1.5229984286895784	7.663827732514674	-11.204406719908837	6.132188164734474e-06	4.353662505482364e-05	4.15927358749814
ENSG00000149503	-1.917037461822173	7.904215957390215	-11.20812550873084	6.117759199215762e-06	4.353662505482364e-05	4.154120721290132
ENSG00000068724	-1.071624281903559	5.736414159591309	-11.246706013086824	5.970302015554936e-06	4.267754025525922e-05	4.289667633287218
ENSG00000101187	-0.9227820269765505	8.457450114014431	-11.255272121749362	5.938107737807938e-06	4.2537527616484034e-05	4.184865217192375
ENSG00000121621	-1.581740073881833	4.224737599099547	-11.273970252408073	5.868511227874403e-06	4.212841889967709e-05	4.433723471907582
ENSG00000131584	-1.2639749309437684	6.237215859624112	-11.288350436254511	5.81561165060018e-06	4.183768381476547e-05	4.290085054968902
ENSG00000173546	-2.849593661648459	0.23863697657905686	-11.314244707999134	5.721705174998681e-06	4.133840098596477e-05	4.717325693577045
ENSG00000151849	-1.557986290493818	5.516731901581409	-11.317730386669442	5.709195228656807e-06	4.13365336941804e-05	4.3527813284854115
ENSG00000213445	-1.1654935557094301	7.796677628292825	-11.34882882567778	5.598938340755124e-06	4.080695409561059e-05	4.255170253077414
ENSG00000076003	-0.950984954507172	8.639756980659445	-11.440062809920251	5.289075235982782e-06	3.896362411835351e-05	4.317113442339282
ENSG00000187123	-1.2797355698029405	5.068028674245803	-11.524851801254945	5.018336142640884e-06	3.787889517957571e-05	4.527409657231987
ENSG00000132967	-1.0704298794399127	6.572242224607989	-11.535184373535294	4.986424452872254e-06	3.7722412789217456e-05	4.440241691737059
ENSG00000164818	-1.0807356869139513	7.573922682382252	-11.556832684659799	4.920303493442436e-06	3.7484698656997275e-05	4.4051354358822365
ENSG00000160957	-1.2179521558279838	8.64232293710556	-11.558962742358938	4.913851188850229e-06	3.7484698656997275e-05	4.398314079412388
ENSG00000205208	-1.0439754042066411	6.496613465796301	-11.564967376701798	4.8957134163780096e-06	3.7484698656997275e-05	4.464834482297606
ENSG00000105968	-0.9778053651977139	8.5056066239164	-11.5905228240375	4.819359313965517e-06	3.7209424085399666e-05	4.41624813296697
ENSG00000132780	-0.9369851056647605	8.764766946098725	-11.620332014814878	4.7319868195732e-06	3.6872340714180084e-05	4.443354806682976
ENSG00000120162	-2.0031943392633202	4.468597296918385	-11.621298028172852	4.72918539863623e-06	3.6872340714180084e-05	4.643795468047371
ENSG00000181104	-1.3783894001768027	4.346335388396493	-11.66404445379396	4.607073299376544e-06	3.6149454214177814e-05	4.683717817263781
ENSG00000117676	-1.0376425619251872	7.719193011225787	-11.690576623072253	4.533069090277313e-06	3.56516902344887e-05	4.490505690297127
ENSG00000188322	-1.1702760370233127	6.038516706538112	-11.792894280821402	4.259968452209568e-06	3.4167001431711615e-05	4.642284158593322
ENSG00000163808	-1.5687434788596821	5.894567320930873	-11.842192764490184	4.135042194109544e-06	3.353757779549424e-05	4.682774408822758
ENSG00000142945	-1.0998986424340904	6.969321118299405	-11.864995376200328	4.078659748475521e-06	3.332057625025764e-05	4.6373694955365234
ENSG00000186283	-1.0996631805212553	7.361256061283204	-11.870748780823517	4.064570995969229e-06	3.32860741271849e-05	4.623256895061898
ENSG00000149927	-1.1330225514547783	4.9406091706494415	-11.900826969493968	3.991803961295238e-06	3.292994270271426e-05	4.787234046358959
ENSG00000114346	-1.2788591356889158	7.576119996257851	-11.908378570690386	3.973766116658296e-06	3.2861487445110516e-05	4.6403649267683456
ENSG00000040275	-1.2317842204163822	5.384677942585413	-11.910681040920002	3.96828470502707e-06	3.2861487445110516e-05	4.759766138975921
ENSG00000088325	-0.9355156418722395	9.11372891320667	-11.914423671173916	3.959392936426276e-06	3.2861487445110516e-05	4.652389934055998
ENSG00000162430	-1.075396175609626	8.41732405086069	-11.928548904259358	3.926035915779517e-06	3.2861487445110516e-05	4.640205865367008
ENSG00000164684	-1.8832942625912494	2.8694341237941674	-11.983180869311544	3.7999712628235517e-06	3.245848871080168e-05	5.043453538576557
ENSG00000162636	-1.3264538984342993	6.774325670436474	-12.031401845464696	3.692483126909218e-06	3.1863012967242206e-05	4.758017920217683
ENSG00000143228	-1.4923622850671485	5.976372470810642	-12.047457109897953	3.657458881497643e-06	3.1642750914352664e-05	4.81257966847347
ENSG00000101298	-1.2155858375890398	6.380956227737713	-12.06497095365881	3.61967933980076e-06	3.154938642856116e-05	4.802521726762851
ENSG00000005884	-1.0831640973229861	8.076293788911853	-12.078674550276157	3.5904257424840657e-06	3.154712618526364e-05	4.737791134579533
ENSG00000135476	-1.239497341681628	7.67547597791048	-12.094979922106935	3.5559648113929914e-06	3.145011278672311e-05	4.759273570662463
ENSG00000115271	-1.4391917710002229	4.085768736723684	-12.172438015219972	3.3972722571334646e-06	3.0566390921515494e-05	5.039086768798414
ENSG00000171848	-1.0449351247740495	9.425424232203442	-12.193806756829542	3.354909826380055e-06	3.0347093174815834e-05	4.848205038286029
ENSG00000256663	-1.4310456620703853	5.950552299816526	-12.228774171322407	3.2868675466593512e-06	2.9811535221582396e-05	4.930848510554988
ENSG00000115687	-1.58957947269531	6.80506081060618	-12.256067872407932	3.2348381649993315e-06	2.9578167936877356e-05	4.901408156589715
ENSG00000065361	-1.7365875553350687	5.627480687526663	-12.2801373363805	3.18972493368932e-06	2.9460835207965562e-05	4.982107660291298
ENSG00000163624	-1.4538408467977106	3.9971592552279893	-12.301116634451798	3.150981804684802e-06	2.920717749727067e-05	5.129201389197577
ENSG00000112029	-1.5391584464021264	6.120038677325708	-12.311705916281182	3.1316280135814776e-06	2.910774908491434e-05	4.974812759320241
ENSG00000123219	-1.1819858069846907	5.2818761613606355	-12.326314902551664	3.1051472049158513e-06	2.894134439056929e-05	5.034458300524449
ENSG00000122952	-1.0452337291987268	7.348756871787537	-12.326698825277465	3.1044547059679507e-06	2.894134439056929e-05	4.920042347909485
ENSG00000117650	-1.3874707145815695	5.723256460978313	-12.365319738233206	3.035674348646842e-06	2.879136028100883e-05	5.0304330815892335
ENSG00000116985	-1.8620343107089958	4.8733925524931365	-12.387211377107025	2.997451540073009e-06	2.873125425058617e-05	5.10400671991646
ENSG00000185347	-1.186969665242235	5.275068886700391	-12.428215993666143	2.927309188309609e-06	2.8138863821528834e-05	5.099146328501147
ENSG00000165244	-1.4355259923723054	6.770986075125963	-12.469344869589936	2.8588086576722913e-06	2.7716323323584554e-05	5.038935607975503
ENSG00000103326	-1.0647995761732005	8.999171736012187	-12.50595352462464	2.7993547789328013e-06	2.74136896825814e-05	5.028955252568832
ENSG00000035499	-1.4511315047426212	5.81683250185283	-12.521416687789396	2.7746620221428453e-06	2.7334928100628153e-05	5.1231577440148195
ENSG00000127586	-1.2157031861678496	7.144141173387602	-12.522597270992584	2.7727868964675595e-06	2.7334928100628153e-05	5.052617137850916
ENSG00000126351	-1.0058096251400377	7.319024405801512	-12.614507583488122	2.6310992823580906e-06	2.6420621960345827e-05	5.102829045443329
ENSG00000173442	-1.053443019678502	9.342357395545545	-12.654842837860393	2.5715123783831677e-06	2.6182283912826975e-05	5.136519839754812
ENSG00000105711	-1.6716336569548194	4.366895016005289	-12.658344863053019	2.5664111208774726e-06	2.6182283912826975e-05	5.314137059678091
ENSG00000143375	-1.4840643223357315	5.42098605732087	-12.700314878625996	2.506155210640769e-06	2.6182283912826975e-05	5.258165621299177
ENSG00000121152	-1.2916310761095993	6.711565056230077	-12.76572511435024	2.4154019210888523e-06	2.554722909640686e-05	5.22706400212712
ENSG00000080986	-1.2781047337860967	5.473072367745422	-12.864638468961065	2.2851215141699528e-06	2.4632587823672273e-05	5.355121898815967
ENSG00000130702	-1.5239719453990785	8.409734574499335	-12.869640748968397	2.278746708901704e-06	2.4632587823672273e-05	5.238528367461094
ENSG00000134057	-1.5380243925615797	7.799721606488357	-12.930767388487435	2.202447476153347e-06	2.4048730694308713e-05	5.281877351652826
ENSG00000085999	-1.346615185583218	5.571436924335962	-12.945857676675331	2.1840580664484854e-06	2.3945672459742023e-05	5.39826451839618
ENSG00000134690	-1.1605237290857726	6.8630478044412175	-12.948712550685935	2.18059857006559e-06	2.3945672459742023e-05	5.330323956010542
ENSG00000134222	-1.71477963002308	5.918316137946237	-12.949759775658743	2.1793311080761235e-06	2.3945672459742023e-05	5.38116570411748
ENSG00000075702	-1.2921950274429124	6.680258448072517	-12.982451966815503	2.1401785784984627e-06	2.3945672459742023e-05	5.361248740588359
ENSG00000111665	-1.9113145733951988	5.492501335721316	-13.028055811558758	2.0868818973477127e-06	2.370754047694001e-05	5.452524574047125
ENSG00000110092	-1.4166877686189103	8.844826821675476	-13.028999931731741	2.08579445342363e-06	2.370754047694001e-05	5.34666608757243
ENSG00000276043	-1.500328579650862	9.444603947248098	-13.041894899550988	2.071005778615459e-06	2.370754047694001e-05	5.378080327769853
ENSG00000140451	-1.9754340015403242	4.00790397722229	-13.069835578450384	2.039366063763641e-06	2.370754047694001e-05	5.594456285454598
ENSG00000051180	-1.4041874062899256	5.797258070456166	-13.08005865307051	2.027926172509227e-06	2.370754047694001e-05	5.4660043077731935
ENSG00000144354	-1.0771218862379843	7.447576035974826	-13.08565877806731	2.0216901986025435e-06	2.370754047694001e-05	5.3872395470952945
ENSG00000169679	-1.535049556069783	7.737778199868741	-13.120644600153433	1.983218476935439e-06	2.3478523302386566e-05	5.398836117305597
ENSG00000117399	-1.6732696294386438	7.921365348361716	-13.278049290621077	1.8200485255634562e-06	2.1793546749576538e-05	5.48768484087535
ENSG00000078900	-1.743691660754882	6.02955911258383	-13.316083323121857	1.7829311526705285e-06	2.1561325122259365e-05	5.594183146688463
ENSG00000164651	-2.0891200865556963	3.7903625484857466	-13.346630199776113	1.753738605541818e-06	2.140533424729072e-05	5.775728019974911
ENSG00000075618	-1.5846282118482087	10.204542014696395	-13.351151564015792	1.7494637140704566e-06	2.140533424729072e-05	5.593370106327978
ENSG00000198157	-1.4701478732858781	4.976306722544573	-13.397020563598153	1.7067537759162555e-06	2.1171276617431788e-05	5.705843196612234
ENSG00000105486	-1.2594792536001362	7.093317209604676	-13.405904516380456	1.6986184356039211e-06	2.114811292150417e-05	5.591911694052369
ENSG00000153395	-1.268126522922742	9.576155788793821	-13.524212729355959	1.594349474229792e-06	2.0223064383651574e-05	5.669506166956139
ENSG00000133119	-1.252847474535991	6.150030966192787	-13.559838698314243	1.564381283202988e-06	1.9993266854268493e-05	5.730609763566488
ENSG00000101057	-1.6686825837958486	7.276784530246458	-13.63389779609318	1.5040965453108973e-06	1.9443761470800643e-05	5.717175396388762
ENSG00000134326	-1.9016222186988525	3.3396865681169716	-13.649620283835276	1.4916384799054494e-06	1.9356877812311486e-05	5.985159669065498
ENSG00000097046	-1.4366615339437105	6.042840948663329	-13.768412300282323	1.4011883251471073e-06	1.8539644741358196e-05	5.855609517767309
ENSG00000152253	-1.7528758721919901	5.2478153823899305	-13.793115748157815	1.3831663642224195e-06	1.844586289678436e-05	5.9141807482033615
ENSG00000146918	-1.3579594002088218	7.866760357095972	-13.86346920952399	1.3332587924326058e-06	1.8138770829304888e-05	5.830206899737693
ENSG00000108960	-1.3717100307788028	5.307127382567051	-13.892699685504445	1.3131236362303783e-06	1.808358836180121e-05	5.966520553103983
ENSG00000171320	-1.2757084261473226	6.566893972495099	-13.89297583780645	1.312935055574432e-06	1.808358836180121e-05	5.900710510685579
ENSG00000166508	-1.558740660538172	9.832742273487435	-13.907642204027558	1.3029633966274738e-06	1.808358836180121e-05	5.899518104796591
ENSG00000160298	-1.6507072030441594	4.537224434471729	-13.912606604720251	1.2996074964165391e-06	1.808358836180121e-05	6.031596739974222
ENSG00000169258	-1.3764210415842992	6.67814044126929	-14.080926201202535	1.1913989371425965e-06	1.7252274737850305e-05	6.000572708351301
ENSG00000150764	-1.9418236789296142	5.458832744598816	-14.148695619314616	1.1507346217132375e-06	1.688077658113245e-05	6.099815024993874
ENSG00000145833	-1.371081358910267	8.2416353951389	-14.176885540071364	1.1342830254865775e-06	1.6712100122234554e-05	6.0016853457361865
ENSG00000065328	-1.464833129643635	7.519271162181953	-14.385605537747901	1.0204161799067976e-06	1.5617034636576667e-05	6.1328057438482935
ENSG00000112118	-1.1363915520689156	8.468869455117805	-14.400744582851294	1.0126729985454458e-06	1.5617034636576667e-05	6.128256515602304
ENSG00000121753	-1.521903307871212	6.667059772118369	-14.442718449939957	9.915493831727636e-07	1.5488368605670853e-05	6.20090151343237
ENSG00000162073	-1.6046289233269455	6.056276346092313	-14.466363604963732	9.798692105219604e-07	1.5377110308377184e-05	6.242987239307336
ENSG00000132436	-1.536292987779178	6.077190683021288	-14.543771756652433	9.427047845282068e-07	1.4954033800799856e-05	6.283899449847919
ENSG00000138160	-1.8717618902508946	7.483377308073825	-14.639905071239815	8.987474320746031e-07	1.4547674698385479e-05	6.272384355559952
ENSG00000168078	-1.5954731319734696	6.909048987123752	-14.67019096970107	8.853823032882702e-07	1.4478753040100946e-05	6.311355107544482
ENSG00000138180	-1.4096120352761812	6.680318436401842	-14.73052672636367	8.59419998311222e-07	1.4144795484400308e-05	6.355540460623689
ENSG00000166851	-1.8685227134746496	7.133976644491344	-14.774472353096257	8.410514034615e-07	1.3978854360980792e-05	6.357017235548485
ENSG00000126787	-1.8574262417423117	5.993358847947642	-14.861325568263744	8.060376622798609e-07	1.3782682271118587e-05	6.457099239794612
ENSG00000237649	-1.6087472440189474	7.397676295943042	-14.886697165152302	7.961224325659308e-07	1.3774959422961285e-05	6.407204330191812
ENSG00000171241	-1.2627456014253227	6.971957502505239	-14.940308364635948	7.756210600391934e-07	1.3489409569959991e-05	6.452093080902738
ENSG00000136982	-1.4541750880544573	6.722664392122006	-14.999339806697517	7.537338651845447e-07	1.3314649534725935e-05	6.495708068811989
ENSG00000129173	-1.9397745974168874	4.8416552460211335	-15.001682439311919	7.528797913603943e-07	1.3314649534725935e-05	6.594697890720612
ENSG00000090889	-1.5005113595581827	6.484096666262012	-15.021707148301601	7.456236641540675e-07	1.3314649534725935e-05	6.519278780881831
ENSG00000024526	-1.5823810735568724	6.529824108729464	-15.024173411995498	7.447354696837406e-07	1.3314649534725935e-05	6.518367641417166
ENSG00000119969	-1.5600420099341168	7.461260088055149	-15.028361442570256	7.432299392664263e-07	1.3314649534725935e-05	6.479981577023143
ENSG00000165304	-1.2647515922458368	6.826707799278627	-15.065055741099032	7.301849772472452e-07	1.3314649534725935e-05	6.524806368626819
ENSG00000174371	-1.535282070705664	7.171717630635479	-15.094727735523911	7.198254799482361e-07	1.3271536444510102e-05	6.52477563888128
ENSG00000062822	-1.4712730215145822	7.9179572798577285	-15.111540861165187	7.140292123482067e-07	1.3237003090455218e-05	6.510669393104218
ENSG00000135723	-1.53116146826597	7.230504925802962	-15.268073465099958	6.625241011624777e-07	1.2581362531793773e-05	6.6126667203000284
ENSG00000149782	-1.2569284103814287	8.697588386439605	-15.29455720730877	6.542319394687189e-07	1.2541923657769645e-05	6.609634494673255
ENSG00000110400	-1.35293368898627	7.921636113178085	-15.357790655458443	6.349033853129434e-07	1.23662769392711e-05	6.63843427687552
ENSG00000133739	-1.687084244556285	5.922094314656237	-15.484362923410494	5.981213819239568e-07	1.208420085396066e-05	6.782047191766572
ENSG00000137310	-1.4557627489733278	6.959819750067689	-15.575343918316914	5.731688495750251e-07	1.1791900600403262e-05	6.780739619579686
ENSG00000186871	-1.6104852338272062	5.8223579615253565	-15.595209908996614	5.678781835683304e-07	1.1754730008340776e-05	6.842243284362448
ENSG00000092853	-2.0332346453387196	6.931539893071265	-15.891935305525529	4.950762969331344e-07	1.0505581294669153e-05	6.94055985243336
ENSG00000120802	-1.269118532977826	9.058791449169878	-15.897573058710947	4.937991105192376e-07	1.0505581294669153e-05	6.925382477519181
ENSG00000160949	-1.6267867478054603	8.707712765264596	-16.006135065148122	4.699172156292779e-07	1.022903668085925e-05	6.969298241279407
ENSG00000137807	-1.4648753055845694	6.763501364687839	-16.025829033741445	4.657262321500782e-07	1.0203638358924442e-05	7.01453578996929
ENSG00000112984	-1.9389265008247065	5.627802917743521	-16.12408551498231	4.454378902653437e-07	9.887548958916246e-06	7.111628128579425
ENSG00000165480	-1.448587130604312	6.478949512128859	-16.437122266231178	3.871674743115945e-07	9.264560697356879e-06	7.226557871824166
ENSG00000092470	-1.5194806102092357	6.569241638995968	-16.47397271230536	3.808937617169608e-07	9.179539657378756e-06	7.240182909254976
ENSG00000118513	-2.3649923769020638	4.191806211026427	-16.54894671508009	3.6848113794082853e-07	9.009096807335909e-06	7.389711705114715
ENSG00000075218	-1.8397298316757427	6.772872661968225	-16.589525901727303	3.619540197946758e-07	8.979653402847324e-06	7.285767215671438
ENSG00000104738	-1.5250168826380524	9.877334820827539	-16.807302926621123	3.2908218554318255e-07	8.60715731800541e-06	7.390957067332128
ENSG00000066735	-1.4892995044149426	6.9508242193383065	-16.821587729605785	3.27046889284595e-07	8.60715731800541e-06	7.386938465700483
ENSG00000168077	-1.6935852030080056	7.289613516040769	-16.832084166127995	3.2556042889873195e-07	8.60715731800541e-06	7.37953227667048
ENSG00000087586	-1.6341531175547006	7.255252097469703	-16.838109221006142	3.2471063798962145e-07	8.60715731800541e-06	7.383481931535621
ENSG00000142731	-1.4546924567464226	6.479626208315168	-16.96245284643124	3.077207898206229e-07	8.441056462233996e-06	7.473002516097333
ENSG00000109674	-1.782437216855567	4.889091463921572	-16.981764844298876	3.051733311101731e-07	8.439793599719048e-06	7.550573202927109
ENSG00000163535	-1.9160208268991328	6.017477048969759	-17.05000921927901	2.963603102765053e-07	8.383135729339054e-06	7.530900905345494
ENSG00000188157	-1.5689151127478675	8.424131008624519	-17.23651159457353	2.737075939573783e-07	7.893071983010209e-06	7.548429107149371
ENSG00000071539	-1.5364762779409746	6.536620918722677	-17.48964769857566	2.4602705731954424e-07	7.471165138675864e-06	7.710145760789654
ENSG00000013810	-1.8437859231636926	8.25095307162212	-17.746413707911703	2.211392489606366e-07	7.204218622801721e-06	7.776856573935902
ENSG00000145386	-2.1721586002055426	7.106917060397223	-17.917753763536446	2.0611728826631235e-07	7.096323781740183e-06	7.876782847496667
ENSG00000115884	-1.5964504108515403	9.263970014560996	-17.923901105314787	2.0560018946230038e-07	7.096323781740183e-06	7.876652482020992
ENSG00000101003	-1.6978718566977191	7.321889308372102	-18.179013295481155	1.8538089505422263e-07	6.732951260620905e-06	7.983754650593314
ENSG00000187867	-1.6982248839030127	6.064253673585311	-18.194459802683816	1.8423083318953882e-07	6.732951260620905e-06	8.03496266683257
ENSG00000214357	-2.416738628036554	3.3840028738425665	-18.37311465942279	1.7149934822234044e-07	6.692134238156757e-06	8.200311537995146
ENSG00000113368	-2.357821651638556	7.604859515078713	-18.410352234825265	1.689728214718535e-07	6.692134238156757e-06	8.075916042694685
ENSG00000186185	-2.2411428091456083	6.699431243126707	-19.15857690063704	1.261520939740233e-07	5.527755390498112e-06	8.414840774815035
ENSG00000167670	-1.6733612607275452	7.726786505692354	-20.16987740347257	8.644533711352528e-08	4.557290115953661e-06	8.787785828425115
ENSG00000007968	-2.149341037654863	6.054539294809532	-21.422891603011802	5.547096662646447e-08	3.595031016834776e-06	9.293982997768586
ENSG00000145604	-1.8225153422427525	7.171696889325455	-21.764833837223087	4.9361070362029634e-08	3.5195349810794217e-06	9.389366596717586
ENSG00000186193	-2.0841020635071814	8.504142426543764	-22.2056090912136	4.257797986615178e-08	3.503856196790149e-06	9.531473374584616
ENSG00000132688	-1.994020975061889	7.633927333456698	-24.684673612756132	1.948705206801701e-08	2.2875497929498233e-06	10.347614378510938
