gene_symbol	logFC	AveExpr	t	P.Value	adj.P.Val	B
ENSMUSG00000096688	8.646993542018123	4.68276498401225	26.712888262200124	3.269798768637929e-26	1.9648220800745316e-22	47.79249706650135
ENSMUSG00000096674	9.421182797291001	5.141963523126871	23.009096919554324	6.832618650743335e-24	2.052860273615835e-20	43.230516381030796
ENSMUSG00000068877	7.246144844459647	6.591602044229083	17.103810008915076	1.9906682111840818e-19	3.9873084270017155e-16	33.76126268378474
ENSMUSG00000054263	1.38229460693133	6.2516869589930515	13.438316622693172	5.267352006119044e-16	7.912879551192335e-13	26.28306567414448
ENSMUSG00000031767	2.229833233333884	8.040406182144824	13.069728265472914	1.26047869677857e-15	1.5148432977884855e-12	25.379416540500763
ENSMUSG00000015451	3.418142429055465	4.974267543826769	12.009890788904809	1.6964442560133134e-14	1.6989889223973334e-11	22.924977471252824
ENSMUSG00000078675	4.238407348378066	3.930498078339322	11.479950213762555	6.557398101966603e-14	4.9254256493396646e-11	21.577145100193405
ENSMUSG00000092075	5.704764861113716	4.6191777912174175	11.271121649614019	1.1281817486916599e-13	6.779244127888184e-11	21.074833588166953
ENSMUSG00000073834	6.864989936773123	5.286925571846569	10.892527098848005	3.060607677308498e-13	1.5325992944122305e-10	20.10713525720727
ENSMUSG00000060181	0.9615527095665337	3.835024189266381	10.744667343498625	4.5422432440978975e-13	1.949595689556019e-10	19.697014686615947
ENSMUSG00000073830	7.008587112036299	5.997914615319057	10.465172683980255	9.655017838251898e-13	3.412764834709157e-10	18.98222828044376
ENSMUSG00000034785	2.3775612147118466	7.326726481869472	9.80016050064445	6.0492875232668096e-12	1.9131667751215924e-09	17.183147878660947
ENSMUSG00000025270	1.7442417159438035	6.499765547154962	9.381496467457062	1.9778271115663517e-11	5.6594110063820036e-09	16.02232924653531
ENSMUSG00000028538	0.6601262025067642	5.643660912050452	9.216142442185177	3.1773566429404256e-11	8.678516394285917e-09	15.554300259655463
ENSMUSG00000039519	2.059986357861562	6.854474957889355	9.04923014090884	5.145185386915626e-11	1.2882257912489999e-08	15.08556152246951
ENSMUSG00000022149	1.6682182001667343	8.816686623189549	8.97728168843051	6.340181626532356e-11	1.4653135151474201e-08	14.88540618103652
ENSMUSG00000090306	1.6108054250699864	4.89549535306742	8.949740842796928	6.869013009199259e-11	1.5287370063806792e-08	14.797955253679456
ENSMUSG00000022181	2.079930707468775	6.6343329765544405	8.891204421501616	8.146647630655382e-11	1.7251622614596413e-08	14.633198265362427
ENSMUSG00000078672	3.2483095003355906	10.832256527437833	8.859429415477864	8.938618982085333e-11	1.7251622614596413e-08	14.537979211127459
ENSMUSG00000021594	1.2752410915583017	5.84010607543953	8.851255852505853	9.154684653804665e-11	1.7251622614596413e-08	14.5142989565827
ENSMUSG00000049404	2.008316392936562	5.23678409467906	8.850047083383116	9.187084767300469e-11	1.7251622614596413e-08	14.509950921435063
ENSMUSG00000024694	1.5429329366821385	6.918691684974765	8.835194263853884	9.594829842441588e-11	1.747131288582773e-08	14.474293340741216
ENSMUSG00000068083	1.4071833846783361	5.450114141909142	8.787941526047002	1.1018303761101746e-10	1.8916853514417253e-08	14.330745676298452
ENSMUSG00000073842	7.370895139694541	8.31138834128377	8.766738375916333	1.1724947279216235e-10	1.9570891166891764e-08	14.284646525389043
ENSMUSG00000063590	2.7831218110734315	2.6905434202702194	8.69605094766302	1.4430513640863252e-10	2.281919907051244e-08	14.073738299879844
ENSMUSG00000022215	1.695343362533917	4.993778112778956	8.618330562997293	1.81436708620771e-10	2.795520979749264e-08	13.841817159705375
ENSMUSG00000020122	1.9092110793950159	6.826914625760736	8.466234515006496	2.8459894276169955e-10	4.2753876176376314e-08	13.40581508613525
ENSMUSG00000072849	5.45429156700334	9.736882960428614	8.403171320748614	3.4327440479110564e-10	4.911275948547033e-08	13.239247048917314
ENSMUSG00000030035	0.6718416326084551	5.261643523529676	8.382884228340071	3.6464687765852914e-10	4.9799161087502305e-08	13.152901684984363
ENSMUSG00000095532	1.5364813362360463	4.002808668538771	8.33048708557437	4.2630137006039103e-10	5.692544294873088e-08	13.017729473862715
ENSMUSG00000027983	2.0643447518512095	3.1031769416489716	8.29783680775263	4.699606351674833e-10	6.114851120410825e-08	12.93368529978757
ENSMUSG00000061825	1.7932141085976374	5.5484765661593745	8.291965603093868	4.782792522205171e-10	6.114851120410825e-08	12.885612217600213
ENSMUSG00000078683	4.991044537430356	4.418090843636148	8.259906653903002	5.264047376309612e-10	6.589929309217596e-08	12.8023739121937
ENSMUSG00000004798	0.7607104742948207	4.99243848499545	8.137604257652958	7.596722516327446e-10	9.31606236747176e-08	12.432322219605243
ENSMUSG00000032434	0.6220519862573424	6.175243634628686	7.989463889034315	1.1872578807909308e-09	1.3211541862356858e-07	11.99384114498217
ENSMUSG00000043671	1.8213419292789799	3.8400556359601334	7.891599603606778	1.5966561570661105e-09	1.7132690799661176e-07	11.727309883078854
ENSMUSG00000021376	0.8361495178781171	6.105728551934342	7.845755445644756	1.834992983745551e-09	1.8996659968540977e-07	11.564583508873294
ENSMUSG00000066153	2.703202635345292	6.9568766327873615	7.840378799235077	1.8652070862771137e-09	1.8996659968540977e-07	11.559362087490015
ENSMUSG00000036083	0.9789470557024202	4.781170083054171	7.684972828484542	2.9942119957795743e-09	2.959807458267428e-07	11.085228928389544
ENSMUSG00000038375	1.0248628967911975	7.484801149094584	7.516946846366745	5.008287047459549e-09	4.776951883838798e-07	10.59543096832722
ENSMUSG00000024424	1.1896868834077239	7.699889112442988	7.46806302303539	5.81971874733135e-09	5.464170305111575e-07	10.451497309543349
ENSMUSG00000028398	0.6610840286612643	5.368609682362258	7.404095664994648	7.085647764745599e-09	6.550408833593277e-07	10.229871418789074
ENSMUSG00000008153	1.672477188494649	3.7680509024975346	7.21747465973645	1.2607920376852559e-08	1.0979854136885076e-06	9.704799082901605
ENSMUSG00000036833	0.4998494451298221	6.8491424852145935	7.207094884266849	1.301968207193676e-08	1.1054638956529924e-06	9.647332231723759
ENSMUSG00000023031	1.3628789056571549	5.293188955592742	7.206053615209281	1.306173016997212e-08	1.1054638956529924e-06	9.627668350692675
ENSMUSG00000054422	1.1174606963036755	11.941463824694774	7.15159518599883	1.5462897121610857e-08	1.2728294356679404e-06	9.54951681819637
ENSMUSG00000041567	2.4469079908159848	3.61076248354872	7.138846267391412	1.6086559943483446e-08	1.3062721445998923e-06	9.472617980271398
ENSMUSG00000052562	0.8396696745890209	6.58886759815193	7.09193504734262	1.8607938384157738e-08	1.453206989118319e-06	9.291509902186249
ENSMUSG00000028603	0.5798897314196694	12.099916254324839	7.091699468789341	1.862155735764862e-08	1.453206989118319e-06	9.370527425549476
ENSMUSG00000094793	3.203067412709787	2.8295335351215622	7.039479341883397	2.1902497306365755e-08	1.6659760292905293e-06	9.200925455439364
ENSMUSG00000067144	2.0340023115397723	4.143131772314774	6.999008701732931	2.4841304833750718e-08	1.8658925093251008e-06	9.023680687470131
ENSMUSG00000022391	0.7577226139041677	5.0012495699581905	6.9709491037473095	2.7109194289529186e-08	2.0111005985898877e-06	8.912033097414119
ENSMUSG00000026958	0.5718218033733522	4.022020333405887	6.961651537607469	2.790577968271793e-08	2.044949147725025e-06	8.914820442254685
ENSMUSG00000036452	0.7469592011342088	3.975933552137855	6.941878424122928	2.9679159420513843e-08	2.148699625998406e-06	8.856466851951648
ENSMUSG00000024516	0.6094392349471205	5.352984327631252	6.702557552756139	6.268946789599988e-08	4.280693324852992e-06	8.08292213086982
ENSMUSG00000067071	1.093943387734666	6.2680498634408846	6.660244768512271	7.157604334836428e-08	4.764018714204451e-06	7.960037454368285
ENSMUSG00000078673	3.2825424351816905	3.5381235271995077	6.6312182738972	7.83948580763973e-08	5.06531937829109e-06	7.926458958125432
ENSMUSG00000015478	0.48865438075638057	5.782493505322107	6.611344665810351	8.343667955947187e-08	5.333734122051772e-06	7.804075085386918
ENSMUSG00000040722	0.7536558428899838	3.9483161619726057	6.590803866723515	8.899070098425581e-08	5.628896023309402e-06	7.781020883081883
ENSMUSG00000040017	1.3288992417433656	7.572766809388872	6.549554483813209	1.0129231591373908e-07	6.274902333254207e-06	7.644975412863619
ENSMUSG00000060803	1.2204761891497107	10.80518733560764	6.483261852340657	1.2474474519299926e-07	7.648889529231964e-06	7.512564714832942
ENSMUSG00000086054	0.9930694572023286	3.7820833661347337	6.4728235576628705	1.2890554876401798e-07	7.824176187100848e-06	7.426819586296124
ENSMUSG00000020253	0.6643272059458276	4.461965185947132	6.459658815493717	1.3435251793587207e-07	8.073242802766554e-06	7.353288987374503
ENSMUSG00000032026	0.4230225584662044	7.025950154254015	6.446711274933104	1.3993508806006646e-07	8.32544499161326e-06	7.317018571425107
ENSMUSG00000027261	0.9429699491198473	7.952696063780675	6.433965703108667	1.4565810299083764e-07	8.580975890901407e-06	7.2984078152345795
ENSMUSG00000029772	0.9288604116230421	3.7416940197500743	6.421649514329776	1.514115494003705e-07	8.785811729497497e-06	7.271506058467048
ENSMUSG00000016756	1.1092036301889463	5.614464104136315	6.418153964099814	1.5308567086606498e-07	8.785811729497497e-06	7.20531518048216
ENSMUSG00000066154	2.0229290526509214	12.77970995938278	6.414479918738472	1.5486531762693063e-07	8.785811729497497e-06	7.330199870358224
ENSMUSG00000037553	0.45076986023394916	4.563524542938199	6.411252736637186	1.5644564071496623e-07	8.785811729497497e-06	7.199987028849852
ENSMUSG00000079494	2.5398370645858415	3.6939985796733237	6.340650206195856	1.9537611007852233e-07	1.0770780233594869e-05	7.024744611602262
ENSMUSG00000058207	0.9861569646054082	12.148528435115669	6.307353517722597	2.169764763783736e-07	1.1538156164226963e-05	6.996846213663126
ENSMUSG00000038092	4.74032214323719	5.055622108071826	6.3025499152532385	2.202845697134528e-07	1.1611315608843314e-05	6.850040048737535
ENSMUSG00000027546	0.4784193898869704	4.93937178033187	6.1648571674492825	3.3999932380151086e-07	1.6746360137076057e-05	6.426097917645121
ENSMUSG00000031605	0.4532289303811856	4.485486932962537	6.147355287501326	3.5929621228522566e-07	1.7552934468470903e-05	6.386782408929918
ENSMUSG00000029771	1.0666327113689578	3.5966545228123326	6.1391915406858	3.6866897565973217e-07	1.7855564735638093e-05	6.409683927207219
ENSMUSG00000023057	0.9911226608176911	6.309064947940816	6.136823073261628	3.714337813204795e-07	1.7855564735638093e-05	6.342602833193932
ENSMUSG00000027531	0.36237646922457145	5.399818525099541	6.120887056098484	3.9058460258836805e-07	1.8627165690107173e-05	6.283680374669498
ENSMUSG00000036879	0.3828543286745969	4.405703058898375	6.046583001635689	4.937934158439289e-07	2.2824651044662836e-05	6.078224436995607
ENSMUSG00000029656	1.0821235565366205	7.679630979228003	6.013551063602428	5.480573388493105e-07	2.4864418654239806e-05	5.992799790877047
ENSMUSG00000025860	0.37510628872901464	5.622491507151312	6.009236925710428	5.555719768085688e-07	2.4864418654239806e-05	5.938715317319472
ENSMUSG00000025728	0.4044738520580857	4.916927922204829	6.007694318442622	5.582839524607365e-07	2.4864418654239806e-05	5.9397354672743665
ENSMUSG00000006476	0.6515039571131398	6.14902491761474	6.007508511698157	5.586115024666956e-07	2.4864418654239806e-05	5.939058378360157
ENSMUSG00000068220	0.869087226750854	4.740225102363949	6.001862487521956	5.686568915024028e-07	2.5125435742926022e-05	5.926764615773718
ENSMUSG00000030282	0.3896716011892698	5.4529976064822145	5.982007637975873	6.054406070709018e-07	2.6224767273281224e-05	5.853212986464939
ENSMUSG00000066071	3.2393358966210664	5.342472112138185	5.9039549110005725	7.746330316422682e-07	3.232479088290548e-05	5.611514720604019
ENSMUSG00000020515	0.33135320508512756	5.412213326675114	5.892058515440707	8.042837610419914e-07	3.3007221056500474e-05	5.574434100731471
ENSMUSG00000051615	0.8015632286751684	3.5016071632384063	5.8901128273301735	8.092401053287277e-07	3.3007221056500474e-05	5.648139282915008
ENSMUSG00000040891	1.0313909459988535	4.533216837076601	5.888660853971874	8.129586813716209e-07	3.3007221056500474e-05	5.584111252616525
ENSMUSG00000038412	0.7126533837704523	5.639382154296793	5.886417287299787	8.187382024692878e-07	3.301877757475135e-05	5.558285638893533
ENSMUSG00000035836	0.9456819179042721	8.003271715223136	5.857551882099584	8.968671592358592e-07	3.569056132349853e-05	5.520572160630832
ENSMUSG00000031958	0.4569375025419875	5.971407953281369	5.839753666468127	9.487127153264015e-07	3.7505359910502274e-05	5.41739387680132
ENSMUSG00000026032	0.6009573218035023	6.057692276021809	5.836009111794165	9.599963450192136e-07	3.7703385864185976e-05	5.406658797935676
ENSMUSG00000078597	2.5471383089169484	4.092807621231203	5.823991058174854	9.971251445624298e-07	3.890730515373792e-05	5.406058879422158
ENSMUSG00000018415	0.3853250923546119	4.2307007678477	5.807333945706242	1.0509712203525874e-06	4.074378105224966e-05	5.346598753858786
ENSMUSG00000062963	0.43074953764391477	6.287089852716959	5.69191780021327	1.5129697952369085e-06	5.586073526892891e-05	4.964556750700048
ENSMUSG00000069922	1.3690095541623535	10.15216545261788	5.647111480176447	1.7427739824080773e-06	6.346865975933417e-05	4.935171115340054
ENSMUSG00000041698	3.557996646316651	5.908551718356132	5.642083158948123	1.7706463492651771e-06	6.377386934245444e-05	4.805134317824708
ENSMUSG00000035031	1.4268126965003516	7.896302144623467	5.641061471343367	1.7763637931490078e-06	6.377386934245444e-05	4.849298456256004
ENSMUSG00000060860	0.6343285127051654	3.659395384587224	5.596208349660424	2.046386341889944e-06	7.276174868885606e-05	4.732391542438934
ENSMUSG00000024818	0.6460907295234715	4.2006137964294865	5.587892568727869	2.100774091575242e-06	7.382193869167034e-05	4.670844658108365
ENSMUSG00000078688	1.5064567710420702	3.8690528572767526	5.571532004385628	2.2120216817996312e-06	7.72792923600813e-05	4.641945078852382
ENSMUSG00000039599	0.3901819082291951	4.515025986207142	5.528427401497691	2.5340619126389177e-06	8.506803370417462e-05	4.47176995823437
ENSMUSG00000029098	0.46415085867181594	3.8206089970451274	5.513766560031454	2.653924097213226e-06	8.859683277863486e-05	4.467591543003628
ENSMUSG00000026181	0.35388074252102886	3.914147078846517	5.481275274815853	2.9400829980478857e-06	9.601608008298774e-05	4.3612113848041165
ENSMUSG00000026405	0.6761493807305223	8.233201666448778	5.475121851210626	2.997644108778791e-06	9.723370689629882e-05	4.349434800411183
ENSMUSG00000022404	0.40801015045405276	6.774764127296659	5.473844770247396	3.009730318307802e-06	9.723370689629882e-05	4.304336414069738
ENSMUSG00000087141	0.6602683188318439	3.933899018118395	5.464573989995499	3.0989361461042347e-06	9.905057075500185e-05	4.308514294353489
ENSMUSG00000039648	0.7644526008742263	6.3275511234263595	5.459176884686625	3.1520766030799724e-06	9.96885700416187e-05	4.247006334713212
ENSMUSG00000110488	1.7950998373992015	3.7163204978124122	5.449429650264067	3.2503595191723683e-06	0.00010119901736117493	4.277328683043157
ENSMUSG00000057130	0.7454432485196172	4.076179718846535	5.437198714646348	3.3780153190862626e-06	0.00010397629322739897	4.214740705271339
ENSMUSG00000098330	3.0389062196777035	4.497535727679613	5.434897658777675	3.4025839924335515e-06	0.00010397629322739897	4.184441277066352
ENSMUSG00000116130	0.9259563277356193	3.8077262222585313	5.434320418800122	3.4087751316021964e-06	0.00010397629322739897	4.2244207889187
ENSMUSG00000020744	0.6211113508863879	4.12741759394711	5.42735170527187	3.484408733256694e-06	0.00010574652564716906	4.181126740756752
ENSMUSG00000060613	0.8084559462655143	9.639493614275924	5.418720251962235	3.5804094305110092e-06	0.00010811397119568168	4.220016327832176
ENSMUSG00000028434	0.3740897398802563	6.1019558098338935	5.4060260452323226	3.726402065979753e-06	0.00011195975007236169	4.078849793887622
ENSMUSG00000010054	0.29243665189166723	5.320019384755565	5.394478663246653	3.864346591607866e-06	0.00011552666004463516	4.036777110904902
ENSMUSG00000015189	0.2605803168459744	4.8348939240556374	5.370212813642533	4.171011926531602e-06	0.00012049812820446344	3.971932029572799
ENSMUSG00000055737	0.5475093125465929	9.006900047369262	5.361416440822888	4.28806133845162e-06	0.00012269981229883707	4.024406920436096
ENSMUSG00000028557	0.33451111386672405	6.3163687539060005	5.339283564024931	4.59723552537837e-06	0.00013058985770200064	3.877754404776594
ENSMUSG00000048578	0.7312776023806791	5.519698512636743	5.320446419772875	4.877776905738264e-06	0.00013632819268177317	3.808948057255913
ENSMUSG00000039783	0.3083856811765937	7.78472495216923	5.301354065319505	5.179496470334501e-06	0.00014409071430666675	3.8012640764657704
ENSMUSG00000038576	1.4037881951845224	5.117663674649598	5.295122474495885	5.281938338808645e-06	0.000145592511366519	3.7337823258995932
ENSMUSG00000018442	0.37945252223547854	6.112106060797148	5.257176286484764	5.9506948160256374e-06	0.00016170488555128764	3.6215133440215013
ENSMUSG00000026767	0.4144958773666936	5.319621213282881	5.2566958450447965	5.9596804082116235e-06	0.00016170488555128764	3.61323528677205
ENSMUSG00000025503	0.35282130860499716	6.995044087550999	5.250213705822467	6.082241277513559e-06	0.00016343935338593041	3.622880456878722
ENSMUSG00000091537	0.5775394305319956	6.778036967541033	5.249383026840004	6.098127341714844e-06	0.00016343935338593041	3.614716088517053
ENSMUSG00000025405	0.7956553521366807	4.898474473345169	5.227108583394547	6.539834116317463e-06	0.0001723590491445247	3.5305463639943895
ENSMUSG00000022843	0.37787955427377895	4.916460578933496	5.215899555882647	6.773993408211298e-06	0.0001762118025538601	3.49566759994765
ENSMUSG00000028334	0.6821413876677354	3.6869783518031833	5.207781342247755	6.9487686595804516e-06	0.00017997909860094366	3.53982044403951
ENSMUSG00000062181	0.87242489092921	8.1816990885205	5.194451935260352	7.245502535855057e-06	0.00018606078947843178	3.488034534017162
ENSMUSG00000026874	0.5377124312015109	9.296770179933034	5.181956559712979	7.535087086099345e-06	0.00019185736567953798	3.486057060925063
ENSMUSG00000031950	0.45316974070263427	5.857100525239785	5.177945983757046	7.630448539673028e-06	0.00019346567626538067	3.3758382492556223
ENSMUSG00000038055	0.8161522870384017	4.10774529202794	5.174276395919168	7.718751783669081e-06	0.00019488226667255257	3.406869507562347
ENSMUSG00000024480	0.4547379966210512	5.866043144557604	5.168567197550113	7.858157096286192e-06	0.00019716645484926625	3.3472344097488236
ENSMUSG00000064294	0.9777276802195054	8.562251729409171	5.1320790991201175	8.81007575313007e-06	0.00021715210255781342	3.3102536607038733
ENSMUSG00000030770	0.31326904986712467	5.2871127646647675	5.131417063153894	8.82836478949977e-06	0.00021715210255781342	3.2297534923932254
ENSMUSG00000053317	0.4832068472971862	6.874460098872971	5.130499920546911	8.853763542463686e-06	0.00021715210255781342	3.253665473218863
ENSMUSG00000026669	1.2018303534121824	5.461779143304342	5.10939704604723	9.458628057179524e-06	0.000230108890670412	3.16185959662519
ENSMUSG00000029802	0.522716608493873	6.34336907990235	5.0994754164567055	9.757009675079861e-06	0.00023451948455021956	3.1438201426264003
ENSMUSG00000027746	0.3222932850099225	6.115833443917423	5.097206641509672	9.826541901011328e-06	0.00023485047713556897	3.1319866403862022
ENSMUSG00000021982	0.24329371358370278	5.468100857787432	5.096478987490723	9.84894661976425e-06	0.00023485047713556897	3.1224249483869038
ENSMUSG00000095386	2.067738612387484	4.699766004620324	5.08812060147089	1.0109967615437061e-05	0.0002401217209532067	3.112441179836212
ENSMUSG00000022010	1.3405638919286664	5.927801819045011	5.08197660356215	1.030620196009209e-05	0.00024286261795369952	3.0832907551699886
ENSMUSG00000078974	0.6741772766448921	5.556949482566031	5.057911499598152	1.111187930830625e-05	0.00025784743921549277	3.005257486867963
ENSMUSG00000022708	0.6699225948700649	5.44459432891324	5.057857839330819	1.1113743843703216e-05	0.00025784743921549277	3.004511066121424
ENSMUSG00000022791	0.5249665485923201	4.412078718780566	5.048989771498343	1.142618425584069e-05	0.00026407669689748733	3.0066884725167915
ENSMUSG00000040006	0.4186818822414171	5.512215034481933	5.033197336789054	1.2004299955811446e-05	0.0002748846033370305	2.9295929519710526
ENSMUSG00000066319	0.83123015575491	4.464676353231759	5.032484665352813	1.203106185349293e-05	0.0002748846033370305	2.953798277220499
ENSMUSG00000081207	2.109410978850515	3.719068660157812	5.02688027899217	1.2243586867396621e-05	0.0002776291074950426	2.986845556439012
ENSMUSG00000035686	1.7785680374129704	8.758386778893657	5.025066951190179	1.2313144099597603e-05	0.0002781567026108346	2.991450849711109
ENSMUSG00000025810	0.593058053365449	4.843028434275617	5.022700645357287	1.2404502385387496e-05	0.0002791709918868669	2.907834675120105
ENSMUSG00000047492	0.9980074051461436	3.421559692023275	5.019576587661534	1.2526145799733484e-05	0.0002808567541440243	2.9887537460112004
ENSMUSG00000014856	0.487457221406002	5.519717029803215	5.0182736522033276	1.2577227757850826e-05	0.0002809537605833666	2.884180934872264
ENSMUSG00000009633	1.5283811991749188	6.494618701823112	4.976207807414516	1.4342130595691351e-05	0.0003156844789359316	2.7728858192443466
ENSMUSG00000020444	0.43354944956285024	6.423992061567343	4.966847361042993	1.4767068942734752e-05	0.00032385152290836906	2.7423286926382904
ENSMUSG00000038521	0.3336789577516912	8.088362010189298	4.9495300754964955	1.5586364966012513e-05	0.0003393422720317724	2.7401223135124146
ENSMUSG00000040127	0.94284639629217	5.669798844451093	4.947121166037914	1.5703843166549874e-05	0.00034066568082237616	2.669461533032047
ENSMUSG00000027522	0.44929936908830204	4.4963744040094875	4.9408469365032675	1.6013958258885976e-05	0.00034546175379177843	2.6738566464435785
ENSMUSG00000030861	0.3466842360965936	7.027592051560389	4.94032731642393	1.6039911683792008e-05	0.00034546175379177843	2.679017791654239
ENSMUSG00000051412	0.44118033610451857	4.823952298520058	4.93676307383091	1.621906076770374e-05	0.00034583475242653075	2.647313177775162
ENSMUSG00000054823	0.4939675640386554	4.524224067409435	4.9363615330082995	1.623936712509663e-05	0.00034583475242653075	2.6588782056815585
ENSMUSG00000025499	0.45453051489042195	5.079033602713656	4.935412885099898	1.6287441327460174e-05	0.00034583475242653075	2.635867188605916
ENSMUSG00000029775	0.29348898703035253	5.03907188497521	4.933910002661432	1.6363890829170832e-05	0.00034623457743833636	2.6322345912278333
ENSMUSG00000097426	1.2004288695345515	4.805088598550224	4.932735133137033	1.6423902121271814e-05	0.0003462850099884994	2.6357596201923554
ENSMUSG00000052974	0.6276789323207925	9.5720317103616	4.929223452819122	1.660457770103036e-05	0.0003488703056136064	2.729859694347007
ENSMUSG00000002550	0.732857185444832	6.003177135378898	4.927403479662308	1.6698987907340838e-05	0.00034963142277077036	2.613772337752035
ENSMUSG00000063659	0.3339096831179873	4.650854247199954	4.924097211024114	1.6871860611602095e-05	0.0003520243417191562	2.615691399015346
ENSMUSG00000051586	0.5315955964187515	3.680297904703163	4.916698084170674	1.7265179041276045e-05	0.00035665147298219777	2.656369946168316
ENSMUSG00000028760	0.41053206002847364	4.630651361421442	4.916577029065425	1.7271688906277176e-05	0.00035665147298219777	2.593802921807205
ENSMUSG00000023967	0.3030246530346945	5.254153452337207	4.912114396262444	1.7513374905543377e-05	0.0003604036637240074	2.5622860650999737
ENSMUSG00000031879	0.5117915833351314	4.087613636707522	4.897149833692676	1.834851427602925e-05	0.00037374990604969414	2.5659725164089933
ENSMUSG00000027195	0.43045320683425636	7.462839990397876	4.892883205069209	1.859376380802951e-05	0.0003774659686569234	2.5468333261508365
ENSMUSG00000060032	0.5602648987227932	5.263438661256765	4.878119356489058	1.9467700587139478e-05	0.000390893461810594	2.4591831321253155
ENSMUSG00000035754	0.3005915610566534	5.59132797959076	4.877332534358377	1.9515399990543883e-05	0.000390893461810594	2.4568592162634877
ENSMUSG00000001105	0.46213703218028446	6.100272382362588	4.87044911458372	1.993765344869852e-05	0.0003967064886530775	2.4424625114011036
ENSMUSG00000033417	0.37291760805704266	4.134153198330576	4.84388309923614	2.1653758035537075e-05	0.00042943046876416595	2.4017824018482283
ENSMUSG00000069520	0.4899740294844088	6.691235541593761	4.832882514440401	2.240642049214319e-05	0.00044144321553209317	2.344710739112643
ENSMUSG00000079557	0.3105209641092088	5.352628003812753	4.819401424657634	2.3364148532982174e-05	0.00045880774030944405	2.280937185673438
ENSMUSG00000043681	1.2593452072362883	4.375697026911199	4.7937331771419975	2.530090237880241e-05	0.0004888524835827127	2.235525921580889
ENSMUSG00000020873	0.571508991715798	5.701251111869224	4.770314629241703	2.72058561643559e-05	0.0005223002865546792	2.135159328199273
ENSMUSG00000046324	0.47775024448319225	4.130105317194876	4.757937875274961	2.8269164544425756e-05	0.0005392679674522361	2.1433549027973884
ENSMUSG00000057228	0.3944135194726641	6.397176260164098	4.748591321978334	2.909924857446679e-05	0.0005516005825992774	2.08179893799149
ENSMUSG00000110439	1.4816401718650427	5.406675936293074	4.7445676385506985	2.9463968238393435e-05	0.0005550124926160068	2.0551955592770224
ENSMUSG00000059325	0.7616942582436428	4.623366047366508	4.736165619456027	3.0240170246965775e-05	0.0005678536969188041	2.049702880932868
ENSMUSG00000038803	0.44504206162409155	5.434037781939725	4.723547548226414	3.1443938977015685e-05	0.0005849740845600224	1.9919806016005541
ENSMUSG00000056121	0.26532811153343605	4.595472299290203	4.70581348211688	3.3216107067730206e-05	0.000614140268830741	1.9599252356928307
ENSMUSG00000026385	0.4977294645259498	10.40157212705969	4.7009519023997735	3.3718905463489924e-05	0.0006215242421169048	2.075792614595322
ENSMUSG00000023048	0.374324533302933	5.445727696866288	4.696063659371821	3.4232032557839644e-05	0.0006268333046528709	1.9094626420243923
ENSMUSG00000028700	0.34355264430121935	4.085634332504143	4.695234048817116	3.4319879718887426e-05	0.0006268333046528709	1.9585766120038617
ENSMUSG00000031974	0.4227422245249035	3.7956269735361587	4.693025138926734	3.4554866461746286e-05	0.0006277391946402763	1.9747251688601999
ENSMUSG00000021496	0.4285160104141772	4.651572631466913	4.685641727747711	3.535190378660727e-05	0.0006379266962574267	1.8967944343606558
ENSMUSG00000057572	0.2651042451101082	4.535748858437399	4.676796068609993	3.633069920359166e-05	0.0006536262620191086	1.8759540736657927
ENSMUSG00000020715	0.5104546110425785	4.939895484836251	4.670249302611345	3.707228405733729e-05	0.0006629980800611304	1.8398483270800554
ENSMUSG00000002580	0.6203094091879371	4.15247347798512	4.664665385166441	3.771658572042822e-05	0.0006725191798043122	1.8622279181452956
ENSMUSG00000028042	0.40852528191007575	5.578074415606838	4.656410666516333	3.868933796944722e-05	0.0006857941942725911	1.7914350718294951
ENSMUSG00000021967	0.4489828678295935	4.1587262238112706	4.651269171407687	3.930768223833274e-05	0.0006947054781474747	1.8217461227714677
ENSMUSG00000102095	1.1381011891176938	4.86746566522256	4.649284581334926	3.9548957716699194e-05	0.0006969199029901626	1.779415115794599
ENSMUSG00000018042	0.32434349154969233	7.970278944251687	4.646682387366245	3.9867531843067785e-05	0.0007004795287865331	1.8251503010467456
ENSMUSG00000072704	0.34064170824367146	6.479301332230604	4.64569676592646	3.998885627405186e-05	0.0007005627911101388	1.7757974575237228
ENSMUSG00000038628	0.36306632764465085	3.942508162951738	4.6189232878565685	4.342740098444069e-05	0.0007542059321257344	1.7417193210074267
ENSMUSG00000054452	0.4646422120566083	9.629238949408261	4.617962850502956	4.355601983311956e-05	0.0007542597209718024	1.8003268976353208
ENSMUSG00000001056	0.45697340376024176	4.94032252799861	4.592767599705355	4.706746507119718e-05	0.0008017547199821215	1.6082470491495897
ENSMUSG00000025102	0.4003691251325652	4.409782571372891	4.59254807544645	4.709925381156413e-05	0.0008017547199821215	1.6309274113659376
ENSMUSG00000006315	0.42430814606922684	6.688158889861509	4.581264359860597	4.876201654886551e-05	0.0008230644871970023	1.589999625928483
ENSMUSG00000068086	1.0373943529280645	10.39186621496801	4.577885596814286	4.927106352780061e-05	0.0008284662505642294	1.7103332921501941
ENSMUSG00000055850	0.25614656163594507	6.664382002912873	4.576405811198635	4.949565384465941e-05	0.0008284662505642294	1.5748091133165882
ENSMUSG00000000739	1.184403804106664	3.5411188385867107	4.573577792675401	4.9927676570730746e-05	0.0008333761347597807	1.640534919720018
ENSMUSG00000022412	0.2944417441426008	4.025727946842396	4.569341931084063	5.058172424343867e-05	0.00083962867673708	1.58762404395301
ENSMUSG00000028979	0.23520873450416513	7.159234387729742	4.565920505889546	5.111617060312841e-05	0.0008445128303202611	1.557558874876836
ENSMUSG00000045438	0.5057282375465686	5.800954037404485	4.565660301463473	5.115704280854968e-05	0.0008445128303202611	1.5235991537519524
ENSMUSG00000075517	0.5883113306070697	6.026719704905451	4.562542457130621	5.164929531880838e-05	0.0008503030563581359	1.5169914472890005
ENSMUSG00000030004	1.5262418477644952	4.393445320225462	4.531953718978459	5.6732862394665735e-05	0.0009263798101346369	1.4516446290289506
ENSMUSG00000038217	0.7284994788397903	6.968778199777775	4.528419490408515	5.735105670613944e-05	0.0009339363136780268	1.441128195335187
ENSMUSG00000032977	0.40675764388010727	4.443706476074756	4.5191816824762965	5.8998378779027566e-05	0.0009504591369522162	1.4109840448078508
ENSMUSG00000042834	1.6140669972219364	3.81060196950978	4.484342426610097	6.564053259910002e-05	0.001049026490393596	1.3532661474363028
ENSMUSG00000079057	0.5218325557162249	6.896545712692316	4.483417898629782	6.58264594974451e-05	0.0010492074141117975	1.305743730416391
ENSMUSG00000029649	0.30952726560297616	6.796637055766561	4.479159258444513	6.668959991144589e-05	0.0010601529255763978	1.2901921943123735
ENSMUSG00000008540	0.43138530248124063	12.085246557947254	4.472948029861512	6.796847525978373e-05	0.0010747962311474747	1.4588767733800303
ENSMUSG00000026201	0.35221874831264	6.771589958552211	4.470106413074533	6.856156573531635e-05	0.0010813292611640839	1.2626592432633874
ENSMUSG00000027808	0.4835444124470252	7.022447976044694	4.467912104358548	6.902303124862959e-05	0.0010857575779398305	1.2633966314686305
ENSMUSG00000034118	0.4139432352132042	4.414060718520462	4.447830404405873	7.339056837742407e-05	0.0011454647412466007	1.201482945951268
ENSMUSG00000045672	1.4395179096042017	4.023195485480577	4.436488144528925	7.597622655017001e-05	0.001173627622981932	1.1946990060568758
ENSMUSG00000026755	0.3902900308638193	5.304234851183609	4.434343803474996	7.647502830075833e-05	0.001178157925512973	1.13067224321067
ENSMUSG00000020484	0.5352860268339423	7.656183701233557	4.433545125477933	7.666163236404934e-05	0.001178157925512973	1.180980597331879
ENSMUSG00000029394	0.4626461119377545	4.01752632279026	4.430816312749229	7.730257669150377e-05	0.001184521464735997	1.1784448632467885
ENSMUSG00000031683	0.33735665588708574	4.343726222611535	4.430107378540522	7.746995101368727e-05	0.001184521464735997	1.1532224932710289
ENSMUSG00000065954	0.4674285305180952	5.0368419148237225	4.427575376053523	7.807065019782409e-05	0.0011876621190853797	1.1153518686554191
ENSMUSG00000046603	0.40972835439596444	4.488379782548074	4.422900296709619	7.919182560374145e-05	0.0012016759597295009	1.1239075160507115
ENSMUSG00000040842	0.3299094871960735	5.369961152505664	4.421016166369749	7.9648134821104e-05	0.001205555773652428	1.090914799370445
ENSMUSG00000025936	1.8284370913609118	4.656189791733887	4.406578403467854	8.323151805620556e-05	0.0012472274114706714	1.0672423773192783
ENSMUSG00000087687	0.6484379526548514	3.9497143251870654	4.405390894002726	8.35332014875362e-05	0.0012486343476084702	1.1091326303190643
ENSMUSG00000070730	0.3334999836767434	6.517377881221957	4.396773139591066	8.575491873335116e-05	0.0012754982838334334	1.0383589833661118
ENSMUSG00000030678	0.38465762725986075	5.613632563455198	4.393711266508757	8.655817635581777e-05	0.0012842668684496519	1.0116242502524306
ENSMUSG00000061207	0.5040285215226579	4.218547652734097	4.392753408595775	8.681097606235169e-05	0.0012848452097504218	1.0512662315623649
ENSMUSG00000012422	0.41065868315621756	4.157270807552005	4.386788785222944	8.840155896879086e-05	0.0012996133296775013	1.0381520243886806
ENSMUSG00000027822	0.45932084636578807	4.8449987409351465	4.382766440461194	8.949030988121093e-05	0.001308387523299748	0.9893834306216096
ENSMUSG00000024118	0.8257484876419854	6.270370659526776	4.371960171526744	9.248089645828684e-05	0.0013488293854802078	0.9577571522776385
ENSMUSG00000038546	0.3153179340112793	5.241710042003057	4.366695786057937	9.397310384379468e-05	0.0013606852554153305	0.9320815890961853
ENSMUSG00000046329	0.28338533114689746	7.948968291272101	4.361965639013511	9.533401340918937e-05	0.0013737699917885347	0.9821287401491281
ENSMUSG00000002014	0.3933369328540781	6.459756582522116	4.351175112375496	9.851133111262525e-05	0.0014094156872756312	0.9025148471165698
ENSMUSG00000020307	0.4007816977776484	6.849780730909271	4.3403350904549445	0.00010180775264747986	0.0014496748475324797	0.8830503183732548
ENSMUSG00000029578	0.21740595899143056	5.341475116776238	4.332895394283041	0.00010413249855106963	0.0014792723021120034	0.8319309135724513
ENSMUSG00000064344	1.4564292180695242	3.7353688996863386	4.330429263335657	0.00010491453884640323	0.0014868666602076343	0.9076333651541182
ENSMUSG00000036646	0.2342886715893675	5.172369106596846	4.329139178873162	0.00010532593174389084	0.0014891847619977413	0.8229241585510731
ENSMUSG00000024213	0.42730734217109845	4.265317288701609	4.309876393176803	0.00011166003388734224	0.0015655529941944494	0.8052429730778865
ENSMUSG00000024096	0.2426484666133284	4.523969048680616	4.309393371840771	0.00011182356983429943	0.0015655529941944494	0.7888269722008818
ENSMUSG00000025332	0.38010597932634926	4.358560764811607	4.308159973912292	0.00011224222569471085	0.0015655529941944494	0.7944473817648845
ENSMUSG00000025869	0.47904902975621866	5.079760833468382	4.299612369058552	0.00011518607381752753	0.0015985060451952032	0.7384149588125375
ENSMUSG00000034780	0.9136807134835658	4.02361466359265	4.291724453927261	0.00011796977153959784	0.0016314809766375144	0.7703861042438875
ENSMUSG00000049327	0.36396871961047594	5.448390294870654	4.28671397754627	0.00011977212333158283	0.0016481884699305529	0.6965393066634
ENSMUSG00000037780	0.633682322555142	7.641189671485884	4.286462572200408	0.00011986326532861567	0.0016481884699305529	0.7493837280828348
ENSMUSG00000019039	0.23099699209640168	5.866123572720352	4.268672836874431	0.00012648803758172204	0.0017313590383338671	0.6488758582145415
ENSMUSG00000033634	0.37663246198980005	8.954950313765695	4.262290362759906	0.0001289511722275674	0.00176106271344421	0.7294863946741046
ENSMUSG00000029478	0.5275360849051034	3.8300526953582676	4.2472321003134565	0.0001349501014330444	0.001830508260747548	0.6571966190156182
ENSMUSG00000025555	0.42215818803271654	3.772240940900076	4.24495386426665	0.00013588118710644383	0.0018348540524103843	0.6555993329862346
ENSMUSG00000054312	0.5095278983466871	6.594771605622654	4.243507209203174	0.00013647567761583649	0.001838749656487806	0.592429920300277
ENSMUSG00000038170	0.33667457724124183	4.8720462734922245	4.242318484690976	0.00013696607867030796	0.0018390676582253711	0.5775603925169497
ENSMUSG00000025871	0.4731681178489868	6.3930324627285335	4.241967065076959	0.00013711138473705546	0.0018390676582253711	0.5813214941131974
ENSMUSG00000032757	0.35739934755888836	6.489719727505553	4.233785225225614	0.00014053741032809598	0.0018766428859145084	0.5607170189201227
ENSMUSG00000038323	0.4237168822415178	5.518752809910283	4.222388468503404	0.00014544962251187478	0.0019344100325258474	0.5094589836386323
ENSMUSG00000038312	0.40700566034457886	5.841095622618358	4.221523525340338	0.0001458292136352486	0.0019344100325258474	0.5113311806731673
ENSMUSG00000028998	0.5475571293036574	4.045863104204598	4.216995666425861	0.00014783219369563565	0.001956660026249063	0.5513898913766759
ENSMUSG00000040599	0.46912837832181253	4.540166437751183	4.214725725203829	0.00014884644725251517	0.001963986224616238	0.5122715067141161
ENSMUSG00000035139	0.28613864838792047	4.449715393409737	4.211388019639737	0.00015035017339917931	0.0019769238336010252	0.5075334500419171
ENSMUSG00000025224	0.4431835166966618	5.440955838711915	4.204764319904472	0.00015337846523982127	0.0020123388594456026	0.4579631120002654
ENSMUSG00000031790	0.6412507417372697	4.188740887798311	4.198021720465518	0.00015652237115284577	0.0020491131334584973	0.4853123777319448
ENSMUSG00000027309	0.4546827366876096	4.907521213382	4.196977602987555	0.0001570148192147801	0.0020510914101339425	0.4446755015715853
ENSMUSG00000029153	0.5122784465004138	4.82777001258784	4.196175378855587	0.00015739420955407742	0.002051587429957595	0.4451998806637647
ENSMUSG00000032959	0.31868359227989007	7.882207003726943	4.186824441491452	0.000161883147302783	0.00210098451866614	0.4697191418942017
ENSMUSG00000037235	0.33913260369792386	5.118230869925172	4.185980739660518	0.00016229427104951164	0.002101780764518352	0.4068744554842514
ENSMUSG00000025702	0.3286053997578806	6.7424308676557105	4.16885532002076	0.0001708633380834564	0.0021985391831766373	0.38073815665845867
ENSMUSG00000029657	1.475703020762924	4.832968452830928	4.1649323116698485	0.00017288769441592292	0.0022198336661223947	0.35458643695549874
ENSMUSG00000020056	0.36878339330762877	4.540643363640805	4.150065936044957	0.00018077394573559328	0.0023063070911362635	0.32518495153910365
ENSMUSG00000034157	0.5071904148409656	5.203096310003337	4.147344031481316	0.0001822554361828361	0.0023162014061373862	0.2936016226553013
ENSMUSG00000021930	0.39169444726333014	4.187054104256813	4.1460709519432095	0.0001829524183653145	0.0023162014061373862	0.3354051069468822
ENSMUSG00000062397	0.32512883474853016	6.919885371434585	4.1460060508590555	0.00018298801990486	0.0023162014061373862	0.32025648100754367
ENSMUSG00000022237	0.4672363211626456	4.087552886018588	4.145817828522363	0.00018309130769100657	0.0023162014061373862	0.3423975604895384
ENSMUSG00000063730	0.7110679606727759	5.20671972565169	4.1442210866357305	0.00018396982033598626	0.00232242573613223	0.2845317084332102
ENSMUSG00000050856	0.5860428346520132	5.83000356454538	4.141458709689981	0.00018549938806119485	0.0023319368679073638	0.2793979243258651
ENSMUSG00000044934	0.26519677605676506	3.7271368929470663	4.130986063573689	0.00019141186574795293	0.002396100344414656	0.3305395003629297
ENSMUSG00000026024	0.4008493731202538	4.81525184672314	4.096326018581529	0.00021232178994001855	0.0026300365183449274	0.15759027610141185
ENSMUSG00000113902	0.6155780635598154	4.794862787542703	4.094584355765931	0.00021342935715603235	0.0026334640803913727	0.15339372663290174
ENSMUSG00000027559	1.1882568023057356	11.133924918541544	4.086529215839585	0.00021862558437912266	0.0026865462914808756	0.3102761240227929
ENSMUSG00000025198	0.30675303019763955	5.44421207836054	4.07880033941552	0.0002237272662525161	0.0027380389875995303	0.09451601200270954
ENSMUSG00000030990	0.3853092093613437	4.363695995864224	4.067703230120079	0.00023125584640905255	0.0028129886256518153	0.09854445546403223
ENSMUSG00000063232	0.6499831874790845	5.075999127225519	4.065825609843198	0.00023255388086719308	0.0028141254446708555	0.06170196815254325
ENSMUSG00000047547	0.2948669600299043	5.461596791264873	4.064884049204891	0.00023320747156949906	0.0028141254446708555	0.05465554783234783
ENSMUSG00000017679	0.5589299848870946	3.6680956001064287	4.064862317309948	0.00023322257804062006	0.0028141254446708555	0.14653672150804997
ENSMUSG00000037348	0.9042250855209426	5.310588318935694	4.057197340363617	0.0002386106756315469	0.002867623099739931	0.03310140466198774
ENSMUSG00000003581	0.4103963962010022	3.8820827687265496	4.049706082530336	0.00024399383931473855	0.002926465030822882	0.08411476564225762
ENSMUSG00000015668	0.33031504418921864	3.960311733364305	4.035571559168962	0.00025447505557811404	0.003028001205878985	0.03705324228266882
ENSMUSG00000021338	0.9814282273154729	3.4835560689354113	4.030138364903116	0.00025861961127424213	0.003059144181391577	0.06503892437056535
ENSMUSG00000091803	0.47621039734265036	4.273328078988422	4.022392168999278	0.0002646425018737266	0.0031242373158334442	-0.02512764140747681
ENSMUSG00000076435	0.36426749549194337	7.5535777806970295	4.0206022703290465	0.0002660535149543481	0.003134736414432701	-0.020043848141980014
ENSMUSG00000038704	0.3601796130602777	7.2665438137536595	4.019878031028425	0.00026662652760343843	0.0031353401259668523	-0.03145044590783552
ENSMUSG00000030029	0.32285434788345224	3.7263216738798572	4.016427449864989	0.0002693731509492085	0.003161451687605066	0.0032408186086767543
ENSMUSG00000038871	0.31679854046202216	4.635110090350048	4.00133328620262	0.00028171535107937275	0.003280673536116184	-0.1060094743063349
ENSMUSG00000039242	0.39756186751322886	4.276430574445446	4.000479397902021	0.000282429777188581	0.0032826315882518056	-0.08770352484479638
ENSMUSG00000038619	0.22318987530345513	5.090232085868746	3.9982182869013076	0.00028433012104505344	0.003298339184092135	-0.13171585785551354
ENSMUSG00000063362	0.27289961702014187	3.9672826336268625	3.996515935739327	0.0002857690659843049	0.0033086441570321545	-0.07464270120082528
ENSMUSG00000060002	0.46765097167555947	7.6311565927550475	3.992725150413625	0.0002889988180011387	0.0033396036487862357	-0.0964486792808783
ENSMUSG00000073616	0.528888924788034	5.761798222613364	3.979870593624184	0.000300217632780022	0.003462586862524284	-0.1842944710187462
ENSMUSG00000029090	0.3661544222954518	5.372482177251238	3.972331071143264	0.0003069937717796433	0.0035271999514796875	-0.20927087362332308
ENSMUSG00000039704	0.27271433803437795	5.134082679588608	3.9700725954102336	0.000309052381573277	0.003541376695018067	-0.212696996192129
ENSMUSG00000030615	0.3969362543157233	5.601411725759655	3.964331480810077	0.0003143460830589035	0.003570852790419113	-0.23089291124808398
ENSMUSG00000030847	0.6539842034837053	4.068300918976015	3.9643179642787474	0.0003143586497140474	0.003570852790419113	-0.17444715611713413
ENSMUSG00000031392	0.31782877897281914	6.014936656849861	3.941184707024626	0.00033659796202260134	0.0037665123906774887	-0.2906855952921523
ENSMUSG00000024212	0.28511031428678724	4.254073580235912	3.9383518030380613	0.00033942435859598066	0.0037910798713815014	-0.26223723196078197
ENSMUSG00000023829	0.3738105694203897	8.180461338523676	3.927301151479226	0.0003506718099732138	0.00388797898678648	-0.2588599840780086
ENSMUSG00000075486	0.34117279751580565	4.772734618191896	3.9203313099065764	0.00035795119582320906	0.003932775161803811	-0.34192261179324746
ENSMUSG00000031166	0.24642898399094193	4.335878110538333	3.914051976792934	0.00036463499705659345	0.003991059557947304	-0.3362174737437096
ENSMUSG00000025157	0.37257270353630023	3.864910425731752	3.9133209560418014	0.00036542094071871834	0.003992389877779597	-0.3008568101410374
ENSMUSG00000039016	0.4915969330609462	6.102228637137789	3.9110016930911966	0.00036792536419493063	0.004000393271879993	-0.37469039413609284
ENSMUSG00000057236	0.27689350754096953	5.822935378333407	3.910850807647157	0.00036808887219990825	0.004000393271879993	-0.37877659938508934
ENSMUSG00000028433	0.33404971735435396	4.114753071358307	3.9101802132019556	0.0003688164208057108	0.004000393271879993	-0.33108616126999557
ENSMUSG00000028367	0.3379293449180931	7.310906078423451	3.9059675662051174	0.00037341890945198435	0.004025358851690107	-0.3527324184071752
ENSMUSG00000025825	0.319184835410093	7.033267229136789	3.900657593156805	0.00037929981128680904	0.004077303338143891	-0.37562539515347737
ENSMUSG00000026005	0.3047630915283266	4.52555195702895	3.8963248447793517	0.0003841649770636256	0.004106946203884924	-0.3972812100047074
ENSMUSG00000055991	0.25714222225820516	3.7540116985730725	3.895770970225619	0.000384791265233352	0.004106946203884924	-0.3401564388353693
ENSMUSG00000042541	0.38225228373498776	4.214811623998204	3.894366023707556	0.000386384345581721	0.004114483940777859	-0.3833792961465008
ENSMUSG00000024247	0.5405499425672593	4.611144240417805	3.893577657461066	0.00038728108415264856	0.004114483940777859	-0.40969975164472316
ENSMUSG00000032513	0.40504933711755253	4.516023749770196	3.893340131387528	0.00038755165759365415	0.004114483940777859	-0.4051441585990583
ENSMUSG00000028394	0.22408517089670443	4.562225726449696	3.886983236198482	0.00039486158058417567	0.004177329643891394	-0.4255971942381942
ENSMUSG00000058569	0.5910630096560947	5.479617143576652	3.875063846000469	0.0004089304301997964	0.004318564068665337	-0.48403420311863776
ENSMUSG00000029664	0.5407854705410395	6.5121756045229295	3.8598670411486244	0.0004275747682749454	0.004507538215024819	-0.5068885399009444
ENSMUSG00000034591	1.2552755538767029	4.805019166822261	3.857728451875544	0.00043026384242248985	0.004518208823660828	-0.5193534786514737
ENSMUSG00000029066	0.3804895510314008	6.13347050264325	3.857269806699791	0.00043084267864164664	0.004518208823660828	-0.5252501030307046
ENSMUSG00000057068	0.9717371929652057	5.214423061006025	3.8562303697856346	0.00043215730475905113	0.004524099728740659	-0.5353306242591627
ENSMUSG00000026281	0.30598847501341453	4.648726817576195	3.8459727490808033	0.000445341063573477	0.00461410501134264	-0.5452390623156038
ENSMUSG00000000303	0.7675487735090569	3.7677664170188008	3.845886307348212	0.000445453804855334	0.00461410501134264	-0.48109423082772107
ENSMUSG00000009073	0.2910550376520966	5.12560955799019	3.8440971329269003	0.0004477935543957658	0.004623353038426386	-0.5677110569949884
ENSMUSG00000036372	0.44155331899444317	4.605393887240947	3.8413474277962885	0.0004514126674207149	0.004651648663498275	-0.5559358710597335
ENSMUSG00000034450	0.35907157545534574	7.616463451517341	3.8386513713830186	0.0004549887036692561	0.004673550633074461	-0.5309983555021169
ENSMUSG00000086141	0.44038094958657314	4.413470531287283	3.8303954464833754	0.00046611101842885914	0.004763369234250025	-0.5756835154860047
ENSMUSG00000018599	0.3169638420006935	4.428986125032842	3.815057081771366	0.00048747857067280313	0.004956444553592004	-0.6194076833040842
ENSMUSG00000030378	0.8425797838479632	10.123992626960936	3.812666414773459	0.0004908933491505869	0.004982733336226143	-0.498934740069207
ENSMUSG00000034957	0.41306314605137207	7.8709256149166125	3.7984572346572283	0.0005116728404214849	0.005149605885073901	-0.6325504082370017
ENSMUSG00000068184	0.3997532217868218	3.706617893905487	3.795170783409114	0.0005165989180352865	0.00518237545655098	-0.616596408582204
ENSMUSG00000033933	0.43597711942608885	4.133121526363048	3.79158237839066	0.0005220300569381916	0.0052281310202359895	-0.6643268313580961
ENSMUSG00000033577	0.33940511908335314	4.343621482428248	3.790133904735026	0.0005242379889071792	0.005241507612883926	-0.6835840891016902
ENSMUSG00000009549	0.3753813545551701	6.083312601754442	3.7841556152376103	0.0005334468701383545	0.005307547917276956	-0.7302590493508552
ENSMUSG00000079418	0.2988020212429783	4.366461426482194	3.7803039043734774	0.0005394627649876509	0.005356709825338244	-0.7123158601960649
ENSMUSG00000035505	0.3124542062058766	3.639567476824847	3.7798237051618706	0.0005402173663096981	0.005356709825338244	-0.6527848446325057
ENSMUSG00000032741	0.3735160726739304	4.835390566289867	3.7753866875117015	0.0005472383660589547	0.005399598262148208	-0.750341597350153
ENSMUSG00000054252	0.5007726684029272	4.0801554349194875	3.771013365346072	0.000554244981891632	0.005451984018591757	-0.7170354110168953
ENSMUSG00000047036	0.5823834866162008	6.573734141887953	3.7687826898185275	0.0005578521713795068	0.005471385680785358	-0.7588171304592342
ENSMUSG00000038009	0.20748563814303278	7.147858278841241	3.764962642293015	0.0005640823517331583	0.005511497319617152	-0.7513912149482636
ENSMUSG00000019864	0.3051549100365527	4.396845566222216	3.7602322965938244	0.0005718905202396615	0.005560663650679816	-0.7698530657689506
ENSMUSG00000064225	0.6891619759640317	5.488839144694936	3.7554894142183888	0.000579824345529138	0.005610570841037987	-0.8177587726996016
ENSMUSG00000002768	0.3817790643920622	5.896627543602721	3.7536483738083515	0.0005829326166889946	0.005624738579055961	-0.817368592756508
ENSMUSG00000051234	0.3394322779577914	5.787760952746921	3.753513703802239	0.0005831606148696727	0.005624738579055961	-0.8192367192036132
ENSMUSG00000037339	0.24627918112493363	3.935155611157137	3.7460314429838633	0.0005959646460956249	0.0057115654838733815	-0.7735870998786041
ENSMUSG00000030876	0.21948145302314526	5.168782059584273	3.7452112639387294	0.0005973846069908455	0.00571605748950317	-0.8439160326143842
ENSMUSG00000079015	0.6560256741899462	9.460212033221847	3.736212120484851	0.0006131811699604168	0.0058300722314749125	-0.7391943915410542
ENSMUSG00000038754	2.568148292366123	6.15214046850556	3.7326843599363904	0.0006194831701473013	0.005880686207606846	-0.8717238606337938
ENSMUSG00000033379	0.3630440361481915	6.719163447243922	3.7316391855900544	0.0006213622677890492	0.005881087189789486	-0.8567276131649759
ENSMUSG00000021951	0.4713677364452451	3.6946130311374765	3.7315722282659967	0.0006214828366643907	0.005881087189789486	-0.7913191629410266
ENSMUSG00000033530	0.5070591531564839	3.7254376428072136	3.7124520822621205	0.0006568536143753027	0.006206027309404393	-0.8468525037711263
ENSMUSG00000070407	0.2866548118697585	4.629326474545166	3.7074749276012304	0.0006663754576468186	0.006276254114419645	-0.9288291080384488
ENSMUSG00000032306	0.294068325212546	3.904098947642964	3.7040374147337776	0.0006730295205608051	0.006323056900959092	-0.8864822371559828
ENSMUSG00000030611	0.31789566488782484	4.291480651752779	3.7032226042039724	0.0006746161524289095	0.006323056900959092	-0.9205009649716658
ENSMUSG00000024845	0.2848456101525416	5.795708761008015	3.7026740723043052	0.0006756863104735708	0.006323056900959092	-0.959550441277722
ENSMUSG00000021131	0.3229579153883906	5.725069676576178	3.698547509901432	0.0006837897702514347	0.006380268213417501	-0.9720515283193887
ENSMUSG00000049580	1.3287301730969165	5.812663317302244	3.6946834675881175	0.0006914627696653136	0.006441860128556386	-0.9812926450774526
ENSMUSG00000035504	0.23718903162963834	8.766257748654638	3.6941019500652237	0.0006926246907654372	0.006442696233451257	-0.8840096670675548
ENSMUSG00000079480	0.4721608699591533	4.500756624863767	3.6877077330003805	0.0007055258887466955	0.006532365278087664	-0.9760227805424844
ENSMUSG00000030284	0.45050028059905056	5.209464758482737	3.681753155973099	0.0007177485193826938	0.00662511651761998	-1.019592800020483
ENSMUSG00000009894	0.2596110859175287	6.712550329359115	3.6738463773111247	0.0007342946690383225	0.006767448874618528	-1.015969810045851
ENSMUSG00000040945	0.2773069295982751	4.591429948321181	3.664845754665906	0.000753578074061644	0.006923930652960886	-1.0438581557189774
ENSMUSG00000002332	0.28495499995779205	7.065630298289186	3.6471756710907415	0.0007928665899181791	0.007244075538074721	-1.0778318616018483
ENSMUSG00000037470	0.38743550078558275	5.265964584870167	3.643500697476604	0.0008012823750483297	0.007295311805553657	-1.1252123366617228
ENSMUSG00000024180	0.21616402072930274	3.791405428842089	3.638679106212105	0.0008124546938478986	0.0073635599627933975	-1.0549041329804165
ENSMUSG00000024925	0.4511728685856804	5.898684366097238	3.632655322308898	0.0008266238517049448	0.00747163502379679	-1.1500892905535034
ENSMUSG00000067235	0.3348302466181181	9.929739077860088	3.632553279901641	0.0008268659162630829	0.00747163502379679	-1.0015012177206506
ENSMUSG00000031753	0.20301611524658814	6.1602742661556125	3.622304157168189	0.0008515301149397204	0.00767108468758275	-1.1744799906072254
ENSMUSG00000038515	0.29662583121214325	4.289166029725245	3.6212131843849753	0.0008541968843958752	0.007672450042353983	-1.1447264766576515
ENSMUSG00000004945	0.328958097621026	5.931612436063593	3.6187316863166727	0.0008602926579880609	0.007704170762817076	-1.1876372458926658
ENSMUSG00000061360	0.3550245617798735	4.856093411634207	3.616334236333106	0.0008662217723534823	0.007745724151892969	-1.1886048967154013
ENSMUSG00000026154	0.41934997628932447	4.798821227550307	3.611079867533009	0.0008793543451783053	0.007839822344475425	-1.200607708109657
ENSMUSG00000027602	0.3058085110736739	5.520006022660472	3.6101025239247404	0.0008818181499196752	0.007850141130173821	-1.2169430110623125
ENSMUSG00000059316	0.244061769057895	4.207492488352015	3.6082970211257366	0.0008863871807755132	0.007879142853964585	-1.1738997242608953
ENSMUSG00000024807	0.8816612110842623	5.260596560363535	3.606871729286806	0.0008900101450635151	0.007899661686390934	-1.2250195564810618
ENSMUSG00000027879	0.3555851519702209	5.7107262659719	3.6029540196804715	0.0009000422603648974	0.007976923219074733	-1.2337993760618184
ENSMUSG00000042992	0.4051358111580039	3.9233514032265497	3.5992553873277	0.0009096132818868892	0.00802065453172632	-1.1741958680484963
ENSMUSG00000029221	0.22169423965683865	5.027583160100664	3.598985464365159	0.0009103155917186471	0.00802065453172632	-1.2416194283312123
ENSMUSG00000026014	0.39887239525807416	4.47737214337639	3.597114263270689	0.000915198630236258	0.008040100247207126	-1.222009396094026
ENSMUSG00000090623	0.3208018558906405	4.499488391485338	3.5907449032651733	0.0009320097311626962	0.008175834269425752	-1.2405749048132746
ENSMUSG00000021666	0.2533548201053115	4.717736905111039	3.5869995048981966	0.0009420336438581329	0.008251720358518252	-1.262462015371817
ENSMUSG00000001576	0.2857293379910182	6.088509313257764	3.577713249647179	0.0009673364043723043	0.008424238338946633	-1.2969499396313697
ENSMUSG00000028136	0.22457888387334535	4.355053428743806	3.5709823434075307	0.0009860840462846872	0.00857507819699665	-1.2853291659778439
ENSMUSG00000036850	0.29937017422038537	5.439386455860475	3.5681050791529967	0.0009942043522845677	0.008602894180728704	-1.3312642925268898
ENSMUSG00000044345	0.6016510898518677	4.035396278843422	3.5678210618163386	0.0009950093951749792	0.008602894180728704	-1.2692409774864624
ENSMUSG00000051403	0.23786541906066994	5.634419296927808	3.5671855573408897	0.000996812995614108	0.008606105302651114	-1.3320406241857397
ENSMUSG00000021102	0.31794264509705084	6.70041227947637	3.5660021842497622	0.0010001798663595062	0.008622784529346159	-1.3099738028563763
ENSMUSG00000068267	0.23709306260742302	4.594753502597687	3.5553413550426285	0.0010310088019832623	0.008834092942197877	-1.3417983197027477
ENSMUSG00000061947	0.565047292556172	6.4927194907400505	3.5544895979292326	0.0010335109566259125	0.008834092942197877	-1.3482667567686573
ENSMUSG00000032540	0.35070460509711054	4.717803775468064	3.5529175491215668	0.0010381444134100986	0.008839024018773173	-1.3546586922752546
ENSMUSG00000074115	2.5878634353256817	4.462782762890897	3.552796932881762	0.0010385007417629988	0.008839024018773173	-1.341060961361749
ENSMUSG00000029672	0.36031409972015815	4.385253606001892	3.549094380570486	0.0010494963416501563	0.00890737784883586	-1.3463226869323899
ENSMUSG00000058492	0.34047567055333605	3.774823128946436	3.539173634205449	0.0010795129509989336	0.009145996639830472	-1.322544721719166
ENSMUSG00000060477	0.3864918827446875	4.5449348041504525	3.5367339670809836	0.0010870199807358578	0.009186924140987018	-1.3891298690939564
ENSMUSG00000035642	0.31581216573165527	4.478489831629688	3.533041982362809	0.0010984759886558768	0.00927070535931624	-1.3952021158300258
ENSMUSG00000055312	0.43823899981774606	4.5739301969888135	3.530389705761047	0.0011067773746982082	0.009327665139637493	-1.4078550114681327
ENSMUSG00000039157	0.6673354970783136	4.135397369016496	3.528202984614944	0.0011136669280445693	0.0093594749239438	-1.384474838492359
ENSMUSG00000043445	0.4373397051452841	4.702938701636642	3.523625245364095	0.0011282233863140919	0.009452129119266375	-1.4328388433767243
ENSMUSG00000028469	0.5702584938474748	5.759281644236223	3.52325437396303	0.001129410668602639	0.009452129119266375	-1.4484604584996825
ENSMUSG00000007415	0.21298290905973705	5.474782114159304	3.522390477558389	0.001132180944167502	0.009462135317806007	-1.4544677346215487
ENSMUSG00000031820	0.15810726016397414	6.723304578738403	3.5157346908156493	0.0011537441860644362	0.009628956686196106	-1.4445825822579756
ENSMUSG00000059278	0.33467157762777777	4.986312978695799	3.5130336948230463	0.0011626068639605822	0.009689465527793534	-1.4724885203728508
ENSMUSG00000044197	0.43466298961809	5.360227366561497	3.5064757608650288	0.0011843981132570363	0.009857407565874696	-1.4971293892310085
ENSMUSG00000020189	0.3042737636809356	4.318495154131745	3.501235995548723	0.0012020906005790234	0.009977019915579215	-1.4705976171861046
ENSMUSG00000050088	0.19510658285552918	4.300205999590863	3.498547352835537	0.001211267251421486	0.010003193613591574	-1.4765587297460163
ENSMUSG00000022508	1.1784142006040033	3.311744176355705	3.4983618201334012	0.001211902970659788	0.010003193613591574	-1.3847323707199433
ENSMUSG00000035171	0.3333476800678019	5.490297543328076	3.491694367341884	0.0012349624591422314	0.01016560194107626	-1.5367441131225092
ENSMUSG00000037971	0.2444767533258343	5.115649402760793	3.4873736079275566	0.0012501301301695536	0.010255688339344477	-1.5448324377999398
ENSMUSG00000025512	0.4448244848107499	3.596531841617545	3.4871197774907854	0.001251026718711849	0.010255688339344477	-1.4444514051507493
ENSMUSG00000074884	0.4113147753175772	5.091037163878211	3.4832138433424378	0.0012649014420896406	0.010324530320126249	-1.5553634787971147
ENSMUSG00000040620	0.3368250564004005	3.766165466864983	3.482342924040133	0.00126801520656568	0.010324530320126249	-1.4738060024233022
ENSMUSG00000041895	0.5236156837316659	3.6809177464945986	3.475677992935733	0.0012920887678926456	0.01044974617263379	-1.4832882476039009
ENSMUSG00000053175	0.7083837972305931	5.123760009094202	3.470656218653594	0.0013105162827072867	0.010570325292333002	-1.5896791833809711
ENSMUSG00000024220	0.27471116012473784	3.7818038245724255	3.4638985521694923	0.0013357118790120917	0.010748016447846825	-1.524392542449589
ENSMUSG00000022003	0.7228519083768434	4.80680554771133	3.462727613673132	0.0013401246148527848	0.010765399489786491	-1.6004230881992987
ENSMUSG00000046756	0.2685225539973244	6.149515446353526	3.46157455453265	0.0013444836294484053	0.010765399489786491	-1.607878410521053
ENSMUSG00000017188	0.3630778832552011	6.675207773068458	3.4608466106930846	0.0013472425389115395	0.010765399489786491	-1.5929492482612782
ENSMUSG00000010936	0.3366778250447071	3.6734473310858853	3.459174186846406	0.0013536016065685815	0.010787522617865525	-1.5264293419562964
ENSMUSG00000017756	0.3498104894195615	5.776070569526449	3.4577260696286807	0.001359131029267152	0.010817242854127572	-1.6235372360960074
ENSMUSG00000023019	0.43204474529018544	7.765371973959785	3.45616837251466	0.00136510303952258	0.010850402333983046	-1.5683244371199745
ENSMUSG00000032575	0.8548214762626642	6.8380747711765055	3.4535283504017267	0.0013752820336841894	0.010915592299528381	-1.606917069466692
ENSMUSG00000003528	0.27411576266994864	8.437363034264049	3.453100695157749	0.0013769377538762713	0.010915592299528381	-1.5474604856448977
ENSMUSG00000079658	0.3037136232835449	6.107407973599476	3.4514976484775617	0.0013831611683757137	0.010950481502990335	-1.635499681306671
ENSMUSG00000055538	0.2160854372577221	5.284874915793387	3.4493896255482372	0.0013913860705483205	0.011001103813059023	-1.649020335531727
ENSMUSG00000019054	0.3017551589155385	6.774677816773359	3.4486795848344998	0.001394166984697535	0.011008606322007211	-1.6219234193196996
ENSMUSG00000042303	0.3020495675085475	3.6508188055992825	3.4468984304161694	0.0014011664365840791	0.011034874334775532	-1.5567611714551237
ENSMUSG00000021840	0.22728474321287973	4.5495069548884315	3.4366868152475476	0.0014419498421884655	0.011296840419440013	-1.6567723984654306
ENSMUSG00000020733	0.37122480275346703	7.21865426917676	3.4268063175774355	0.001482491704685043	0.011554205776202883	-1.6661987668055165
ENSMUSG00000024208	0.49980890942542544	5.439520506556701	3.4244577517002632	0.0014922877540220058	0.011600461984370288	-1.7160074797956018
ENSMUSG00000032557	0.37216193749409054	4.583403629249171	3.4194930875292657	0.0015132001566025165	0.0117478291227707	-1.7042713830560352
ENSMUSG00000022035	0.3177893933116147	4.9087093553124985	3.413755694116873	0.0015377169953061307	0.011840669632969949	-1.7343970206301753
ENSMUSG00000023991	0.3364429212164768	3.91375588318703	3.4129425179566284	0.0015412224486146325	0.011840669632969949	-1.6717857053355933
ENSMUSG00000049555	0.7633367338707657	4.425174102409564	3.412560146191902	0.0015428734260054646	0.011840669632969949	-1.713269018895927
ENSMUSG00000020326	0.24487123538367772	4.7570108565256595	3.4118243922225413	0.0015460549754583621	0.01184980146368533	-1.7333879750102925
ENSMUSG00000022678	0.2509978035359284	4.228616368003879	3.404953760395118	0.0015760696448319283	0.012064461778082876	-1.7200680915430446
ENSMUSG00000028849	0.3660294387891705	4.670080275630905	3.4039591164604177	0.001580460729871418	0.012082682602795611	-1.7500160411687764
ENSMUSG00000034345	0.27572513138323185	4.505048311190192	3.3998062000304654	0.0015989215385195262	0.012192791275334812	-1.7517325121571847
ENSMUSG00000034429	0.38490426761871355	4.442331754563734	3.3985233317963597	0.001604665813191653	0.012205616292998283	-1.7513737382796322
ENSMUSG00000020571	0.573090120479014	7.818622300048113	3.3968949037013463	0.0016119858355366898	0.012219181339153857	-1.7227843587164386
ENSMUSG00000023224	0.3566171094631887	9.057318410305486	3.396769771560491	0.0016125496425277099	0.012219181339153857	-1.6704513769900426
ENSMUSG00000027133	0.3138222279035272	5.254342511154371	3.3927211554898884	0.0016308935900996061	0.01231160751621675	-1.7987393482895335
ENSMUSG00000032187	0.3544094057756193	3.686262519135669	3.389558717775251	0.0016453610122562465	0.012405237544100106	-1.7115715139215544
ENSMUSG00000046352	0.2893507591955409	7.080341416686474	3.3885702379512455	0.0016499082023392789	0.012423932816863067	-1.7712253908828313
ENSMUSG00000069633	0.2841914815225728	4.273937404407749	3.3817787420632093	0.0016814768438829883	0.012614225162163392	-1.7844707122598118
ENSMUSG00000030870	0.3955144534409234	4.26780857572885	3.381230064620816	0.0016840523002913657	0.012617793357170594	-1.785468644565153
ENSMUSG00000062410	0.49741301400186977	6.408814319628835	3.380368204915926	0.001688105430684705	0.01262907815837402	-1.8153672845416544
ENSMUSG00000067847	0.47163655533053817	5.788784526996813	3.3793922345410494	0.0016927064580625861	0.012635370318631154	-1.8307136573027245
ENSMUSG00000023272	1.1934351535657175	4.849061106302601	3.3776515876931037	0.0017009421827140585	0.012681093766661015	-1.8273654197108486
ENSMUSG00000026029	0.27651613714784506	4.2814530162611515	3.3742839023128384	0.001716984979576799	0.01274312221039059	-1.8046984786187918
ENSMUSG00000087260	0.2801189961848918	5.205361887205528	3.371479595909431	0.0017304542482500945	0.012790036380977634	-1.8539188540826261
ENSMUSG00000090841	0.31202796736711136	7.575210446394893	3.366067201114374	0.0017567364111317587	0.012935043486301354	-1.813978038615267
ENSMUSG00000020843	0.28461084267509884	4.085359782146523	3.365669266805386	0.0017586837291243477	0.012935043486301354	-1.8115838766060737
ENSMUSG00000087679	0.34657082346622303	5.596439057316667	3.364571614972714	0.0017640658588604606	0.012958767415516513	-1.8727933172441178
ENSMUSG00000046811	0.3687945615170207	6.367213666276068	3.358761382657201	0.0017928183853978177	0.013153901926563474	-1.87357438609396
ENSMUSG00000018585	0.4122372119239479	7.759395501408093	3.358320606934053	0.0017950177841039494	0.013153977883756869	-1.8266728259443958
ENSMUSG00000022769	1.1495430752152656	4.780005503988541	3.3525385295953036	0.0018241091383935806	0.01332409415475846	-1.8904070713416123
ENSMUSG00000027185	0.3486736472889156	3.9601051363040494	3.3523856783015975	0.001824884255178268	0.01332409415475846	-1.8351302633569722
ENSMUSG00000033326	0.3248575717571507	3.775215508709599	3.3499986432373494	0.0018370299245750205	0.013380257959722785	-1.823909442764318
ENSMUSG00000071657	0.26269016445713067	4.731185243872572	3.348669427507887	0.0018438266403735322	0.013413503973371132	-1.8983583716883938
ENSMUSG00000043067	0.382909453905782	4.91767455902118	3.3462502488308314	0.0018562583653300626	0.013471324296217809	-1.9123354882908234
ENSMUSG00000015804	0.2741468741600368	4.206719207725572	3.338306432378785	0.001897645543278493	0.013705471237452482	-1.8932951247710887
ENSMUSG00000003531	0.27302964873970925	5.874715963123809	3.3370228394898978	0.0019044151725496027	0.013737852067047494	-1.940587738480799
ENSMUSG00000049295	0.2749752258964193	4.544267919645007	3.3344938930002823	0.001917820267022547	0.013786703429219059	-1.9254391583138322
ENSMUSG00000040482	0.33090507285367465	4.884924790176812	3.33444689478752	0.0019180702391125202	0.013786703429219059	-1.9419952328923689
ENSMUSG00000026249	0.8275047203219308	4.126792214354424	3.3323275037225413	0.0019293751423418459	0.01385139215093447	-1.9023149593595505
ENSMUSG00000014504	0.28058026128038893	4.528047956534295	3.3303018204445216	0.0019402396194914584	0.013896850785422696	-1.9354264259681528
ENSMUSG00000037366	0.18880671931082738	7.182988368094183	3.3300694997376	0.0019414893654464106	0.013896850785422696	-1.9214601298327736
ENSMUSG00000029482	1.0728422456929199	6.481185889409626	3.3297019999813924	0.0019434678623937325	0.013896850785422696	-1.945523787765162
ENSMUSG00000017802	0.17473004452086638	5.562091143980744	3.3279170479465656	0.001953104850850795	0.01393848818142806	-1.9691768282874698
ENSMUSG00000020864	0.18388726700785174	5.558950740600118	3.3241365296809144	0.0019736667173604803	0.0140368260234228	-1.9790769555490453
ENSMUSG00000067825	0.42197239630694394	3.779133062304039	3.324095288273143	0.001973892160058623	0.0140368260234228	-1.8918038470146685
ENSMUSG00000063235	0.30281319625320346	5.080882886251021	3.315506675752673	0.0020213802046950688	0.014340582821738689	-1.997737952450099
ENSMUSG00000015790	0.15759316696668346	5.736556345971345	3.312328907213973	0.002039225313608281	0.014433103544725746	-2.0071083274210118
ENSMUSG00000032402	0.3163924138922778	3.7564970842164294	3.3118488066982716	0.0020419344002548037	0.01443527507191896	-1.9214239441133554
ENSMUSG00000018932	0.2821325618747146	6.360894017386291	3.3084154658138387	0.00206140815162922	0.014555818546580472	-2.005258062721948
ENSMUSG00000005089	0.537226820783415	6.521498474942199	3.298966910305449	0.002115918314775406	0.014888235542722967	-2.024067281429504
ENSMUSG00000061306	0.2489834883327795	6.167510824603002	3.29621196886972	0.0021320689507908696	0.014957254417852967	-2.0424768248258864
ENSMUSG00000022946	0.4206849837036346	4.923230922320941	3.284880316547683	0.0021997437206216375	0.015311572426879486	-2.07234650520014
ENSMUSG00000006445	0.5756966345559196	4.265849551517344	3.2845019358274117	0.0022020384191584023	0.015311572426879486	-2.0376407037532527
ENSMUSG00000020477	0.29702890680833693	6.06391856864757	3.2827393172537427	0.00221275794549969	0.015338368187193849	-2.0793175908592243
ENSMUSG00000035086	0.2103641297578962	5.398584637538684	3.2826873747820855	0.002213074591162767	0.015338368187193849	-2.087528461868705
ENSMUSG00000033114	0.34292861110016215	5.7599051673873465	3.281606642742272	0.0022196726240727603	0.015353014095059446	-2.0864859130565714
ENSMUSG00000010607	0.3392105240267034	4.7250515897562275	3.281504406427977	0.0022202977614589215	0.015353014095059446	-2.0729182348826063
ENSMUSG00000027933	0.34579215091877513	3.7568881575775483	3.2805483176184937	0.0022261520150425994	0.01536261869580335	-2.0024943146648395
ENSMUSG00000116138	0.29495476534078247	4.156936306500488	3.2804426476231763	0.002226799947419657	0.01536261869580335	-2.0395756389660544
ENSMUSG00000049624	0.31202262500523936	3.9088749503947122	3.27962794185567	0.0022318014798011145	0.015379466848767084	-2.0194624459347565
ENSMUSG00000027472	0.30980620601644127	4.908443424612996	3.2776510874501255	0.002243982035772719	0.015434386576591947	-2.090533032150441
ENSMUSG00000064215	0.5014685847226588	6.803022392786707	3.277501179840707	0.0022449082822335433	0.015434386576591947	-2.0698337843384076
ENSMUSG00000026027	0.18140185804539133	4.5551531700953145	3.274680839467571	0.0022624025642510523	0.015523017109106661	-2.081469811703098
ENSMUSG00000027937	0.2730117766554807	6.373758829535232	3.2745903429596384	0.002262966048856288	0.015523017109106661	-2.0925339832862635
ENSMUSG00000038781	0.2498327352494334	5.031474224257189	3.2711498663178356	0.0022844878764025456	0.01562843992098806	-2.1114661716613066
ENSMUSG00000060512	0.18995206321985858	5.275028467548472	3.265045840992047	0.002323151900541824	0.01584542539200434	-2.132275685245479
ENSMUSG00000028601	0.3070997587561157	7.779720866794499	3.26371270900771	0.0023316786920579533	0.015885552449632925	-2.0715244444779612
ENSMUSG00000015087	0.29850935090655906	4.6597915044446925	3.2612299293771154	0.002347638158744027	0.015961652749783603	-2.1220458003029066
ENSMUSG00000033174	0.46883038987904246	6.967074154749931	3.2607372372136694	0.002350817554261689	0.015961652749783603	-2.107741756998733
ENSMUSG00000021371	0.2402685686633399	4.700194208582419	3.2600023798450724	0.0023555672832635244	0.015964184798513734	-2.127274710440515
ENSMUSG00000090555	0.6636128463496287	4.200549598669803	3.2596757627708657	0.00235768129365616	0.015964184798513734	-2.0967458104061603
ENSMUSG00000062980	0.25552463149963334	4.864647240933368	3.2571506767203218	0.002374085813685686	0.016038921276880887	-2.141835661338372
ENSMUSG00000004565	0.3960812566846448	4.812338923763017	3.253402228265559	0.002398638482309725	0.016152635000521103	-2.149370245735448
ENSMUSG00000047767	0.6005991951853353	3.7336916149509727	3.253127137607244	0.0024004498344924853	0.016152635000521103	-2.0708469744746756
ENSMUSG00000022452	0.21964819235195776	6.894194449888306	3.250180989597504	0.0024199307160397495	0.016211107773336515	-2.137270413256217
ENSMUSG00000023973	0.32132877964324624	5.212007829362317	3.2400032142940987	0.0024883930923391344	0.01655555231607308	-2.1959116910880656
ENSMUSG00000000326	0.3557776006094766	9.367828262389164	3.2396031548990085	0.0024911214257983126	0.01655555231607308	-2.064377072966076
ENSMUSG00000045948	0.29354775691082047	5.8049352937481045	3.2392709657984744	0.002493389057421557	0.01655555231607308	-2.195009717434174
ENSMUSG00000036813	0.2185049908657657	6.240392127384983	3.236216788900874	0.002514330053621208	0.016676169196699602	-2.195637889434864
ENSMUSG00000050552	0.3799425020680216	5.476649865436909	3.2333125543673322	0.002534397993835134	0.016790735992232988	-2.2148205307491002
ENSMUSG00000032673	0.27459257993537145	3.926578565223376	3.232881123571385	0.0025373920922458566	0.016792058460688715	-2.1413992016252763
ENSMUSG00000028180	0.2531314758711112	4.776037353687082	3.232170708089455	0.0025423296528035346	0.016794034207639714	-2.2024145245799325
ENSMUSG00000026749	0.392167359170017	4.630408678299169	3.2320340843365045	0.0025432802677570546	0.016794034207639714	-2.1956032346819487
ENSMUSG00000032328	0.20393575530651553	6.83790299751294	3.223795204965842	0.0026012342753928257	0.017120281227640186	-2.206899114998719
ENSMUSG00000019731	0.32282483617303015	4.789045987424456	3.220063401668284	0.0026278955565560876	0.01724864443372958	-2.2340284077697925
ENSMUSG00000054091	0.34635872990886174	4.625630208167405	3.2196611515118603	0.002630784821950008	0.01724864443372958	-2.2270646521017365
ENSMUSG00000046096	0.20803338491575385	4.066552075151436	3.2194615689692276	0.0026322194950457686	0.01724864443372958	-2.1885859007932114
ENSMUSG00000002748	0.36685416162227735	4.657506170416282	3.218732860936253	0.0026374640323619104	0.017260534957566794	-2.231151598060648
ENSMUSG00000048307	0.2777830830456356	5.290573544317908	3.214142549776066	0.002670729599288417	0.017424988232490876	-2.2633540698847066
ENSMUSG00000026927	0.23854205229646475	4.794573483839858	3.208128619684158	0.002714915459548873	0.0176940639874503	-2.264810536260444
ENSMUSG00000024479	0.5602331771050153	4.870029176771454	3.207079389996868	0.00272269520043749	0.017725542209565414	-2.270599798826283
ENSMUSG00000025034	0.32192306480818633	3.815773769118956	3.2064667323257927	0.0027272476687996623	0.017735964547421178	-2.1983277112130954
ENSMUSG00000022635	0.23953755048896053	5.476770444417961	3.1994867815700796	0.0027796263896943422	0.01797930567887331	-2.3014562614390277
ENSMUSG00000026426	0.3224477467854592	3.8155578173055256	3.198368466684977	0.0027881066726056416	0.017995416751543824	-2.2189412990234105
ENSMUSG00000037822	0.18826909873832864	5.321649674983107	3.1922865070760817	0.0028346583819813566	0.018256658325108224	-2.3194967024474664
ENSMUSG00000041798	0.7702308790190662	6.523878985748033	3.1879014632659204	0.0028686784339927085	0.018392427381228958	-2.3096009664188726
ENSMUSG00000025786	0.22335907455586534	4.083617304451007	3.187598528246837	0.0028710429162244573	0.018392427381228958	-2.271364495226875
ENSMUSG00000021518	0.19937709766765277	5.57686351150821	3.1828582850443152	0.0029082833933752167	0.01857159926757883	-2.343020256483306
ENSMUSG00000021488	0.2674071297391931	4.807172707168029	3.181008680479329	0.0029229382476190957	0.01864536722923901	-2.3345178594857954
ENSMUSG00000035674	0.4141838064485004	6.740473976209581	3.1789467475480664	0.0029393579980069562	0.018730225037140828	-2.3246955006404466
ENSMUSG00000025939	0.25494894803235635	4.82444760850978	3.177533235463123	0.0029506646977969166	0.018756650046139675	-2.344086465265682
ENSMUSG00000034377	0.34872818153107277	3.8318043636305332	3.1716512811767212	0.0029981590038428334	0.01900415343258606	-2.2883857890532404
ENSMUSG00000057069	0.4518866660074341	4.8520410986334905	3.165612051975339	0.0030476769460280793	0.019197051378490832	-2.375493425577851
ENSMUSG00000027708	0.18126195931882272	5.803226250135615	3.1656020579392443	0.0030477595298852144	0.019197051378490832	-2.383227624218213
ENSMUSG00000034729	0.25426580508309904	5.331980799410472	3.162266535867141	0.003075440816198207	0.01931068324402824	-2.395925833856289
ENSMUSG00000049106	0.22003240845806182	4.674642908047945	3.160252038541601	0.0030922742510392765	0.019375887356094905	-2.381031688030733
ENSMUSG00000001150	0.2306873561627869	4.457013161222389	3.1591081963876024	0.003101871194907694	0.019415775010625348	-2.371359701408493
ENSMUSG00000021124	0.2562128485088433	6.077477362475782	3.15818621424158	0.0031096272513250712	0.01942576119117547	-2.3982512716861715
ENSMUSG00000006058	0.3143879395023257	5.553569798613098	3.1561359131767244	0.0031269410769604834	0.01947128386679331	-2.411162343058721
ENSMUSG00000027944	0.26786489801253577	6.389921583570274	3.150117889626921	0.0031782895284429395	0.01967701417479978	-2.4103725915257437
ENSMUSG00000078619	0.23614932627435348	6.109214700523991	3.1456952638940052	0.003216533490625904	0.019864491002231303	-2.429330159680946
ENSMUSG00000008393	0.18039297470026483	5.4191309992537615	3.1427386078545974	0.003242343375516381	0.02000332786804716	-2.445752721957615
ENSMUSG00000031065	0.20617201346989766	4.821033169249895	3.139773796592214	0.0032684213179664757	0.02012289313489811	-2.4396199102995464
ENSMUSG00000029190	0.3683669102702245	4.4812787550553725	3.1372712642315133	0.0032905875916096126	0.020210785229344073	-2.428034325354549
ENSMUSG00000025731	0.35644555242487463	7.23025956760214	3.1370237951083393	0.0032927872756744626	0.020210785229344073	-2.415225505878891
ENSMUSG00000035637	0.37285119959710933	8.457419184465762	3.135835038753131	0.0033033732203299935	0.0202550711030234	-2.3673331012273415
ENSMUSG00000032383	0.31029047167232626	5.355886210672451	3.1326127595018542	0.0033322300800501573	0.020411183028564112	-2.4710989107764707
ENSMUSG00000007837	0.1969190691414049	5.031231543493271	3.131974817552641	0.0033379713447458767	0.020425529338674107	-2.466902348673191
ENSMUSG00000020288	0.4002620973387465	4.096605010663196	3.129893721324714	0.003356765682425175	0.02048187703194475	-2.4185133406084303
ENSMUSG00000004460	0.5128317942754901	6.014947784648882	3.1298230828475724	0.003357405371353899	0.02048187703194475	-2.4708689432097346
ENSMUSG00000025127	0.22893420780309626	7.391908620193438	3.127555921996945	0.0033779977451673326	0.020586600862789555	-2.433792795200069
ENSMUSG00000041084	0.36222840235356113	5.767580387549021	3.1250283185031256	0.003401096595040032	0.0206576349576212	-2.486387408816751
ENSMUSG00000028293	0.2359859488010061	5.111469132147138	3.1243477766830687	0.0034073413128844184	0.02066065988811551	-2.4882954642789494
ENSMUSG00000003161	0.24087106108525358	5.097356751171048	3.12175968646297	0.0034311891109928172	0.02074247018909038	-2.494464192479425
ENSMUSG00000022217	0.2613863546321724	4.577124763063106	3.1210988570660336	0.0034373035450931833	0.020758549751221045	-2.474493272655149
ENSMUSG00000020737	0.3486256209697425	4.088206527730666	3.1201818057965633	0.0034458057966045208	0.020789003043972454	-2.4421940512944715
ENSMUSG00000030674	0.2668579329226768	7.638096199422284	3.116390344326737	0.003481169186022321	0.02096026617115043	-2.452422779017726
ENSMUSG00000001829	0.2257566356362899	5.057523759244043	3.114674652829522	0.003497284214334321	0.02103621706099593	-2.5112188767070194
ENSMUSG00000006423	0.2117374055027268	4.570510583591078	3.1130434911334754	0.003512670689717456	0.021107638174512194	-2.4943527537830352
ENSMUSG00000027804	0.2786328028084073	5.401395032329939	3.1119463966402394	0.0035230553877764106	0.021148890934214237	-2.5233252047107433
ENSMUSG00000035478	0.28844881588209503	5.94780323796872	3.105500331417843	0.0035846603714635838	0.02142032891625763	-2.5329114569064393
ENSMUSG00000026887	0.22649151538094348	4.650665843144483	3.1053513658160736	0.0035860960042861005	0.02142032891625763	-2.518176302679664
ENSMUSG00000031839	0.2668158478602942	6.713576139463953	3.1039859201468594	0.003599280626783938	0.02147773315426483	-2.514887170840817
ENSMUSG00000041625	0.28173760196739295	5.919410981141423	3.1028283445400415	0.0036104939563448638	0.021501940717221293	-2.5399784860763894
ENSMUSG00000035781	0.1901647916026059	5.116884109187098	3.1023268237416013	0.003615362389638001	0.0215096164349849	-2.543769385630821
ENSMUSG00000029993	0.17476686781848905	5.348541519646509	3.1000596106484295	0.003637448542769798	0.021576928226558455	-2.5529209782058473
ENSMUSG00000042682	0.3905044003257352	6.649076368402875	3.0966837554147046	0.003670571040350586	0.021751934301249182	-2.5354560197175813
ENSMUSG00000037669	0.2686358179928954	5.7499544882933815	3.094147983496973	0.0036956382505607967	0.0218573722909644	-2.564242826488254
ENSMUSG00000005982	0.2799267757552588	6.40681814913626	3.0926898125376567	0.0037101260778937954	0.021899948528549918	-2.554257874117747
ENSMUSG00000068587	0.2633581035751158	5.1542463046091544	3.0917637938676723	0.003719354490263509	0.02193287647889443	-2.5710650490242015
ENSMUSG00000026509	0.25412575360354506	4.774552814785206	3.0887315525513057	0.003749724881132483	0.022048493641677467	-2.5658744281057366
ENSMUSG00000106918	0.3972995228737348	4.489129885711978	3.085988701050126	0.003777398479302666	0.02211349482073581	-2.557253568428223
ENSMUSG00000059689	0.21017781402345026	4.585942197228635	3.0857886830987735	0.003779424060724859	0.02211349482073581	-2.5635314919002514
ENSMUSG00000028514	0.1789009834634383	4.363650481076406	3.0790825803225266	0.003847933655433176	0.02247058633187362	-2.5665581316120507
ENSMUSG00000032041	0.30824588220634874	4.078698586374867	3.0787108050153416	0.0038517658217798218	0.022471127012694124	-2.545126970575436
ENSMUSG00000058267	0.2429618259726114	4.604782001281798	3.07729856050266	0.0038663557557827594	0.022521395573706502	-2.585813627786555
ENSMUSG00000033365	0.3135474573439767	4.163205712689301	3.076121837431684	0.0038785523525938542	0.022539865654484015	-2.558946753713374
ENSMUSG00000001175	0.2001928675088509	7.0625705524591025	3.075465565946604	0.0038853703009761845	0.022557671631464632	-2.5746415934186224
ENSMUSG00000024446	0.4491414760179486	4.002621511640723	3.0719858838242664	0.00392170988743645	0.022702846544899447	-2.5549415010433343
ENSMUSG00000000915	0.47589286329248015	4.801620036752155	3.0705496737926388	0.003936802101872981	0.022724537781128477	-2.612448853615657
ENSMUSG00000015672	0.21381137365889646	4.124574619617194	3.067067827210284	0.00397361849782102	0.022893399588838723	-2.5781647867304702
ENSMUSG00000047694	0.21415126647729643	4.705715777764725	3.0652996456109447	0.0039924391049034735	0.022979469905522003	-2.6211096643781024
ENSMUSG00000020076	0.20681314737144607	5.531905896915874	3.0601602075265384	0.004047622287789144	0.02323033651129414	-2.6523639432791777
ENSMUSG00000023353	0.27762482896117735	4.259893934798294	3.0586086497035763	0.004064422600083376	0.023304499431203253	-2.6102537806691712
ENSMUSG00000025724	0.24687951843156508	5.628258788080242	3.058011138178209	0.004070910001338482	0.023311628301703746	-2.656497519116299
ENSMUSG00000063704	0.7415098941240266	3.8294425798254785	3.057301399993249	0.004078628582203737	0.023311628301703746	-2.574873453503745
ENSMUSG00000002763	0.22547304091863385	5.685748010052345	3.0570667293609097	0.004081183719985412	0.023311628301703746	-2.65790561889372
ENSMUSG00000028969	0.2061517852833008	4.43286709609605	3.050298337327932	0.004155532393128867	0.02366880962114821	-2.6426304603222315
ENSMUSG00000024921	0.3837598312472794	6.542003779574327	3.049460680893141	0.004164822115356096	0.02369925766209733	-2.657027035152594
ENSMUSG00000022540	0.3681582243801147	4.4688755401839275	3.044490236227154	0.00422034913896139	0.023928865234631638	-2.659271243986593
ENSMUSG00000023070	0.2552209500178684	9.713922273802918	3.0379514611471388	0.00429446024377693	0.024253206395540954	-2.5547655815151575
ENSMUSG00000006941	0.32033247123747355	4.721048599000508	3.0367351302209666	0.004308380877718103	0.024308977177660167	-2.692769188647845
ENSMUSG00000066735	0.20450142419040596	5.0721817586661775	3.035187992739105	0.0043261489746015	0.024386331321182377	-2.7099230477924063
ENSMUSG00000022443	0.28220092315258327	6.141553783192625	3.030456177249224	0.004380921036897023	0.02464883381153016	-2.7168917469612044
ENSMUSG00000015461	0.3603359570776563	4.519280028718451	3.028737657626913	0.004400974619850847	0.02473849999128507	-2.7013134498441733
ENSMUSG00000047459	0.3020945811118567	6.777226904879429	3.0276921460471495	0.004413217081348152	0.024784132188617795	-2.7025210426079544
ENSMUSG00000030513	0.2607584066143893	5.901864858843238	3.0260864836528065	0.004432081140705971	0.024866830601776076	-2.731267664234374
ENSMUSG00000098867	0.507068485962872	8.772674231651125	3.024995938709136	0.004444936649964402	0.0249156943373471	-2.6299649472035496
ENSMUSG00000058624	0.378041108469616	4.376804430482869	3.0246035319006945	0.004449570988040869	0.02491842690320371	-2.7025920860423414
ENSMUSG00000028608	0.23883781404798032	4.563677749149666	3.022368036578612	0.004476059202297968	0.025043426207270476	-2.719703547089275
ENSMUSG00000010376	0.2559308134087299	6.6036893202067946	3.021231681952672	0.004489580648190868	0.025095711734864117	-2.724621885697001
ENSMUSG00000027506	0.23028717296122903	4.054823282962816	3.0187190263983212	0.004519615343321625	0.025230349401422103	-2.691620576704385
ENSMUSG00000030538	0.32802136272180693	6.177868986842992	3.014997825106393	0.0045644440222616794	0.025419596042419307	-2.7542604154399433
ENSMUSG00000030062	0.38650820828369614	6.817362961217159	3.0106233521509753	0.00461767783624063	0.02557384895665433	-2.7432164095860543
ENSMUSG00000039159	0.30908513954491834	6.018508002335621	3.009777548378495	0.004628037781517144	0.02558656352438827	-2.7699739385602973
ENSMUSG00000058690	0.2421466500222511	4.73052372815287	3.0097406943191043	0.004628489690632393	0.02558656352438827	-2.7598640530246854
ENSMUSG00000029535	0.315729968205833	4.106739795695234	3.009344455145656	0.0046333510499189335	0.02558989564242911	-2.719340733000254
ENSMUSG00000031585	0.2455603796222139	3.8296597967220873	3.007953833525547	0.0046504502960852834	0.02566074915443202	-2.6966857632414474
ENSMUSG00000022151	0.18852827397882788	4.119689229222172	3.0015135353961697	0.0047304182515023	0.026041795521413183	-2.739724872476083
ENSMUSG00000015846	0.25431059138761913	7.80315205843817	3.0007095752108452	0.004740491227386986	0.026061858907015917	-2.732373499761862
ENSMUSG00000053110	0.21040703128942884	5.55351283483097	2.995621643243195	0.004804708391348844	0.026296766713626244	-2.811698686941619
ENSMUSG00000030120	0.1708345313160482	7.033497446088016	2.9951939116445114	0.004810144115859675	0.026296766713626244	-2.7740412219413138
ENSMUSG00000019804	0.27061997509275937	6.394375928307064	2.99354240985172	0.004831186160292732	0.026367481959308832	-2.800434605543602
ENSMUSG00000042737	0.33539989255533786	5.571051420015839	2.9925079963630385	0.004844409847957931	0.02641566132157823	-2.819139942193619
ENSMUSG00000018861	0.2997518975963951	4.324262691999858	2.9910467501182167	0.004863148078174634	0.026493795831143585	-2.781596819031445
ENSMUSG00000037720	0.3187101972513462	5.321115511810936	2.99059999986015	0.004868890552830233	0.026501053742714553	-2.8242524676187193
ENSMUSG00000075229	0.3393396552552881	5.912803432219032	2.9896542534375543	0.004881068108915003	0.026543292548841857	-2.8208091202805763
ENSMUSG00000031826	0.18735227976728908	6.2864340421875236	2.989278935082176	0.004885908691286337	0.02654559251893273	-2.814544596113305
ENSMUSG00000029319	0.19833182742863809	5.768390178902042	2.9867820344336806	0.004918226980244401	0.026697042388697925	-2.8299784903456926
ENSMUSG00000026203	0.3577127447325674	5.713447937607408	2.986041239527429	0.0049278539515195865	0.02671952791703693	-2.832758364206981
ENSMUSG00000028797	0.19019606653482501	6.547763094880515	2.9848229766099044	0.004943724374055246	0.026739160590257688	-2.8161614859114357
ENSMUSG00000036934	0.3079322992053162	4.051737073315354	2.9848182870876334	0.004943785557626276	0.026739160590257688	-2.774547968258764
ENSMUSG00000036781	0.4485144776381915	8.643949608629285	2.9815954386015084	0.0049860023960507545	0.026894872888571796	-2.741867820972847
ENSMUSG00000041417	0.3868478785490348	5.451732455954764	2.9789179153174357	0.005021333362739908	0.02706115890287364	-2.853317771147994
ENSMUSG00000051748	0.47060907844643296	10.187888451578853	2.977057522610769	0.005046020368195827	0.027169835477140438	-2.6811861375465815
ENSMUSG00000025278	0.3586485152577774	4.32541591336188	2.9761034615933446	0.005058724751313185	0.027189514338677036	-2.818243245865129
ENSMUSG00000061286	0.21512227650094928	4.34896881875898	2.974155227069744	0.005084761074230142	0.02730503064794363	-2.8246061892201872
ENSMUSG00000026623	0.336540678663674	6.921462942110293	2.972935250009809	0.005101128975206204	0.02732501939086793	-2.8320986741746648
ENSMUSG00000059518	0.31154156957341694	5.701271675740166	2.9719734704845995	0.005114067635776124	0.02732501939086793	-2.867407052612763
ENSMUSG00000021610	0.22880170477463935	6.896428010654477	2.9713438764605837	0.005122554151242905	0.02732501939086793	-2.836814703724137
ENSMUSG00000031667	0.21803235568417234	4.046352800258241	2.968096500877821	0.005166537158658776	0.027449798219611483	-2.8148859880335024
ENSMUSG00000015176	0.5284286486274468	4.355968244502517	2.9637277875513437	0.0052262675584569766	0.027693687617961177	-2.850514713779477
ENSMUSG00000029616	0.33662273662263775	4.196198534995104	2.961188287132901	0.005261285825567204	0.02783459245968532	-2.844853136779596
ENSMUSG00000074797	0.2594686224411724	5.226735363649202	2.9611277711719666	0.005262122987885259	0.02783459245968532	-2.895186437130218
ENSMUSG00000015243	0.297084202359982	4.963616587998091	2.959079472337692	0.005290532505591977	0.02796025490422356	-2.8934978948423695
ENSMUSG00000035203	0.1746387083315195	7.330735176062506	2.9580721138475994	0.005304557146273672	0.02800973979961203	-2.8554632158018998
ENSMUSG00000113204	0.2761134454027152	3.7292995970116296	2.9575990956552354	0.00531115463372414	0.028019954516284775	-2.809665000731592
ENSMUSG00000025937	0.2673259282935696	7.8853656588830505	2.9555724768591367	0.005339508487281021	0.02809553984244453	-2.8387980357767204
ENSMUSG00000037296	0.31237326886169514	4.059073515767128	2.954393368261779	0.005356070387229875	0.028158028833652073	-2.8494024558038604
ENSMUSG00000030122	0.38850373602117294	10.269362908753104	2.952841906821112	0.005377935873567589	0.02820082932067602	-2.73611052953859
ENSMUSG00000036639	0.34268046967083254	4.643530224132234	2.9524785898946924	0.0053830683658668286	0.02820082932067602	-2.89552273093836
ENSMUSG00000062797	0.3378547845025288	4.121929310417014	2.9522957546888864	0.0053856529742032705	0.02820082932067602	-2.8601331387375084
ENSMUSG00000018363	0.1697953405830539	4.859899232025861	2.95022917250087	0.005414947840981021	0.028318904766279334	-2.9111654134169016
ENSMUSG00000034006	0.30452227325411574	5.515807118162079	2.941529996433375	0.005539910462425149	0.028796991322415845	-2.94415256799553
ENSMUSG00000001794	0.23826454870030744	6.832404359716406	2.9411162151362555	0.005545921265210924	0.02880331969114299	-2.9125575608829073
ENSMUSG00000026433	0.2803453943861953	4.006093701492205	2.93907526358724	0.005575658800030888	0.028932757970108466	-2.881670653992861
ENSMUSG00000024382	0.17005019616449024	3.9323789304187056	2.930396628060751	0.005703788111773923	0.029521156557837644	-2.8956752800629464
ENSMUSG00000035329	0.3398876201201806	3.674083076951131	2.929757789318618	0.00571332804463836	0.029545084526877718	-2.8714408262872504
ENSMUSG00000020777	0.28633518468551244	10.261898507498882	2.927144293564642	0.005752511995880967	0.02969660187564324	-2.7984623759740836
ENSMUSG00000028060	0.2877878454023115	4.931607560432964	2.9255748090286104	0.005776164078573131	0.0297360520049742	-2.9737112826451004
ENSMUSG00000034297	0.18631516011440663	3.842007253009759	2.9250702705203655	0.005783786798347954	0.0297360520049742	-2.8997278522303733
ENSMUSG00000058022	0.27325693061600287	7.188767786563518	2.9249968537100983	0.005784896787121791	0.0297360520049742	-2.9402231281601243
ENSMUSG00000018659	0.21720742077473165	6.627638430728675	2.9242294300388196	0.005796511423117287	0.029770288155138273	-2.9607009980203713
ENSMUSG00000032051	0.23385232522058086	6.65425184666784	2.922045906115431	0.005829677812718854	0.029904574848836147	-2.9650210804148753
ENSMUSG00000007338	0.2321486330417164	4.532122812586247	2.921853334850614	0.005832611370084201	0.029904574848836147	-2.9632833732207313
ENSMUSG00000033545	0.39529249138379985	4.626889915803594	2.919889087473329	0.005862613087900767	0.029992355861824787	-2.9736127914125703
ENSMUSG00000052428	0.20143953836187745	6.144424333691533	2.919206876897283	0.005873066893392872	0.029992355861824787	-2.988814695641517
ENSMUSG00000027163	0.24181304007559756	5.259474097612919	2.9191469380625508	0.005873986196087016	0.029992355861824787	-2.9975830846296754
ENSMUSG00000030168	0.29202696853838805	7.951886822736028	2.918885504010817	0.00587799747756276	0.029992355861824787	-2.9244993645411435
ENSMUSG00000002733	0.20477228575814355	4.216209859976194	2.918775916637652	0.005879679681349575	0.029992355861824787	-2.9492965410335823
ENSMUSG00000026131	0.4174983474227507	4.168347441022896	2.9166027673398958	0.005913131572990387	0.03001983657380849	-2.9505728135432108
ENSMUSG00000018765	0.21023392438933897	5.728105075154003	2.9163771190914063	0.0059166152390174144	0.03001983657380849	-3.0020043731612733
ENSMUSG00000031844	0.41665357498599853	7.491043580624515	2.9160946590423005	0.00592097870274034	0.03001983657380849	-2.9513945982146903
ENSMUSG00000039960	0.32093098189650426	5.532784613011901	2.915552765407678	0.005929358356708963	0.03001983657380849	-3.006921286314004
ENSMUSG00000048782	0.7556051772756698	4.410405093011486	2.9155160718560387	0.005929926174405169	0.03001983657380849	-2.97100900276851
ENSMUSG00000005204	0.18044802861997766	5.560486328423068	2.914018207822454	0.005953148535599522	0.030086181287146786	-3.010346458621267
ENSMUSG00000003873	0.39868437116414235	4.8694934630596105	2.9069436636048485	0.00606398563005514	0.030543578919531713	-3.016345453496812
ENSMUSG00000045410	0.2316565509716666	4.782281513880323	2.904343290422484	0.006105209227830497	0.030725462520966047	-3.0189120183468288
ENSMUSG00000078570	0.3359443833330351	3.9379309021451823	2.9031275540184254	0.006124572118841816	0.030783596218438666	-2.9619350426358793
ENSMUSG00000041926	0.22839140949894876	4.931407184779076	2.9027437417370936	0.0061306969823728685	0.030783596218438666	-3.028811677213742
ENSMUSG00000002279	0.29774316136795864	4.461739010564573	2.9026540409038373	0.006132129251700962	0.030783596218438666	-3.005258117833714
ENSMUSG00000032115	0.7484355140738037	6.12421958234228	2.8970017226266793	0.006223015199973638	0.031207450653502954	-3.042743994997436
ENSMUSG00000035765	0.20820626689590416	4.07228948239835	2.8963951609255063	0.00623284290656611	0.031210960854629797	-2.9907126359539067
ENSMUSG00000021054	0.20425788525154331	5.085687619312505	2.893674921276334	0.0062770959938576055	0.03138927663881589	-3.055549863271435
ENSMUSG00000027889	0.3264431056423618	4.239717662092868	2.8935644057405803	0.00627890006987131	0.03138927663881589	-3.0118299418320555
ENSMUSG00000026227	0.2218143614676773	5.567122254163484	2.891829328599662	0.006307287466435323	0.03148407128438531	-3.0637070228373364
ENSMUSG00000028410	0.5940426706837005	7.336025248731374	2.8876235948474163	0.006376596050825338	0.0317456219299167	-3.0254491375164774
ENSMUSG00000012428	0.7851573744004074	5.688825519210847	2.8853645231602782	0.006414118004696518	0.03182862700435747	-3.077364946075623
ENSMUSG00000022634	0.30148487508366273	4.417002696412507	2.8853442178484516	0.006414456199413696	0.03182862700435747	-3.0439896900564816
ENSMUSG00000016252	0.44854169260411236	6.97645714715956	2.8839911528444033	0.006437029767392014	0.03191428372298565	-3.0454826966023147
ENSMUSG00000052915	0.2293561176994654	4.879815467627304	2.8801030443797044	0.0065023103465073045	0.032158339812479335	-3.081243538262626
ENSMUSG00000020462	0.2553021195458136	4.739118068172197	2.8765393475661307	0.0065626873363114485	0.0324302534571509	-3.0836862227308455
ENSMUSG00000055128	0.2554203467426701	5.122531824202166	2.8753216785344335	0.0065834372265820345	0.032476348762994364	-3.100493572008784
ENSMUSG00000024866	0.26947274348933536	5.630527030088688	2.8752284921332754	0.0065850277085253124	0.032476348762994364	-3.102625814815094
ENSMUSG00000057522	0.16063526202262057	6.847419129807812	2.874986640835947	0.006589157241303654	0.032476348762994364	-3.071337853126451
ENSMUSG00000024371	0.2681134041769777	4.709811518572852	2.8747246256510643	0.006593633797778852	0.032476348762994364	-3.0865980710441767
ENSMUSG00000023707	0.20437482187933043	4.794721305751609	2.872489687129573	0.006631933660202475	0.03263823862748294	-3.095906828054487
ENSMUSG00000026860	0.21198440264852358	4.612003418594715	2.8681083563227388	0.006707620057872417	0.03287495765345957	-3.0971520064739138
ENSMUSG00000075705	0.24390243613809837	8.0861100364261	2.8667224028613445	0.006731729606140283	0.03294052378118645	-3.0433337302249126
ENSMUSG00000000378	0.2663768960247097	4.439413617438366	2.865929311243242	0.006745562342016286	0.03298135403838557	-3.091859251286599
ENSMUSG00000022204	0.2725861932933302	5.3116967156660495	2.8653282781253133	0.006756062966838063	0.03300583932335766	-3.1274931173941543
ENSMUSG00000025353	0.26995367012183635	4.607276156612934	2.859916081610997	0.006851309512765915	0.03340306694306224	-3.1164281152044855
ENSMUSG00000032299	0.22220024475225397	5.153526565493385	2.859447869295913	0.0068596080225892505	0.03340306694306224	-3.1391158101095424
ENSMUSG00000004462	0.26069828493856306	4.526476967903436	2.8574289835993607	0.0068954980090748215	0.033496400595416816	-3.1175254380631325
ENSMUSG00000030126	0.32254641095934655	4.105260018447015	2.8570888939777825	0.0069015610565596	0.03349877252735593	-3.0876395697428496
ENSMUSG00000030979	0.3478845587307351	4.872967660167361	2.8536998221123064	0.006962253320830594	0.03370245255269647	-3.144042294779595
ENSMUSG00000010277	0.25981971296481277	7.376490356284046	2.853094891107838	0.006973138838318328	0.03370245255269647	-3.106503598602199
ENSMUSG00000029407	0.29880023746738527	5.690641833611092	2.853073647967752	0.006973521389693582	0.03370245255269647	-3.154523109208478
ENSMUSG00000042747	0.3149335487303846	5.5817171003603185	2.8530162338946177	0.0069745554136360875	0.03370245255269647	-3.1563743514605616
ENSMUSG00000006412	0.2236747516212132	5.080855641117674	2.8528707580746913	0.006977176065161327	0.03370245255269647	-3.1530426469960733
ENSMUSG00000026254	0.19092713430484398	5.030863589678848	2.8503321094873955	0.007023056414062683	0.03387700856496676	-3.157654374096243
ENSMUSG00000057982	0.3674751516864827	5.2532155723624205	2.8502476001682178	0.007024588562481043	0.03387700856496676	-3.162769158688712
ENSMUSG00000027162	0.2062161444882573	5.153979497725563	2.8473043966790184	0.007078143716069026	0.03410791145938956	-3.168050963911969
ENSMUSG00000040029	0.27606331460102584	4.75942189867179	2.841780881613653	0.007179680871036483	0.03445902743934363	-3.1675069088632934
ENSMUSG00000024426	0.416819559070138	4.125454411740963	2.8383223891754055	0.007243947517499657	0.034712026022851235	-3.1340163827119607
ENSMUSG00000032478	0.3932039160739116	4.506745939005303	2.8333250448594227	0.007337757967872235	0.035043789247322384	-3.1735850545490827
ENSMUSG00000019254	0.18512694451867073	4.994839265616122	2.833082401672754	0.007342341597999481	0.035043789247322384	-3.197482672643855
ENSMUSG00000021999	0.28921877328251	8.591729247155959	2.8323108732817155	0.007356933838394916	0.03508556780548814	-3.1027789320034853
ENSMUSG00000026269	0.20944754435843027	5.546632845362678	2.8317634536519107	0.007367303813106436	0.035107159883391414	-3.2072894129998786
ENSMUSG00000008035	0.5257729648231235	5.873686807469112	2.8314325742818256	0.007373578392529532	0.03510921755999204	-3.2029417820870023
ENSMUSG00000079523	0.4165216777656253	4.670134180288017	2.8309352081418946	0.007383019493789337	0.03512633740156779	-3.188791317797616
ENSMUSG00000022571	0.2990988063369322	4.660536526446653	2.823837669904382	0.007518980302479243	0.03574489923860583	-3.205070058930836
ENSMUSG00000059436	0.23461671535829165	4.486078610773824	2.821170204077804	0.007570679116311231	0.035962221984121884	-3.2010717075246635
ENSMUSG00000001383	0.23385052020743524	4.115470785505844	2.82004381644692	0.007592609239260204	0.036025954955624655	-3.176359317212405
ENSMUSG00000044813	0.3396036150515265	5.899961827381364	2.8198654841104798	0.007596086691425602	0.036025954955624655	-3.2299592407305258
ENSMUSG00000007777	0.3056262345613421	4.7417272754723525	2.8192766399934546	0.007607579602444094	0.036052007753222835	-3.219985702127526
ENSMUSG00000026117	0.49608017860411335	3.7484057942400173	2.8137073675951676	0.0077170834490114994	0.03648462190803312	-3.1558456255240945
ENSMUSG00000004846	0.26768027590112187	3.917596555781566	2.8059350461612906	0.007872359965776154	0.03713109186369616	-3.191030671956933
ENSMUSG00000025289	0.2424690696713938	6.400718686881715	2.8048603997360155	0.00789405692298234	0.03714595775270233	-3.2539855377372104
ENSMUSG00000038646	0.1787200437813592	5.177371591561897	2.803357294083491	0.007924497824983761	0.03726002146347998	-3.2725349381964732
ENSMUSG00000032531	0.2652536392441194	4.661785265079999	2.801979306500811	0.007952500823352063	0.03736245304732021	-3.2566997704680314
ENSMUSG00000047824	0.2670549954460917	3.7525354212022966	2.801608190956729	0.007960058238923288	0.03736874215444534	-3.184711095303277
ENSMUSG00000027852	0.19249613332111526	4.569852411648426	2.7990236895546454	0.008012874849637938	0.03755800699802993	-3.2583870261593186
ENSMUSG00000041528	0.2283272728971255	5.244790444225022	2.797825772936074	0.008037465827448756	0.03764390659169101	-3.286693392433647
ENSMUSG00000025868	0.26633369566375364	6.162628327031232	2.7968624323426683	0.00805729233618672	0.0377073751153785	-3.28006993580954
ENSMUSG00000025369	0.1820846671597005	5.826408000304742	2.7965462431414485	0.008063809740114999	0.03770850795980625	-3.285974022211898
ENSMUSG00000031555	0.18174096900869952	5.537885939228573	2.793351775050995	0.008129930979371253	0.03795862879179632	-3.298027126723876
ENSMUSG00000056305	0.2668067492345285	4.578188579609595	2.7922006522215335	0.008153881090204318	0.03804089399925291	-3.2749142711698607
ENSMUSG00000037706	0.27501552287675946	7.524126063270765	2.791193867861546	0.00817488191252021	0.038109282709335876	-3.2471628855804227
ENSMUSG00000028445	0.7099761143498009	3.9163571681946165	2.7816131651571006	0.008377261711005002	0.038992227437202986	-3.2479320632433133
ENSMUSG00000041571	0.3118489589670199	7.058129471727406	2.780090594782277	0.008409849829841831	0.03911361271479842	-3.288934660860779
ENSMUSG00000038174	0.3960483169404796	4.081955254261208	2.775579069310352	0.008507104964714917	0.039504786501523906	-3.2777331401812893
ENSMUSG00000048100	0.2659672651520788	4.443583766006605	2.774996841473706	0.008519731963074866	0.03953287209738754	-3.3069131199939283
ENSMUSG00000001774	0.5472822610444537	5.570923229631883	2.77434677161927	0.008533850859731804	0.03956783164824723	-3.3422186001124987
ENSMUSG00000069208	0.1888833406304129	4.0069222240720155	2.772248386639694	0.00857957431080005	0.03974824376159826	-3.2785246949138043
ENSMUSG00000063931	0.17763776105318385	5.819779226359533	2.77191707497266	0.008586814312666249	0.03974824376159826	-3.343811304004541
ENSMUSG00000051989	0.32717088823807927	4.518589340848048	2.7716522330057978	0.008592605865587641	0.03974824376159826	-3.319404338042473
ENSMUSG00000030291	0.3838435728484786	4.373127778964671	2.7702824273514253	0.008622618702458795	0.03982576155501529	-3.313308674937509
ENSMUSG00000005373	0.40214661502591564	7.446539779168657	2.7609638787503377	0.008829390134780865	0.04059239617738378	-3.3207958567064373
ENSMUSG00000024194	0.2659499935533063	5.766031555393715	2.7606743137716636	0.008835888533868859	0.04059239617738378	-3.370931518468609
ENSMUSG00000019861	0.24081268873865547	3.7045814160148467	2.7564079984913037	0.008932149158419198	0.040909515467180614	-3.2853031956918675
ENSMUSG00000046718	0.31424607851634967	8.010587597969703	2.7511003651463737	0.009053264066524585	0.04138701853128549	-3.318842385919923
ENSMUSG00000015092	0.34990909026022887	7.926686811218366	2.7509346785625395	0.009057069290837147	0.04138701853128549	-3.323200049836465
ENSMUSG00000021276	0.2093543437277514	4.561535940383687	2.744146722033571	0.009214246346220714	0.041977563528764424	-3.386064871362594
ENSMUSG00000090266	0.35203655475761675	4.755749705415713	2.74289690223936	0.009243460731355763	0.042078754192967256	-3.3995005474050886
ENSMUSG00000058056	0.43204625444878797	4.807360898494565	2.741500342618045	0.009276206783883436	0.04219585659678696	-3.40506996637054
ENSMUSG00000000194	0.19675281542169376	3.9806316415381953	2.741111161196939	0.00928535133065441	0.04220550389251313	-3.3483941694686745
ENSMUSG00000035451	0.28228751679064956	3.813697522932176	2.7397785158993386	0.009316727707340348	0.04228415165665268	-3.3350231029371424
ENSMUSG00000065126	0.707617626213942	4.969344668004038	2.737488796700149	0.009370867583086489	0.042484940866130444	-3.4207360169640575
ENSMUSG00000071632	0.3375917745075956	3.9823889633157927	2.7366884584923907	0.009389860106872167	0.04251972071001873	-3.358798994415119
ENSMUSG00000031148	0.19477323072848574	4.3120873005239675	2.7359297598703263	0.009407897450747	0.04256931911260446	-3.3889662456774654
ENSMUSG00000023030	0.32295050943109427	5.1636990930594955	2.7348026575446753	0.009434752571780662	0.04264620785385868	-3.432402866765793
ENSMUSG00000038965	0.19339124813203856	6.033137073498513	2.734621142495522	0.009439084114766523	0.04264620785385868	-3.427654917101869
ENSMUSG00000029102	0.26327524149278325	7.599262976013119	2.7326395916727266	0.009486490487572344	0.04277236579698107	-3.3804406328886216
ENSMUSG00000040365	0.28406510969659227	4.926422065930881	2.730404063886806	0.009540237913528416	0.042887155400573536	-3.435586816130316
ENSMUSG00000035011	0.2321162461149333	5.121197050252245	2.7303491784482676	0.009541561033955325	0.042887155400573536	-3.441774661739464
ENSMUSG00000031154	0.19956626836393454	4.5508128327129445	2.7299991770338514	0.009550002501761176	0.04288936101127273	-3.4181868679299487
ENSMUSG00000029621	0.20498393249424662	6.341365588797227	2.7291950067648347	0.009569424019958653	0.04292660857709691	-3.432711421473832
ENSMUSG00000028788	0.12349968694669666	7.212393463917577	2.728792111841953	0.009579168096172456	0.04292660857709691	-3.403419490280402
ENSMUSG00000024346	0.27271917031491455	4.918305840697493	2.72876899638931	0.009579727425842396	0.04292660857709691	-3.43906740520915
ENSMUSG00000089862	0.2790569738082951	3.685779799577781	2.728210788333571	0.009593243703989026	0.04295514263581972	-3.3485923841788034
ENSMUSG00000039662	0.20384911205463307	4.317946363485473	2.7254434778094456	0.009660511905076557	0.04322413703470218	-3.413623142508531
ENSMUSG00000030654	0.2183449378188298	8.06586719258431	2.722771849511521	0.009725868714005263	0.043451855094764034	-3.3817741014555085
ENSMUSG00000024410	0.21600263170850198	4.218580366011521	2.7206250738369926	0.009778682512290084	0.04365535157232624	-3.417169367192632
ENSMUSG00000056938	0.27177630422526544	6.185895760265449	2.7184413085526176	0.009832678805616528	0.043863821041536535	-3.4621796771811084
ENSMUSG00000093405	0.4043092253394933	3.56610896379753	2.7142304511409425	0.009937577970367177	0.04423587566186892	-3.3680045914398207
ENSMUSG00000049577	0.35730765815068555	5.815447712999095	2.7139650802601003	0.009944223373385557	0.04423587566186892	-3.478393639797495
ENSMUSG00000002319	0.23391270381738494	3.7762551483545965	2.7139130665426867	0.009945526380293711	0.04423587566186892	-3.390879203140414
ENSMUSG00000046840	0.38041773987848826	3.8053843324359717	2.7127375257120576	0.009975017307346784	0.044270823117432946	-3.396543425128028
ENSMUSG00000039156	0.2713406438235473	3.675176899439354	2.712718874882656	0.009975485854718625	0.044270823117432946	-3.383139419142761
ENSMUSG00000019362	0.3098981084604304	6.5234706489912915	2.711720049172213	0.010000608210640782	0.04434956069205938	-3.4662946774466645
ENSMUSG00000020922	0.2679615441481964	4.7261359871609026	2.710606511043694	0.01002868485289015	0.04435006264493089	-3.472715963397567
ENSMUSG00000022139	0.29793214407855473	4.517495644107522	2.710544765866651	0.010030243823341833	0.04435006264493089	-3.4610160377889985
ENSMUSG00000016427	0.34148136203953516	6.4118116776103715	2.7064140793711275	0.010135048312731355	0.04468305541077249	-3.4826979745760434
ENSMUSG00000026112	0.1500335081674029	5.753596334415195	2.7064042932351917	0.010135297807435996	0.04468305541077249	-3.496831962318503
ENSMUSG00000052520	0.3083566740871202	8.222743095943283	2.706082859950415	0.010143495816655145	0.044686412289062144	-3.412951785751539
ENSMUSG00000048376	0.4949526149727941	3.553503815907312	2.7054597282624884	0.010159405990850214	0.044723714724556	-3.386752780205603
ENSMUSG00000018669	0.23762301862204627	6.278281683961041	2.70503215617682	0.010170336377684601	0.044739056583826334	-3.4905020035302203
ENSMUSG00000043019	0.27128257217664986	3.8218760468069175	2.70247767950648	0.0102358656981892	0.044994379649172564	-3.4217613914898197
ENSMUSG00000057103	0.3621735532290904	8.155694241624564	2.7013811613607768	0.010264114065363402	0.045085571212550205	-3.4267839525876207
ENSMUSG00000048000	0.22690935347944485	4.708228877409155	2.698863573062686	0.010329245026790682	0.045338519624532655	-3.498811195892115
ENSMUSG00000024847	0.22680552529048992	4.993678078793058	2.6919730045272274	0.010509467030599818	0.04601610858105036	-3.5264843802539736
ENSMUSG00000042632	0.31027948294589347	5.133541879954249	2.6917916968786426	0.01051424814141823	0.04601610858105036	-3.5308715028719893
ENSMUSG00000002108	0.22221654390545265	6.6234591746174445	2.6888758680400393	0.010591415800669917	0.04620921113739962	-3.5150159982578555
ENSMUSG00000073676	0.3456809590786749	7.38458899865374	2.6886802782942536	0.010596610795361023	0.04620921113739962	-3.4898834244612806
ENSMUSG00000047721	0.37325061474266397	4.063728345606134	2.68867239385157	0.010596820260831533	0.04620921113739962	-3.476917596786334
ENSMUSG00000025935	0.2469969202878195	7.2983920590696805	2.684372292979402	0.010711632844117839	0.04667599837585504	-3.502705049907026
ENSMUSG00000020258	0.28430270098148913	6.2676911230502155	2.680536368938663	0.010815021142042944	0.04709236379893917	-3.5469748814687425
ENSMUSG00000060904	0.19866714232505878	7.470214271507106	2.6755000584532946	0.010952163314883016	0.04762051328446602	-3.5168020586816438
ENSMUSG00000003955	0.2799332646558854	6.654781778091645	2.674252167265451	0.01098639170722481	0.04770030908144067	-3.547282898241261
ENSMUSG00000028468	0.263862773112824	5.078889362799392	2.6715213344360023	0.011061640675907657	0.047992345719515606	-3.5758329363664147
ENSMUSG00000005823	0.19355915574860472	4.233419055085147	2.671208167160344	0.011070300457155144	0.04799526367030683	-3.5316009506649113
ENSMUSG00000079037	0.26777127148336266	5.109446245923506	2.6700164984651296	0.011103310055467835	0.04810366987981703	-3.580068904123664
ENSMUSG00000072664	0.435165764860697	6.365869086884246	2.669273790777506	0.011123929246589465	0.04815827870515569	-3.5694061007223183
ENSMUSG00000034343	0.27518199073921323	5.2559367971685	2.6682535408824557	0.011152311265873743	0.04824639193422269	-3.586894474369591
ENSMUSG00000063558	0.32451144878397464	4.627671461065351	2.667904236475957	0.011162043813273993	0.0482537563122039	-3.5652488861447553
ENSMUSG00000112249	0.39743115734758216	5.225019770544504	2.664010978922671	0.011271052372007298	0.04865499547657461	-3.596090015019052
ENSMUSG00000022751	0.31102985996709975	7.883721487639203	2.6592847257137087	0.011404704597636376	0.04916131271678406	-3.5356002952307817
ENSMUSG00000026473	0.39129967439661684	10.093660766617003	2.657013554418737	0.011469449257823117	0.049404960996601514	-3.437090645420091
ENSMUSG00000087516	0.5899740434569702	3.4952700847857328	2.6507826384627253	0.011648820452151064	0.050141663393249096	-3.504777058504546
ENSMUSG00000021189	0.13779197503135432	4.108421766463808	2.6453413593618396	0.01180757262958236	0.050752291796252076	-3.5795505758791117
ENSMUSG00000032062	0.22530958552667846	4.073681173783167	2.644029055749764	0.011846157170790253	0.050881742987332834	-3.579340610956956
ENSMUSG00000029103	0.16069534749402514	5.386915181940974	2.6432392736701145	0.011869434451703331	0.0509453083002038	-3.644858061642625
ENSMUSG00000029992	0.4371614577018259	4.062556589727622	2.6418332958249198	0.011910977266634709	0.05108712519286793	-3.5832699845346627
ENSMUSG00000037351	0.13659221053460335	6.836272366210094	2.6387867734905037	0.012001453917186095	0.051365197000264415	-3.621272323109607
ENSMUSG00000016833	0.23661078347171927	5.480011812104109	2.6370813480645947	0.012052378317495222	0.05150977333558235	-3.658718325331704
ENSMUSG00000002475	0.18484117122432586	5.492411124912413	2.635263017900745	0.012106893343168935	0.05160214967498777	-3.6627647881587584
ENSMUSG00000019579	0.28094995299318093	6.276290317912483	2.6352147794640937	0.012108342659632678	0.05160214967498777	-3.6496775329712015
ENSMUSG00000006442	0.47902590348897167	5.346966195759574	2.6334926765595474	0.012160187812588695	0.05167130974176039	-3.6666805092050674
ENSMUSG00000073418	0.3515275949599612	9.090088030785937	2.633430653994011	0.012162058856531805	0.05167130974176039	-3.539411471324711
ENSMUSG00000018102	0.4276146847576783	7.2119213961178685	2.632920280082643	0.012177465455598044	0.05167682904144678	-3.622322220338227
ENSMUSG00000030682	0.17619235156415147	5.407203833684043	2.6319468827873074	0.01220689914332687	0.05176517780681098	-3.6704434329976285
ENSMUSG00000035875	0.24385465047522992	8.703085634477526	2.6309689478605245	0.012236536020022871	0.05185066344433238	-3.562519200321849
ENSMUSG00000070985	0.3751208547404019	5.792598204411177	2.630574996835848	0.012248493646992096	0.05185066344433238	-3.668949356600183
ENSMUSG00000078515	0.20445636530866018	5.264229480854652	2.630315287778206	0.0122563825021296	0.05185066344433238	-3.673037932848711
ENSMUSG00000039771	0.2608999201792219	4.627408461567568	2.630144492052545	0.012261573099416926	0.05185066344433238	-3.6508020557813823
ENSMUSG00000050730	0.2298883714518496	5.392725771470607	2.6280143315268276	0.012326480425447147	0.05205530350019841	-3.679279108935436
ENSMUSG00000063889	0.2883646062350085	4.7321636913296	2.6279877663929785	0.012327291875650246	0.05205530350019841	-3.661233125037633
ENSMUSG00000042010	0.5391899141755658	4.351020157039024	2.6267411512363794	0.012365425952166064	0.052160890047262	-3.6410294965825694
ENSMUSG00000112006	0.378392806788316	5.511711049773056	2.626319875256326	0.012378337361856485	0.052160890047262	-3.682825427757305
ENSMUSG00000035206	0.29747547803052576	3.8615109616884866	2.624619412722115	0.012430579996741516	0.052271067320097814	-3.602528610493377
ENSMUSG00000097354	0.3006256318239888	3.8121449902506184	2.6231741794143626	0.012475140829679442	0.05242176310877187	-3.6007773896084543
ENSMUSG00000037072	0.2000115129420985	7.59053778423864	2.6222622814894887	0.01250333296863992	0.052466849028322125	-3.632487481451625
ENSMUSG00000034932	0.3594461573872554	5.183460004792262	2.6190938116762794	0.012601745565329805	0.052769260698304385	-3.697012850383996
ENSMUSG00000054619	0.21303067117623797	8.775005088481452	2.618420383871158	0.012622753867372296	0.05282042339069646	-3.5875181460091623
ENSMUSG00000024319	0.2040217711658867	4.445216379699277	2.6163170740430735	0.012688576586079647	0.05298516796786143	-3.670742569171471
ENSMUSG00000021018	0.3409396943744647	3.744382170075485	2.6152193987749963	0.012723053433840958	0.053092143853834706	-3.6116660226399637
ENSMUSG00000027523	0.20325795964286808	4.3818211080417075	2.6148062722886243	0.012736051620508107	0.053092143853834706	-3.6699552696345688
ENSMUSG00000031232	0.2925610050341332	5.355664875552691	2.6146585980297807	0.012740700854922557	0.053092143853834706	-3.709169802884904
ENSMUSG00000028673	0.16496590348173434	6.822769123737117	2.6142382678339335	0.012753942675810481	0.05311049309698211	-3.67704024805701
ENSMUSG00000025484	0.28269740908733354	4.695398639594844	2.612672787123897	0.012803372081683886	0.05327508445114525	-3.693827068539945
ENSMUSG00000038482	0.1835957462581499	4.478254332512976	2.61240467060671	0.012811855405220986	0.05327508445114525	-3.6816261949262006
ENSMUSG00000032667	0.13126759470545135	5.238041704396276	2.6074807920281597	0.012968571334972551	0.05368097623176376	-3.7240334727193236
ENSMUSG00000010608	0.23585250700110194	5.689850330143605	2.6066016998822006	0.01299673563395243	0.05370598709603596	-3.724703046928334
ENSMUSG00000028999	0.2541672134973383	3.8145291944329798	2.604021042713983	0.013079739788432888	0.05392683647727199	-3.643941399532306
ENSMUSG00000050144	0.3296102389713331	4.618869093593146	2.603490640752477	0.013096859882289888	0.053940391386346764	-3.710204095785847
ENSMUSG00000021606	0.255098160162504	6.843669106052601	2.601987582428922	0.0131454869452076	0.05404568656066303	-3.703761258677623
ENSMUSG00000024181	0.24225350462833806	6.4094846750908285	2.6017343397338624	0.013153696192123471	0.05404568656066303	-3.720336687672587
ENSMUSG00000052369	0.20258539155259392	4.420229273428085	2.5987074221323807	0.01325218378557859	0.05439369697236458	-3.7085795108092765
ENSMUSG00000028648	0.2441325063041777	6.620462481902248	2.5974161705116106	0.013294403431399164	0.054529740764012	-3.722050875989177
ENSMUSG00000017493	0.2221029732760318	10.517204883619248	2.592970337202412	0.013440714632473622	0.055017203151589915	-3.5602226289185195
ENSMUSG00000030431	0.29223051302529246	4.9657885676220195	2.592415363337582	0.013459082171805116	0.055054884118704524	-3.750819058547318
ENSMUSG00000055912	0.3961032567509477	7.06287852403656	2.5914281878608203	0.013491810950104438	0.055151219047059566	-3.7200674823658484
ENSMUSG00000031645	0.41471883094509554	5.899944021183001	2.5852701670206466	0.013697629550265208	0.05587851728957477	-3.7689740328766694
ENSMUSG00000027828	0.20013188029181528	7.836312119013309	2.5833143058926606	0.013763600816407583	0.056109550410985864	-3.7085430575377054
ENSMUSG00000020738	0.15896828602768842	5.0542361164209035	2.5801363829009305	0.013871414570850676	0.056472445905312814	-3.781070864906183
ENSMUSG00000031627	0.2711427552582206	5.402174895769072	2.577564321100564	0.013959240958138509	0.05673906722728228	-3.7923222795076152
ENSMUSG00000045962	0.2222866185161605	4.830296820086427	2.5773894039878242	0.013965232223190297	0.05673906722728228	-3.7790147344004463
ENSMUSG00000045996	0.35400955850714544	4.102767164367338	2.576259889685377	0.014003977226150153	0.056848014991028255	-3.7338585714011083
ENSMUSG00000041654	0.24440529208277617	4.484910102273388	2.568260294507189	0.014281217499603718	0.05786637623406523	-3.7805237650446784
ENSMUSG00000034889	0.22367630590259102	3.8858088930388313	2.5678833698084804	0.014294403848807105	0.057880776770540356	-3.7315487985195643
ENSMUSG00000060992	0.19393964222152515	6.651569621522257	2.5665745105089868	0.014340279788276884	0.05802743518367394	-3.789563766591305
ENSMUSG00000020483	0.18893578591224447	6.894447728566253	2.5641098256166113	0.014427034459221081	0.058339199236513775	-3.7863225763309143
ENSMUSG00000020308	0.3032523186358258	5.0968225589693406	2.563506765986634	0.014448334757479682	0.058386041397239685	-3.819196964183919
ENSMUSG00000002017	0.2543996790547416	4.572682518629438	2.5628838345633937	0.014470367203853291	0.05843577723652851	-3.797883324787645
ENSMUSG00000031278	0.3852262962809805	4.707294840153385	2.5600115733202045	0.014572355101789407	0.058808114040733744	-3.8118320890638278
ENSMUSG00000053841	0.2940604531129183	4.104337620062985	2.558449259917325	0.014628105777990017	0.058935717700953245	-3.773457004908624
ENSMUSG00000010651	0.3810299718957211	10.077521930565657	2.558301228180201	0.014633398370747586	0.058935717700953245	-3.6580637166814616
ENSMUSG00000002455	0.23642958350471854	4.909817914295159	2.551164632322451	0.014890644937398664	0.05973156570682816	-3.8403667217694624
ENSMUSG00000066900	0.14760930870402245	5.738427462521993	2.5483400115817005	0.014993600837421238	0.0600486607064938	-3.8534306394589883
ENSMUSG00000015290	0.20366085661146816	5.244188492265511	2.5481739543474102	0.014999673776077083	0.0600486607064938	-3.856092780897995
ENSMUSG00000024098	0.12602791961496163	5.341663455821333	2.542271182890106	0.015217014765096301	0.060797235188473187	-3.8701754991622126
ENSMUSG00000004865	0.18694700907857253	4.188446044900315	2.5393127854295976	0.01532702448859904	0.06109315851242749	-3.8231199318568008
ENSMUSG00000000581	0.2732093477866382	6.220252763112385	2.538788319193842	0.015346602857795008	0.06109315851242749	-3.866340951383829
ENSMUSG00000041237	0.6373062524843514	7.253833691586645	2.538641614972131	0.015352083433810204	0.06109315851242749	-3.8309449065268515
ENSMUSG00000033671	0.24827144216276853	3.7263416575325174	2.537610126219013	0.015390668386506694	0.06120617229286481	-3.7819304869343555
ENSMUSG00000022040	0.22306690890476233	8.933293991423453	2.536812509286939	0.015420565703418732	0.061284510126880395	-3.7613044323987315
ENSMUSG00000026511	0.1977131367288001	5.876560375701875	2.536534612133294	0.015430994683346392	0.06128542435705781	-3.8772303897120723
ENSMUSG00000004285	0.2545535321727712	6.144915360257014	2.5346937665194917	0.015500241430339855	0.06147917541578363	-3.8771691802996906
ENSMUSG00000021079	0.2942475529121076	5.31717974253989	2.532962036775651	0.015565642986252275	0.06169785534590364	-3.89047465723115
ENSMUSG00000018474	0.30690329875897504	6.219526521312572	2.5316424936097763	0.015615647005800115	0.06185525567426031	-3.8820717756495355
ENSMUSG00000040564	0.33098550875298827	13.080586449740606	2.530596277241906	0.015655397703610196	0.06197186087021981	-3.581005870218212
ENSMUSG00000021211	0.18323589326015188	6.216136684799135	2.527882391360591	0.015758942811883354	0.06227934960983133	-3.8904179212508123
ENSMUSG00000038990	0.17998026018898106	4.488599964981493	2.5277458505969013	0.015764168872783067	0.06227934960983133	-3.870101049820248
ENSMUSG00000024068	0.12359845659877511	4.435261110491545	2.5274450810213995	0.01577568633788094	0.062283902236745445	-3.867348026271958
ENSMUSG00000039958	0.5573666996031248	6.1879928711868555	2.5263440125491154	0.015817915576632858	0.062368671062983494	-3.8945127733740414
ENSMUSG00000045503	0.18984555359453115	4.0783479029038565	2.525486346608239	0.01585088118905066	0.06245766889508553	-3.843573865044093
ENSMUSG00000005299	0.1747381674172761	5.756812663683942	2.5220522891850163	0.015983504255474526	0.06277442945826564	-3.910912918002508
ENSMUSG00000015759	0.23267651781989063	6.3162570136041944	2.5197750964379537	0.016072007749573926	0.06291641339882068	-3.9051281944841016
ENSMUSG00000052926	0.22994075793484026	4.228584862139879	2.518486978541427	0.01612226877269696	0.06307207881193752	-3.872117592403061
ENSMUSG00000049957	0.3342173263303163	4.107420506269973	2.516891669675375	0.01618471514483544	0.06326624987301484	-3.865049266200178
ENSMUSG00000032526	0.27908318315668623	4.931902905857629	2.516681478344653	0.016192959278531673	0.06326624987301484	-3.9169914403633967
ENSMUSG00000024856	0.39567343178251235	6.083706664858621	2.5133771181424964	0.016323068301619083	0.06369176456131759	-3.925058770478991
ENSMUSG00000055322	0.3261226969982234	5.6784115912529955	2.509791858732545	0.016465317301667507	0.06403889428201945	-3.939156481238095
ENSMUSG00000025016	0.156328302135317	5.511965003358083	2.506776221408181	0.016585841492714387	0.06442425438249563	-3.948001743829554
ENSMUSG00000066406	0.3293781101580988	4.731701589831145	2.5058982335078204	0.01662108260191274	0.06451153185378229	-3.9319395093390237
ENSMUSG00000050541	0.3113659595231457	5.11804425296514	2.5055321926923817	0.0166357951081189	0.06451153185378229	-3.947198416562375
ENSMUSG00000021495	0.3247294391575819	4.9916235362364025	2.5053056339822275	0.016644907278811488	0.06451153185378229	-3.9439800097833633
ENSMUSG00000031059	0.21136116203907918	7.204971794249072	2.505147897820684	0.01665125410304815	0.06451153185378229	-3.9058192047473814
ENSMUSG00000048833	0.19605140691491574	5.005348009032184	2.504070988737403	0.016694644717657366	0.06463796398737313	-3.9471347097526377
ENSMUSG00000024829	0.26534026320336057	5.05557031681939	2.502275151555331	0.016767231859783453	0.06481645180400156	-3.9526078591725815
ENSMUSG00000019428	0.1397589932743184	8.357803113935017	2.5012602223931784	0.01680838224355914	0.06491103399842343	-3.864554995624451
ENSMUSG00000020629	0.19104769612993078	7.92482922199775	2.498508225806332	0.016920426352286102	0.06521798713976086	-3.8907146516485
ENSMUSG00000073155	0.33989176283705813	5.5651198394848524	2.4951471786935113	0.017058191398413327	0.06566474831074035	-3.972813039837131
ENSMUSG00000062352	0.2882922889051147	3.948967997968801	2.4942400029245984	0.017095550331429996	0.06576642889984817	-3.8992427787888038
ENSMUSG00000031153	0.2384099459823359	4.174943571018302	2.493950613816042	0.01710748352398707	0.06577022936381209	-3.921059244036054
ENSMUSG00000021494	0.18216125717268916	4.565585066786521	2.4910536051088603	0.017227363403300954	0.06618876386856486	-3.9549479827069076
ENSMUSG00000040613	0.3788035973169217	4.556542448742686	2.4905300855858026	0.017249108491434156	0.06622996353036924	-3.955528440642137
ENSMUSG00000038722	0.20940477736871355	6.277395618668801	2.4898233461202035	0.017278503567072837	0.06630046483687145	-3.971684595082581
ENSMUSG00000032232	0.3021878824194957	5.300867337811506	2.4893595445367116	0.017297819059645374	0.06633222382221382	-3.9855629548685707
ENSMUSG00000034165	0.2522003917891924	4.877722982233329	2.4884303988834096	0.01733657352209566	0.06643843768767399	-3.976444002520469
ENSMUSG00000002342	0.19717829069398407	3.833535040496798	2.4860314591049937	0.017436999087057297	0.06669568906055207	-3.905427233900535
ENSMUSG00000104960	0.3939472515924507	3.781521313395104	2.485444359368468	0.01746165717201981	0.06674751777777801	-3.9013461434754015
ENSMUSG00000073131	0.155813510967306	4.3265452445165815	2.484203767569612	0.017513866379122993	0.0668620222821792	-3.954185315887301
ENSMUSG00000039477	0.2563053346932218	4.178449885396816	2.4827862733458423	0.01757369449472099	0.06700528567181373	-3.945558608883799
ENSMUSG00000028416	0.1678305938654283	6.856294156872534	2.477286072924557	0.01780760872012356	0.06772526632862182	-3.9776477805980592
ENSMUSG00000022285	0.12925144652620357	6.798650675586932	2.4760112832391963	0.01786222666487838	0.06780607583959278	-3.982451484163181
ENSMUSG00000030741	0.18652640791673303	4.6137356157282365	2.475750277214487	0.01787342818357648	0.06780607583959278	-3.990992259560132
ENSMUSG00000045973	0.3956515210439244	5.738680955579826	2.4725437671582027	0.018011564101212147	0.06815584929734496	-4.018949151749332
ENSMUSG00000029815	0.24564423033689575	3.8141427280997724	2.469141963482313	0.018159175402749247	0.06858484286305482	-3.9398894065748187
ENSMUSG00000020219	0.2746077302514065	6.460787556003405	2.4678527134706867	0.01821540581500685	0.06875400348139206	-4.012637304455877
ENSMUSG00000023904	0.2392767205901567	5.200218447339934	2.46496840217976	0.018341778895263436	0.06910078331137177	-4.036871759208628
ENSMUSG00000057469	0.23090861407903773	3.8552187372071276	2.4632451115824616	0.01841766332322539	0.06934319480530161	-3.9567818400933734
ENSMUSG00000090935	0.16431929574408333	5.456686103555898	2.4620444719741714	0.01847070175452895	0.06939741527300773	-4.0452615256622355
ENSMUSG00000032905	0.1565372366122908	4.394172575495387	2.4595809165557907	0.01857996502665039	0.06965923019830794	-4.011983120517563
ENSMUSG00000071454	0.2004988822431777	4.238487251472846	2.4595182915631475	0.018582750209333938	0.06965923019830794	-4.000750249215775
ENSMUSG00000066036	0.24198627718186572	5.220098162167439	2.4587201344563883	0.018618280714016916	0.06974890823598981	-4.050675610633629
ENSMUSG00000052102	0.2812627514546726	4.924681329022252	2.4559085348703453	0.018743933753183624	0.06995910691471648	-4.048502764332975
ENSMUSG00000020946	0.2238762877190652	5.612659001295976	2.4554622117777614	0.018763951133992967	0.06995910691471648	-4.05795234156928
ENSMUSG00000038886	0.21776652146329134	4.3973018342585775	2.455403438772389	0.018766588523675822	0.06995910691471648	-4.0211705554105475
ENSMUSG00000051391	0.2554789112910676	6.253477003911796	2.4553824877557116	0.018767528764606915	0.06995910691471648	-4.046804041440551
ENSMUSG00000027243	0.19466084335182954	3.7019959000788343	2.4544523373782594	0.018809315300764056	0.07007140461394372	-3.9597177862422277
ENSMUSG00000024338	0.4094215124989127	3.9394863149896797	2.4537232169400305	0.018842129799668424	0.07015015983036403	-3.985693662145988
ENSMUSG00000047879	0.14167544226518647	5.48880302494218	2.451625401224343	0.01893683378318908	0.07033538025288064	-4.0675219946766985
ENSMUSG00000038068	0.3038379773301676	4.200576169862954	2.450453624320544	0.018989920754955952	0.07043853939291995	-4.017084481327844
ENSMUSG00000038023	0.2643382505204901	4.524353611057214	2.449999480250583	0.0190105319551181	0.07044948915837035	-4.040963030452852
ENSMUSG00000022844	0.2773496807577205	6.216940586357108	2.4498720112210335	0.019016320754680762	0.07044948915837035	-4.059673473810555
ENSMUSG00000014668	0.1388405394468606	3.8019984705223284	2.4489623113660524	0.019057679842763676	0.07055921021267217	-3.981956578688009
ENSMUSG00000034858	0.35251857403043463	5.459863003636189	2.4484455593170646	0.019081210135069252	0.07060282740248222	-4.074482753318731
ENSMUSG00000034449	0.1608533072327667	5.130633333878392	2.447772597739697	0.019111893008905697	0.07067284005570112	-4.0724223173601715
ENSMUSG00000041471	0.4600859041719776	5.260718580394506	2.446926935563213	0.019150513534383046	0.07071552730255283	-4.076628061422301
ENSMUSG00000032386	0.1800160850646204	5.238473797237521	2.444920644114717	0.019242422689911356	0.07093725027219468	-4.080604808908031
ENSMUSG00000022131	0.1839936290120523	4.377761849864173	2.4328544844142983	0.01980368229043057	0.07260544654252428	-4.06810206049966
ENSMUSG00000001323	0.1657502426285946	5.38872093189813	2.4313337981723686	0.01987546202793054	0.07277979971105096	-4.111083432669379
ENSMUSG00000057177	0.16793587218504769	4.3081624916596475	2.430386541454116	0.01992029390879968	0.07285517108823937	-4.068478314228049
ENSMUSG00000022037	0.2659224367808317	10.809124396980316	2.42437996956566	0.02020671602847467	0.07376801738463201	-3.9121428982943613
ENSMUSG00000024914	0.2094627110316356	6.200514141152715	2.4227278840835127	0.020286147813604005	0.07396812027423937	-4.118108242562839
ENSMUSG00000038564	0.21096970935476156	3.975791032067995	2.4213678954689373	0.020351748075131203	0.07415584043828083	-4.058317831249415
ENSMUSG00000037443	0.42672416426445725	6.364867489597027	2.4200521836848035	0.020415395636659863	0.0743041262148329	-4.118612803056762
ENSMUSG00000063888	0.242098578859121	6.3698978938554704	2.4192237045621	0.020455565874480705	0.07440526352285384	-4.120191754410157
ENSMUSG00000022774	0.34330843392764887	4.812863550797428	2.4157658435587184	0.02062400115145338	0.07492722062822453	-4.129684775239337
ENSMUSG00000058979	0.181782985425488	4.429152124614191	2.410487898813334	0.020883519109301606	0.07577651318959056	-4.119106952636914
ENSMUSG00000024097	0.2551332972677396	3.9390650254837625	2.410243580549934	0.020895603653711358	0.07577651318959056	-4.078273280572083
ENSMUSG00000022674	0.22033629353388307	3.979749467210232	2.4065274405220083	0.02108019524806278	0.07630776701542726	-4.090153432716369
ENSMUSG00000020116	0.19770386188102496	5.613910872388113	2.4058550640962073	0.021113751539369133	0.07638322275741669	-4.163782966462724
ENSMUSG00000028107	0.148857845588509	4.613813887003362	2.4031886460630587	0.02124730134870051	0.07672778473818591	-4.146139815800963
ENSMUSG00000051355	0.25377244047354797	3.970646852735297	2.402398234431327	0.021287036516296994	0.0768251065624196	-4.09798073669003
ENSMUSG00000030652	0.18010645287029003	4.157480755142702	2.399837804059259	0.021416215595032203	0.0771985839895312	-4.121007433401301
ENSMUSG00000025261	0.20391725524264004	6.048867533659019	2.39880181935382	0.02146868455502344	0.07725179017173688	-4.171900731111157
ENSMUSG00000030909	0.2868687330289097	4.652988828836733	2.3987675000337787	0.021470424696729162	0.07725179017173688	-4.1577274097859
ENSMUSG00000059363	0.2532544990155703	4.1381047139031235	2.3979973881005896	0.02150950637918725	0.0773030046845312	-4.123153611490229
ENSMUSG00000027575	0.22630988837698673	4.1945660693388485	2.3955314938398007	0.021635079277824903	0.07770782509291682	-4.133333664510044
ENSMUSG00000015341	0.13257334236297602	5.214818558586966	2.390354997612119	0.021900847070284165	0.07847477045040999	-4.196189089426831
ENSMUSG00000031792	0.19844515399396956	3.7286207358127426	2.388404695730156	0.02200174153987088	0.07868320972283799	-4.102697912878986
ENSMUSG00000028062	0.18113895999360086	6.732320476977737	2.388218507876613	0.022011395497435624	0.07868320972283799	-4.1721228097575995
ENSMUSG00000047260	0.19811518169622655	6.531798703869293	2.3872839904316727	0.02205990871196381	0.07878019464395547	-4.1815891790839945
ENSMUSG00000038828	0.26345884449401247	4.431995777973615	2.387190882536561	0.022064747476414886	0.07878019464395547	-4.16848513161168
ENSMUSG00000092545	0.2534224565578276	6.6250901788604155	2.3857669179223455	0.022138869794420354	0.0789979029659572	-4.1812456351975715
ENSMUSG00000044709	0.21787552615567396	5.256707847652791	2.3851466844138907	0.02217122544477254	0.07906640575527489	-4.207818149828883
ENSMUSG00000045302	0.21950716320789265	6.372198391815715	2.378464745792144	0.02252252251666947	0.08008156082998039	-4.20621167979276
ENSMUSG00000022515	0.23402312692282345	4.099173396251434	2.3777105657883713	0.02256248716427818	0.08015474587478137	-4.162238547141277
ENSMUSG00000023051	0.17410982850536438	3.9068939292505434	2.3775730026213515	0.022569783661196552	0.08015474587478137	-4.143849901363227
ENSMUSG00000027775	0.17773542243092333	5.650726772646573	2.373024590905169	0.02281224016144117	0.08087241954578171	-4.232375195365725
ENSMUSG00000052214	0.17506791220392426	5.157325402761854	2.3709209399581037	0.022925170522842472	0.08116336695943466	-4.235942207312831
ENSMUSG00000024309	0.33708854105060837	5.5833605302876865	2.369976825634703	0.022976017389135267	0.08126126456228006	-4.2397996249060235
ENSMUSG00000034560	0.16734925888333496	3.7229235159933043	2.3690972542693114	0.02302347979611249	0.08138122946755291	-4.142535973712546
ENSMUSG00000028671	0.6278141631144116	4.769349074415096	2.366353259944529	0.023172117451367397	0.08172582404629114	-4.231840807083051
ENSMUSG00000024816	0.2347997795410497	3.6952277611795132	2.365933459248358	0.023194933611284812	0.0817468364048155	-4.146179590861248
ENSMUSG00000016942	0.12842671730918198	8.420267092236871	2.3655919645340697	0.02321350879888303	0.0817643460565581	-4.1506888709525676
ENSMUSG00000031537	0.1259075530478011	5.063349410255202	2.3632722012756657	0.023340045299145778	0.08211377763616333	-4.249566745914509
ENSMUSG00000029681	0.1452244147164441	4.234995202770308	2.363002791268116	0.023354781124739713	0.08211754229289697	-4.20494107489257
ENSMUSG00000022194	0.34620978147203196	4.700965481960181	2.3623711227760267	0.023389364203370667	0.0821430096423462	-4.236783641390776
ENSMUSG00000003199	0.20549398896673132	6.387974571675271	2.3592115452242726	0.023563041861677094	0.08265634474420179	-4.2459216298967295
ENSMUSG00000045795	0.2122476688581898	4.99044759229821	2.35821631882326	0.023617988571441192	0.08280075456580521	-4.257820950166908
ENSMUSG00000038374	0.23727720541876085	4.236195726450274	2.3547077261291167	0.023812622108576625	0.08343442930054631	-4.222331136785484
ENSMUSG00000001700	0.20014987443577592	4.285680457775182	2.354328726427963	0.02383373284063505	0.08345973230732869	-4.227026874624285
ENSMUSG00000042043	0.24804831315863307	6.758530649587803	2.3527796661059615	0.02392019290733429	0.08361631133226978	-4.2453479042200435
ENSMUSG00000027573	0.1448290166819799	5.261861273592112	2.3513287030192775	0.024001434127882974	0.0838515219037493	-4.278686903822228
ENSMUSG00000029922	0.19481688188543167	4.3783784778034915	2.350599014068302	0.02404238425279294	0.08394577976469074	-4.241423314715808
ENSMUSG00000025854	0.24150729574408292	4.979281498421601	2.341373431196691	0.02456558271567842	0.08552409417063246	-4.292481723469384
ENSMUSG00000027131	0.1621936956677894	5.761338337244501	2.3399410860577863	0.024647726980387554	0.08566118648071071	-4.29937338966807
ENSMUSG00000026031	0.19346337420379278	6.318167231589253	2.3388674020855533	0.02470946435049724	0.08582611056770978	-4.290738803468044
ENSMUSG00000021270	0.7191631151023845	7.906824912829232	2.33833207228752	0.024740298082848083	0.08588356509522481	-4.231397355683438
ENSMUSG00000046351	0.24343705277398042	3.760959973159271	2.3362080114395094	0.024862980733567467	0.0862098391390692	-4.2148957325361
ENSMUSG00000035877	0.2059724423711513	4.2319653107793505	2.332312629271013	0.02508939649963164	0.0868495589863543	-4.268447016854874
ENSMUSG00000021756	0.19233803807387329	6.1038516420410405	2.3322879622070563	0.025090836145833094	0.0868495589863543	-4.31006884792912
ENSMUSG00000021779	0.201922977770419	4.703689884805053	2.3316889761229507	0.025125817659006237	0.08692057473400604	-4.300700495848354
ENSMUSG00000018849	0.2635594403711332	5.9435285395787	2.3311679472582796	0.02515628206643988	0.08692587632963614	-4.314798746002664
ENSMUSG00000004936	0.14069820225456553	5.691782794219135	2.3295598448383252	0.025250517090966325	0.08711591824140695	-4.322156179570289
ENSMUSG00000074063	0.5358974198371032	7.33698503808013	2.3242077939464636	0.025566440052103474	0.0880393915605099	-4.285123679786013
ENSMUSG00000042712	0.2284256892451082	3.651120291137107	2.323863339584705	0.02558689389224558	0.08805936162571804	-4.22859455967078
ENSMUSG00000028622	0.12165795278376113	4.997078599648975	2.3232293253236684	0.025624580395242947	0.0881385824814052	-4.330648424858382
ENSMUSG00000038615	0.15196869358872966	5.850272954772436	2.321027461730295	0.025755849606846376	0.0884887937607432	-4.337050612334451
ENSMUSG00000001911	0.23931777830765455	6.3542734564598256	2.320237940337909	0.025803065834681414	0.08860035577177178	-4.327989838936652
ENSMUSG00000050244	0.2578357798914075	4.193941204504101	2.319910919479619	0.025822645644529563	0.08861694898799438	-4.29084798394925
ENSMUSG00000037992	0.21750220978996015	3.7706986890982037	2.3195866998404098	0.025842070921866925	0.08863299324743057	-4.250185216783662
ENSMUSG00000015488	0.2273931093517909	4.821220475766498	2.316875188180961	0.02600504333416386	0.08906581048937372	-4.336878161305382
ENSMUSG00000017801	0.22068181630690287	5.562969868085858	2.316694860739404	0.026015914407190782	0.08906581048937372	-4.350735517752122
ENSMUSG00000032418	0.5119683352497333	7.001939542628302	2.3165018844754903	0.026027552541078424	0.08906581048937372	-4.311926571334578
ENSMUSG00000004096	0.12307275479940305	6.205216592596934	2.3156305130580224	0.02608016204551769	0.08914002015703647	-4.342189281064469
ENSMUSG00000022246	0.26426671703465887	3.8799499167900557	2.3154058453600084	0.026093741963093216	0.08914002015703647	-4.270090342895815
ENSMUSG00000027580	0.24098475758685867	4.1190546936551495	2.3145078628862032	0.02614808350988823	0.08927490557438544	-4.295266605937815
ENSMUSG00000073940	0.6665811948322462	6.17767335146929	2.312684907297116	0.026258712827090733	0.08960170663145271	-4.34893271833145
ENSMUSG00000024393	0.19846521352640156	5.784267741874706	2.310065988714	0.02641838266867475	0.08999323211795157	-4.360658763735003
ENSMUSG00000020328	0.1708682926098568	5.5957389176035655	2.3093250545187707	0.02646371383529219	0.090020341143674	-4.365457792673232
ENSMUSG00000032387	0.1519290563360567	5.941516558000514	2.3069737640214796	0.02660803136872696	0.09033201157891542	-4.364683520008879
ENSMUSG00000078572	0.2381363755433572	5.160614201756494	2.3039507608234557	0.026794615574488253	0.09086277933809249	-4.374845831315984
ENSMUSG00000006050	0.20133847495844925	6.457942237558247	2.302135368829243	0.02690722793859862	0.09115775257310858	-4.361268130939694
ENSMUSG00000040782	0.15427364413875733	5.304655330973302	2.301825184015622	0.026926511757356993	0.09115775257310858	-4.381474703863033
ENSMUSG00000006736	0.1378329205593447	8.016791272748145	2.3018155460602174	0.026927111136173697	0.09115775257310858	-4.301169604277016
ENSMUSG00000038279	0.3647640203350906	4.020874752582469	2.2994283061239646	0.027075941546746463	0.0915069363073113	-4.316880521042808
ENSMUSG00000030315	0.22591767287718234	4.397520822803374	2.298898422124449	0.02710907665487033	0.0915674208089465	-4.349381332393791
ENSMUSG00000095041	0.32575295009380856	5.3003283731708075	2.2979722145152945	0.027167082370360997	0.09171179660870743	-4.389321896371829
ENSMUSG00000025153	0.669541149568257	7.152346012481769	2.2975780727202513	0.027191800097126986	0.09174369836251323	-4.34591164129807
ENSMUSG00000036180	0.1385316700450181	4.560020797099297	2.295990834913088	0.027291544559189647	0.09197694405842433	-4.365817666667649
ENSMUSG00000032308	0.20024008187708509	3.9939770186554773	2.294259330190379	0.027400729207869248	0.09224144639220522	-4.324807650346457
ENSMUSG00000027078	0.2577358462740422	6.28371411396455	2.2927847170364584	0.027494023624216123	0.09250368866624563	-4.386730938993342
ENSMUSG00000075010	0.34768714220607055	6.80828659675624	2.2889617522279435	0.02773721930391	0.09311338033362859	-4.3750404957005635
ENSMUSG00000036093	0.20468302033181907	5.995681168087704	2.2850044218491865	0.02799099231709726	0.09370950447935529	-4.408896592858998
ENSMUSG00000069919	0.6107332670824732	8.502139122803237	2.284976799811742	0.027992770933673278	0.09370950447935529	-4.313050641219853
ENSMUSG00000028413	0.275953214033021	4.501083668783539	2.2836720726229545	0.028076899372052575	0.09383430941416236	-4.387232754669368
ENSMUSG00000046794	0.5920031327886512	6.787352491563413	2.280115572570266	0.028307373127138817	0.09438559066835389	-4.393812934248272
ENSMUSG00000003345	0.16202037941741843	6.207319501553757	2.2799154897714966	0.028320389411722758	0.09438559066835389	-4.415217415063937
ENSMUSG00000022498	0.28713503418788644	4.59264876176088	2.2788155629013813	0.028392040387953964	0.0944672041479598	-4.402841823159557
ENSMUSG00000021037	0.3236653486683094	6.0705531199308425	2.276751512279424	0.028526934260218666	0.09475862242656383	-4.424553221308875
ENSMUSG00000032261	0.25796020190150504	4.864351714957677	2.275381643253727	0.028616777187564797	0.09499098090398703	-4.42358853578876
ENSMUSG00000059851	0.26951582099683336	3.7964668390519325	2.2749626144749486	0.028644309768351556	0.09499098090398703	-4.343979382451198
ENSMUSG00000025354	0.11125658628835033	4.722214236454522	2.2733815436778344	0.02874840883585081	0.09525897402389903	-4.421131302116667
ENSMUSG00000040033	0.3142099150261499	5.573300603995609	2.2680626858728914	0.029101097510545557	0.09610459587136227	-4.449969216209151
ENSMUSG00000033781	0.2580073257237183	5.261595775732566	2.267779674698979	0.029119971756184297	0.09610459587136227	-4.450344896097098
ENSMUSG00000055053	0.2808344191195742	6.322289962130985	2.2663214709116657	0.02921739426536244	0.09625401433144896	-4.439266533450639
ENSMUSG00000022401	0.22950412642328555	4.1485937904190635	2.264820795337831	0.0293179586635914	0.09642671790340489	-4.399238053129466
ENSMUSG00000029186	0.2523225606163466	4.685195203019714	2.2632861970282594	0.029421116404359945	0.09666019052695403	-4.439646090978195
ENSMUSG00000020163	0.29358214724205833	7.530241638606451	2.262220018261467	0.02949297735586471	0.09678812409859233	-4.404247415713298
ENSMUSG00000021484	0.17785823544878987	7.207871930572748	2.2618297028028285	0.029519324026100552	0.09678812409859233	-4.416780801071695
ENSMUSG00000057278	0.31764055395164537	3.8300412039689986	2.261753278785265	0.029524485184343443	0.09678812409859233	-4.3741835227544295
ENSMUSG00000030301	0.1438909942836748	5.202042657617527	2.260204261726928	0.029629269333564863	0.09702576535443666	-4.4647181163090695
ENSMUSG00000064337	0.44700868825108664	9.370033887210898	2.2592991784374785	0.029690647998300602	0.09712090572770186	-4.324314681997548
ENSMUSG00000042628	0.205040687198645	5.372689994972288	2.258045772331431	0.029775836056730613	0.09729363722941504	-4.471066608155244
ENSMUSG00000033487	0.2012769688715812	5.291824938593774	2.2551435322621587	0.029973926738703454	0.09783450612323143	-4.476281035423581
ENSMUSG00000035354	0.23207573751618948	4.33150849730523	2.254330724013241	0.03002961519221025	0.09796306063517447	-4.435281593598145
ENSMUSG00000109764	0.3273143517296768	5.28829610698245	2.252962880786983	0.030123539850963436	0.09816935971161694	-4.480640580283733
ENSMUSG00000018565	0.17476255059517865	4.8506976002129365	2.2521074022336713	0.03018241568405845	0.0982481775977829	-4.470102010799802
ENSMUSG00000037966	0.1860893495945639	7.448402409135208	2.251125860244101	0.030250094098061907	0.09841516807539469	-4.42989764329116
ENSMUSG00000027088	0.24940208914328466	4.373002035713848	2.248503528497326	0.03043157217198164	0.09892913311151129	-4.449926724003695
ENSMUSG00000054874	0.17902235600658312	4.5038252696810135	2.2483676842623477	0.030440999687665896	0.09892913311151129	-4.458856707568437
ENSMUSG00000030357	0.43049122715699717	7.101071906209802	2.245695420433755	0.030626984413215586	0.09942601260886681	-4.452708447517651
ENSMUSG00000032601	0.19391847436672904	6.730858328703975	2.243966434838211	0.03074785861934474	0.09971067590050865	-4.46895032664632
ENSMUSG00000021890	0.1564009403838993	5.234285384156303	2.2425590414684486	0.030846564387414177	0.09997680981875501	-4.500833762394097
ENSMUSG00000039275	0.23652318105707026	3.957077229969584	2.2421903912705763	0.030872465907519277	0.10000681813384546	-4.426477855155695
ENSMUSG00000096768	0.5595402912563476	4.014442605788315	2.2416724876167384	0.030908886831544108	0.10007085181613606	-4.433193723123196
ENSMUSG00000030801	0.1540504467170516	4.6673295675994915	2.239763032429407	0.03104349841831971	0.1003939068325251	-4.486054832267763
ENSMUSG00000030016	0.15344714776830148	4.186217276997601	2.2380664939058446	0.031163538571021013	0.10067833509315337	-4.456432094480062
ENSMUSG00000020994	0.24440236600855236	4.98949980304487	2.237138130589837	0.03122940094276113	0.10083689965881334	-4.505546811032449
ENSMUSG00000020519	0.16465412180919792	4.371040627586033	2.2359889812447644	0.03131109886626967	0.10104248121344643	-4.47491036984966
ENSMUSG00000057637	0.22364134661919888	4.38430200836469	2.235769837363886	0.03132670036622578	0.10104248121344643	-4.476266331134106
ENSMUSG00000037434	0.21334848878782697	4.2550344788353955	2.2348612870502826	0.03139145673986587	0.10119702980142382	-4.468600777478491
ENSMUSG00000034880	0.3149429701184987	6.263163954489251	2.2338283394404232	0.031465224465747746	0.10132611672812336	-4.506641077985851
ENSMUSG00000022951	0.5517314481838103	4.347855221311194	2.233476240534511	0.031490404839363384	0.10135288841978285	-4.478325856630255
ENSMUSG00000040521	0.16701865865643306	4.393044943257429	2.232705977780318	0.03154555289178279	0.10142173746748143	-4.483001355252604
ENSMUSG00000037071	0.6197740421565019	9.998828860056244	2.2315563949943766	0.031628019085822016	0.10157817567434767	-4.347697165293797
ENSMUSG00000037058	0.15096702592006306	6.623961309224179	2.231132802680327	0.03165845423226861	0.10162160869749043	-4.4986608818928
ENSMUSG00000015083	0.2659083093530814	9.054023206576318	2.2274159273443876	0.0319266338375763	0.10225719111103536	-4.4035658053071005
ENSMUSG00000067813	0.23578669998026935	3.7429655206594137	2.2272125856731604	0.03194136357129157	0.10225719111103536	-4.434313279194821
ENSMUSG00000021375	0.2923489645586952	3.667745150295217	2.227031248430614	0.031954504449396605	0.10225719111103536	-4.426562345433185
ENSMUSG00000030556	0.38710780149672885	4.486790584085947	2.22617448460001	0.032016656321268815	0.10238855126902838	-4.502250632065428
ENSMUSG00000040356	0.14559270539145608	5.476916387401305	2.223201446182661	0.032233164578183884	0.10300916825586297	-4.541044321422148
ENSMUSG00000020091	0.17293769731208997	6.63310128958978	2.222787297131204	0.032263427810563336	0.10301248334072577	-4.514986562861454
ENSMUSG00000069135	0.20753189708014297	3.732436790398057	2.2212004688776723	0.03237961699361257	0.10321075201472028	-4.445161326845463
ENSMUSG00000045414	0.19470383476600928	3.9232018086642086	2.2192479038347726	0.032523097157413035	0.10355589001799388	-4.468901077595094
ENSMUSG00000023939	0.21452240803738754	6.642823409257907	2.219062079235969	0.032536781553332075	0.10355589001799388	-4.522046635263826
ENSMUSG00000004056	0.12064036859284144	6.469951556785851	2.2164083739964737	0.03273276450689228	0.10406940842429403	-4.5339540938413005
ENSMUSG00000010755	0.26346303016283024	4.900552200393051	2.2153829432332075	0.03280877628864693	0.10425591576863004	-4.545699330838341
ENSMUSG00000095098	0.3250599111990313	4.071251792033718	2.2132928298691588	0.03296419618031188	0.10463565392544709	-4.495310836144101
ENSMUSG00000030327	0.15016934330353315	5.661480497573987	2.212945348177846	0.032990098194129625	0.10463565392544709	-4.559278699741737
ENSMUSG00000056999	0.17134356611953105	5.899111556736745	2.212436004851572	0.03302809844929865	0.10463565392544709	-4.556301297508313
ENSMUSG00000076258	0.3538477391575494	13.235113438213366	2.2097628886282865	0.03322816930547012	0.10508845755608946	-4.237882790067525
ENSMUSG00000081534	0.14352202648666434	5.598004268502783	2.209242788791113	0.03326722154035837	0.10515661979800812	-4.567661929420776
ENSMUSG00000069917	0.6326682310332394	4.313706945656699	2.2079245510832766	0.03336638574640223	0.10541462247640956	-4.526779416718254
ENSMUSG00000006010	0.10353579377821465	4.70045371461129	2.203346081331594	0.033712845919825096	0.1062530760072972	-4.560463462020444
ENSMUSG00000034714	0.2120553018052167	5.113190177873432	2.2032962582429008	0.033716633642295726	0.1062530760072972	-4.576741646192993
ENSMUSG00000021476	0.1773067228772769	6.366426555388151	2.203140909934701	0.03372844618398596	0.1062530760072972	-4.564264186400346
ENSMUSG00000028518	0.21723527887817307	3.8680035957556242	2.202273061015621	0.03379450433304415	0.10634840607578572	-4.496928561261154
ENSMUSG00000024966	0.429084253270549	5.724893527320968	2.2018490252635545	0.03382682251823566	0.10636597410365155	-4.580140088742154
ENSMUSG00000035027	0.18427134661526257	6.9668801049906035	2.201450472661601	0.03385722353269354	0.10640588713805203	-4.545325333053792
ENSMUSG00000040813	0.1793639962120075	6.159025311230151	2.199396498198269	0.03401428316893832	0.10673202483663205	-4.577987310932444
ENSMUSG00000048486	0.36026672290506134	4.269838165225134	2.1978054646218657	0.0341363882008956	0.10700342029169624	-4.543478602946481
ENSMUSG00000047843	0.2682817228172407	5.996975699100919	2.196599652019595	0.034229188481548316	0.10723836996122202	-4.586378747117683
ENSMUSG00000025630	0.17919927869811492	6.329024589714856	2.1898464105261866	0.0347530778213378	0.1085965910704206	-4.59188856408163
ENSMUSG00000032330	0.2938739508964421	8.243803549126689	2.189613121670873	0.03477130198292024	0.10859706528865266	-4.51557040372717
ENSMUSG00000032737	0.21513117195086728	4.319730945415113	2.188993731350569	0.03481972896657002	0.1086353849221803	-4.564641529551487
ENSMUSG00000033809	0.20565581072092431	3.655182609988153	2.182594069019418	0.03532360223698802	0.11009311506330965	-4.513076049480436
ENSMUSG00000024799	0.23456989009310725	7.0702299212588064	2.1810468548768727	0.03544638810851249	0.11040556211744754	-4.582164711785492
ENSMUSG00000028149	0.13603820460466398	4.149868307666629	2.1806370712420207	0.03547897161737247	0.11040556211744754	-4.567115854187408
ENSMUSG00000021147	0.1675532028313631	3.869652928984575	2.175119973534548	0.035920251608973226	0.11154769608181918	-4.550531467544472
ENSMUSG00000078784	0.27497899423357985	5.536432208218327	2.173038478419441	0.03608799818578344	0.11195290712357908	-4.639886288426418
ENSMUSG00000025144	0.20074768767627837	5.559698687452202	2.1727410728923373	0.03611202254644779	0.11196963027946583	-4.640222705804943
ENSMUSG00000028982	0.3336279902156467	3.7012240564879457	2.162413296277558	0.036955139065646514	0.1143331427225181	-4.557554046733689
ENSMUSG00000031835	0.10960190804195502	5.045992305200396	2.1602034112482804	0.03713779255742845	0.11479475076007592	-4.659632694835151
ENSMUSG00000059409	0.1531136697984019	4.217111862091644	2.1586747254181757	0.03726461009334784	0.11500926659010126	-4.615978363098759
ENSMUSG00000026922	0.37876100629320497	8.144269950666086	2.157192446580456	0.03738794361687379	0.11527149984289102	-4.583698484120143
ENSMUSG00000058446	0.11555554581147032	5.355442630404486	2.1561583492815104	0.03747419980713227	0.11544561766849713	-4.6732075542834925
ENSMUSG00000026365	0.2684558503850454	8.157709802861216	2.155720126781864	0.03751080593741518	0.11547255782680729	-4.58592352656181
ENSMUSG00000018761	0.1546710310119188	6.40670667363502	2.1553103004656253	0.03754506866879669	0.11551537653929163	-4.656718506297505
ENSMUSG00000028284	0.13643155295845055	4.751791169787181	2.155094003908628	0.03756316288197301	0.11551537653929163	-4.657866942004116
ENSMUSG00000021327	0.2629759197196586	4.898431826911187	2.153568883875258	0.03769096538898976	0.11573637750916162	-4.667312666501116
ENSMUSG00000030512	0.1663497884994971	4.492840375845386	2.153317476965883	0.037712069755855955	0.11573637750916162	-4.646265373763032
ENSMUSG00000037410	0.2360266007979095	3.9295853435850328	2.149846844843605	0.03800448208155732	0.11645534565429777	-4.605936935770097
ENSMUSG00000032307	0.21768558950590844	4.634171207989112	2.1468267131823575	0.03826056772445615	0.11712060695682985	-4.667653793908537
ENSMUSG00000022244	0.16558716631749348	6.771473753738854	2.145849991260127	0.03834371258118804	0.1173026161203385	-4.661227543943728
ENSMUSG00000029073	0.17163310295821788	4.106404877590286	2.1438754098084614	0.038512289563801	0.11765142246511448	-4.634815288781152
ENSMUSG00000039105	0.21178438967124968	6.118205499982905	2.141868826479237	0.038684269248087155	0.11811675503646123	-4.691564418144263
ENSMUSG00000020496	0.11515196259095095	6.651343274744377	2.141285550829712	0.03873438758875564	0.11820971814161128	-4.674552713952348
ENSMUSG00000046671	0.10573179978738256	5.7746506470954495	2.1390750272940395	0.038924849270614875	0.11854021058205534	-4.70222842520574
ENSMUSG00000020829	0.19105273633154507	4.86077034418755	2.1388843461158777	0.038941317305537904	0.11854021058205534	-4.694288500378672
ENSMUSG00000038884	0.45771642654552114	5.731868678811601	2.137912616514352	0.03902533560773843	0.1186699134516802	-4.705255003328829
ENSMUSG00000062300	0.2316000025861138	5.021695617219159	2.1378857852391833	0.03902765777988054	0.1186699134516802	-4.702255379288976
ENSMUSG00000037152	0.25829576286685363	5.721105121494748	2.136840053708081	0.03911825803703613	0.11879439910956119	-4.707534480306426
ENSMUSG00000051124	0.2549706785880268	4.112284674400769	2.136777688135608	0.03912366713892854	0.11879439910956119	-4.649102816042497
ENSMUSG00000063787	0.23962332295068478	6.281084148317246	2.1352309390065414	0.039258031525322784	0.11908203505081505	-4.700177020235502
ENSMUSG00000029062	0.15251798686442974	5.018961111342307	2.134632742485874	0.039310105340342766	0.11917982996474252	-4.7084619436882065
ENSMUSG00000033819	0.15761050600824156	4.431887524324291	2.1335620225793837	0.039403465216649516	0.119282328708739	-4.68058603474695
ENSMUSG00000050002	0.1869155016220061	4.860019890848062	2.133203645983236	0.03943475703321579	0.11931694612920125	-4.705247030970531
ENSMUSG00000047822	0.8538315997961803	6.320574989439089	2.1325518832085204	0.03949172221906736	0.1194291690057251	-4.704033322341317
ENSMUSG00000001482	0.20827506688398323	5.036202586697163	2.131489732806138	0.03958471161244323	0.1195900111006392	-4.715089579892479
ENSMUSG00000029404	0.1740351000510918	5.766163766272954	2.131129812751647	0.03961626578119257	0.11962519652220409	-4.717748616246094
ENSMUSG00000075227	0.1978848925840584	4.340300922111192	2.128683330954629	0.039831337473549194	0.1201538689149383	-4.683681342011516
ENSMUSG00000024927	0.16456044074325238	4.30019117302117	2.127448432736396	0.03994028881283688	0.12032110599233711	-4.6831272327485856
ENSMUSG00000021681	0.18871123032278359	3.8476782319520226	2.127056802146569	0.03997489605756387	0.12032110599233711	-4.6415659211749665
ENSMUSG00000070284	0.417469583468006	3.7705679117195188	2.12692109310427	0.03998689443612868	0.12032110599233711	-4.633719369107395
ENSMUSG00000030157	0.32016394116424607	6.742950169685104	2.1255048036138966	0.040112301837975824	0.12060579509068112	-4.701619572729713
ENSMUSG00000002608	0.1687200168877343	4.695495113847853	2.1253994061731594	0.04012164825865727	0.12060579509068112	-4.71252679206359
ENSMUSG00000039183	0.1709293175231803	4.6760606483515526	2.1242390674366636	0.04022467165367943	0.12067025627191463	-4.713707495751384
ENSMUSG00000028049	0.15810093873032205	5.083879277249003	2.1226899945746367	0.04036257326118659	0.12090663146882863	-4.73346817806547
ENSMUSG00000086390	0.41534297712745083	5.715008435639269	2.121657101537257	0.040454754949588397	0.12101061978817455	-4.736956852945247
ENSMUSG00000032067	0.23757087751458705	5.786862119528552	2.1211944789584445	0.04049610235788274	0.12104167949876242	-4.73654151359918
ENSMUSG00000030670	0.25702364548486845	4.546083160901167	2.1209255910002422	0.040520151632627746	0.12104167949876242	-4.71232404961944
ENSMUSG00000039768	0.19291371644803146	5.314843496129542	2.1181090914616005	0.04077281618599954	0.12159000122167306	-4.746560145907193
ENSMUSG00000030881	0.2139196595929218	3.79985465175957	2.1155471666767744	0.04100384785464732	0.1221577202571025	-4.658657048756168
ENSMUSG00000026991	0.16173910875441067	5.564667652002219	2.113878885735482	0.041154910945363575	0.12254700687348351	-4.75437329666296
ENSMUSG00000037818	0.19618783001171813	3.743859250299076	2.1135933485076985	0.041180815455736014	0.12256340766395132	-4.6564450716632315
ENSMUSG00000071076	0.3195251268195962	4.315100214805908	2.109562056338791	0.04154807786686452	0.12353409198515036	-4.718591851441453
ENSMUSG00000019969	0.1601857863399827	4.558747876319515	2.109142678842826	0.041586449471768774	0.12358703010675498	-4.735732422929651
ENSMUSG00000037364	0.15401302843368647	5.587771417815411	2.108060241811329	0.04168563295990569	0.12369825602769052	-4.7652226970873865
ENSMUSG00000029701	0.17222291920370836	4.533596261938531	2.1066534667234684	0.04181484658561793	0.12402044083562594	-4.738905554127827
ENSMUSG00000071253	0.13781064242447272	6.328008922719293	2.104601344742427	0.04200396804103496	0.12433588372343798	-4.75750173297325
ENSMUSG00000040249	0.2126670307461076	7.9070764824744035	2.1038334842931783	0.04207492652736032	0.12445562263540591	-4.6980913239730135
ENSMUSG00000028164	0.14925800573559211	4.223223481131612	2.103715465108502	0.042085842102703414	0.12445562263540591	-4.722517628463008
ENSMUSG00000022568	0.17390852272514934	4.162211945361211	2.0991781096339777	0.04250739479422497	0.1253936844960716	-4.725865049230426
ENSMUSG00000041130	0.1741805950404114	4.557921830107335	2.096596440283483	0.04274890392646037	0.12598242456797468	-4.759647233183786
ENSMUSG00000071650	0.14393815839485669	5.746172210574159	2.0957484826609436	0.04282849112133967	0.12610371701547493	-4.786004169737486
ENSMUSG00000034744	0.18224431889004578	3.8356985288428644	2.0955981633484706	0.042842613300814056	0.12610371701547493	-4.700501739151468
ENSMUSG00000020346	0.12955328040154868	6.2126879137204565	2.091514233655719	0.04322785910331836	0.12708229224649709	-4.786088999365941
ENSMUSG00000029623	0.16276200893520176	5.576307346507101	2.0888192042584675	0.04348375088792409	0.12752262522476127	-4.8020981462250525
ENSMUSG00000055866	0.7378535179589596	3.943706298432594	2.0881968180896027	0.04354303492791844	0.1275871241789323	-4.725681628791365
ENSMUSG00000019689	0.20666280063889797	5.112251760650408	2.0869268593238295	0.04366422231425877	0.1277917616763211	-4.80263252360203
ENSMUSG00000022855	0.1918008333703778	4.458074779243868	2.0862497997463816	0.043728952525138934	0.12780509519628397	-4.77291908374139
ENSMUSG00000025894	0.14298638557636956	3.863693221905317	2.0850836325759805	0.04384064137266757	0.1279692933573818	-4.723381413847541
ENSMUSG00000028861	0.17436019466731256	5.186351574711087	2.084800081917463	0.04386783606072526	0.1279692933573818	-4.808320540027506
ENSMUSG00000056763	0.1925772790454059	3.9220237957890127	2.084774205192588	0.04387031857483883	0.1279692933573818	-4.729972185621813
ENSMUSG00000029556	0.2517213198897559	4.019230637403811	2.081572858394329	0.044178396563270016	0.1286805549920938	-4.74578001475083
ENSMUSG00000002393	0.17728337918667147	6.440053884722549	2.0811295487155776	0.04422120728799629	0.12871047816794878	-4.797976796399466
ENSMUSG00000003814	0.34931529105836745	9.49153593879101	2.081022929876626	0.04423150897267669	0.12871047816794878	-4.665955561729645
ENSMUSG00000020150	0.2707702935683045	7.455706659086162	2.079231528933865	0.044404912239021724	0.12905214817325952	-4.765284820298042
ENSMUSG00000034163	0.2193233162835444	4.449724470197335	2.07904207848192	0.04442328541034737	0.12905214817325952	-4.786032221654566
ENSMUSG00000094786	0.49469894753544796	5.38604819432386	2.0785954890539458	0.04446662267502594	0.12908209451895214	-4.822437369933523
ENSMUSG00000030042	0.2041085466446777	5.267887712085672	2.0777619898714157	0.044547605074095276	0.12919235467675602	-4.823006894676972
ENSMUSG00000021607	0.21606520934868456	5.182408962526942	2.076837928823813	0.04463753761635431	0.12932833343137565	-4.823339982510217
ENSMUSG00000030281	0.14458914956722246	5.216474659994116	2.0765167898993075	0.04466882913793914	0.12934061081487397	-4.824566748431534
ENSMUSG00000054428	0.22607459472111335	3.9790180121769745	2.074071619027078	0.04490771620023415	0.12986066729894466	-4.755963710376404
ENSMUSG00000071649	0.2984626583017853	4.627244168997356	2.0737658378790145	0.044937668915476243	0.12988477754357708	-4.807218723204578
ENSMUSG00000059920	0.14513073432940038	3.7373296534867833	2.0719522725515667	0.04511567651847373	0.13033658663437916	-4.734832655570722
ENSMUSG00000031549	0.25672164325674274	5.972218229229608	2.0715023567791717	0.04515993286131728	0.13037493809921025	-4.828568942316679
ENSMUSG00000061518	0.2264005705252341	8.261123806142768	2.0711558663762077	0.045194041614354294	0.13037493809921025	-4.742959062595936
ENSMUSG00000096727	0.3674292714487155	4.012049642519233	2.0650561847732547	0.045798206691381606	0.13167532249211103	-4.776235699468348
ENSMUSG00000028826	0.20397331656470818	4.800702929574625	2.0647877792070544	0.045824953641406006	0.13168921397953548	-4.833174541785413
ENSMUSG00000033499	0.15134022783575318	5.318119735957561	2.062488502083956	0.04605464062596417	0.13223438841351173	-4.85240930206381
ENSMUSG00000028719	0.11864165430594031	7.085840658075239	2.0624482110754827	0.046058674479860215	0.13223438841351173	-4.809717709320461
ENSMUSG00000026864	0.47587490170589675	9.275471122922141	2.0601187896742372	0.04629241802226296	0.13284199612978898	-4.716197710857217
ENSMUSG00000038552	0.1979355265532181	5.494824161561831	2.057450803344164	0.046561409724919844	0.13342275204436974	-4.862177069338795
ENSMUSG00000022865	0.2553270816704627	5.833385432159153	2.0569418442495255	0.04661287907192298	0.13344296824353746	-4.857954726303543
ENSMUSG00000015656	0.620834286342749	9.867157945674464	2.0559952193543194	0.04670874053610638	0.13365372470545867	-4.6934439962508
ENSMUSG00000028910	0.11189499833449812	5.413994010561545	2.0540364259251507	0.04690764874023265	0.13409517663180684	-4.868807505154024
ENSMUSG00000031848	0.15600015834150227	5.614715725716463	2.050043717659752	0.04731538907520719	0.13500054104446996	-4.874720726254689
ENSMUSG00000026469	0.1594794534053512	3.6582124483931833	2.0499441551886446	0.047325595999442055	0.13500054104446996	-4.767493799193665
ENSMUSG00000018559	0.1659349296878725	5.428399644197022	2.049836010163667	0.04733668496932904	0.13500054104446996	-4.876689426969534
ENSMUSG00000038366	0.301566537726786	7.630934086797314	2.046130859534892	0.04771797821474923	0.13589446971205124	-4.820163850430525
ENSMUSG00000036216	0.5025332317247742	5.727486059729269	2.0454815654396294	0.04778507210309903	0.13602107923615447	-4.881263337628196
ENSMUSG00000058301	0.19342516577570112	4.477346745508921	2.038266736450103	0.04853617106900441	0.13763749502295777	-4.864417214175548
ENSMUSG00000001348	0.1745463980202917	6.541833666232483	2.0363079886811097	0.0487418572801036	0.1381555756585578	-4.8782229242756125
ENSMUSG00000062031	0.14359863090501834	3.877147414608252	2.0357803577170728	0.04879739322260564	0.13824277688625042	-4.817308184241821
ENSMUSG00000031173	0.1688780844182558	7.919194398332485	2.0355786924504065	0.048818634140892554	0.13824277688625042	-4.826078204701129
ENSMUSG00000025196	0.1893783831130662	7.3573918391738315	2.033960743614639	0.04898934110321669	0.1386608340505083	-4.85391213509551
ENSMUSG00000034190	0.17319390487488473	4.128274494291755	2.0332952057267675	0.04905971191884841	0.13879463696815447	-4.846770372858851
ENSMUSG00000029060	0.1786563928562801	4.204610156541316	2.0311714313190303	0.04928485989826177	0.13924529213306	-4.857578919392464
ENSMUSG00000025271	0.2730809475881486	5.42121159128637	2.0308524270850317	0.04931875628886782	0.13924529213306	-4.912119034262717
ENSMUSG00000032009	0.21509822155189884	3.9227786601820815	2.028441432682852	0.04957559931659378	0.13966234237853353	-4.83563112684088
ENSMUSG00000033020	0.2463955871121719	4.815035899820726	2.027064537088752	0.04972280258985233	0.13989650942532358	-4.9043595188176
ENSMUSG00000036104	0.1505249818599994	4.386047817739749	2.0270107141402405	0.04972856450865222	0.13989650942532358	-4.879213551539453
ENSMUSG00000017386	0.1886588337818882	4.607360565870067	2.0261804824476575	0.0498175172478008	0.14005155913177053	-4.895116755995636
ENSMUSG00000079427	0.20517689450861099	4.026705557897546	2.026061343057666	0.0498302934637586	0.14005155913177053	-4.850475507721916
ENSMUSG00000041220	0.5546426304157643	5.945895949569821	2.0237541496228757	0.050078275141119094	0.14055131028630763	-4.918271847287832
ENSMUSG00000028830	0.14513003884519016	4.493753108923842	2.022032354438839	0.05026403729855602	0.1410068161190584	-4.895632393462393
ENSMUSG00000031916	0.2073506942902008	3.7809060143398336	2.0210030016044054	0.050375379351459165	0.14125322189590206	-4.834571968504035
ENSMUSG00000020709	0.22162683270196748	5.279154742915829	2.0203822180836752	0.05044263150025977	0.14137582681206204	-4.930603690079514
ENSMUSG00000002846	0.13217577839857952	5.1931037971988285	2.019020879338245	0.05059038508969243	0.14165061488223837	-4.9317547852594625
ENSMUSG00000024780	0.1636995718891452	5.387092218661539	2.0170597873808895	0.05080389587544813	0.14211807646124933	-4.937618216629154
ENSMUSG00000024787	0.17938333519317062	4.43771694393426	2.0168597457190156	0.05082571914049339	0.14211807646124933	-4.901525688454333
ENSMUSG00000036103	0.17217364333014373	4.388465929729901	2.0157615931465993	0.05094566603512548	0.14229171376087885	-4.900199498417297
ENSMUSG00000004897	0.1261607319047453	8.096256496804932	2.014001566226243	0.05113842097133745	0.14259432557622587	-4.857310608258738
ENSMUSG00000054455	0.09555680399390187	5.06809631811982	2.011002683910734	0.05146831578537214	0.1433841031898813	-4.943571974180427
ENSMUSG00000037965	0.21175885275440987	5.618810995967329	2.01082547377195	0.05148786777512796	0.1433841031898813	-4.947560327332502
ENSMUSG00000106106	0.42312875343111855	9.230695904309355	2.010062112381745	0.051572165047408934	0.14353735051870323	-4.81129150832305
ENSMUSG00000024454	0.12168052556119324	4.335501703216659	2.0071932191618056	0.051890048845971856	0.14423114234493725	-4.912253278591642
ENSMUSG00000023020	0.21772113121019654	5.5911731461491305	2.005029850946811	0.05213088379786035	0.14482407801264116	-4.958661658032822
ENSMUSG00000009293	0.2966307012592475	5.614137870084329	2.0037511699288153	0.052273688348291054	0.14501966448978806	-4.960664428110669
ENSMUSG00000097691	0.49432564918594046	4.589119010187828	2.0015271656841245	0.05252287801012811	0.14557655625593166	-4.939503053211958
ENSMUSG00000034974	0.24981580208563603	5.017598241557381	1.9990482930604463	0.05280184073276428	0.14621486680330903	-4.964010091007256
ENSMUSG00000026374	0.10515477105280446	4.716254101754018	1.9980969465167449	0.052909242968454555	0.1463773669417327	-4.953057033645191
ENSMUSG00000032777	0.1609697891030777	4.496085580339373	1.9975308768035815	0.052973239420595564	0.14648697454135237	-4.940923040155421
ENSMUSG00000007721	0.21901089454966538	5.353768873183772	1.9970257460931613	0.05303040324375889	0.14657759571837498	-4.974339652335526
ENSMUSG00000074476	0.23675882756144784	4.407774871396744	1.995736234190839	0.05317657573685304	0.14684652739096965	-4.938359250988069
ENSMUSG00000029999	0.245326079207	3.8089970936976685	1.9951515905422796	0.05324296318089672	0.14696231775563087	-4.885070686063042
ENSMUSG00000038150	0.14282600709543392	5.634965049156042	1.9939436023569221	0.05338036068489622	0.1472063273774857	-4.978335578974255
ENSMUSG00000048878	0.25659688759610244	4.155490563737315	1.992963819208734	0.05349202801788799	0.14744660383462793	-4.923629115044379
ENSMUSG00000059456	0.17075316795598194	4.165800648903835	1.990963370989735	0.05372065202291625	0.14783738368973032	-4.928222768215125
ENSMUSG00000051043	0.18006376913096744	5.5475313039666165	1.9903384265906605	0.053792248333827765	0.14793483763751533	-4.98617269751634
ENSMUSG00000028692	0.11025790302711513	8.524690969514598	1.9889119989523296	0.05395597633953845	0.14824941098504185	-4.883333601195326
ENSMUSG00000020107	0.16614808850423568	5.030276256076957	1.98756975328793	0.05411043655903125	0.14847014305169806	-4.985442620403867
ENSMUSG00000008036	0.19634968336365777	6.498766644157254	1.9872010860617944	0.05415292840349458	0.1485189168309443	-4.9704660850806155
ENSMUSG00000024963	0.2137737769565069	4.056661495134271	1.9864336337568869	0.05424147628953965	0.14865412320433885	-4.926237424660766
ENSMUSG00000033386	0.160590041067449	4.178427012177401	1.9860518021833036	0.05428557841504565	0.14865412320433885	-4.938324479291104
ENSMUSG00000073609	0.14232297434750674	4.753618770173835	1.9860300454341997	0.054288092289050946	0.14865412320433885	-4.977017212637574
ENSMUSG00000035198	0.24587549581237766	4.790333201386596	1.9857027627347419	0.05432592021246932	0.14865412320433885	-4.9793534181101
ENSMUSG00000025492	0.29316627691514796	8.555208620698966	1.9847847413837376	0.05443214881797074	0.14876704729273366	-4.889467108798949
ENSMUSG00000035890	0.15666382665573675	4.65514380402113	1.9847043432542448	0.054441460641824146	0.14876704729273366	-4.974214829978432
ENSMUSG00000021210	0.26090706964766675	11.149592550268968	1.9815862971303957	0.05480366455497315	0.14948489346837662	-4.766901879822425
ENSMUSG00000022013	0.22278131080187746	4.110983453784319	1.9801313563382108	0.054973389660679405	0.1497692648059512	-4.942902317327729
ENSMUSG00000029364	0.1549844169965704	5.507857202361161	1.9793823665017443	0.05506094007792688	0.14991444899332243	-5.00652839565376
ENSMUSG00000035242	0.18117488796839787	8.769740628321577	1.975640525998052	0.055500141124555376	0.1507379476122231	-4.896270250633592
ENSMUSG00000027428	0.13086898838463146	4.5665702710654905	1.975257511972864	0.05554526844199093	0.15075497654377756	-4.986080645908565
ENSMUSG00000089682	0.18875485819437987	3.730827379511481	1.972868645501411	0.055827446500541895	0.1513840821397817	-4.9172536923941434
ENSMUSG00000036606	0.14172284643897992	6.861810023620535	1.9697782170877163	0.056194335906035835	0.15217294477664234	-4.988453555963015
ENSMUSG00000018401	0.2201935138781792	4.804478387240837	1.965660167292009	0.056686465099412026	0.1530916713628615	-5.016444218606196
ENSMUSG00000026810	0.21321645705891523	4.121373487183331	1.963323708054664	0.0569673394055735	0.15378110623903465	-4.974348003357775
ENSMUSG00000021629	0.208338181034601	4.533908481683328	1.962220283030357	0.05710040414702997	0.15400194278254178	-5.00762972284099
ENSMUSG00000017144	0.1893797306558822	3.8397156156821755	1.9615674199089828	0.05717926103035091	0.1541265442137541	-4.949311171834306
ENSMUSG00000020225	0.12222755353428916	6.431767842091504	1.9599735006279069	0.057372180304335364	0.15433025237644624	-5.022529776264607
ENSMUSG00000071180	0.18879083772632121	4.704341089402876	1.9595423705683983	0.057424458531667416	0.15433025237644624	-5.022596931206211
ENSMUSG00000015291	0.10935461870497498	5.918920055814491	1.9591404033840474	0.057473237605485825	0.15433025237644624	-5.03687650365243
ENSMUSG00000025823	0.38030187466800847	7.294618583125198	1.9575102047539754	0.05767143105527494	0.15477786029975307	-4.996117661260678
ENSMUSG00000049421	0.12062456662097176	4.506790103085903	1.9542208600912758	0.058073136396208425	0.15557801007793867	-5.020316002431256
ENSMUSG00000062624	0.25177281407235164	7.415664119899389	1.9529505023792184	0.058228922438879394	0.155925844445288	-4.999923456631473
ENSMUSG00000027618	0.10428549265965081	5.712534047601058	1.952497212758401	0.05828459740923627	0.15598423837032144	-5.052228641454465
ENSMUSG00000035382	0.12163868113711196	4.631922951689772	1.952350347179527	0.05830264592773206	0.15598423837032144	-5.03150498961674
ENSMUSG00000020087	0.19072856877190336	6.358031312944074	1.9494796571907007	0.05865639965688466	0.1567213452815562	-5.044266216400608
ENSMUSG00000031422	0.2520286285212805	6.533012551046942	1.9485749840163453	0.05876826547700977	0.15681106005832668	-5.039105625946289
ENSMUSG00000033429	0.21373504201697013	6.323249167209927	1.947702253207645	0.05887635601732429	0.1569600813256884	-5.048708424739397
ENSMUSG00000027422	0.24899585370917343	7.264250360444589	1.9464233635451815	0.059035060635661586	0.15719785339442952	-5.017097229610515
ENSMUSG00000052305	0.5209222658473998	9.565200796617258	1.946351202673338	0.05904402647881967	0.15719785339442952	-4.909757956060785
ENSMUSG00000042472	0.13183992532186561	4.206005271952965	1.9436679173002238	0.05937825463827131	0.15794773444947866	-5.017370682793782
ENSMUSG00000019820	0.22117362373731675	3.645232636324479	1.9405459009353963	0.05976918414052707	0.15876114265213764	-4.9659966279498775
ENSMUSG00000092341	0.2933176454085391	6.4604583633206	1.9403823353735892	0.05978972638072682	0.15876114265213764	-5.056643013893046
ENSMUSG00000039656	0.12438048731460771	4.906205994748134	1.9395482086921163	0.05989457928426466	0.15879229632147615	-5.067818140062089
ENSMUSG00000029145	0.24574199733099	5.067050635573487	1.9365562566469092	0.06027198444347968	0.15926303614226944	-5.078794176427087
ENSMUSG00000032519	0.1511172744267677	5.151856531726647	1.9362061968309605	0.06031627469209849	0.15926303614226944	-5.081621768395725
ENSMUSG00000037795	0.2341088367545363	3.929766010311564	1.936150742647782	0.06032329343647949	0.15926303614226944	-5.004279533054328
ENSMUSG00000024127	0.20570100303928607	3.6971033856484103	1.9353006910288906	0.06043097119873324	0.15940724580034593	-4.981097040513822
ENSMUSG00000064289	0.1949138897803957	4.147406501741409	1.9343970850124137	0.06054561439313557	0.1596395773972583	-5.028709160652235
ENSMUSG00000023176	0.16938405618975239	6.445863461608019	1.9332679599476872	0.06068913323056384	0.15987768591953447	-5.069937441520153
ENSMUSG00000002504	0.20348712971330762	3.904117575533153	1.9324927492045842	0.06078783696618361	0.16000848108797905	-5.008166373537929
ENSMUSG00000026638	0.23699129623765902	4.801321317776063	1.932295217129248	0.06081300984303274	0.16000848108797905	-5.076281405301225
ENSMUSG00000071014	0.22259314727495294	7.043805285070684	1.9322508339507292	0.06081866713345717	0.16000848108797905	-5.049676907592128
ENSMUSG00000039128	0.12843084516890801	6.439077743481516	1.9286957556535533	0.06127328920439179	0.16106351479842093	-5.078359889275498
ENSMUSG00000021427	0.2276092921546118	5.366612472206648	1.9280249178104725	0.06135940309237295	0.16114888688027493	-5.099214476402977
ENSMUSG00000031725	0.23143535126858694	9.399617140618412	1.9257841054031182	0.061647806687578396	0.16171372902843748	-4.954953046010823
ENSMUSG00000038346	0.14880268733201563	3.8335854897089097	1.9224759601855304	0.062075713629763364	0.16239647392801815	-5.018601923769034
ENSMUSG00000048970	0.15493671306930068	4.162343061216161	1.9221270319873058	0.06212099594859895	0.1624236475878254	-5.051920693896207
ENSMUSG00000024953	0.16077697169214122	7.857025195288179	1.921756257446164	0.06216914452521192	0.1624236475878254	-5.036001149965497
ENSMUSG00000028559	0.1260028126342121	7.020445271951358	1.92145242941761	0.06220862339314485	0.16244596727046756	-5.069669954703391
ENSMUSG00000038695	0.3682192287920234	5.873464897539192	1.9212744853062698	0.06223175514338764	0.16244596727046756	-5.105363671950301
ENSMUSG00000030102	0.2729475112982449	4.904008588736892	1.9208107144702473	0.06229207755967181	0.16253282416676854	-5.101155394096525
ENSMUSG00000025173	0.16322806799494227	4.992404174611363	1.9196452539361175	0.06244389040758933	0.16278756505822314	-5.106545702847523
ENSMUSG00000025736	0.1416563641561961	4.4234323969409735	1.9190574650018604	0.06252057640351663	0.16284618275194254	-5.077682700487535
ENSMUSG00000032353	0.3460975081342621	3.99891059413482	1.9180648774428224	0.06265025837952169	0.16304261697814892	-5.0434491442944225
ENSMUSG00000024414	0.16978776424567332	6.292315044910312	1.9147643752671717	0.06308313472351422	0.16388523845810504	-5.108537609981004
ENSMUSG00000022711	0.13174127647748257	5.727989502959635	1.9141536857402097	0.06316351070783713	0.16394338261085983	-5.1204346123335345
ENSMUSG00000023025	0.13221399257634392	5.063498093915017	1.9139725742027405	0.06318736464083065	0.16394338261085983	-5.118895831295426
ENSMUSG00000026245	0.1769566365598383	5.059432683093327	1.912969642482048	0.06331959946952931	0.16421556893068692	-5.120552565002854
ENSMUSG00000033955	0.23974008402653268	4.266746532296776	1.911295072924299	0.06354091853197129	0.16464742538103297	-5.080044006790607
ENSMUSG00000022136	0.22002161641845763	6.292044667101167	1.9104648771233101	0.06365088731625224	0.1648612852945516	-5.116158225580333
ENSMUSG00000042642	0.11203850460735065	4.887905436412104	1.9099783031590911	0.06371541546796695	0.16495731647867878	-5.119706239008382
ENSMUSG00000000149	0.21069533393867257	5.901818956966785	1.9096557823978253	0.06375821827416848	0.16499704289813885	-5.125554418168999
ENSMUSG00000022353	0.35009014877777833	6.5620915619616484	1.9022856513489306	0.06474308362567634	0.16699283038052445	-5.120348208221914
ENSMUSG00000029310	0.14804728172519965	5.304310448362156	1.901962214526321	0.06478660161722474	0.16699283038052445	-5.144927089530014
ENSMUSG00000011096	0.14412666245256567	5.949931572719457	1.9015857782216736	0.06483728221556827	0.16699283038052445	-5.13913484931367
ENSMUSG00000025464	0.15504716254903173	5.382571967020264	1.9013045660532586	0.06487516473104117	0.16699283038052445	-5.146655012986024
ENSMUSG00000047284	0.19238276283543287	3.7130483852581313	1.901189231622364	0.0648907070957771	0.16699283038052445	-5.043239606789177
ENSMUSG00000056216	0.15688427792935666	5.464916741127381	1.900276322019094	0.0650138427132329	0.16716653010860782	-5.148481018928019
ENSMUSG00000044502	0.12807841097874295	4.785099738846785	1.8982028910652549	0.0652942571473058	0.16781573618398654	-5.135944770881228
ENSMUSG00000010358	0.2042099912275086	4.321294749232798	1.8971962097478983	0.06543077606803219	0.1680947128656714	-5.109084639576087
ENSMUSG00000106352	0.2874329362716965	5.684969607914625	1.8942863511307115	0.06582676704750685	0.1686793361144856	-5.1563031229856975
ENSMUSG00000054520	0.24864633046115747	3.848978534951912	1.893097070581038	0.06598920173762426	0.16902349243025755	-5.072028618869289
ENSMUSG00000033751	0.15046230512238212	3.702375025184292	1.8908267864934656	0.06630023609509474	0.16961939916557936	-5.060238759566856
ENSMUSG00000032480	0.1406449162001655	4.272885745799389	1.8900716371755595	0.06640397129789044	0.1697241444189807	-5.11788306557131
ENSMUSG00000014301	0.2658002700272828	4.792313004384446	1.8874640774241362	0.06676324235635303	0.1702252249201376	-5.155130431849215
ENSMUSG00000025147	0.12845169164222447	4.100077328210681	1.8874152364436576	0.06676998754148183	0.1702252249201376	-5.107283237611331
ENSMUSG00000099146	0.22434125287573004	6.243323057571646	1.8828211044758378	0.06740707407717458	0.17163097802107716	-5.166311135379664
ENSMUSG00000040078	0.2111491797958962	4.3804561829424	1.8812006546912887	0.0676330257306209	0.1720604790919987	-5.141332561477086
ENSMUSG00000019080	0.2183320009714662	3.807121572204986	1.878323618728955	0.06803578915131589	0.1729195592585747	-5.093391637673537
ENSMUSG00000027080	0.17589203823777577	3.8643747373151354	1.8782295676495702	0.0680489901406291	0.1729195592585747	-5.099613467739135
ENSMUSG00000060636	0.26553509475839654	7.709970218612824	1.8781299488634506	0.06806297500039385	0.1729195592585747	-5.119831483662566
ENSMUSG00000021097	0.3318170644321299	5.450378129593713	1.8772738364174448	0.06818326061931848	0.17302078254285674	-5.188844607423834
ENSMUSG00000029918	0.2065857139209033	5.224540864061777	1.8766027692746727	0.06827767399587777	0.17318722796168404	-5.188285956344516
ENSMUSG00000020261	0.19638693701476573	4.467739790096578	1.8756942486619983	0.06840567308592398	0.17343868758367814	-5.156864572913053
ENSMUSG00000019158	0.23541482456871066	4.6170312726105704	1.874152848870486	0.06862330603812015	0.17391710079420666	-5.169054119053412
ENSMUSG00000018040	0.10869867012535472	4.326008897357677	1.872626929093135	0.06883933586429829	0.1743910494133931	-5.152375033321148
ENSMUSG00000031490	0.18553630407004285	4.778078798720089	1.8723562650531944	0.06887771533285075	0.17441474565322385	-5.180829871104812
ENSMUSG00000085793	0.1795527868304676	3.6565930501770736	1.8713312098644796	0.0690232312873612	0.17458048591872402	-5.089133158707421
ENSMUSG00000040472	0.11677292802790706	4.685185349944629	1.8711479121018337	0.06904927973893614	0.17458048591872402	-5.178205796423424
ENSMUSG00000054733	0.12970788754765472	6.933748162986791	1.8698921908769541	0.06922795622220032	0.17485951615771406	-5.1631718234455235
ENSMUSG00000053460	0.20472672703753503	5.598287596995136	1.866700814780079	0.06968383469574356	0.17588846002518513	-5.205934991202838
ENSMUSG00000036110	0.17518675353649904	6.28185763466667	1.866587935462041	0.0697000059812727	0.17588846002518513	-5.19336613384856
ENSMUSG00000039740	0.24416486854567454	4.067172369886511	1.866426535873233	0.06972313392910484	0.17588846002518513	-5.140667717971638
ENSMUSG00000020935	0.1890144234695743	5.0865687821092145	1.8610404311695923	0.07049870752396456	0.17745223271810598	-5.212276571425758
ENSMUSG00000024026	0.1918043887521712	8.269362845348658	1.8608918367720384	0.07052020830934216	0.17745223271810598	-5.122407814895354
ENSMUSG00000000826	0.1270575316592648	5.016163194880691	1.8599887377653466	0.07065100204804292	0.17763258213669034	-5.211945840634101
ENSMUSG00000074247	0.14517715594204716	4.143891390016547	1.8586520894021419	0.0708449653834748	0.17790022266462818	-5.161395859380331
ENSMUSG00000022185	0.17132736729566478	5.4681635379535525	1.8586431136597936	0.07084626940197292	0.17790022266462818	-5.221138606338427
ENSMUSG00000051652	0.26284933627127227	4.667967680937873	1.8578381131485153	0.07096330516064699	0.17811967448217533	-5.200313563042526
ENSMUSG00000063406	0.2606875848786938	6.460575262169682	1.8574207039066128	0.07102405546085823	0.1781977241187044	-5.202612941807274
ENSMUSG00000028792	0.2363045939325481	8.302971620216727	1.8563008944106296	0.07118725308537566	0.1784581576095212	-5.128751098921411
ENSMUSG00000033715	0.2797577870473962	8.44682578382908	1.852227268847582	0.07178362956212594	0.17972826251617285	-5.129096604061829
ENSMUSG00000040269	0.17931693720908282	5.366786448370245	1.8515511599311463	0.07188302220622261	0.17990215761648967	-5.2333060184878875
ENSMUSG00000071528	0.27937673555733866	8.365272827206494	1.850880464662575	0.07198173479496117	0.1800742066540057	-5.135179954079346
ENSMUSG00000084786	0.18763260208209154	5.4863793221043435	1.8486993789658894	0.07230354439291643	0.18065656682726403	-5.238206916163744
ENSMUSG00000024941	0.14388466041289494	4.310651925187903	1.8484609124645082	0.07233880324678833	0.18066661209889903	-5.193023636448601
ENSMUSG00000116354	0.38924433384610957	6.06308468175931	1.8476872076621922	0.07245330144168398	0.18078294637816253	-5.23134286307522
ENSMUSG00000042305	0.1282752475729625	7.2490210202411935	1.8476115369048425	0.07246450800187659	0.18078294637816253	-5.191211498339605
ENSMUSG00000009741	0.1429133112407719	4.89717251808965	1.8473006238309317	0.07251056856894475	0.18078294637816253	-5.22941899499405
ENSMUSG00000021539	0.22125133623958337	7.406836541955955	1.847254642224055	0.07251738268072298	0.18078294637816253	-5.186173196210393
ENSMUSG00000032932	0.297419933886796	4.276540658418474	1.8471303115412592	0.0725358102376019	0.18078294637816253	-5.192682587374778
ENSMUSG00000027248	0.2769054178337278	9.045897805885927	1.8462285146590556	0.07266958856094316	0.1810412759795636	-5.11135079857083
ENSMUSG00000020098	0.16456170123551317	8.861338330359674	1.8415293110059696	0.0733701011263865	0.1824083316791297	-5.128293426771268
ENSMUSG00000036333	0.15276979959085324	4.702961726801252	1.84090358135802	0.07346381084518994	0.18254057062106274	-5.2313870756895575
ENSMUSG00000019837	0.19234237651576613	4.878617551184328	1.8407685451076883	0.0734840473177485	0.18254057062106274	-5.239879693001954
ENSMUSG00000028772	0.20187995692714455	4.341679672648726	1.8398871873909974	0.07361624366321473	0.18279339180671791	-5.210019610661876
ENSMUSG00000020232	0.17056358900146495	5.278249052472498	1.8365332310717748	0.07412115961397882	0.1835919406926623	-5.258319799561358
ENSMUSG00000025178	0.1512785897719784	4.666873013491461	1.8362319831105882	0.07416665421083012	0.1836076545533454	-5.2374053732781105
ENSMUSG00000041638	0.14979212273916254	4.528015584994904	1.8359246262618139	0.07421309582879251	0.1836076545533454	-5.229425417140526
ENSMUSG00000079197	0.16412838753373293	7.201633706998059	1.8358377349406059	0.07422622958661479	0.1836076545533454	-5.2129771089664745
ENSMUSG00000040550	0.13369850503400293	4.410261775292983	1.8356823214250961	0.07424972550584612	0.1836076545533454	-5.222049135404951
ENSMUSG00000065990	0.1380776202499039	6.479898911779496	1.833162099666133	0.07463162384613027	0.1843157944492505	-5.243537100497268
ENSMUSG00000027305	0.14193773245476482	5.239091772870093	1.8329832704478035	0.07465878576959156	0.1843157944492505	-5.263831738075291
ENSMUSG00000076281	0.40805480572587616	7.021644728265273	1.8322655159116494	0.07476788821029803	0.18450933891403734	-5.224971697656664
ENSMUSG00000035278	0.14335661490863139	5.09335586312347	1.8313729060839987	0.07490375844921213	0.18476875390858608	-5.263482151226212
ENSMUSG00000022561	0.10342073612591385	4.769452599686102	1.8293211837128722	0.07521686014739007	0.1853888895101177	-5.254561634853927
ENSMUSG00000042298	0.13845773815934548	3.9832699043155255	1.8281298840482167	0.07539916695854695	0.18558026575800626	-5.198124208952822
ENSMUSG00000045160	0.15309581522802063	6.095523876039312	1.8275018028610088	0.07549543429247862	0.1856186843958691	-5.265348796204522
ENSMUSG00000026966	0.19149779588626625	4.649443474085135	1.826293566224543	0.07568091663864242	0.18592257893769512	-5.253371132857551
ENSMUSG00000025911	0.156655169164841	6.533735546923713	1.8215717111731704	0.07640950436625694	0.18717680869826253	-5.261174239084568
ENSMUSG00000043866	0.18686473870673215	5.058821644671506	1.8194553816452252	0.07673798174018027	0.187904862378461	-5.282785662626634
ENSMUSG00000029547	0.18484754533076853	3.8461561592095386	1.8156970121513942	0.07732427198494614	0.18924390540203478	-5.205035832270935
ENSMUSG00000042903	0.16446290089617843	4.157720846794887	1.8119469703550206	0.07791304083582297	0.19054923173889307	-5.242486290927166
ENSMUSG00000073888	0.2809303241639576	4.065652606742158	1.8092198117581326	0.07834359375620639	0.19136855889473342	-5.238372516505487
ENSMUSG00000027405	0.26028193838833236	4.980186429411829	1.8037993076759578	0.07920534147982836	0.19322906172321563	-5.306690844507165
ENSMUSG00000022533	0.14236514975093062	6.644233059186881	1.8036206275236708	0.07923388385521773	0.19322906172321563	-5.287268299557278
ENSMUSG00000030275	0.14914873012579566	4.873247518928005	1.802160801796536	0.07946740243189605	0.1936413711327102	-5.305292818402904
ENSMUSG00000029304	0.34752204870896897	4.6327760064631605	1.800948297723941	0.0796618006802039	0.19393571718741365	-5.295324811819772
ENSMUSG00000033713	0.18435014799949645	5.594562798784432	1.8008036404647552	0.07968502009248199	0.19393571718741365	-5.318679583908206
ENSMUSG00000026858	0.21198994011395822	6.035836404289988	1.798001647950148	0.08013590680625278	0.1948590601405676	-5.316308573701344
ENSMUSG00000020315	0.14957849164153103	4.43028157898388	1.7963964521199491	0.08039517899290972	0.19528148630962644	-5.289996775927417
ENSMUSG00000060012	0.14857834360614408	4.23801774267048	1.7948964978746564	0.08063809250612808	0.1957004434044118	-5.278239542513105
ENSMUSG00000064350	0.49945555698519684	5.599707794672518	1.7938463139990681	0.08080853556372682	0.19603491732032072	-5.330302330645855
ENSMUSG00000039956	0.31825923049625704	6.315488644278174	1.7935703993311325	0.08085336646705461	0.1960645194110295	-5.316844494124835
ENSMUSG00000028706	0.1190102099646948	4.253559316091185	1.7931138167246308	0.08092759860784872	0.19612098217691196	-5.282523157683657
ENSMUSG00000039678	0.1400887974566336	5.548644872929586	1.793025730845565	0.08094192641017502	0.19612098217691196	-5.332353293234355
ENSMUSG00000052837	0.5139225210600431	4.361511465220428	1.792496845828211	0.08102799840011105	0.19613186060230545	-5.291752829411754
ENSMUSG00000032014	0.2106947048490344	8.138076749375987	1.792488883494233	0.08102929479914003	0.19613186060230545	-5.245017742655188
ENSMUSG00000018428	0.09684159309499485	5.719681676951154	1.79239651528758	0.08104433514320593	0.19613186060230545	-5.3306326266687005
ENSMUSG00000079659	0.12281698735825408	5.647949536297533	1.7910216856858674	0.08126847778193977	0.19651600925218354	-5.33426101640609
ENSMUSG00000086784	0.13285351265009382	5.844813887118843	1.790325571515299	0.08138216674542263	0.1967117618556897	-5.331929114299996
ENSMUSG00000028261	0.237226053776312	4.858969494154796	1.7883661111971658	0.08170290544069374	0.19732827925768837	-5.327856304599716
ENSMUSG00000022559	0.1363692244071779	3.9754120424654733	1.784664432330878	0.08231173335697321	0.19846913841811228	-5.270593033066089
ENSMUSG00000035572	0.16969274003653734	3.833125867601126	1.7843784680532415	0.0823589256360931	0.19846913841811228	-5.256266881628418
ENSMUSG00000024560	0.1214752751973096	4.2448154601759205	1.7836496021771566	0.08247931250616031	0.1986445646691452	-5.297627147933252
ENSMUSG00000074754	0.26931652421086794	4.113641336401643	1.7826041417516545	0.08265225028449487	0.19890163074070072	-5.28763784861923
ENSMUSG00000027954	0.37455089285954735	5.360206944989691	1.7816256070804783	0.08281439413281334	0.19917733766608134	-5.351910318534632
ENSMUSG00000005417	0.13537937810293954	5.2190354097124	1.7812320300838598	0.08287968564722369	0.19919123758254204	-5.3509163545327825
ENSMUSG00000001415	0.13424931080637137	5.1792466800601815	1.7808903571694479	0.08293640182409107	0.19919123758254204	-5.350751546003471
ENSMUSG00000030298	0.12633145708390092	6.250373789559153	1.780487908625636	0.08300324842413133	0.1992516691439924	-5.3408752211631505
ENSMUSG00000063428	0.2835193173146262	3.882300994789819	1.7802306022914711	0.08304601072439138	0.1992516691439924	-5.268374831125296
ENSMUSG00000031347	0.17366940178674373	4.043274511944342	1.7801285425129705	0.08306297740151455	0.1992516691439924	-5.284960157667264
ENSMUSG00000024422	0.119158472570148	5.434791365252347	1.779238561620545	0.08321105388696393	0.1994476357426271	-5.356098924199494
ENSMUSG00000025817	0.1639415156566404	3.7930924296575124	1.7782248619124312	0.08337998571991594	0.19977286052271725	-5.262237056229106
ENSMUSG00000038708	0.18595363754842964	5.578233815852238	1.7775427553352583	0.08349382045213957	0.19988620203064011	-5.3578760354519925
ENSMUSG00000002032	0.2934975718930488	4.988902242320931	1.7768253796967088	0.08361368230398496	0.2000503932668323	-5.35220617752605
ENSMUSG00000028811	0.1321786696133609	5.2028847021778155	1.7745750696346838	0.0839906131113055	0.20081058103565877	-5.361716726206474
ENSMUSG00000020680	0.16764655929032646	5.618484919999408	1.7744380334585008	0.08401361303438944	0.20081058103565877	-5.362441113165056
ENSMUSG00000031960	0.1704537239699766	7.11129435688316	1.7731116889342917	0.0842364985629832	0.20118327498607555	-5.321650449898158
ENSMUSG00000030138	0.1387839338037291	3.7997971088843574	1.7716079055732403	0.0844898034791866	0.2016279702567245	-5.27394093182827
ENSMUSG00000024778	0.22236563753163185	4.569231009959385	1.7713349523489645	0.0845358497562757	0.20165776942654257	-5.3409239688696895
ENSMUSG00000026740	0.12341766666117504	4.472965297284076	1.7704287420523535	0.0846888757605834	0.20186253647177532	-5.336196416420416
ENSMUSG00000010051	0.24185576129189723	4.024237917845073	1.76962159412439	0.08482536985237654	0.20202760501107042	-5.300523678230215
ENSMUSG00000056204	0.1541975308243364	6.003386900388086	1.7693546016928747	0.08487056075476743	0.20205515038644906	-5.364657382611528
ENSMUSG00000020390	0.12834842367002608	7.109299703906549	1.768757048846878	0.08497177539133344	0.20218353852476728	-5.328939827591325
ENSMUSG00000024561	0.3213911588034062	4.622540068288115	1.7658521645029968	0.08546525737643133	0.20291472722443596	-5.35331710904409
ENSMUSG00000035048	0.2152906521367406	5.584754767096426	1.7658360960207269	0.08546799377684264	0.20291472722443596	-5.377234614377413
ENSMUSG00000024826	0.1130838525059863	4.3905797412097325	1.7628377177329997	0.0859798964623476	0.20380796759062988	-5.343174458040637
ENSMUSG00000002329	0.16850205690444797	3.945361415194902	1.762067861954436	0.08611174606900845	0.20395959090605906	-5.305022338408557
ENSMUSG00000028430	0.16741705579061783	4.141370377501056	1.7598608974800856	0.08649066420477389	0.20461511858523082	-5.327969978653977
ENSMUSG00000028167	0.26982164311358225	4.009769476166221	1.75942865203984	0.08656504101517987	0.20471048070059655	-5.315921984734702
ENSMUSG00000026021	0.17630445465147826	5.874793473484942	1.7566339182431325	0.08704723018829477	0.20568887385035914	-5.387494428975552
ENSMUSG00000064369	0.3691933242212233	7.582826273860044	1.755548009828087	0.08723519445075696	0.2060519982132856	-5.333241781521117
ENSMUSG00000040374	0.13450586153647492	5.3534884978855946	1.754884785146413	0.08735016212105105	0.2062424849451457	-5.39621863773038
ENSMUSG00000025421	0.09940104227105895	4.432996011299973	1.7544632444134283	0.08742330078410923	0.20633409835495378	-5.359911325818679
ENSMUSG00000000355	0.14162977984099534	5.776004287379354	1.7541425769966525	0.08747897200512192	0.20636198995788035	-5.393184054433169
ENSMUSG00000045282	0.17683044853555163	6.0568344082318495	1.753999606882771	0.0875038026980661	0.20636198995788035	-5.389215730317482
ENSMUSG00000021578	0.11140091038833866	3.749115724647876	1.7536572771301282	0.08756328170455134	0.20642124745494272	-5.298081379943726
ENSMUSG00000025583	0.13087466915044832	4.271388908415381	1.7512086498016095	0.08798971464148306	0.20718267840151713	-5.353522237205005
ENSMUSG00000003068	0.12437739379259494	6.209675798469605	1.7503206844908572	0.08814478506300766	0.20738528325904973	-5.392006678162777
ENSMUSG00000003444	0.21162994181626882	3.695633145385329	1.7422935565299493	0.08955703165386028	0.21029628886598142	-5.310810531041007
ENSMUSG00000024858	0.1357812950372237	4.929850185366258	1.737403206627341	0.09042666269052292	0.21200695127091387	-5.415026497219774
ENSMUSG00000056228	0.16443228318936942	3.809365964710947	1.7327103053746113	0.09126781352719876	0.21353937704531334	-5.3388338854961015
ENSMUSG00000062729	0.15671218895195604	3.996783929229168	1.7261112117841368	0.092461684674687	0.21551678169518781	-5.36910393735522
ENSMUSG00000015776	0.19567033602830097	4.440130729413723	1.7255947600520716	0.09255566596401599	0.21565218952220708	-5.407588221783289
ENSMUSG00000021266	0.214503488371506	3.817212264306289	1.7237422320125966	0.0928934360630726	0.21627146737814926	-5.354227947708473
ENSMUSG00000034252	0.11176227766300961	4.926269316135899	1.7218279310243234	0.09324354940237911	0.2169185011068123	-5.440235024840685
ENSMUSG00000056116	0.13905899190791615	6.165843403053857	1.720251485257561	0.09353269725036922	0.21742281538780217	-5.4421839577486395
ENSMUSG00000068523	0.16022586028506058	5.902594400771711	1.719890403031739	0.09359903124659232	0.2174928765509564	-5.447150599093223
ENSMUSG00000022721	0.16376600070546266	3.6547419395744236	1.7189198707997915	0.09377752109442394	0.21773922884713814	-5.3442110874779
ENSMUSG00000078652	0.12537630614783524	6.255810556450862	1.718381660483086	0.09387662524003426	0.21788514525583852	-5.442755938534869
ENSMUSG00000023075	0.1865466336241388	5.168186932861387	1.7137311793075156	0.09473659097780612	0.2195419109855908	-5.46079037705343
ENSMUSG00000026895	0.1932582442330517	7.001976182539094	1.7123011190339503	0.0950023532836639	0.21998511413507174	-5.424788560489712
ENSMUSG00000009575	0.12915638206874647	3.692266342661542	1.7121113340594045	0.09503766954479051	0.21998511413507174	-5.359377368041105
ENSMUSG00000002345	0.14598631518618976	4.213124979947552	1.7115927581439538	0.09513422485127174	0.2201238186874439	-5.413140365790691
ENSMUSG00000039087	0.20983095247853845	3.770335586602943	1.7105881007304464	0.0953215177036329	0.22038745666838402	-5.370410973799965
ENSMUSG00000020743	0.2592254078031333	6.065075561216849	1.7100661804447204	0.09541893761333012	0.22052784466096179	-5.460665650850186
ENSMUSG00000040242	0.10018725554002028	5.787026857682877	1.7070903394294494	0.09597598337256734	0.22147453305904655	-5.469612511046581
ENSMUSG00000048310	0.107182360891517	3.675806179595909	1.701931627226839	0.0969480508062746	0.2234099899660642	-5.3738827679537495
ENSMUSG00000022677	0.17716926873351957	3.701177533302043	1.7018503543817611	0.0969634304928433	0.2234099899660642	-5.3768417087006775
ENSMUSG00000022419	0.17345038275440672	6.227518257858401	1.700682103594732	0.09718472896467865	0.22379437298512075	-5.4721208315726635
ENSMUSG00000029536	0.09851956816449547	4.033963929057564	1.6975284934769503	0.09778420570883554	0.22479292184028832	-5.418872910620648
ENSMUSG00000057497	0.12855930078111477	6.324885847542541	1.691536866971048	0.09893163114484066	0.226797696431017	-5.4836007741813315
ENSMUSG00000031546	0.15645315461877907	4.038653531955613	1.6903187004666376	0.09916627775088174	0.22709228773058246	-5.4308484659410805
ENSMUSG00000038848	0.11766287410734844	4.545637318685187	1.6868142417800787	0.09984389269316145	0.22822120134739193	-5.476867317552432
ENSMUSG00000034471	0.18788978903227926	3.653126385883248	1.6851854770392642	0.10016013188487492	0.22858421287360933	-5.398042939835454
ENSMUSG00000060279	0.12845758001936947	4.55651966653624	1.6840875666622996	0.10037376915321357	0.22891898142925457	-5.481904670467715
ENSMUSG00000036391	0.1453813524929748	5.3876081763157195	1.6840401127713436	0.10038301149377364	0.22891898142925457	-5.511142971827284
ENSMUSG00000033543	0.21138557384708712	5.675168299936333	1.6838074408627983	0.10042833796582278	0.22893546389856945	-5.508952196700276
ENSMUSG00000001017	0.07457281643249747	5.270268438915903	1.6828669392731053	0.10061172859453427	0.2292665442262254	-5.512011272484585
ENSMUSG00000033257	0.19076805493559146	3.7467997708627063	1.6819535552673355	0.1007900970453231	0.22952136105262064	-5.413575196497696
ENSMUSG00000000673	0.15867869704810644	8.964601407277852	1.6819031632026982	0.1007999453849003	0.22952136105262064	-5.386373897748321
ENSMUSG00000063683	0.17207857492154321	7.828577476942595	1.6816750167756136	0.10084454300663094	0.22953593141168385	-5.441115937061219
ENSMUSG00000057506	0.16210094019829047	4.176610855573091	1.6812489920740301	0.10092786525540201	0.22963859989386998	-5.458426328001799
ENSMUSG00000024948	0.15627876095183924	3.986733540812726	1.6790592672600801	0.10135703377559835	0.23026631983272985	-5.443514147526686
ENSMUSG00000074129	0.19221937609658024	5.010122146608474	1.6785643654227878	0.10145423966750204	0.23040004768027958	-5.5127102120588125
ENSMUSG00000032637	0.20652902443005416	4.922394829320629	1.6770437076750584	0.1017534019816109	0.2309921392170381	-5.511879005875567
ENSMUSG00000075700	0.1089026935801547	7.475308200206213	1.6749162520457554	0.102173166119231	0.23168247366432415	-5.467917150539425
ENSMUSG00000004356	0.1590669333134631	3.769293487681137	1.674314921025219	0.1022920730009229	0.23186460455018698	-5.4281161415052726
ENSMUSG00000020368	0.1314539898087066	7.777424285160401	1.6718537616496685	0.10277993524891736	0.2327689770959272	-5.4591898897698075
ENSMUSG00000034781	0.11344532197329471	5.34811405737887	1.670592942756856	0.10303060500215509	0.23301125534736541	-5.532243387126882
ENSMUSG00000050323	0.15001944384452592	5.34879340166644	1.6685945665766317	0.103428947631772	0.23364832568395413	-5.535404307189278
ENSMUSG00000021877	0.13350951613640039	7.045797344728711	1.6682091833029349	0.10350591352846122	0.23366655984011617	-5.493623575288055
ENSMUSG00000033335	0.08866705244272755	5.128636768422078	1.6681647446609034	0.10351479152843888	0.23366655984011617	-5.532642097118493
ENSMUSG00000035941	0.14010341779869062	4.855830922932405	1.6664587328227012	0.10385609655747377	0.23426099257277025	-5.525874746532669
ENSMUSG00000021497	0.13205983528326204	5.0852846053803695	1.6658236970348033	0.10398337916566933	0.23446008458030282	-5.535188243046347
ENSMUSG00000027466	0.08537273852252891	5.6121096158806605	1.664665095512927	0.1042159340575583	0.23480822937827817	-5.5403292278412
ENSMUSG00000037013	0.10983112899684144	3.8003164331294053	1.6636385265011804	0.10442234612037885	0.2350969943189796	-5.448290413278359
ENSMUSG00000033423	0.09358366106387894	5.000789954211267	1.663237672409249	0.1045030373872201	0.23510317794762628	-5.5366070369053215
ENSMUSG00000075000	0.1391913590674605	4.487317888065485	1.6607922058081779	0.10499642162222536	0.2359474560687929	-5.514225871290846
ENSMUSG00000024665	0.27720065864892796	8.110236254199458	1.65979837323978	0.10519748065695095	0.2362633280934609	-5.461515861287594
ENSMUSG00000024354	0.1451580081028494	5.662313248541105	1.6595146445943485	0.105254939142319	0.2362633280934609	-5.547591093512484
ENSMUSG00000006740	0.100525261656629	5.125972340417853	1.657832850595772	0.10559605469483707	0.2367636912915209	-5.548835615093434
ENSMUSG00000054408	0.1365495374690573	4.989944843598402	1.6573951246643226	0.1056849873524431	0.2368609526713638	-5.545406122632112
ENSMUSG00000059981	0.18512777629667898	4.41391110328147	1.6566339482449097	0.10583978247666377	0.23693149981345907	-5.515814994280529
ENSMUSG00000005621	0.11635690492306505	4.278541867384205	1.6558819949535921	0.10599288551390543	0.23708240870294542	-5.507084481359782
ENSMUSG00000000420	0.0975033568126662	5.231742731106123	1.6547774395520913	0.10621811197085369	0.23739571388432892	-5.555774101187271
ENSMUSG00000070780	0.13932141590414293	5.2445672672642365	1.6479472661037173	0.1076196095259106	0.24031446809409024	-5.566667240873582
ENSMUSG00000021764	0.19674055176179817	6.734684613528681	1.6472819916228316	0.10775692871187259	0.2405317179159147	-5.537588178659232
ENSMUSG00000032481	0.1476976080588992	3.7302663768748614	1.641760216994163	0.10890225292300892	0.24281343038165668	-5.474820524881123
ENSMUSG00000019710	0.11910320376861616	6.0080693715172	1.6387296057714467	0.10953510483331015	0.24370481163640303	-5.574478952213857
ENSMUSG00000027425	0.09766882605910965	4.507005822330909	1.6386896549563668	0.10954346750373184	0.24370481163640303	-5.55003531832118
ENSMUSG00000027502	0.0991636986191402	5.756566085040607	1.6377952632825339	0.1097308227061123	0.24393820761153057	-5.579744683920987
ENSMUSG00000022193	0.17301198958177455	6.775952172990832	1.6355286362606591	0.11020681031788547	0.2445044687881754	-5.554305970578037
ENSMUSG00000022514	0.1567397863206823	6.034199119053035	1.6355049330644318	0.11021179689403836	0.2445044687881754	-5.579083945358812
ENSMUSG00000017057	0.2113374426681358	3.841908366355877	1.634269930821665	0.11047186785347371	0.2448636864373012	-5.498533479197983
ENSMUSG00000006418	0.09024934246888972	5.110656565540613	1.6321452304321196	0.11092047377717887	0.24558626636959022	-5.588494245257009
ENSMUSG00000029166	0.15450964537403422	4.916537232845068	1.6308340100866807	0.11119806829544131	0.24594154924257752	-5.584018981821396
ENSMUSG00000029053	0.16497089983392765	4.628855130705629	1.630328809069938	0.11130517493880526	0.24607534812629905	-5.570718182009667
ENSMUSG00000024055	0.10681638313192643	6.2755138424635515	1.6295598437265113	0.11146836421639447	0.2462694768035451	-5.582669107191968
ENSMUSG00000020964	0.19077415913145934	6.090788302511737	1.629528828360617	0.1114749503920191	0.2462694768035451	-5.587389123894004
ENSMUSG00000070544	0.21779361337344572	5.170450365764181	1.6289589952178842	0.11159601244645503	0.24644632076102474	-5.594825362614681
ENSMUSG00000027429	0.26264200499165913	5.37479502304928	1.6241603255290655	0.11261978258391907	0.24832869777561112	-5.6048955264181695
ENSMUSG00000028252	0.10869811512948235	4.169447916346416	1.6239093889335992	0.11267352968135164	0.24832869777561112	-5.547408938751115
ENSMUSG00000020248	0.1179360771186948	5.313507434496273	1.623691466965912	0.11272022256433693	0.24832869777561112	-5.605174638896202
ENSMUSG00000028436	0.0982475791714772	3.6675477688543947	1.6236100342938733	0.1127376747431964	0.24832869777561112	-5.495875198284635
ENSMUSG00000097971	0.40917670760822134	4.967691446191329	1.622368120640711	0.11300410902248306	0.2488243646449618	-5.599056323143295
ENSMUSG00000028165	0.11386286295147663	4.9313478534550885	1.6187554060938874	0.11378209832297843	0.250262309232349	-5.603227236783031
ENSMUSG00000024570	0.10774337816088142	5.010801839574823	1.6176800260466997	0.11401452407078634	0.2505124093162648	-5.607801948167587
ENSMUSG00000029512	0.3111668130028509	6.055108358307616	1.6176506657355127	0.11402087526709671	0.2505124093162648	-5.606314629105412
ENSMUSG00000051256	0.1691657369945574	4.3392865556068845	1.6163302030347444	0.11430681614350711	0.25103652346069455	-5.573014242990634
ENSMUSG00000006390	0.21803150956672823	5.331755300230631	1.6146562199469046	0.11467015376440012	0.2515709945126982	-5.61922728874759
ENSMUSG00000018796	0.20287221054984528	9.75296861521717	1.6137494969220496	0.11486735197383534	0.2518984678365204	-5.451839615807234
ENSMUSG00000026028	0.20182775169609712	4.298304067050471	1.613264880799619	0.11497286217726163	0.2518984678365204	-5.57464041407768
ENSMUSG00000025239	0.08758865923212067	4.8407756680288125	1.6131995030737127	0.1149871022259237	0.2518984678365204	-5.608001988360358
ENSMUSG00000046722	0.16241563607563858	4.349636577620971	1.6124811141404924	0.11514367094336794	0.2521495330534613	-5.579667791965762
ENSMUSG00000087579	0.5610830007276855	4.529596744274301	1.6104749323648135	0.11558183014215072	0.25291860170994857	-5.594996128442097
ENSMUSG00000028743	0.1307398891363425	7.435203304582865	1.610368721584051	0.11560506499959164	0.25291860170994857	-5.569905189006363
ENSMUSG00000026309	0.08945229320281722	5.2977630998265814	1.6093855826434411	0.11582031950686936	0.25316998905666716	-5.626981236711751
ENSMUSG00000024817	0.11675446893555108	4.644475100045329	1.6051385945209122	0.11675394822717242	0.25493258535504326	-5.610324973629936
ENSMUSG00000021905	0.16787947327552288	4.165875815215234	1.6036115706518688	0.1170911373142609	0.25548316780007035	-5.578164016532083
ENSMUSG00000018209	0.09935818486335357	3.722553884379007	1.6019909375605854	0.11744986586993474	0.2559870308351243	-5.535063655696315
ENSMUSG00000026811	0.20703211228620422	5.306462939637867	1.6005302136201118	0.11777396649426423	0.2564435906382463	-5.640588457690704
ENSMUSG00000056612	0.2198119561483285	4.469956801822454	1.6004698717122732	0.11778737063763682	0.2564435906382463	-5.606343869582588
ENSMUSG00000030104	0.14975302313062056	6.670294605731935	1.5996323605592826	0.1179735410343841	0.2567558884736016	-5.613443511426832
ENSMUSG00000066440	0.20648499075687532	3.9629141517425395	1.5962065759014976	0.118737559368171	0.2581382034165483	-5.569513738062748
ENSMUSG00000030304	0.155733686279504	5.962914456793747	1.5959381025141028	0.1187976043484689	0.25817533617719696	-5.640840991612892
ENSMUSG00000003346	0.11113059742913212	6.077778503038495	1.5950568309487974	0.11899487770601136	0.2584171377431956	-5.640430836712648
ENSMUSG00000007892	0.18239220120244148	8.87291756891548	1.5939025483365892	0.11925366859068219	0.25888558329530686	-5.527067641294759
ENSMUSG00000030287	0.13724071742245192	3.8952675282451183	1.5930221170777392	0.11945136998370161	0.25910284269328104	-5.567307446485816
ENSMUSG00000042055	0.09979134306711046	4.100650162989138	1.5928809015243477	0.11948310485989047	0.25910284269328104	-5.58830141185977
ENSMUSG00000056501	0.34774067813621645	6.1655471539114695	1.5915598842394683	0.11978030520679997	0.2595839241476061	-5.643926928501492
ENSMUSG00000013858	0.14215808168083033	5.858977285922115	1.588950248036822	0.12036918640475093	0.26046036770116976	-5.652914375854631
ENSMUSG00000044795	0.16720694420788362	4.640293692621485	1.5865879254813084	0.12090428993713413	0.26128261477347914	-5.638236315479334
ENSMUSG00000021290	0.20252704822820444	7.10429044742784	1.5862524009400893	0.12098044830651661	0.26128261477347914	-5.618152946248699
ENSMUSG00000051232	0.16420613570579068	4.145221366784088	1.5846975924746116	0.12133387303105869	0.2617936240731173	-5.604903359313367
ENSMUSG00000008450	0.11961956912926741	4.74317775033335	1.584334466268105	0.12141653638120406	0.2618779494309602	-5.647286404816618
ENSMUSG00000036892	0.14840046325759815	8.188369253849334	1.5837274123007445	0.12155483059955945	0.26198815533455977	-5.574598846867335
ENSMUSG00000018965	0.11863981424709458	5.559121968663487	1.5821783982504438	0.12190829515992659	0.26265577110648936	-5.668223078809862
ENSMUSG00000068876	0.26069504748376815	3.676806732352813	1.5809687830161752	0.12218489398770412	0.2631537697846354	-5.561720191163825
ENSMUSG00000026437	0.1940983003465968	4.987093211816719	1.580043206690334	0.12239688682215734	0.26333692771274414	-5.664211679018839
ENSMUSG00000004931	0.15564125438176468	5.757715033676471	1.58003075734626	0.1223997402399225	0.26333692771274414	-5.668061560066313
ENSMUSG00000059554	0.24833707650537695	4.008071940203708	1.579666384293061	0.12248327931139844	0.26342234265647574	-5.599090382341883
ENSMUSG00000023156	0.14039230432463956	4.083018499486834	1.5783126554431097	0.12279405182350302	0.2639018088009405	-5.6085637996250135
ENSMUSG00000017999	0.14183046994158133	4.7589320216634485	1.5758068236460918	0.12337099992079342	0.2649522296369005	-5.660903745006961
ENSMUSG00000042670	0.17550962938150416	5.070137842163375	1.573848550382552	0.12382340729499314	0.26578959430288307	-5.67622389336085
ENSMUSG00000071654	0.16487437098986302	4.737060269721419	1.5718363476886572	0.12428967513769426	0.26655289980336844	-5.665764176988375
ENSMUSG00000013822	0.15132736640075528	5.700276815365326	1.5718187309861145	0.12429376356282883	0.26655289980336844	-5.6814869287382805
ENSMUSG00000027091	0.09754179512943395	6.182367548792264	1.5711180525515214	0.12445646313670687	0.266712389549935	-5.674306790199427
ENSMUSG00000030980	0.11933245137027892	3.8844557165751543	1.5694575634899817	0.12484272329872391	0.2673485118681511	-5.60159100814508
ENSMUSG00000031967	0.08361189170022154	5.631180586286807	1.5688385269447453	0.12498697102552538	0.2675620623058005	-5.687191538680606
ENSMUSG00000024294	0.10150083273003574	4.617691581708623	1.567540496797349	0.1252898763535256	0.26792415196026165	-5.665498757365064
ENSMUSG00000014294	0.2016031665309601	6.687692819248309	1.5659975694940902	0.12565070394178934	0.2683658894710853	-5.663457857983568
ENSMUSG00000013878	0.12998443884094968	4.4158555295124575	1.5658934243756277	0.12567508952764755	0.2683658894710853	-5.654778677584284
ENSMUSG00000033021	0.17066900308615018	5.3719119706155976	1.564931393337426	0.12590053049712918	0.26875178961181145	-5.694760106066409
ENSMUSG00000041236	0.13118539658616157	5.375930672604313	1.5642743283415568	0.12605469435457764	0.26896922371179416	-5.695761845430011
ENSMUSG00000031451	0.27259300303838563	4.112560830224783	1.5638605263410885	0.12615186107602383	0.26896922371179416	-5.633031684051455
ENSMUSG00000028670	0.16315738348468667	5.478934151627579	1.5634570752042936	0.126246655655509	0.26896922371179416	-5.696959929015127
ENSMUSG00000044627	0.12538301867790658	6.526245506290714	1.56345080862764	0.12624812850051345	0.26896922371179416	-5.673550283517225
ENSMUSG00000027820	0.49480286119744843	4.725976844331638	1.5633536871728615	0.1262709569131255	0.26896922371179416	-5.677873045984735
ENSMUSG00000014748	0.09073040544178923	6.051480724328797	1.559726234226393	0.12712598673783435	0.2703114134138877	-5.693974971318819
ENSMUSG00000024668	0.10823553057080781	3.7711440446175652	1.559074026778026	0.12728021485003316	0.2705436190427482	-5.604872670269744
ENSMUSG00000041354	0.1785503629675702	4.5234998970409945	1.5582078091334002	0.12748528415293048	0.2707879365411662	-5.673414081363893
ENSMUSG00000028563	0.17775898646832378	4.814586828329894	1.557984506576358	0.12753819234880734	0.27080459287066544	-5.6901701401087905
ENSMUSG00000021917	0.12962592893476454	6.2352652750537105	1.55603268312714	0.12800140410075636	0.27151195022661967	-5.695363145445385
ENSMUSG00000029924	0.11118200152174396	4.464659118707877	1.5560096345014598	0.12800688217540582	0.27151195022661967	-5.672803234766697
ENSMUSG00000048756	0.20327010476359408	4.492364039948162	1.555112894886235	0.12822016166433095	0.27177246964407925	-5.675969925619189
ENSMUSG00000070394	0.24803276759449577	6.224443335070765	1.552494175081652	0.12884463954729963	0.2729998022001846	-5.700925332479484
ENSMUSG00000037400	0.10181164918034824	5.018228858582993	1.5521189348334024	0.12893432285961665	0.27300330160587677	-5.706998161630415
ENSMUSG00000040824	0.20167932951132883	4.3089849147275086	1.5503977932374202	0.1293463261263286	0.27377318552064406	-5.670094549157642
ENSMUSG00000020840	0.11521731926379797	5.418630163932482	1.5492449071102992	0.12962289572012448	0.2741654278008546	-5.718218560344032
ENSMUSG00000036585	0.22870551067007927	6.607070196755019	1.5477516967818579	0.1299818162331523	0.2748278443860001	-5.6936638108035895
ENSMUSG00000019791	0.16241314369157056	4.45889913100722	1.5447626901592082	0.1307026885551016	0.2760216046286262	-5.689057137135167
ENSMUSG00000030718	0.13321255235777762	4.7173722329492165	1.5434093966511981	0.13103012736130834	0.276169037048525	-5.706988246465288
ENSMUSG00000028330	0.15776987184109448	4.52848147074189	1.5432268662253845	0.13107434245437463	0.276169037048525	-5.695909442360286
ENSMUSG00000006262	0.15767819440262	4.23753716737985	1.5432211168658052	0.13107573534072114	0.276169037048525	-5.6749340612919905
ENSMUSG00000029642	0.13233923982897	5.875387308899053	1.5429663059427983	0.1311374798827924	0.27620228412747966	-5.721342687284528
ENSMUSG00000083844	0.15402160499443562	3.752443221228718	1.5400785487809712	0.13183886718212356	0.277193755387467	-5.6308688206500515
ENSMUSG00000018293	0.13162199393297858	7.6905605136710316	1.5375132082563574	0.13246447747878495	0.27831435145804856	-5.667988257265677
ENSMUSG00000025757	0.3536966105902115	4.228860722981078	1.5361260124102658	0.13280376799519505	0.27890978336015065	-5.684628703775959
ENSMUSG00000059734	0.15780373006490667	6.759767067807575	1.5359751645805666	0.1328407056043853	0.27890978336015065	-5.705142690430561
ENSMUSG00000047728	0.15568521975766902	7.079961337702547	1.5351382308842076	0.13304579306274936	0.27924281191549455	-5.694997244608219
ENSMUSG00000064340	0.4385954214014909	5.019742399841075	1.5340787812978134	0.13330577263195878	0.2795931545359303	-5.7336444935926085
ENSMUSG00000025228	0.08225830668860912	4.728593480214043	1.5308811239604097	0.13409292925910923	0.2810479288168774	-5.725978353278922
ENSMUSG00000050608	0.17589332417307713	6.044879488949651	1.5295089860306317	0.1344318480542996	0.2815618595183989	-5.7386659459113485
ENSMUSG00000034928	0.127159516183875	5.364133775230898	1.5246453521309318	0.13563871807664457	0.2835953573147381	-5.754176555357346
ENSMUSG00000051853	0.12542240706314978	5.218909183049271	1.5237533018763103	0.13586101442954476	0.28396133415900326	-5.753785055665544
ENSMUSG00000037847	0.3722360586995457	5.295081626565139	1.5224101596597057	0.1361962733142993	0.2845630759198972	-5.756854345826138
ENSMUSG00000026696	0.09998335908731004	3.6652399093201145	1.520519247187488	0.13666938517160196	0.28525402413899137	-5.64969733752619
ENSMUSG00000020955	0.12010077171158651	3.8426797296718638	1.5149957565899879	0.1380589336267738	0.2875490683638621	-5.677230956743596
ENSMUSG00000026754	0.1400509079029062	3.8845097224754683	1.5146282056631457	0.13815179902920122	0.2875490683638621	-5.6822250351547146
ENSMUSG00000002741	0.1231490441673806	5.667550074293327	1.5140076685394661	0.13830869750145575	0.2876763458934744	-5.767326297962102
ENSMUSG00000057375	0.10052354463059299	5.566778313504801	1.5118375887426259	0.13885850991358908	0.2884659769279994	-5.772070440405044
ENSMUSG00000001248	0.1718138192297447	3.7002663952736206	1.5116450161754005	0.13890738462652208	0.2884659769279994	-5.666484659787409
ENSMUSG00000029387	0.16125054587661047	3.7469196959607594	1.5115623727688852	0.13892836365944922	0.2884659769279994	-5.67178906504682
ENSMUSG00000022779	0.13939259298281304	4.547232276549818	1.5105414976632863	0.13918772216011974	0.2888817831788205	-5.744844735666335
ENSMUSG00000023938	0.1305547434452765	3.8575683410499977	1.5103957952348437	0.1392247701923555	0.2888817831788205	-5.6854767049825075
ENSMUSG00000032788	0.28593617642418323	4.4504498539100705	1.5063000119262333	0.1402694464962617	0.2907801208451631	-5.74458721301861
ENSMUSG00000025035	0.14323195743781802	4.172912274473536	1.506239864119129	0.140284834469983	0.2907801208451631	-5.723150762621428
ENSMUSG00000007872	0.3744030587557212	6.430840568579702	1.5053441478568885	0.14051415073274945	0.2911550109493419	-5.762551816776444
ENSMUSG00000057411	0.1516883037591299	5.0795123488993585	1.5039205752782776	0.14087922249828722	0.2917885287376364	-5.779347785696364
ENSMUSG00000036737	0.08460449640420187	4.3300404680598055	1.5032334976136676	0.14105569301260595	0.2919217969751247	-5.740495183889374
ENSMUSG00000038768	0.3140429929181612	3.6690738238396063	1.5031446258124241	0.14107853193805328	0.2919217969751247	-5.67522128571681
ENSMUSG00000039461	0.1679195608364683	4.550688724374258	1.502004366106317	0.14137182653206018	0.2922267993227209	-5.757382955218357
ENSMUSG00000023068	0.11527441638127556	4.943072203020765	1.4984165146444048	0.14229786362944638	0.2937368129678266	-5.782636864522252
ENSMUSG00000061474	0.1522128329088095	3.775449974791772	1.4978957040067489	0.14243268834969633	0.2938982779532394	-5.694580600526857
ENSMUSG00000031938	0.14843109188682124	7.361229743680544	1.4975477843290639	0.14252281277346307	0.2938982779532394	-5.739901366399174
ENSMUSG00000026436	0.1348744257444645	5.006988329187628	1.4967565788429518	0.14272793454750654	0.2940185665738659	-5.787364868738055
ENSMUSG00000042675	0.21998770334368967	5.823149676703096	1.4961495527024444	0.1428854670956726	0.2942422110273806	-5.790237649338492
ENSMUSG00000097162	0.18995968274671338	3.9734847044672787	1.4954987893232838	0.14305450420318244	0.294311747516844	-5.719047077989598
ENSMUSG00000021069	0.14784744319762844	8.239764765651268	1.4953874795265547	0.14308343312249905	0.294311747516844	-5.70181083802489
ENSMUSG00000006095	0.17409156792802705	5.192671277951855	1.495246924829032	0.14311996932912535	0.294311747516844	-5.79452503602665
ENSMUSG00000038422	0.34753824483231543	5.241518818003863	1.49502103293037	0.14317870393611568	0.294311747516844	-5.795712152646919
ENSMUSG00000038650	0.08812707010657128	6.476052218488512	1.4945749048466797	0.1432947590894576	0.294311747516844	-5.77623265848414
ENSMUSG00000022111	0.11693823463198827	3.976311114435801	1.490544713472581	0.14434657151490074	0.29613470407409986	-5.726420229689223
ENSMUSG00000070939	0.09505117618943704	4.6725082113067	1.4864214360640329	0.14542903664659734	0.29807601176144577	-5.787162252441465
ENSMUSG00000021809	0.1685065994296644	3.7399365033423804	1.4860136618118884	0.1455364380685868	0.29807601176144577	-5.707639942162118
ENSMUSG00000028822	0.15343075479048363	6.980521345318541	1.485996883897448	0.14554085846365153	0.29807601176144577	-5.769384174689602
ENSMUSG00000027540	0.1664910335192351	4.435854287794797	1.4835546788554246	0.14618543527513067	0.29929413307266106	-5.776177479607959
ENSMUSG00000023143	0.12351106701448966	3.7741251539437304	1.4826898226779244	0.14641424268240258	0.2996604851085004	-5.716125224143392
ENSMUSG00000064339	0.3262519395251111	8.86435621374137	1.4813309328057693	0.14677432766858972	0.30019296629018233	-5.692423094441265
ENSMUSG00000028247	0.12832874169875463	3.9908977746988157	1.4801498599381828	0.14708786565916127	0.3007318764021436	-5.742709256060547
ENSMUSG00000041959	0.3193810706677205	7.527834410965674	1.4793574058251082	0.1472985358630372	0.30085478421696155	-5.759182781096111
ENSMUSG00000056952	0.11780082620069621	4.548345069059735	1.4791281211633998	0.1473595348345252	0.30085478421696155	-5.789922500873773
ENSMUSG00000029538	0.1214323138736697	4.478072545046317	1.4789823862155536	0.14739831664748457	0.30085478421696155	-5.785516473084918
ENSMUSG00000053929	0.07182865729702659	5.669205248406103	1.4786069916713491	0.14749825099110064	0.30095653317674825	-5.818089608909225
ENSMUSG00000042502	0.11572621169080399	4.183012006625547	1.4781881250202842	0.14760982166899347	0.30097978229011935	-5.764169464077185
ENSMUSG00000031788	0.21680937505084907	3.8824766279359326	1.4759341431306463	0.14821135153647358	0.3020013602518379	-5.737382559168354
ENSMUSG00000035372	0.41490117097127444	4.181366159809577	1.4747546503589946	0.1485269030365345	0.30243922749797897	-5.768883266654623
ENSMUSG00000018821	0.18078162977504775	5.767290934804516	1.474397030099846	0.14862268306045898	0.3025317420427839	-5.822204429871552
ENSMUSG00000001054	0.12831087948556874	3.99534730436332	1.4734015378444623	0.14888956011240634	0.3027672983808628	-5.752718856945357
ENSMUSG00000031955	0.16420811543628888	4.066810987729446	1.471168311192734	0.1494896397775216	0.3036792580876022	-5.7630505786140755
ENSMUSG00000073889	0.1779034080525994	5.100082151386564	1.4701703019313086	0.14975842975550235	0.30403327186688794	-5.828084765444865
ENSMUSG00000032702	0.14033423013525415	4.968925889258925	1.4701300238435027	0.14976928574061918	0.30403327186688794	-5.82390818250483
ENSMUSG00000032083	0.2202446721029343	13.22649001378203	1.4699578572494276	0.149815696122126	0.30403327186688794	-5.488865131711622
ENSMUSG00000021501	0.11345027285818787	4.608850147134081	1.4685987708177732	0.15018246114125428	0.3045846993927605	-5.808664602873915
ENSMUSG00000053453	0.14373520136513473	5.236744656762843	1.4680179954508126	0.15033940699291362	0.3046871171496594	-5.834039286262724
ENSMUSG00000029650	0.16872457827070875	5.549478065142026	1.4665527188967271	0.1507359539795101	0.3052907944874139	-5.836982071404821
ENSMUSG00000030339	0.12607010167081079	6.913691508313231	1.4665370918112364	0.15074018759263724	0.3052907944874139	-5.799295375030536
ENSMUSG00000054676	0.13777684017324976	6.594230614664379	1.4647649033253682	0.15122091181985897	0.30605808660341277	-5.813871912196074
ENSMUSG00000020064	0.1165088437439179	5.445481719131462	1.462078494966562	0.1519519425779408	0.30722982610149635	-5.843962927404915
ENSMUSG00000001729	0.11796673720686002	6.337250533389635	1.4604360778209342	0.1524002568329018	0.30782290531391826	-5.8300585479631435
ENSMUSG00000029632	0.18163465660895461	9.214029265324573	1.4585859282691864	0.1529065268244282	0.30863799787974106	-5.70709761844613
ENSMUSG00000033684	0.21289313427278955	7.683440934017575	1.4575668669441038	0.15318594775052144	0.30909817328169353	-5.782935960669924
ENSMUSG00000038812	0.15067846617862912	5.032177242402981	1.4561856201794048	0.15356532235383	0.3097596582827004	-5.84572618736656
ENSMUSG00000043923	0.18484297129228544	4.268171358570045	1.4544687739946252	0.1540379080633873	0.3105044580855063	-5.804870646738936
ENSMUSG00000001445	0.08837422732288402	5.260027295757448	1.4533256912546817	0.15435319430724104	0.3109313927563565	-5.855028928915649
ENSMUSG00000062006	0.18715956606611694	7.669198214626124	1.4526873003866163	0.15452949769023586	0.3111822223929716	-5.790421450324915
ENSMUSG00000033685	0.2319304338656396	4.8110311815636795	1.4510389966685695	0.15498544272950993	0.3118416316678935	-5.844147388320939
ENSMUSG00000057554	0.09893647875316969	6.587758891633664	1.4509407958835452	0.15501264000532503	0.3118416316678935	-5.8334974660226075
ENSMUSG00000031545	0.20029404531298933	7.126974754372114	1.4493453582095592	0.15545503388278653	0.31244300500514155	-5.816126324448856
ENSMUSG00000029735	0.12222896259578331	4.096716708849047	1.4493002264100405	0.15546756281667054	0.31244300500514155	-5.796623607527006
ENSMUSG00000043252	0.11467224229306394	3.9499720690457867	1.4484595917796872	0.15570107515163611	0.3128076765584023	-5.783011300039179
ENSMUSG00000058355	0.12349594894986016	5.94712477307395	1.4459117156657793	0.15641051775158024	0.313609802733568	-5.8594026543089655
ENSMUSG00000039263	0.06445513857339602	5.715974232853845	1.4446178435756707	0.156771764370836	0.3141185502181906	-5.8649636881637885
ENSMUSG00000033862	0.0967641348057704	4.226980138363696	1.4425870603208737	0.15734008126563223	0.31515218277506135	-5.817964851430725
ENSMUSG00000060802	0.1461358313561405	11.010941055963785	1.4418194093379286	0.15755533160611193	0.31524113915305374	-5.637102908582225
ENSMUSG00000027761	0.1533921432283396	9.750219588068363	1.4417352581492113	0.15757894181386353	0.31524113915305374	-5.7022333714016815
ENSMUSG00000030470	0.32021420207672335	4.332631070487986	1.4416803856683176	0.15759433882772064	0.31524113915305374	-5.8276665636728096
ENSMUSG00000026097	0.14387552018491334	3.8244963062599604	1.4402588072093443	0.15799364170854355	0.31566849344267595	-5.781082137293399
ENSMUSG00000020644	0.21513241248422155	6.958074788845362	1.4382795560577408	0.15855091408658006	0.3166275981210567	-5.8371776691182635
ENSMUSG00000023971	0.12548181895580957	4.321734571683571	1.4372166999441363	0.15885080678901833	0.31701577482404886	-5.833037034062812
ENSMUSG00000034290	0.12889289075410337	4.048242888953442	1.434523647573356	0.1596126700124703	0.3182660782246706	-5.812347228112105
ENSMUSG00000087380	0.14038498496842244	4.316379035421711	1.434437370287763	0.15963712524310647	0.3182660782246706	-5.836475265873185
ENSMUSG00000004951	0.5880503536839354	5.439078704347009	1.434275713344852	0.1596829547133372	0.3182660782246706	-5.88272222607262
ENSMUSG00000079111	0.16563146090812442	5.860080780997203	1.4342537906672421	0.15968917055206888	0.3182660782246706	-5.876822759295652
ENSMUSG00000034108	0.1298695248086048	7.108903335464422	1.4331764233684423	0.15999487602887055	0.31866397416555625	-5.83913790972173
ENSMUSG00000020775	0.13953367377743486	6.548065573925088	1.4328059337665602	0.16010010957334694	0.31876791200339355	-5.860231379573618
ENSMUSG00000039988	0.07942208178674903	4.402711902275565	1.4294709202397895	0.16104983488541555	0.32034024817697027	-5.849579151278403
ENSMUSG00000033488	0.09616881508659603	4.614082511226605	1.4292845085368813	0.1611030504228331	0.32034024817697027	-5.8637743271314084
ENSMUSG00000040025	0.11390640883931002	4.144397940641198	1.4286209876689961	0.16129257989980728	0.3206110197214495	-5.82980666408663
ENSMUSG00000055839	0.19254630654239424	7.22553940846633	1.4281965889060164	0.161413897833714	0.32074606881044554	-5.842114790212033
ENSMUSG00000037523	0.15868400336564203	5.379193954301908	1.4279449441338212	0.16148586642824156	0.3207829987991086	-5.891353784164428
ENSMUSG00000049760	0.1397040158203655	7.096214858669786	1.427419391283085	0.1616362520191064	0.3209756240524819	-5.847483140225089
ENSMUSG00000034892	0.1863741726299759	6.296588544965514	1.427053701942023	0.16174095793457452	0.32107744176704933	-5.877869718673339
ENSMUSG00000041506	0.15196463261920057	3.8062644814349142	1.4257945467496136	0.1621018925979022	0.3215973147663236	-5.7990338143908176
ENSMUSG00000024395	0.16233547420995098	6.5212170067945525	1.4247296328114165	0.16240764143702105	0.3218994466499805	-5.872414493014027
ENSMUSG00000063856	0.1445485323183373	11.885064300337513	1.424487165618335	0.16247731970946003	0.3219011586330845	-5.617749820991073
ENSMUSG00000044783	0.18087367078159655	6.392469011710697	1.4229352414812197	0.1629238547755566	0.3226794473784837	-5.880002471967072
ENSMUSG00000015363	0.1428078570176483	6.064905701204148	1.4213509700465767	0.16338068925125301	0.32330567630381984	-5.891568341994375
ENSMUSG00000002833	0.11539936904748416	5.047038045326489	1.4206574571559478	0.16358098371804675	0.32347769756938716	-5.895410126825928
ENSMUSG00000051285	0.10150561393506674	6.118203454956761	1.4201735709025483	0.16372084956194138	0.32352082271880245	-5.892196610176978
ENSMUSG00000037797	0.2249975433780005	7.803629752551728	1.4201573193203367	0.16372554865832556	0.32352082271880245	-5.828863246143754
ENSMUSG00000026827	0.26307477473570273	3.7819862912994235	1.4199425662464948	0.1637876537942811	0.32353715044373277	-5.80439770435194
ENSMUSG00000025347	0.148804565629284	9.263591772795685	1.4192067138564521	0.16400059733557296	0.3238513274365619	-5.758939579861216
ENSMUSG00000028899	0.14200656772325315	3.830925626847516	1.4187550327796512	0.16413141378472598	0.3240031752406105	-5.811336021380711
ENSMUSG00000003546	0.10436693894200744	5.26834804016268	1.417716004258694	0.1644326488469797	0.32433968583594436	-5.904387781692905
ENSMUSG00000024165	0.16082021389888634	4.811650502038766	1.417528783048441	0.1644869740169481	0.32433968583594436	-5.8904628725548065
ENSMUSG00000022564	0.1141373281575282	7.7762600306292775	1.416980123514041	0.16464625713911568	0.32438011775375286	-5.834566105888362
ENSMUSG00000020152	0.07367779796426888	6.1684586991202455	1.4165435743314183	0.16477307940493538	0.32452357723508907	-5.896035316110856
ENSMUSG00000030002	0.10699735548126288	5.756485306916767	1.4150881152951658	0.16519645866269436	0.3249314304759838	-5.904878542890269
ENSMUSG00000016933	0.19585071185284608	4.667445762140893	1.4146845129516719	0.16531401343096536	0.3250562521945912	-5.886947214437821
ENSMUSG00000032652	0.1101205567922694	5.33342492980411	1.4119073559557984	0.16612467466380987	0.32643661545285596	-5.9130166557131485
ENSMUSG00000054766	0.09721324911033413	6.415545059427905	1.4105698111285618	0.16651621602722672	0.32699213794366183	-5.895981249553102
ENSMUSG00000052456	0.11846904965267768	5.717978398215909	1.4064788269282706	0.16771825411108773	0.32870808511204375	-5.917331296642385
ENSMUSG00000001750	0.1487696220903061	5.246865877961133	1.4058591283964963	0.16790092730901823	0.3288515880703685	-5.920226552235056
ENSMUSG00000032239	0.15064409996363448	5.404361944485208	1.4047625249059275	0.16822456202409894	0.3293608407867427	-5.923109615057897
ENSMUSG00000039234	0.17292307574218135	6.1221384264594825	1.4031863539311362	0.16869058163252612	0.3300754493747475	-5.915250744913934
ENSMUSG00000039196	0.34363885416405004	10.156657807620022	1.4021986941920916	0.1689831116876582	0.3305402077249799	-5.734415167268537
ENSMUSG00000005871	0.12938596094147092	3.721795292584479	1.4009099388985358	0.16936541665256383	0.33107247516761745	-5.823588727229314
ENSMUSG00000018923	0.13675024935081437	3.7495419071981186	1.400570196050061	0.1694663125003485	0.3311619745738517	-5.827131233244209
ENSMUSG00000020485	0.15135255575754591	5.590295137024061	1.40000902691992	0.1696330695219472	0.33128018480656196	-5.928334244855869
ENSMUSG00000028542	0.28574062884091456	3.8463597364356295	1.399025657760389	0.16992559599752632	0.3317358370205119	-5.839770331692989
ENSMUSG00000043733	0.10329428915548533	4.311146918484919	1.3981929431580873	0.17017361403443704	0.33200430088731564	-5.885544096898309
ENSMUSG00000025137	0.13199098918838814	9.433478472655718	1.3964375184753979	0.17069737870944554	0.3328100417472609	-5.7809229783728515
ENSMUSG00000025525	0.09071093196200586	4.413669072024884	1.3947919404107787	0.1711895080334844	0.3334449769118988	-5.897557785328744
ENSMUSG00000031119	0.11367329312208163	4.832641076541376	1.393116850060018	0.1716915972590209	0.3342062869871903	-5.924532094025611
ENSMUSG00000008167	0.10288341760447306	4.6229852885073415	1.3923787095187083	0.17191320993894596	0.3345293000398725	-5.914535677417291
ENSMUSG00000044894	0.17397041614600361	9.068864703878313	1.391649299645803	0.17213241998733844	0.3346154844104678	-5.80604854661009
ENSMUSG00000018572	0.09472884105730017	4.133133262226802	1.3915105324339754	0.17217414840285167	0.3346154844104678	-5.879170634265239
ENSMUSG00000008958	0.11059899732522549	4.001584067938377	1.3914902684559836	0.17218024260229098	0.3346154844104678	-5.866202937294445
ENSMUSG00000093803	0.13810222141568929	4.1079921474817365	1.3901924113410504	0.17257091049617515	0.33523176285954714	-5.8785235965346425
ENSMUSG00000021149	0.17427686182316826	4.268316654446336	1.3893774229839941	0.1728165822225695	0.3354182308060142	-5.894023256354242
ENSMUSG00000015289	0.10253968204482167	3.896801947088024	1.3883307883053537	0.17313248062415587	0.3356739753720879	-5.8595337492797785
ENSMUSG00000040433	0.09298765804801601	3.740388157544023	1.3880970403190618	0.1732030924173197	0.3356739753720879	-5.842877045532443
ENSMUSG00000024830	0.11463402776963161	4.244777456437226	1.3880157372331872	0.17322765811763097	0.3356739753720879	-5.893893766432111
ENSMUSG00000017929	0.21823419513056663	4.883491864812601	1.3869943292557765	0.1735365069557759	0.33582133534324515	-5.934967267788806
ENSMUSG00000053332	0.14127065580232046	6.23200871538508	1.3868872906644052	0.17356889756654756	0.33582133534324515	-5.934473380996756
ENSMUSG00000033965	0.17020340326436045	6.459329755564856	1.3865410282557857	0.1736737111208497	0.33582133534324515	-5.926678640337569
ENSMUSG00000010097	0.11852813544973806	6.134370811999426	1.3865094235280364	0.17368328031348612	0.33582133534324515	-5.937461979038484
ENSMUSG00000020687	0.08894813481451269	4.2216862386257805	1.386173200125716	0.17378510647237194	0.3358577943607684	-5.8943947825292975
ENSMUSG00000021944	0.16343032662272972	3.718069899666513	1.3860396948998281	0.17382555174937422	0.3358577943607684	-5.843142343237929
ENSMUSG00000027165	0.10426626732566913	4.052860208146167	1.3855162873474762	0.17398418808584984	0.33594826034957315	-5.879383939634396
ENSMUSG00000063320	0.18622245816216187	4.074889687475848	1.3851588662844931	0.17409258120846904	0.335950341265431	-5.882043454110924
ENSMUSG00000046062	0.11104776752891521	5.211696401643479	1.3851440305469698	0.17409708149451691	0.335950341265431	-5.947554397427722
ENSMUSG00000072115	0.2581193418592882	7.527868221457774	1.3838950812736934	0.17447626295319324	0.3365381042866659	-5.890676410706644
ENSMUSG00000042625	0.150390863593441	5.636954260320951	1.3831619592932818	0.17469913752519592	0.3367876539585827	-5.950245214478247
ENSMUSG00000037361	0.14918822493527184	5.586717752662131	1.3819085478975506	0.17508069579952704	0.33741497788946695	-5.952715079166627
ENSMUSG00000063382	0.15165630481559145	4.219482781674002	1.3800355042920482	0.17565208474420704	0.3382234455875385	-5.902403468299103
ENSMUSG00000004849	0.12422071890934738	5.202900168476445	1.379795695765791	0.175725344836794	0.3382234455875385	-5.9545416257308315
ENSMUSG00000069020	0.11798944593727834	3.799168295239004	1.3795754903637003	0.17579263715893487	0.33824462269869987	-5.8607175763575725
ENSMUSG00000028443	0.18187070394384586	3.981139521037516	1.3784875716012437	0.1761253863225585	0.3385596437659162	-5.881483180283826
ENSMUSG00000058833	0.15412968961066653	5.595033940690079	1.3770694702587931	0.17655985747035116	0.3390271879718007	-5.959049701594966
ENSMUSG00000037343	0.13384822758535098	3.9545250365110873	1.3769508151127825	0.17659624809480987	0.3390271879718007	-5.880769510125931
ENSMUSG00000024695	0.0995292136906265	5.140481310096865	1.3767769265233372	0.17664958889396978	0.3390271879718007	-5.9572698495744465
ENSMUSG00000018567	0.11373786905670169	7.856024167299773	1.3765893860986116	0.17670713142414374	0.3390271879718007	-5.884963002684658
ENSMUSG00000046814	0.1493761143615462	7.546059577081632	1.375992252767472	0.1768904450090135	0.33916231144197895	-5.900423079833987
ENSMUSG00000039473	0.1500458107734306	3.6638654069386334	1.3749325121213118	0.1772161368410041	0.3395700785323959	-5.851818475407679
ENSMUSG00000054716	0.14154116882019352	5.094132138676712	1.3739798738091695	0.1775093089953854	0.33991505345865863	-5.959795222774066
ENSMUSG00000036114	0.18832953825889787	3.874706440975879	1.3717309649498484	0.17820289498664482	0.3409172862065421	-5.879288826267418
ENSMUSG00000029203	0.08188394624329653	4.745773994809831	1.3713699521481804	0.1783144300501372	0.34102209107933623	-5.949446606571297
ENSMUSG00000064358	0.275194807176808	6.9366384457068815	1.3685985705085295	0.1791724494006019	0.34222735170000534	-5.932262986882465
ENSMUSG00000036282	0.10166233144187586	3.7143703126450003	1.3642954156814067	0.18051102758571907	0.34434627452780503	-5.871582058097441
ENSMUSG00000058230	0.12404624103142492	4.285093387295803	1.3624637011565102	0.18108315557642532	0.3452184904374174	-5.931153324346096
ENSMUSG00000030533	0.1551666464876873	3.6944770117885595	1.3614730900641854	0.1813931513027001	0.3454806485508478	-5.873058884448111
ENSMUSG00000030417	0.1389562311092476	5.508240166266745	1.3609180765273408	0.18156701274032885	0.34570221151984665	-5.981436587479703
ENSMUSG00000038172	0.15933520285864233	4.683286249285445	1.3595296433356576	0.18200251123393543	0.34620831054819545	-5.961761392565052
ENSMUSG00000033898	0.12161769419599189	9.371258297239123	1.3595195916374379	0.18200566700312024	0.34620831054819545	-5.8332087201845555
ENSMUSG00000057367	0.1064544563823917	4.3752982538900715	1.358750814567776	0.18224715258934515	0.34655795566752373	-5.942792499744042
ENSMUSG00000021973	0.12615999465984906	5.49633640069288	1.357403425811972	0.1826709855892546	0.3470344459076291	-5.986143597418957
ENSMUSG00000042462	0.14978648937385763	5.630089578513979	1.3549095833054143	0.1834574498360579	0.3483083147124398	-5.987791653479134
ENSMUSG00000021576	0.11784431572427412	6.601303382049314	1.3543738764482511	0.18362673152098946	0.3484095452193324	-5.9636648794817
ENSMUSG00000049152	0.10709777566350098	7.802006472609376	1.3538680997285322	0.18378666577148084	0.3486029275949584	-5.917666319382428
ENSMUSG00000014226	0.17095198597458605	5.535845354486424	1.3523877575231156	0.1842553888889405	0.3491262600852806	-5.992404626168135
ENSMUSG00000021819	0.14724793250436896	4.325644578444359	1.3522628718199246	0.18429497370452821	0.3491262600852806	-5.947679146680013
ENSMUSG00000020205	0.3783482729414587	5.253696380382701	1.3498190179808183	0.18507091614944818	0.35026492445418395	-5.995009862450113
ENSMUSG00000101111	0.22862451975779408	6.6379364358618345	1.346580619401429	0.186103001303194	0.35189046622446907	-5.972424314615987
ENSMUSG00000058997	0.16103325915915434	5.956635861224663	1.3465288057042137	0.18611955033381325	0.35189046622446907	-5.993284932490185
ENSMUSG00000028992	0.11747766194831355	3.983974543152502	1.3463894901853926	0.18616405260901767	0.35189046622446907	-5.924043741161527
ENSMUSG00000024248	0.12064501544529715	6.995512511411006	1.3458560454672437	0.18633452921878169	0.35210194530681105	-5.960083639261855
ENSMUSG00000001844	0.09875530191385806	4.7459667166026405	1.3446154533648162	0.18673145767280275	0.35233210080277594	-5.984632881322556
ENSMUSG00000024487	0.128453609269517	4.683240974520406	1.3445591128900443	0.18674949926058268	0.35233210080277594	-5.981362339644086
ENSMUSG00000024146	0.10402950900997077	5.590671656724492	1.3413010975247017	0.18779507392466713	0.35419353396526204	-6.006196956703255
ENSMUSG00000004996	0.1046073167455086	4.526458685349556	1.340930008386186	0.1879144497195659	0.35430747673827157	-5.9763953068683495
ENSMUSG00000007659	0.12771824908710983	4.838863221574913	1.3385720358992605	0.18867434767633876	0.3552683157536459	-5.996907339972074
ENSMUSG00000025903	0.1016308703163471	7.270338351956462	1.3348948042283084	0.18986409998019782	0.35697539949343204	-5.965072385428414
ENSMUSG00000009013	0.36172213263828645	4.414463833371856	1.3346074885445176	0.1899573012712088	0.3569777966425597	-5.97705837411062
ENSMUSG00000024038	0.1727811520173992	6.5800727096739475	1.3274397308308925	0.19229378212295803	0.36019118976834624	-5.999506018748546
ENSMUSG00000061479	0.2232949773517623	4.785307553189574	1.3261799781683483	0.19270668555241066	0.3607397113658678	-6.010431145923177
ENSMUSG00000002820	0.09942635214595708	4.2179467335821235	1.3257898895674194	0.19283468041851934	0.36086689337741595	-5.973291471634123
ENSMUSG00000028653	0.09962004824644222	3.7695269340979496	1.3252681061302578	0.19300598819840137	0.3609711513678181	-5.928467065120923
ENSMUSG00000008604	0.14673641409706928	5.355351997694786	1.325254259630944	0.19301053575383584	0.3609711513678181	-6.0279531884336945
ENSMUSG00000020048	0.21519644452263265	8.648797382361959	1.3236651709175016	0.19353297833811797	0.3618356150696176	-5.915527501276847
ENSMUSG00000039844	0.14700735064728043	4.195036438242009	1.3232656815332173	0.19366448764838642	0.36196886664981465	-5.974508513025102
ENSMUSG00000064181	0.09982367956362914	4.816665474162005	1.3219401892480798	0.19410131989698806	0.3626027494729268	-6.017360122339359
ENSMUSG00000071072	0.11500490446255984	6.652634485487285	1.3198629417124426	0.19478741455010273	0.363615276182531	-6.006391273306329
ENSMUSG00000025156	0.08625851636307669	5.750373431768764	1.3192370681953383	0.1949944967339239	0.3638887984081207	-6.031819943223531
ENSMUSG00000029291	0.08878902388629584	4.9542126526551655	1.3179899849046113	0.19540761853673802	0.36448421103408946	-6.028196662604356
ENSMUSG00000042380	0.1362286548986984	3.823479550445949	1.3179077950601994	0.19543486902177337	0.36448421103408946	-5.943786319120436
ENSMUSG00000047554	0.08988063141567082	4.383277379890458	1.3173720297585663	0.19561257589075784	0.36466187131225397	-5.997015816730438
ENSMUSG00000031634	0.0701744353704239	5.573429524691962	1.3172547228665965	0.19565150159938538	0.36466187131225397	-6.037459410669019
ENSMUSG00000031171	0.11619240145616772	4.063953823229232	1.3133937015628376	0.19693599404448137	0.3667906221476586	-5.974657262647009
ENSMUSG00000036241	0.0799007593026726	6.526884540067364	1.3132714852592025	0.19697675780836985	0.3667906221476586	-6.019780072092163
ENSMUSG00000028096	0.09324786420987863	4.201281508506779	1.3112187481847701	0.19766238371985	0.3678393508121953	-5.990461070915691
ENSMUSG00000011958	0.09457080806993368	5.794589712865675	1.310580846078743	0.1978758160829188	0.3680010871766351	-6.042074462860034
ENSMUSG00000005609	0.10153769179546135	4.538863391555273	1.3099017399645263	0.19810322730971125	0.3680010871766351	-6.017103490322563
ENSMUSG00000055065	0.14156665816793357	6.055163146816978	1.3098907842699758	0.19810689765507997	0.3680010871766351	-6.039044625002085
ENSMUSG00000025511	0.23268991376515125	6.335197668037467	1.3098613933086392	0.19811674438615653	0.3680010871766351	-6.031668426299968
ENSMUSG00000020869	0.19601743371119262	5.872827959031184	1.3094752625853243	0.19824614272300667	0.36801392388710136	-6.042233408616504
ENSMUSG00000030835	0.12904173514369166	5.444283828578047	1.308814744515917	0.19846764147285798	0.3682471635276039	-6.049211290345799
ENSMUSG00000040652	0.0961313650756539	5.167121884085955	1.307545715379374	0.19889372687838913	0.36864663936219627	-6.0479539752162825
ENSMUSG00000035041	0.14153861093612363	8.393955625369909	1.306698283460615	0.19917864501020938	0.368994730085834	-5.949093435844542
ENSMUSG00000020514	0.1304501925750623	5.310080214760797	1.3060960947605436	0.1993812974659243	0.369208695369103	-6.052070552931902
ENSMUSG00000035215	0.19213311664061905	4.838086305309491	1.3055872382937723	0.19955266323366538	0.3694121852652789	-6.039201121835697
ENSMUSG00000017210	0.15076623850337567	3.725171153707385	1.3041316262418603	0.20004348226136837	0.3700927601319466	-5.950469663401379
ENSMUSG00000006014	0.2545356853085421	3.881828024402296	1.3035104532596296	0.20025321493584133	0.370252790322914	-5.968374897025978
ENSMUSG00000023104	0.09021414212023782	4.2231149965176495	1.301371903888325	0.20097655087772845	0.3710952060821374	-6.004859283771594
ENSMUSG00000063480	0.11336533592805598	5.16565751512789	1.3012506495266682	0.20101762286526165	0.3710952060821374	-6.055904331568912
ENSMUSG00000002064	0.1351431401392178	5.287068080140972	1.2983007135344264	0.2020188053960719	0.3726000618861252	-6.061686823128397
ENSMUSG00000056629	0.16563941196498444	6.553675922667433	1.2978244929706853	0.202180784249116	0.37267004066041043	-6.038302863600109
ENSMUSG00000019188	0.1267981809652401	6.090489514223928	1.2963378797050134	0.20268706535543485	0.3734886770073008	-6.055593121967319
ENSMUSG00000024158	0.1087711781974825	8.719846878056277	1.2960224570203542	0.20279460912915104	0.37353917485207944	-5.947264916007263
ENSMUSG00000022383	0.26443767554086506	6.526619260193254	1.2925832321638244	0.20397002361358865	0.3752773643276345	-6.045982877605073
ENSMUSG00000032081	0.16925821976076527	11.889417560535684	1.2921577685549477	0.20411579077080633	0.375400791153929	-5.790191411312531
ENSMUSG00000035202	0.1567957792425192	7.401108398581273	1.291876384733482	0.20421223835915941	0.375400791153929	-6.015097355079183
ENSMUSG00000008305	0.18924502167026436	4.681637665018932	1.290030572914078	0.20484576694111958	0.3760825583712764	-6.051003395993204
ENSMUSG00000026914	0.11818437160701478	6.767615224930237	1.2875696589177437	0.20569272388305185	0.3772916904191876	-6.042866713768127
ENSMUSG00000037095	0.3479118496526308	8.368291363070712	1.2869258917886488	0.20591472109741904	0.37758363108769943	-5.975187691118434
ENSMUSG00000010453	0.10306564900336923	5.213441003518415	1.286309202249911	0.20612755054201273	0.3778458148195315	-6.075637172353371
ENSMUSG00000025981	0.4123154649712726	4.647692353061478	1.284959558159611	0.20659391397547477	0.3781367130912665	-6.055387356792395
ENSMUSG00000036309	0.11141305510079746	8.714031887012192	1.283856790329102	0.20697556143730714	0.378604611469339	-5.96276683515249
ENSMUSG00000015605	0.11343085723722046	3.836456186123087	1.2820112591855173	0.20761545549358365	0.3795440438274853	-5.990471862540178
ENSMUSG00000046034	0.10027891567000857	5.613651736202593	1.2811346997291828	0.20791990385851553	0.37988322498270494	-6.082490878978782
ENSMUSG00000039367	0.11709719801647989	6.88404720758188	1.2811130428838846	0.20792743001632827	0.37988322498270494	-6.046574170565146
ENSMUSG00000026083	0.13093613228386491	4.70498866889	1.2800613534116183	0.20829315899280734	0.3801205301986327	-6.064757033694301
ENSMUSG00000026761	0.08923755404684819	4.5359898736027775	1.2800119471382487	0.20831035212915586	0.3801205301986327	-6.054539296325704
ENSMUSG00000037458	0.15994952139619123	6.084931251216818	1.2797319853476656	0.20840779764116327	0.38018289496835156	-6.076505133094194
ENSMUSG00000061959	0.19046739222132558	7.002807562417262	1.2792036047078996	0.2085918032156868	0.38040307906617965	-6.044748536558214
ENSMUSG00000028309	0.10199316231465883	4.452341002250701	1.2768333472051754	0.20941873873265363	0.3817952673071953	-6.052929647340401
ENSMUSG00000022400	0.10686136689263037	5.840543571210611	1.276037776572048	0.20969685015380196	0.3821419825999404	-6.08477396252686
ENSMUSG00000000159	0.10971533544146439	3.957483609551963	1.2759255456877536	0.20973610561068456	0.3821419825999404	-6.010901053899862
ENSMUSG00000032038	0.14010614972375013	7.134442004033417	1.275673834360297	0.20982416783378582	0.38218654880667446	-6.044723926808075
ENSMUSG00000000738	0.07782320553721345	5.478999916351597	1.2751920891133288	0.20999278596461143	0.3823777729882879	-6.091345486148548
ENSMUSG00000071451	0.16750590194446335	4.262019339584384	1.2733092916451325	0.21065277194383636	0.38308744340975404	-6.04326862924582
ENSMUSG00000040952	0.16560376108800146	7.517885197036252	1.2732945965798341	0.21065792920548856	0.38308744340975404	-6.033508005460104
ENSMUSG00000032376	0.09520133714710521	4.575257394183378	1.2730948293711184	0.21072804731715344	0.38308744340975404	-6.065683689256211
ENSMUSG00000029397	0.08160953750658884	4.841546480131873	1.2730852757322437	0.21073140107569335	0.38308744340975404	-6.080120901159351
ENSMUSG00000051041	0.17243991078048815	3.977794800640678	1.2729894747421704	0.2107650337681223	0.38308744340975404	-6.01665189813196
ENSMUSG00000028684	0.09407947473862777	7.3843591505537205	1.2719504307031195	0.21113006862392145	0.38363489034204534	-6.040581586638031
ENSMUSG00000029465	0.08555340496356312	6.5832282781495035	1.2714824328071002	0.21129463990845349	0.38381786312270166	-6.070048477559876
ENSMUSG00000021458	0.12461847942936277	4.572422078328946	1.2707614492261314	0.2115483622331601	0.38406354585365254	-6.06839076905168
ENSMUSG00000032621	0.13212247634232543	4.151782691936299	1.2705036358210642	0.21163914527143007	0.38406354585365254	-6.0369891580966835
ENSMUSG00000071659	0.09618748762164042	4.327158304554335	1.270246781349489	0.21172961975960514	0.38406354585365254	-6.05217752643867
ENSMUSG00000005510	0.09723001483599258	7.4839783229004215	1.2701938051689843	0.21174828371918333	0.38406354585365254	-6.038777891787296
ENSMUSG00000036632	0.09372937725193786	4.97793969152183	1.2696725111433715	0.21193200599589554	0.38406354585365254	-6.089886102216972
ENSMUSG00000036636	0.10804411692766624	4.0705967729732855	1.2695859999897678	0.21196250714258655	0.38406354585365254	-6.030274901974435
ENSMUSG00000036893	0.10288952551559483	3.807684662599396	1.269426385582079	0.21201879088384937	0.38406354585365254	-6.002943883730523
ENSMUSG00000018326	0.06262395408534349	6.103786130136396	1.2692839192474912	0.21206903730111817	0.38406354585365254	-6.089122459819201
ENSMUSG00000002845	0.19558680933509676	3.763821718238897	1.2686689418901207	0.2122860361876866	0.38417767446488577	-5.999061651888659
ENSMUSG00000025220	0.10747437721338748	3.8016014800287157	1.2673830801857509	0.2127403000449425	0.3844297104011789	-6.004800573186787
ENSMUSG00000024006	0.07837776442004518	5.9791243490077814	1.2670409875277937	0.21286127595371465	0.38445548758817893	-6.0939161601030225
ENSMUSG00000032028	0.19258584715967864	4.6071669565744156	1.266057914806052	0.21320921227879117	0.3848525552968628	-6.076404876863809
ENSMUSG00000032120	0.1492704668217959	5.053402826799324	1.26469279905834	0.21369307180478583	0.38539604275809664	-6.098593080966127
ENSMUSG00000025481	0.11817362705481571	8.06886066679211	1.264665616222149	0.21370271500582094	0.38539604275809664	-6.017383043925054
ENSMUSG00000030058	0.13335768715701857	5.815847398512351	1.263655741117459	0.21406120295410871	0.38583419682949893	-6.1004892695074595
ENSMUSG00000024537	0.102547450416266	3.798872477466778	1.26131134559553	0.21489516085621582	0.3870818410026981	-6.011968127514142
ENSMUSG00000019906	0.13010896566405927	3.755057839605075	1.26101326618281	0.21500136913299775	0.38715709533119075	-6.007506168292193
ENSMUSG00000003299	0.11618950195562405	5.543298972035906	1.2605568690794302	0.2151640635938178	0.3873339898547786	-6.108933215915301
ENSMUSG00000058761	0.15826888448751442	3.8679400267206705	1.2599028703139212	0.21539735902019372	0.38763783478656605	-6.021187022157298
ENSMUSG00000031671	0.10281297034199444	4.8202859013391794	1.2591219721137394	0.21567617036737555	0.3879072456562585	-6.096379981840092
ENSMUSG00000063882	0.12800465844508402	8.305905298087179	1.257964452808671	0.2160899474022112	0.3884189332754673	-6.01397489680014
ENSMUSG00000026171	0.11477529440002776	4.64912716420352	1.2569456501735428	0.21645462907954163	0.3887256025519921	-6.090140730083352
ENSMUSG00000029390	0.07683273416571446	7.574857243313899	1.2535413517327965	0.21767654310627535	0.39056982607512947	-6.055328007449653
ENSMUSG00000028452	0.10571784122667438	8.263657132335176	1.251671922774374	0.218349732195183	0.3914577369588322	-6.02368940607532
ENSMUSG00000014905	0.2633229360439113	5.770907158823821	1.2516244743505982	0.21836683878948338	0.3914577369588322	-6.116022679185291
ENSMUSG00000030359	0.11919836599130207	11.023181146130606	1.2513962054861598	0.21844915062840237	0.3914885016779212	-5.883379306053599
ENSMUSG00000039254	0.14143171518132025	3.8686239856560887	1.2492675897573806	0.21921782783248087	0.39251487706954036	-6.034246318051572
ENSMUSG00000034175	0.11336964223455714	3.9060237560451716	1.248908517261256	0.2193476934889701	0.3925532505080473	-6.03867964193956
ENSMUSG00000038745	0.11533865998779547	6.212641159595226	1.2485797265126068	0.21946665751899416	0.3925998425591052	-6.111971240547099
ENSMUSG00000037373	0.059163226534422186	5.627572907429689	1.2470104897612004	0.22003510688036224	0.39339213247369736	-6.124305489426467
ENSMUSG00000094806	0.11625258257660676	9.605262901939554	1.2450972282502504	0.2207296630281949	0.3943992105668817	-5.965033417273213
ENSMUSG00000052833	0.09081494649026745	4.372318884599013	1.2422776883141198	0.22175619596518803	0.395747940691363	-6.089715775843574
ENSMUSG00000022094	0.1819367307558828	7.189342785900852	1.2421197852360122	0.22181379002305052	0.395747940691363	-6.084034003173916
ENSMUSG00000032342	0.09429079983210187	4.265746017780784	1.2382370763498305	0.22323348875245683	0.397500269036458	-6.0864769067993585
ENSMUSG00000032123	0.08853326255711824	4.765122336279381	1.2381355631167743	0.22327069718855405	0.397500269036458	-6.119311966029234
ENSMUSG00000002477	0.1620609635499921	4.287050838170353	1.2379869887342747	0.22332516363239846	0.397500269036458	-6.088498729045719
ENSMUSG00000041362	0.11672015538390479	3.894972917520365	1.2369519493484813	0.22370487693783156	0.39782261187316653	-6.051980481294472
ENSMUSG00000029071	0.08864059087001586	5.271678061608842	1.235965013154718	0.22406739014345003	0.3981138224044918	-6.138456605143347
ENSMUSG00000022210	0.08209028741293345	7.969979952793271	1.2353114145727466	0.22430770481777992	0.3983983418544772	-6.0581180323497215
ENSMUSG00000022201	0.14107267545962987	6.0085384694959405	1.23474854078829	0.22451481534782103	0.3983983418544772	-6.132893604550879
ENSMUSG00000049775	0.22927513343851036	7.237654951092754	1.2346750199273977	0.22454187798517292	0.3983983418544772	-6.091387023024862
ENSMUSG00000054630	0.14581357870667055	9.336889886898133	1.2346284389788669	0.22455902543869433	0.3983983418544772	-5.991950275611168
ENSMUSG00000027634	0.10450556244520914	3.9918386589708286	1.2338778775226418	0.22483545750181658	0.3985357711293262	-6.065833660195488
ENSMUSG00000026870	0.13715713922189465	5.233240041052742	1.2330422322674983	0.2251435232930524	0.3989451147259789	-6.141398321442418
ENSMUSG00000004610	0.16874415483930338	5.807028455524774	1.232891370619216	0.22519917276593782	0.3989451147259789	-6.138099690970487
ENSMUSG00000041548	0.15100831262301373	7.380066130889062	1.2320226979478255	0.22551980537519553	0.3992776990275633	-6.089445317819684
ENSMUSG00000048495	0.1560404912404496	3.584783480560562	1.2316961371043236	0.22564042868209533	0.3993735893816527	-6.023650270172934
ENSMUSG00000023883	0.0755645894077217	4.151724128797359	1.2287726997528625	0.22672240669563926	0.4006949191079599	-6.087788712471225
ENSMUSG00000002147	0.09122261179690128	5.824358899395	1.2284185542070971	0.22685373852642363	0.4006949191079599	-6.143188339561833
ENSMUSG00000026087	0.12062617700381839	6.391632166922696	1.2264438463247147	0.22758707642260556	0.4018720958634842	-6.132561237480523
ENSMUSG00000028233	0.10401694471191991	4.162427772281293	1.2259967113795838	0.2277533704946109	0.4020147016737286	-6.09211769790611
ENSMUSG00000030706	0.08721309793433818	4.683330329227054	1.2258669666535893	0.22780164073873288	0.4020147016737286	-6.129761157189743
ENSMUSG00000010110	0.12880135225879918	5.6307693224884385	1.2230344758122558	0.22885733086445834	0.403759160647249	-6.15316649363027
ENSMUSG00000019087	0.09314324105771465	6.231693458464337	1.2218689659455015	0.22929277515513122	0.4039984342432015	-6.143632359889753
ENSMUSG00000029344	0.130005864399231	5.1639350289266215	1.2204911063045867	0.22980834557314136	0.4047240177458987	-6.155126441010958
ENSMUSG00000056692	0.07632353342312559	7.498668515348079	1.2161261409107502	0.23144729758401755	0.4066922768448575	-6.103671805598426
ENSMUSG00000061536	0.13567546637488537	3.7227697372161908	1.216072753570403	0.23146739670650898	0.4066922768448575	-6.058107005477959
ENSMUSG00000058704	0.08521203198968497	4.893114698776588	1.2140361946839588	0.2322350777216447	0.4078026247894106	-6.153989129169947
ENSMUSG00000074829	0.10179637203814096	4.88734629793289	1.2120346698556466	0.23299138200124095	0.4090111640214598	-6.156122144556506
ENSMUSG00000024073	0.08832657442176739	4.155627525926337	1.2115356188767428	0.23318023806547508	0.4092231456003037	-6.108685290507879
ENSMUSG00000043411	0.08976842579293542	5.125250178812985	1.210122242055231	0.23371571537272715	0.40968428636952087	-6.166541849733902
ENSMUSG00000032612	0.07544794813052125	5.755963739136658	1.2099036249949116	0.23379862233991905	0.40971009671641107	-6.166448341456952
ENSMUSG00000023206	0.18052667365148523	5.147243911461155	1.2094152555024196	0.2339839068254057	0.4099152466804265	-6.167911763436523
ENSMUSG00000033720	0.12115883055966314	4.754480691967874	1.2089377970352302	0.2341651563175591	0.41011321023381303	-6.153679649036605
ENSMUSG00000028102	0.11323025933218256	3.9684075742374847	1.2079328243384744	0.23454699510047458	0.4106622650229463	-6.094307285551447
ENSMUSG00000019738	0.16876006386003706	5.245250853839386	1.2052021573691938	0.23558682593267136	0.4122426432817187	-6.174769264401885
ENSMUSG00000019782	0.10286615712351477	5.364801467718274	1.2049903042253594	0.23566764063907616	0.41226400366818305	-6.176286969591331
ENSMUSG00000054604	0.07265691610601888	5.040010008345995	1.2045483905700651	0.23583628118689295	0.4124389446018742	-6.170676852620752
ENSMUSG00000039205	0.13444967618838533	3.811916892834617	1.203399782164339	0.23627502175147813	0.41284577077773543	-6.082933928824329
ENSMUSG00000036299	0.09273972554401233	6.29226973454741	1.1996716929716607	0.2377031967903431	0.4144975361326674	-6.1679659134676355
ENSMUSG00000031924	0.15043905570852178	7.8154487795830425	1.1978634836937	0.2383981737786934	0.4152204469262607	-6.110482934790414
ENSMUSG00000060510	0.09713540961144895	3.9481990094784236	1.1974266598206331	0.2385662884967091	0.4152204469262607	-6.10453867373382
ENSMUSG00000016253	0.10524314314643402	5.074336583052865	1.1973352868876899	0.23860146500855023	0.4152204469262607	-6.180201244277508
ENSMUSG00000066366	0.11525589354575771	10.612637399908085	1.1968375211011673	0.23879316042451623	0.41526517868631374	-5.968813398380198
ENSMUSG00000040462	0.11969969831055227	7.101427433617083	1.1960753667147195	0.23908689391785573	0.41553708125399236	-6.1417740347378285
ENSMUSG00000078941	0.15061148422916926	3.640213287535326	1.1957251492156555	0.23922195621415654	0.41553708125399236	-6.072658890710207
ENSMUSG00000028145	0.14920282568875898	4.393240316255262	1.1956071324334665	0.23926748229968606	0.41553708125399236	-6.146774652127263
ENSMUSG00000038267	0.1022770877054393	5.231384406638026	1.1945844342123701	0.23966226391952195	0.4159822483802448	-6.187008908738225
ENSMUSG00000018707	0.11578149647924096	5.564524908882605	1.193549905342706	0.24006209808063583	0.4165559189623277	-6.1890107103549585
ENSMUSG00000036570	0.14451970980761963	8.14392568397539	1.1930522250376616	0.24025462018519275	0.41658570687040114	-6.099419436568477
ENSMUSG00000025733	0.09699987542300637	5.090674566184444	1.192810555581286	0.24034814813215324	0.41658570687040114	-6.185969981956873
ENSMUSG00000022550	0.1947524641636047	4.723469349442607	1.192788790332918	0.24035657276080558	0.41658570687040114	-6.171058406745018
ENSMUSG00000090553	0.14258935244359439	5.3989960787961895	1.1921352397517084	0.24060964200211063	0.41671070589665216	-6.191511952806444
ENSMUSG00000019173	0.08002310363611453	6.693909287286978	1.191278716206938	0.24094160232641884	0.4169982973443119	-6.162121237968413
ENSMUSG00000100094	0.31228226405135473	5.461726307305324	1.1900124178694833	0.24143299215937117	0.4176081893741109	-6.193963370586242
ENSMUSG00000002372	0.09040582845791878	4.549015830384749	1.1870989689778564	0.2425663470184471	0.4190860204812676	-6.167241475243622
ENSMUSG00000040463	0.11685681147417526	5.209222957749012	1.1866930276032572	0.24272456976928056	0.4191378281012316	-6.195814828674257
ENSMUSG00000034673	0.08751466549233244	4.042093390782534	1.1864390557757425	0.24282359809770682	0.4191503244909321	-6.127014020742145
ENSMUSG00000024429	0.10726184689126494	4.1766358931258365	1.1862878216798909	0.24288258110790908	0.4191503244909321	-6.140228511311464
ENSMUSG00000071369	0.17468133245960527	4.6052968591635	1.1856349553287735	0.2431373265836112	0.4194694790240941	-6.17255266598011
ENSMUSG00000021846	0.10216745707127117	4.343177103683954	1.1828482903719295	0.24422686625491674	0.4206246028448824	-6.157993971606925
ENSMUSG00000020290	0.15542716560228165	3.8019629128555104	1.1788526110615427	0.24579532450367605	0.4230707276748541	-6.110411846913868
ENSMUSG00000026924	0.11709068799127831	5.556494169323774	1.1786923755809968	0.2458583759428508	0.4230707276748541	-6.206371196365945
ENSMUSG00000010048	0.0909733378859352	5.875639236478806	1.1777196144292428	0.2462414031438655	0.42360852891253586	-6.202064986471259
ENSMUSG00000039246	0.09579361245421136	4.351209660181449	1.1771549564323456	0.2464639380881262	0.4237487278888556	-6.1651624162272585
ENSMUSG00000046447	0.12279031456683231	4.760036324213618	1.176778326831132	0.24661245141973906	0.42376157294286876	-6.191500094639151
ENSMUSG00000026176	0.08545325986123942	6.459634625785399	1.1755981833588445	0.24707823016138872	0.42444056176094475	-6.189573305634666
ENSMUSG00000007411	0.07204002054146041	4.758519574221123	1.1750049703749974	0.24731260114799267	0.4247217548723315	-6.193467439077217
ENSMUSG00000021775	0.5003415817158317	5.419756667494617	1.1710421736555985	0.2488824056064638	0.42690503846345074	-6.215970136781058
ENSMUSG00000040250	0.08288590994205958	4.1750280035200085	1.169352288292513	0.24955402834060925	0.4276692564020665	-6.159602033637985
ENSMUSG00000024190	0.29502367601476376	4.170530805355678	1.1679306536275365	0.2501200576028873	0.42844111349365727	-6.160811439463793
ENSMUSG00000025795	0.14693359717231314	6.1075155546168265	1.1672119092136415	0.2504065830680473	0.4286560237214609	-6.210571306503093
ENSMUSG00000017747	0.08542011958315321	4.225760116233679	1.1670791649671286	0.25045952725678966	0.4286560237214609	-6.166731828914928
ENSMUSG00000063870	0.10671881744296652	5.274452856955999	1.1644874079363043	0.251494861782641	0.4300605078121485	-6.222444186407747
ENSMUSG00000061410	0.09694595733738254	4.131177001780166	1.1635971313093743	0.2518512178402196	0.4305473593177466	-6.162043291260374
ENSMUSG00000016344	0.1521659814771148	6.313416865397753	1.1625686444409633	0.25226335176523884	0.43100667635977263	-6.210151012648091
ENSMUSG00000010911	0.09404351757981022	5.126778695020975	1.1623454605243888	0.252352850255179	0.43103703160414175	-6.222085006654426
ENSMUSG00000033940	0.11364382022508046	5.679049082190084	1.1620709368551652	0.25246296794873185	0.4311025786882437	-6.223483653511442
ENSMUSG00000033917	0.18110863665136812	6.486535921346955	1.1614522958688127	0.2527112465899895	0.4311589667118816	-6.204692028172862
ENSMUSG00000030103	0.2697463076835609	6.218380061017227	1.1596458818589415	0.253437225530077	0.4320295853078675	-6.216545496360055
ENSMUSG00000020803	0.12083564333171104	6.173411254882935	1.159312561080368	0.25357134855502184	0.4321356305919246	-6.218112086340062
ENSMUSG00000026856	0.07596071088746559	4.144466565845954	1.158542661708207	0.25388134034500626	0.4325412458557251	-6.169058421815976
ENSMUSG00000091474	0.13410933431324823	3.835751305752339	1.156029870473986	0.25489499737454097	0.4337762784547201	-6.1401692590920804
ENSMUSG00000028484	0.09045664715951673	4.511052112839501	1.1555604535247093	0.255084683631439	0.4339761789188326	-6.200927577235918
ENSMUSG00000041203	0.13666845339422284	6.137972047116818	1.15201163049794	0.25652202718488915	0.43617455046802456	-6.227226779770901
ENSMUSG00000056076	0.09473777607397338	6.61533080139828	1.1492282322657341	0.2576534440537929	0.43772675864270333	-6.213396184073959
ENSMUSG00000032582	0.09093744769138645	4.236203517105161	1.1471623545129548	0.2584955220783229	0.4386612799120707	-6.190212399758138
ENSMUSG00000021901	0.06138351688639432	5.168882926746446	1.1453890715841009	0.25921991541691636	0.4396422443523145	-6.242256672711419
ENSMUSG00000006732	0.16129890491030308	3.6944179510620936	1.144609599840939	0.2595387950441047	0.4400588655248378	-6.137337919102919
ENSMUSG00000033701	0.08135132670187861	4.112548793764734	1.1443318929074038	0.25965247236467726	0.44012742071631755	-6.182028267088436
ENSMUSG00000027288	0.09387205212932148	5.434785500873305	1.1418038339251584	0.260688963843287	0.4416590780956645	-6.249141901285329
ENSMUSG00000051716	0.16045299007776315	7.830246673205974	1.1415904894822493	0.2607765699922479	0.4416590780956645	-6.174158111928189
ENSMUSG00000039356	0.09093783300255875	3.854521179258256	1.1406142666023944	0.26117770891577113	0.4419647572162401	-6.159548780645002
ENSMUSG00000026921	0.13383731516803987	4.521628326057425	1.140410090405202	0.26126166285799374	0.44198235701398775	-6.218690441266028
ENSMUSG00000030545	0.20176379825077895	6.756758875998611	1.1400976226857569	0.2613901820833157	0.44207531779866144	-6.218161675479309
ENSMUSG00000032312	0.07598430841764703	6.210229159226003	1.1398785583653683	0.26148031121308685	0.4421033174112096	-6.239080993764441
ENSMUSG00000036057	0.12123553362160289	3.633448123211572	1.1387173255443932	0.26195844762922915	0.44253818155862745	-6.136947155474521
ENSMUSG00000028974	0.09344790016776283	4.122047094120819	1.1382032482995892	0.2621703188990083	0.4427716262687299	-6.189808503672359
ENSMUSG00000032293	0.10297442674726565	5.363317051345907	1.137435923416797	0.26248679234785355	0.44318154965390616	-6.253840523340346
ENSMUSG00000021288	0.13247398062231674	4.131421975444601	1.1370329134363149	0.262653118567578	0.44333780603162254	-6.192018437286266
ENSMUSG00000021963	0.05024715998956086	6.161719782521466	1.134200224534128	0.2638243329410453	0.44456545615332055	-6.24666383043835
ENSMUSG00000032316	0.10528475484898259	4.5155033411470615	1.1329603852191938	0.2643381386166954	0.4451788810885613	-6.226597104605149
ENSMUSG00000022836	0.12957096213035157	5.325209520107014	1.132229336699372	0.2646414307260502	0.44531793817777526	-6.259365255372413
ENSMUSG00000031770	0.2812082703457328	8.611337906386666	1.131300390345013	0.26502718497971184	0.44584220451934164	-6.147287565561825
ENSMUSG00000028121	0.11501123011921432	5.792124361159162	1.1306510187010974	0.26529708218698417	0.4460574844769622	-6.256708375356287
ENSMUSG00000050777	0.17263382644679037	5.841974977215588	1.1306352958445869	0.26530361949087417	0.4460574844769622	-6.255901690472578
ENSMUSG00000028295	0.11576396371950715	3.746813923053476	1.1300439911708826	0.2655495579770854	0.4463460961914143	-6.159475201614776
ENSMUSG00000042293	0.1515672983639682	5.189787531774541	1.1293166915612574	0.265852284039803	0.4464802612619274	-6.260634067876579
ENSMUSG00000022205	0.09644614213821256	5.599706947176355	1.129023078929874	0.265974565273512	0.446560816632728	-6.262014681502561
ENSMUSG00000020609	0.09494948582876717	8.972622988731445	1.1254521500679995	0.2674649779073166	0.44868706092827065	-6.136299327495437
ENSMUSG00000023286	0.07311656013441326	5.168563443410961	1.1251564130732286	0.26758867801831826	0.44874590180674817	-6.264814524482737
ENSMUSG00000028521	0.10250031013238736	5.781409526352057	1.125011250448485	0.267649411229054	0.44874590180674817	-6.263148783732581
ENSMUSG00000017307	0.09299993904377502	4.431581551752031	1.1240720922161138	0.26804257478826443	0.4491544428061018	-6.2307877919831585
ENSMUSG00000031231	0.15089982133334168	8.424617884462446	1.123655063629713	0.2682172893694877	0.44919809614899975	-6.164534032721397
ENSMUSG00000042213	0.18426767739583472	4.720675818682048	1.1236530473356694	0.2682181342956584	0.44919809614899975	-6.249435571693228
ENSMUSG00000032485	0.11075496637946802	6.85945143742687	1.1225524147294406	0.26867963722082727	0.4498456227528423	-6.233770362772723
ENSMUSG00000051451	0.12335802937634543	5.209377494577027	1.1198249491325554	0.2698257253886886	0.4513871892707767	-6.2714935018397835
ENSMUSG00000036214	0.10443615817977436	3.8464299006683618	1.1194513204132388	0.26998299634371475	0.45152458252974725	-6.182122496077905
ENSMUSG00000023249	0.11213983538363337	4.696333178419238	1.1187002172471385	0.27029935482865036	0.45192788624523095	-6.253571447920085
ENSMUSG00000010406	0.10031253632473458	6.327297482480517	1.1182655180030454	0.27048256728884823	0.4521084135851708	-6.259264240718025
ENSMUSG00000027244	0.1266759077077806	5.404598014688251	1.1177528360308266	0.2706987608450111	0.452324287046344	-6.275824491021103
ENSMUSG00000030763	0.08620446821128658	3.7161812806943657	1.117528391610096	0.2707934458698732	0.452324287046344	-6.169827823874746
ENSMUSG00000010914	0.10588004873189139	4.543879979438734	1.1174238858234966	0.270837541153727	0.452324287046344	-6.245644375468433
ENSMUSG00000063952	0.12438905931761113	4.2853118580309335	1.1166264375880333	0.271174185824905	0.45271287765909934	-6.228214043450841
ENSMUSG00000032867	0.07637879019798044	3.75395786838679	1.1163375015912007	0.2712962343901509	0.45271287765909934	-6.175372099344333
ENSMUSG00000056209	0.09947240955869141	4.286757209203093	1.1141650986414904	0.2722151256187966	0.4537422163227043	-6.231026783249317
ENSMUSG00000006335	0.13984677504133058	3.8362340598015945	1.1128045017478436	0.2727917630482077	0.454451262588489	-6.1882940310058165
ENSMUSG00000042423	0.10939417589365608	4.297053927880386	1.1116650198825817	0.2732753574308998	0.4550046059302513	-6.234578173351322
ENSMUSG00000043998	0.1544452625776156	4.618915788886763	1.1113097290927154	0.2734262669001517	0.4551297611642691	-6.257144409895112
ENSMUSG00000029238	0.1981300854842023	3.7600568825600105	1.1109448963174062	0.27358129096678807	0.4552496846366601	-6.181944800094725
ENSMUSG00000023022	0.11811837059909003	5.334119693698249	1.1107836310881662	0.2736498353981721	0.4552496846366601	-6.2830835047317475
ENSMUSG00000030435	0.06463435586731414	5.595281694748125	1.1105799785583799	0.27373641363608614	0.4552676749347472	-6.282389593350221
ENSMUSG00000042210	0.14702789348190803	3.726923318713224	1.108154541088377	0.27476903000186437	0.4567322548495721	-6.181274094661272
ENSMUSG00000003429	0.12962655490449215	8.283579402303438	1.1075648080164489	0.2750205230486533	0.45702387251088433	-6.188890592130424
ENSMUSG00000025979	0.07132451684639385	4.809179140891885	1.1072293922647438	0.2751636347611437	0.45709605259384867	-6.2718355275069415
ENSMUSG00000021395	0.06631875030945533	4.746392729159586	1.105248106585995	0.27601006748886747	0.4580349338692639	-6.270936413187028
ENSMUSG00000063171	0.12397264372835881	4.644298026515715	1.104546927022256	0.27631006310440676	0.4582796492394094	-6.266043607248649
ENSMUSG00000027359	0.11338680127479073	9.868769595798863	1.1041894451183252	0.27646309861945323	0.4583038861941369	-6.112201611362813
ENSMUSG00000009030	0.09603493674974217	4.236691079883488	1.1037469566909162	0.27665260804608865	0.4584307589900166	-6.238228184097769
ENSMUSG00000024457	0.07782915545761249	4.564482768835083	1.103437191807128	0.27678532927069904	0.4584307589900166	-6.26225950848735
ENSMUSG00000030127	0.05736094784049417	6.375191087119543	1.103265490049286	0.27685891568892834	0.4584307589900166	-6.2738559083239895
ENSMUSG00000022472	0.07391164202579503	4.942252346293039	1.1024581854020856	0.27720508900481905	0.4588775151046715	-6.2827141766815515
ENSMUSG00000042460	0.06675449968989788	4.095618994100148	1.1011530313564566	0.2777653892254577	0.4594502914130306	-6.2279635903786925
ENSMUSG00000021486	0.07984085119956941	6.474162374676889	1.1007192499270146	0.2779517882300855	0.4594806865129529	-6.27266027243828
ENSMUSG00000005378	0.12109666212458858	5.332379098999398	1.0968088673222591	0.27963610555578444	0.46137653989146316	-6.298251828075999
ENSMUSG00000003731	0.08014290822533177	5.283932055880682	1.0963682138414703	0.2798263594136597	0.4614370454765865	-6.298236326484441
ENSMUSG00000029430	0.100380739748128	6.468624989147453	1.0961542503036321	0.2799187719918547	0.4614627986005638	-6.277817690370349
ENSMUSG00000002658	0.16594941360084103	3.969789591996968	1.0958592510254388	0.2800462199233112	0.4615462796267627	-6.220918574115549
ENSMUSG00000024767	0.07486001433099965	5.778332057375988	1.0947999058761348	0.28050422458888097	0.4619210429034217	-6.296191853245843
ENSMUSG00000006527	0.08691691927537049	3.7445667818025825	1.094194751141066	0.28076609871395103	0.4620990104552538	-6.19834982691165
ENSMUSG00000041684	0.07382691324718405	3.918126274219234	1.091960601079372	0.2817343977582326	0.4633119858043842	-6.219678728128148
ENSMUSG00000039886	0.12236172108455712	6.590825519016532	1.0897110670162533	0.2827117422333869	0.4646648958097434	-6.279844673809653
ENSMUSG00000079334	0.10194023984773004	4.223138692476156	1.088528412517829	0.2832265219268724	0.4650900868682052	-6.253469491042864
ENSMUSG00000058546	0.09456924387662724	8.28609439676748	1.0885136259947858	0.2832329623047755	0.4650900868682052	-6.209317538622049
ENSMUSG00000041762	0.12198539783771256	4.142890966747544	1.0884055632798946	0.2832800329401949	0.4650900868682052	-6.246266273559322
ENSMUSG00000040859	0.07686597496050318	6.036636897893035	1.0864859148720498	0.28411712396599065	0.4660422750147388	-6.301202561462545
ENSMUSG00000038542	0.0935159434941415	3.7324456892219127	1.0853249036962156	0.28462424422688115	0.46640498597200136	-6.20648712902825
ENSMUSG00000060703	0.12486086956115017	8.178927896726814	1.084131186866471	0.2851463137039553	0.46713309679582	-6.219233715792386
ENSMUSG00000037957	0.0594986937478188	4.427316803660323	1.0818323379426258	0.28615360657026256	0.46837215992548553	-6.276307960177661
ENSMUSG00000024131	0.22816570146709392	4.485582265577269	1.0816936853033672	0.28621444021407605	0.46837215992548553	-6.280428035823861
ENSMUSG00000023977	0.11956743765000688	5.151804043964134	1.0802743480165944	0.28683769492369776	0.4692642822751157	-6.313157582226711
ENSMUSG00000032604	0.07641286326673402	5.846564024531931	1.0798804301060618	0.2870108396652749	0.4694197429364826	-6.311030545715591
ENSMUSG00000028882	0.08830342600315211	3.924048114416801	1.0790104272109515	0.2873935052190735	0.46991516875959444	-6.234130183562584
ENSMUSG00000022668	0.09211974660530942	4.144920677002728	1.078836259513791	0.28747015482780314	0.46991516875959444	-6.25666238106758
ENSMUSG00000070319	0.10584843760608731	6.135854275331096	1.0767070812252413	0.28840834630993956	0.47093634591750727	-6.309794193693005
ENSMUSG00000022389	0.30855366050798505	6.8920969450342255	1.076010705127928	0.2887156596675479	0.4713100784955978	-6.282889913112987
ENSMUSG00000020532	0.1712279987939649	5.081280365273097	1.0747904779151003	0.2892547037135311	0.4720617910414472	-6.31714627959834
ENSMUSG00000041740	0.05955922401591085	7.022455600113096	1.072707422886444	0.29017653627042805	0.4733671569721078	-6.2817782353244676
ENSMUSG00000053483	0.09082439881467641	3.66272818364727	1.0726271162050984	0.29021211620656434	0.4733671569721078	-6.212034891050041
ENSMUSG00000010057	0.10004763622807555	4.177156997517706	1.072194853442864	0.2904036829991779	0.4735510803641954	-6.2667212600189615
ENSMUSG00000027312	0.08849164486171457	4.596076158204605	1.0711595349473497	0.29086286696580316	0.47417117948928683	-6.298844511535286
ENSMUSG00000020198	0.08773238530272653	5.5712662340942245	1.068061147136008	0.2922400954217584	0.4757997708714853	-6.328352569988038
ENSMUSG00000030403	0.099104223603665	4.506774026982633	1.0679895581116974	0.29227197038291325	0.4757997708714853	-6.296349730724355
ENSMUSG00000003402	0.11150622924405962	6.045381543014486	1.06796260863392	0.29228397024748815	0.4757997708714853	-6.320727578129752
ENSMUSG00000044224	0.06833663460820993	4.52237126557084	1.0678436271027243	0.29233695357921846	0.4757997708714853	-6.297538879141084
ENSMUSG00000021243	0.10039979464841231	5.2340932752288065	1.0671754690157196	0.29263461379058536	0.476084903913004	-6.328624442846174
ENSMUSG00000007812	0.09276357563244009	4.6884269754239245	1.0670947230372414	0.2926705999425257	0.476084903913004	-6.308651021360664
ENSMUSG00000039515	0.08277480946394711	5.469636263450881	1.0658653642575209	0.2932188713266061	0.47671866823635717	-6.331542786631182
ENSMUSG00000030842	0.10994126934158022	5.592822345408842	1.0627972134390027	0.294590335461311	0.4784700258807002	-6.333579131748979
ENSMUSG00000024188	0.09211776561175622	4.673866322319123	1.0627430333801484	0.29461459406866214	0.4784700258807002	-6.312392213520213
ENSMUSG00000042772	0.09426322665203246	3.975251605048385	1.0622225970302994	0.29484768542453105	0.47871919527587325	-6.257197751533188
ENSMUSG00000031913	0.06577734420346903	4.672651989354288	1.0604359897975235	0.29564884289498194	0.47989030171689534	-6.314737666084055
ENSMUSG00000020182	0.30574765679928095	6.2786837914150135	1.060183259991596	0.29576229524996717	0.47994481019634155	-6.323251122012727
ENSMUSG00000027498	0.07503397202246065	3.7695208405710523	1.0590774940395122	0.2962590384882001	0.48062110212624043	-6.238311978652942
ENSMUSG00000085404	0.14911258218403578	4.790477412975193	1.0567380832298159	0.29731188455695706	0.48219895122881373	-6.324758669764756
ENSMUSG00000069206	0.10336847813313987	4.510126510527009	1.054225940599986	0.29844536123782034	0.48327321822616365	-6.3109706269853705
ENSMUSG00000048701	0.07889989596568281	4.076975817423029	1.0530308862315187	0.29898562076518703	0.48395589980286485	-6.277144360200544
ENSMUSG00000028447	0.10658997578626828	5.5484965381536515	1.0528002395261793	0.29908996950006106	0.48395589980286485	-6.3445993419311995
ENSMUSG00000022552	0.07386981452699626	4.984751296225043	1.050588464505883	0.3000918997005966	0.48513646093647694	-6.339352910792844
ENSMUSG00000039262	0.13296693446862928	4.578610413421647	1.0490293529132404	0.30079957137727054	0.48614096878992474	-6.32085785600974
ENSMUSG00000027363	0.07355428245441598	4.248987793537087	1.048591781803747	0.30099838998282025	0.48620851758332195	-6.29772129536611
ENSMUSG00000027455	0.07999144913351319	5.985425111831054	1.0478122151684925	0.301352826157746	0.48620851758332195	-6.342671571650076
ENSMUSG00000026020	0.16760273207794985	4.410594703639849	1.047804904759697	0.30135615126056414	0.48620851758332195	-6.310846632876116
ENSMUSG00000044876	0.10127271592476905	4.14630012060155	1.0472710824774716	0.30159902631660845	0.48620851758332195	-6.289849255770843
ENSMUSG00000035078	0.06851051755271786	4.350395806191234	1.0464446466935573	0.30197530003284	0.48654573794552874	-6.307914375524415
ENSMUSG00000076432	0.0843614456362749	6.148605837476486	1.0463547644534386	0.3020162427253823	0.48654573794552874	-6.341288785434317
ENSMUSG00000035199	0.07343416852751972	5.006831494695704	1.0421937496002054	0.3039158527439449	0.4890815102138096	-6.348815629455673
ENSMUSG00000026918	0.07871555181951706	4.50317632442543	1.0408593105354458	0.30452680266718646	0.4897728788792685	-6.324323022619605
ENSMUSG00000043061	0.09132769748069913	3.7611056797098525	1.0407951229968393	0.30455621118373205	0.4897728788792685	-6.256281235576151
ENSMUSG00000024292	0.1105131636709995	6.9281248387561645	1.0403972976250477	0.3047385247810711	0.48988063012559024	-6.318737166231691
ENSMUSG00000020180	0.0889905374483968	4.939524310422095	1.0401470939492694	0.3048532255598631	0.4899339482185658	-6.348411737045361
ENSMUSG00000030555	0.13203657498535026	5.550595817283575	1.0395005025514883	0.30514978019455485	0.49027941956927273	-6.358313707674533
ENSMUSG00000060152	0.10102416843071271	5.873837199471389	1.038829933137627	0.3054575423636337	0.4903004202976112	-6.353513768204278
ENSMUSG00000005881	0.0651797859066443	6.818517532701247	1.038800367489454	0.30547111663526977	0.4903004202976112	-6.324428451454525
ENSMUSG00000025785	0.07283678503959479	4.355791178486214	1.0387446225101022	0.3054967115740228	0.4903004202976112	-6.316229208975462
ENSMUSG00000003808	0.08281530549513993	3.7423975002410272	1.0385832288025791	0.30557082276827324	0.4903004202976112	-6.256454507881672
ENSMUSG00000030335	0.07184445713606191	5.211335029254963	1.0378373775625886	0.30591347502630406	0.4907191861807424	-6.358699712487774
ENSMUSG00000074922	0.09430493940720908	3.8569423142939327	1.0376295460248262	0.3060090022945872	0.4907414184115758	-6.270057306252919
ENSMUSG00000023951	0.1222662081932473	7.465554934020695	1.0354634591488943	0.3070058421375343	0.49207067478870686	-6.304676417456791
ENSMUSG00000022338	0.08733345629344758	5.650846613665849	1.0343828778761375	0.3075039642056425	0.4924167352808724	-6.3620395661739115
ENSMUSG00000009035	0.11066497010529464	4.074331448165782	1.0342931537208186	0.30754534989334564	0.4924167352808724	-6.296165077486179
ENSMUSG00000052914	0.0959344531617532	4.694377956856424	1.0333178186168608	0.307995475153254	0.4930060762375874	-6.343982256999925
ENSMUSG00000025510	0.07078143066171894	5.541995467077927	1.0330292828045957	0.3081287236732932	0.49308801612591713	-6.365031368741794
ENSMUSG00000064363	0.15964479040647106	11.85541963492502	1.0313693237100312	0.30889607855061707	0.4941843812594936	-6.086576617568927
ENSMUSG00000029068	0.13551791722385698	5.93763716805375	1.0300378886999457	0.3095125142016566	0.4949070510478325	-6.361572152138109
ENSMUSG00000040661	0.11892297658996043	3.9413969566133735	1.0295491814768507	0.30973899066961114	0.4951374288198173	-6.287329063251456
ENSMUSG00000028960	0.10365770241449912	5.1820666431206295	1.0290798664755634	0.3099565875237646	0.4952217852779318	-6.367088924461845
ENSMUSG00000042797	0.10707342762882188	4.331687563794022	1.027973513763713	0.3104699608505169	0.49577836692818394	-6.325428683403247
ENSMUSG00000049502	0.08421341832673157	4.171490419782324	1.026815959230612	0.31100771747368106	0.49610973567808586	-6.313149325650785
ENSMUSG00000020021	0.12465963983580775	4.265223483129252	1.0258551831975613	0.31145454318548077	0.496690644904871	-6.322350548593227
ENSMUSG00000032215	0.09967795610969077	4.803661809883736	1.0231393741151669	0.3127199577083072	0.49857634010857466	-6.35988939684157
ENSMUSG00000036199	0.12365690126169415	6.191007131986865	1.0197693484284656	0.3142950901236681	0.5008218500538641	-6.367375730457958
ENSMUSG00000017950	0.09856129864771468	8.615401189092308	1.019431132468444	0.3144534695719467	0.5008237865062019	-6.265359299267579
ENSMUSG00000028741	0.0938393908056554	5.3897685101574435	1.0181505582163073	0.31505363006455667	0.5013500245616663	-6.380676891233375
ENSMUSG00000030701	0.1368799514638912	5.451316148692881	1.0179070609856617	0.3151678372374036	0.5013500245616663	-6.3809574857908276
ENSMUSG00000071644	0.0755197643388863	7.862128977231229	1.01781593986502	0.31521058292460896	0.5013500245616663	-6.303997922907442
ENSMUSG00000067367	0.09991439159944981	3.9499977563156676	1.0154598532472319	0.31631721843203775	0.502578044832923	-6.302448753587687
ENSMUSG00000063849	0.10153874509349414	4.369970633019542	1.0146120856999672	0.31671605619860194	0.5029457668333507	-6.341725647059651
ENSMUSG00000006021	0.07736887703349726	4.491854182712715	1.0140780341043119	0.31696748031894567	0.5031110158604607	-6.350745951807583
ENSMUSG00000055172	0.07332833360503699	6.473860965526313	1.0140353746876658	0.3169875696534705	0.5031110158604607	-6.363071034870836
ENSMUSG00000048874	0.07044021883613993	5.018501491252843	1.013604884092138	0.31719034651975453	0.5032999187317679	-6.378254722771407
ENSMUSG00000015937	0.06919161697349452	5.669875738850335	1.0128794423935294	0.31753225626608	0.5035764919247492	-6.383453009857143
ENSMUSG00000057322	0.15138136676998837	7.068074414046207	1.0117195010302902	0.31807947299138	0.5040056207321659	-6.342944297375061
ENSMUSG00000026238	0.09266682161154804	8.548913585572176	1.0098016807954528	0.31898563710242694	0.504827386194761	-6.278133093142384
ENSMUSG00000029622	0.11193904750065897	5.69824409897534	1.0097858849038917	0.31899310790173196	0.504827386194761	-6.386009708035233
ENSMUSG00000031600	0.06596118227768777	3.7887112237765583	1.0095559058365928	0.3191018919198532	0.5048653474897999	-6.290928336573821
ENSMUSG00000016940	0.08412450850870545	4.5759374911224	1.0093799660386473	0.3191851314883924	0.5048653474897999	-6.36098909275377
ENSMUSG00000022200	0.057579553173754405	5.685882300642765	1.0077704105311203	0.319947320572189	0.5058717016655447	-6.388259318129621
ENSMUSG00000026819	0.24778619634165988	6.4371850009015095	1.00768091118944	0.31998973839752626	0.5058717016655447	-6.370900888229668
ENSMUSG00000036885	0.22722875481516613	3.858620281436704	1.007068788795394	0.3202799536765229	0.5061973281541888	-6.301063626654612
ENSMUSG00000021824	0.15955936163467133	6.448578847287774	1.0052902177968885	0.32112421264506247	0.5071751607765365	-6.3728214969086086
ENSMUSG00000002496	0.06869887991038492	4.926980879494172	1.0048768278302647	0.32132065852492503	0.5071751607765365	-6.383559575191614
ENSMUSG00000025381	0.092760596946726	6.786095570411803	1.0039549250378164	0.3217590472593658	0.5076727464317179	-6.360819352930349
ENSMUSG00000028796	0.08041033934764119	4.440094583397199	1.003858602496788	0.3218048745479137	0.5076727464317179	-6.357428024342213
ENSMUSG00000024589	0.17469811957225723	4.22272769567734	1.0030823839253291	0.3221743370728135	0.508122202485705	-6.341557450149282
ENSMUSG00000002346	0.1125844528015989	5.382508975774592	1.0023210889860599	0.322536975774672	0.5085606631933886	-6.396470884780331
ENSMUSG00000026792	0.08175332771429078	3.8829111075109783	1.002011929065055	0.3226843214449472	0.508659519297662	-6.3087065869896675
ENSMUSG00000026851	0.06917481495523159	4.542294274403826	0.9982035699610926	0.324503130759361	0.5108684589338895	-6.369888046143217
ENSMUSG00000080921	0.14431778854705613	5.067484390802972	0.9978324269590483	0.32468075298194776	0.5108684589338895	-6.395508606664492
ENSMUSG00000015095	0.05768168845997046	5.758888221756838	0.9966552602802111	0.3252445586539029	0.511220128943579	-6.397874383411384
ENSMUSG00000038717	0.11938187413451118	5.760670996062946	0.995210829191281	0.32593727548175744	0.5121749708080231	-6.399265250935538
ENSMUSG00000032579	0.06688119146203242	4.130983455171982	0.994729849348828	0.32616816386246983	0.5123968410082016	-6.341349938539556
ENSMUSG00000030688	0.07676384768720723	10.494796327118173	0.9928918625299921	0.32705148469535184	0.5131207236382165	-6.193443597038815
ENSMUSG00000024571	0.0735297560915864	6.213558875564214	0.991980388442241	0.32749013006226935	0.5136748085471617	-6.394415218868207
ENSMUSG00000024683	0.06493499580214923	5.348867230989354	0.9912283942088984	0.3278523248627112	0.5137314223027258	-6.407215681612013
ENSMUSG00000024384	0.08779264019819566	3.8876327668093715	0.9911413730943301	0.327894255652617	0.5137314223027258	-6.319918350553761
ENSMUSG00000030822	0.07688598969015192	5.226769010437139	0.9910180344140168	0.32795369212069503	0.5137314223027258	-6.405950148149396
ENSMUSG00000041891	0.10041746299423338	7.5926663729827935	0.9883752892942373	0.3292289680037236	0.5155947012599362	-6.34625529774722
ENSMUSG00000026427	0.06033519608762283	4.168709194131811	0.9881870913846528	0.32931991156634255	0.5156027484633019	-6.3513451395662806
ENSMUSG00000039233	0.09671382500336634	4.691735598284953	0.9878152870212152	0.32949962969345215	0.5157497459827961	-6.389303976515804
ENSMUSG00000025139	0.06779167416568743	5.478687455387012	0.9863422433647124	0.3302123003617168	0.5165961241534902	-6.412149441925082
ENSMUSG00000052906	0.0679709621889204	4.817738208932646	0.9855175774854509	0.33061173326632665	0.5170863886510559	-6.397929231248102
ENSMUSG00000003585	0.10648827091587165	9.311031384574246	0.9831318920035864	0.33176908741774946	0.5182221071726687	-6.266589696782689
ENSMUSG00000015749	0.12413768604387343	4.566267012415633	0.9821138571929033	0.33226378890840713	0.5188599551846721	-6.387223913215027
ENSMUSG00000032547	0.05554475244093826	5.067638016958465	0.9814532544103068	0.3325850656880398	0.5189570656243654	-6.411564014941447
ENSMUSG00000028745	0.05906974606835824	6.748732837512861	0.9806987322931543	0.33295227423673934	0.5191272967753299	-6.38508870435697
ENSMUSG00000020736	0.11752401392410583	5.200773543224963	0.9803417169562016	0.3331261202139577	0.5191272967753299	-6.415898624667875
ENSMUSG00000026111	0.0758405755399938	5.216425122343513	0.980145123982218	0.3332218757162325	0.5191418851902622	-6.416379579424902
ENSMUSG00000020088	0.06694992071146277	7.246427901564137	0.9781609556779503	0.3341893482985946	0.5205142026765823	-6.369953074923695
ENSMUSG00000027087	0.0721781150794496	3.693466257414105	0.9763372425992211	0.33508024307640827	0.5217665666354334	-6.312806414073542
ENSMUSG00000024513	0.05705451962043373	5.841068650043769	0.9752725595533739	0.3356010820254396	0.5221716473047299	-6.417336674666076
ENSMUSG00000039853	0.18185092862688945	4.085049992599825	0.972663210428605	0.33687985682054	0.5237354184071766	-6.35833083350409
ENSMUSG00000032220	0.10316817757701457	4.213113487413488	0.9725105840974675	0.3369547557933341	0.5237354184071766	-6.370594221708882
ENSMUSG00000005886	0.08701669369759024	4.275323550900609	0.9710896882530835	0.33765257238950575	0.524684330873685	-6.377249746110289
ENSMUSG00000061613	0.09601969365382068	5.920122099378291	0.9701962780828184	0.33809182943555205	0.5249596390383029	-6.421047351505257
ENSMUSG00000038244	0.1796408261711937	3.5494271118923506	0.9696146857820123	0.33837798205981706	0.5252682237658075	-6.3024520066760825
ENSMUSG00000054693	0.055366265124750846	4.117303717620475	0.9692001493811774	0.3385820392124389	0.52544924422199	-6.364825782136936
ENSMUSG00000071647	0.08653990457501681	4.283126258787375	0.9639680830448504	0.3411646038995655	0.5286613900737316	-6.384701640925109
ENSMUSG00000003038	0.10516554424232627	4.942461320354793	0.9639375593285094	0.34117970888765703	0.5286613900737316	-6.4240868026203595
ENSMUSG00000038301	0.15076221068767115	4.425720026557885	0.9635369289860504	0.3413780063791009	0.5286753948272815	-6.395687904877898
ENSMUSG00000020516	0.06466902303753663	4.62038047841921	0.9633860844039573	0.34145268885416535	0.5286753948272815	-6.40871311133882
ENSMUSG00000032536	0.09579236238751854	5.512324453962149	0.9617766797925535	0.34225017475325337	0.5296199581487657	-6.435655541940078
ENSMUSG00000031902	0.06388411779232861	4.127093867395825	0.9615862890314106	0.34234459831578656	0.5296199581487657	-6.373053201434589
ENSMUSG00000025199	0.08441095011087452	7.141790258290899	0.9612660922448076	0.34250343773774394	0.5296199581487657	-6.38972842463593
ENSMUSG00000005813	0.07774014442555988	5.013546935073003	0.9602013145855978	0.343031992347104	0.5303008083390142	-6.430278685799528
ENSMUSG00000068463	0.12130715604395004	4.8432578727678495	0.9581095335060461	0.3440719280153143	0.5317194965007943	-6.425490018064803
ENSMUSG00000046070	0.13432966443420735	5.833625071979728	0.9579995517459983	0.3441266636531185	0.5317194965007943	-6.434006418582839
ENSMUSG00000032396	0.06284461729968926	3.860720121202473	0.9573167716093925	0.34446659846095207	0.5321079152061339	-6.349601928790231
ENSMUSG00000024231	0.06823771869572859	5.003901886138822	0.9509638041582297	0.3476402191367942	0.5361413847424732	-6.4387002231976265
ENSMUSG00000028248	0.11429049403836	5.5204433044644965	0.9499343610715545	0.34815629198551334	0.5365660832369709	-6.446819757947454
ENSMUSG00000041763	0.07265483447473997	4.3954635789630885	0.9493186853857363	0.34846517989451464	0.5369044271759329	-6.407028329066095
ENSMUSG00000031483	0.04963580437500159	5.3813382858269305	0.9483366517648447	0.3489582463119799	0.5374838289781885	-6.448645813884118
ENSMUSG00000025340	0.07709778611143303	4.136023203302462	0.9481086611167622	0.34907278335663183	0.5374838289781885	-6.386665355399775
ENSMUSG00000002871	0.08629320492094461	4.482164764268804	0.947904161444806	0.34917554021752306	0.5374838289781885	-6.414362633727043
ENSMUSG00000034371	0.16632718692645998	7.585644283058359	0.947569573784021	0.349343706677701	0.5374838289781885	-6.385673167732851
ENSMUSG00000024507	0.06578057730225062	9.0011523541277	0.9464259317475199	0.3499189140876069	0.5380406230175102	-6.317474667546268
ENSMUSG00000052310	0.06468605799947191	5.368755068122533	0.9460199753513551	0.35012324455550137	0.5382170827664384	-6.450758508804403
ENSMUSG00000022772	0.0805936408386434	3.8618381471872474	0.9456954421077489	0.35028664882572513	0.5383198486384696	-6.36067226900054
ENSMUSG00000010122	0.1166778515738418	6.503433193736597	0.9455313933046483	0.35036926743635455	0.5383198486384696	-6.428346341126509
ENSMUSG00000034243	0.10338959809223969	4.390275540631531	0.9421472835674636	0.352076446776756	0.5402425577805839	-6.41338099493127
ENSMUSG00000030704	0.057918624933033236	5.051989244309361	0.941996423181534	0.35215267851498866	0.5402425577805839	-6.448715299074594
ENSMUSG00000039640	0.05926255085202392	6.119004282375972	0.9418923581862605	0.3522052702591958	0.5402425577805839	-6.444720444362009
ENSMUSG00000006307	0.1048151008371665	3.6626959478038468	0.9417684051136134	0.35226791966757076	0.5402425577805839	-6.342079191706777
ENSMUSG00000056201	0.08569987537508172	6.802737728783309	0.9416259674411862	0.3523399207758543	0.5402425577805839	-6.420236514127
ENSMUSG00000053094	0.09805494890370614	5.615976145839731	0.9404967020873348	0.35291109820367716	0.5409803033433408	-6.454438932256882
ENSMUSG00000020149	0.06007404274957029	6.856331105030985	0.9371872234774262	0.3545885239271923	0.5431359776391789	-6.422352151704176
ENSMUSG00000022175	0.08249521605488486	4.978185958180342	0.9365455745554078	0.35491435189149556	0.5434680699885939	-6.4512721274450335
ENSMUSG00000051339	0.12727419400363438	4.006194332213538	0.9265876799689692	0.3599961283405988	0.5501568502539823	-6.393701543575892
ENSMUSG00000039910	0.12047234493206993	4.340123917826574	0.926063850585239	0.36026476164786636	0.5502874816324426	-6.424624606696682
ENSMUSG00000107283	0.061764249926625325	4.857718934393056	0.9251286889088852	0.36074466207847256	0.5506006285063606	-6.4569560015724905
ENSMUSG00000022365	0.05954817103774612	6.430601247728025	0.9228802884134945	0.3619001882980116	0.5519437135743025	-6.452292365512593
ENSMUSG00000020211	0.0948421718230108	4.14306712723582	0.9225287743771703	0.36208106060827205	0.5519528729781645	-6.411063228314089
ENSMUSG00000008690	0.04389629453820554	5.571460969022765	0.9200511158567113	0.363357615422922	0.5536044399280777	-6.474000181898633
ENSMUSG00000022983	0.07288356376495475	3.966458183874143	0.9188944410390604	0.3639545661992799	0.5541194176115143	-6.396601924679965
ENSMUSG00000038764	0.07229221014764331	5.030138475201701	0.9188218505688744	0.3639920508258171	0.5541194176115143	-6.469428778221606
ENSMUSG00000037487	0.09965348001147945	5.783913139188533	0.9167169917746744	0.36508005984042524	0.5551534423874911	-6.473266014006695
ENSMUSG00000038406	0.08111424432044512	5.0197014517200795	0.9164740284798177	0.3652057842832006	0.5551534423874911	-6.471219690401712
ENSMUSG00000020538	0.17436465494848807	7.985562510650723	0.9162813582039682	0.36530550395132333	0.5551645860504557	-6.3947914959685175
ENSMUSG00000051671	0.1255288784952766	5.646822435672006	0.9149629944718795	0.36598831910526175	0.5558052685943905	-6.4774518675141115
ENSMUSG00000070426	0.08531243301308855	4.3567680198222165	0.9149316413474375	0.36600456778632107	0.5558052685943905	-6.436028133551988
ENSMUSG00000024002	0.08097155336572293	4.735681266543976	0.9129643180264283	0.3670250644106644	0.5566740361784501	-6.462228276487206
ENSMUSG00000031886	0.12280269853958625	6.598115179291529	0.9128340129128766	0.3670927217844152	0.5566740361784501	-6.45470247365908
ENSMUSG00000001604	0.1110909654096508	6.773301737162772	0.9127574049662356	0.36713250214265236	0.5566740361784501	-6.447932532834933
ENSMUSG00000062014	0.10619200839390519	5.196488982587629	0.9121504108676785	0.36744779591426746	0.5566894758522113	-6.479853859992991
ENSMUSG00000024844	0.08947447232394712	5.6390555582395	0.9118461647972069	0.36760589785015385	0.5566894758522113	-6.480417009414544
ENSMUSG00000072501	0.09811153738350464	3.882449805134401	0.9113417693995978	0.36786810475684606	0.5568059046558911	-6.394525300857099
ENSMUSG00000031823	0.06203923933981237	4.766988434073914	0.9107748067769447	0.3681629814042384	0.5571119000901709	-6.4657975440160405
ENSMUSG00000023044	0.2468325557837172	8.359904688187275	0.9092437484392595	0.3689600474970012	0.5578965589857776	-6.382570256205117
ENSMUSG00000032475	0.09182848945053035	4.060430742452098	0.909000123960661	0.3690869808059568	0.557948092493835	-6.4152498097820345
ENSMUSG00000018160	0.08323421516184704	3.7460611396867103	0.9086301236265388	0.36927981251708153	0.558099193514875	-6.381953475636881
ENSMUSG00000009681	0.08944550558201048	4.548898380109647	0.9081409903807134	0.3695348322523473	0.5583441807906349	-6.455434683642857
ENSMUSG00000017778	0.11268850657328144	8.584940592146964	0.9078173893728654	0.3697036108900197	0.5583857519729399	-6.3731604936747255
ENSMUSG00000059070	0.09512222520001679	8.275137979348887	0.9077319226794177	0.36974819555671956	0.5583857519729399	-6.388025490601419
ENSMUSG00000025197	0.1284399523059898	7.5316168633748335	0.9068451283669761	0.37021100689756037	0.5588038031769506	-6.4255107897705965
ENSMUSG00000073565	0.07689459667038445	4.652178096407157	0.9060163948421863	0.37064385485664864	0.5593166559099955	-6.463847827336899
ENSMUSG00000001134	0.08621869748045885	4.7034304716499555	0.9043419564130206	0.37151941156556834	0.560307197492814	-6.468289075755011
ENSMUSG00000032679	0.07390775929956472	6.268819966406529	0.9039065597601802	0.3717472970132474	0.560307197492814	-6.4755512808595395
ENSMUSG00000034341	0.056730035016501645	6.874696503145231	0.9036918137810618	0.37185972767537734	0.560307197492814	-6.45227971618641
ENSMUSG00000029034	0.060188086248504025	3.996749031104239	0.9028070070202668	0.37232320117775175	0.5608649074648058	-6.414310122339883
ENSMUSG00000056749	0.2971822148461314	4.260454554451065	0.9019602738445112	0.3727670796996718	0.5611824421810799	-6.440233612844063
ENSMUSG00000000594	0.084261226577234	5.0940308430797785	0.9017741960632046	0.3728646719582729	0.5611824421810799	-6.4868086388350825
ENSMUSG00000002767	0.07147899057736229	6.170538446153301	0.9016924435140782	0.3729075539405978	0.5611824421810799	-6.480358548238757
ENSMUSG00000032555	0.10631492493177674	3.6347707733357177	0.9002975575566269	0.3736397083230866	0.5618621139422991	-6.376702766759417
ENSMUSG00000040354	0.06460021015134298	5.496067917430013	0.899517933137326	0.3740493240847419	0.5621966954540305	-6.493317255712495
ENSMUSG00000028035	0.09970136092733828	4.5836848349105015	0.8973809304659802	0.37517358879138596	0.5637454601268913	-6.467355084642983
ENSMUSG00000052605	0.11348859546316081	4.699153665473299	0.8952499704538163	0.3762968342289498	0.5647701982128547	-6.4761878008940785
ENSMUSG00000078713	0.12372033259211879	5.4419016284084485	0.895132490436157	0.3763588215623168	0.5647701982128547	-6.497459496553235
ENSMUSG00000026664	0.07643165534485519	11.517420802824672	0.8949947900254862	0.37643148635538337	0.5647701982128547	-6.232891432052432
ENSMUSG00000028961	0.10760273218839167	4.872795848048234	0.8949735495713014	0.376442695788597	0.5647701982128547	-6.484889278385827
ENSMUSG00000055531	0.07203233612066473	4.33970575987671	0.8947815196027331	0.37654404736864266	0.5647701982128547	-6.452880675123551
ENSMUSG00000047613	0.08561272558674649	5.886498490205259	0.8946614026239837	0.3766074528605273	0.5647701982128547	-6.491475346099542
ENSMUSG00000031024	0.23791228097076367	4.548399780494863	0.8941226310202671	0.37689193553514166	0.5650557985605454	-6.467958274973705
ENSMUSG00000009646	0.1050497203180969	5.816393546046075	0.8938249137021397	0.3770491956121057	0.5651505653362792	-6.493312726066757
ENSMUSG00000034544	0.0865363334304341	3.63869306487255	0.893378153762718	0.3772852618340744	0.5652565054434379	-6.383314936794903
ENSMUSG00000018286	0.08549276222186375	7.450469682470164	0.8933351083420233	0.3773080118711315	0.5652565054434379	-6.441020977093595
ENSMUSG00000037257	0.0500081241083441	4.365875528554341	0.8927752416504667	0.3776039884396285	0.5654179831880707	-6.4565896577505
ENSMUSG00000026072	0.21268104851516423	3.8634964529560434	0.8922088947833995	0.3779035421323461	0.5657255567197977	-6.409597395060152
ENSMUSG00000022528	0.15724556201251794	4.303921307660326	0.8910387708475	0.37852292926178466	0.5665116517893061	-6.453477030624236
ENSMUSG00000055681	0.07411108713490666	6.66471812600143	0.8903606543181685	0.3788821771350598	0.5666467348659628	-6.472217047760985
ENSMUSG00000040883	0.09804152878411188	8.597973358580907	0.8901564804853852	0.3789903856592286	0.5666467348659628	-6.388295643933414
ENSMUSG00000036292	0.07611286589407751	4.5260558784737785	0.8888305889963404	0.37969356583612957	0.5671336408424814	-6.471169821262743
ENSMUSG00000027076	0.0986223805210038	4.847543027839595	0.8853376259817666	0.3815500325163804	0.5687308825856735	-6.492312063561897
ENSMUSG00000032525	0.1292593490182261	4.807183121693556	0.8850713519907397	0.3816917910896437	0.5687308825856735	-6.4906884647600105
ENSMUSG00000026439	0.06795904670993558	3.908143607944099	0.8845471791354171	0.3819709476688383	0.5688385190934447	-6.4211759507357735
ENSMUSG00000031447	0.05010570289164562	9.140595433646135	0.8831498329739299	0.38271576265567797	0.5698064959856216	-6.3677487018321814
ENSMUSG00000092274	0.2843528488627225	4.444156936961178	0.8820889250908562	0.38328186666326025	0.5705079853305749	-6.471587142432157
ENSMUSG00000030603	0.06221780581948977	6.708915642738079	0.8809072637546712	0.38391303263085075	0.5711604672633707	-6.478821922563967
ENSMUSG00000055319	0.08803925332790596	3.67863438440668	0.8808228417418621	0.38395815063849015	0.5711604672633707	-6.398978483703214
ENSMUSG00000035495	0.11177830219562246	3.793684507696329	0.8802699257753427	0.38425373124343476	0.5713884362884929	-6.4124466036892445
ENSMUSG00000074336	0.11202452103864324	9.289766613060287	0.8782263013342878	0.38534747826663707	0.5727313868177646	-6.364323086219218
ENSMUSG00000021281	0.19106841809037967	4.594703663667207	0.8776080873863017	0.3856787355451411	0.5729403020743518	-6.485517734354108
ENSMUSG00000035840	0.09678848706062748	4.810309529610086	0.875527003037267	0.3867951708238807	0.5739672253113713	-6.499198648367053
ENSMUSG00000037646	0.0878047754240554	3.6249481817280165	0.8754293559644494	0.38684760567666066	0.5739672253113713	-6.397474832802414
ENSMUSG00000040263	0.10271755491123269	3.8515485537628824	0.8749008969609876	0.38713145760542533	0.574057014309986	-6.423487666473162
ENSMUSG00000037300	0.06346366468405851	4.330674003880687	0.8746053663561717	0.38729025395451544	0.574057014309986	-6.4699528791877725
ENSMUSG00000036990	0.09090625370209793	4.249823113521909	0.8731946140466462	0.3880488572687586	0.5750396013139261	-6.4647197623427255
ENSMUSG00000030036	0.11134249523505879	4.739193356818003	0.8716854479728566	0.38886142211815244	0.5759596464155726	-6.499046765873238
ENSMUSG00000068328	0.06918543614475503	7.340971164109196	0.8698305120458011	0.389861630677657	0.577083922956522	-6.465895071892212
ENSMUSG00000029406	0.09016526912211997	4.127941389387191	0.869346687997881	0.3901227829507108	0.5771928988269484	-6.456946481798942
ENSMUSG00000010175	0.12201958597030327	5.119267009147152	0.8677281476800226	0.3909972211645395	0.5781003068357659	-6.51746981342447
ENSMUSG00000007656	0.0793887569984868	4.955252021472898	0.8675818094015932	0.39107634336618213	0.5781003068357659	-6.51226656052914
ENSMUSG00000035596	0.06755319910808932	4.426012495187085	0.8673325691186322	0.3912111259121176	0.5781573181519711	-6.483167794434485
ENSMUSG00000022820	0.1243966894479378	5.490898707909256	0.8670810270547082	0.3913471829339519	0.5782161844726129	-6.521868264821176
ENSMUSG00000020440	0.1030737765173777	6.873313953170183	0.8652227708600849	0.39235322358109626	0.5790022517510084	-6.486171710209975
ENSMUSG00000034724	0.04927703544019302	4.801363537773403	0.8650306245745653	0.3924573425498181	0.5790022517510084	-6.507868594031502
ENSMUSG00000060216	0.10185469414193982	4.304636182139726	0.8643678918857215	0.39281659344454534	0.5793900122749811	-6.476818050854412
ENSMUSG00000031201	0.055619550135359574	4.232464920871318	0.8632448856849232	0.3934258201587294	0.5801461971371301	-6.47182330121364
ENSMUSG00000024587	0.06303234089760146	5.595360530758183	0.861842572597578	0.39418740488056214	0.5808118575189098	-6.525263598530042
ENSMUSG00000075232	0.14783059338658155	5.5365162085196316	0.8617018794773511	0.3942638653385977	0.5808118575189098	-6.526136530921952
ENSMUSG00000094870	0.08499287508370035	3.741642851265474	0.860943061950479	0.3946764098267942	0.5812721580597461	-6.423353690710686
ENSMUSG00000063576	0.06923074412904207	5.266617047145972	0.8607206838113256	0.39479736103747287	0.5812721580597461	-6.526408810093248
ENSMUSG00000029192	0.06420784715757444	3.812869796041581	0.8604157378763888	0.3949632586716497	0.5812721580597461	-6.431736193546582
ENSMUSG00000074227	0.09943698886314589	5.778865656345205	0.8591714172210988	0.39564065209419086	0.5818057851082978	-6.524205373903386
ENSMUSG00000026848	0.11879285016103758	4.796741508828731	0.8581463667127656	0.39619922544617137	0.5821833867511226	-6.513555019258751
ENSMUSG00000008730	0.06233620779432858	4.514348548738892	0.8580337597633865	0.3962606177087854	0.5821833867511226	-6.49716003749358
ENSMUSG00000015943	0.0860036592500446	5.112442443409392	0.856168995749582	0.3972781379679078	0.5829656486078529	-6.527219000758371
ENSMUSG00000038467	0.06225995616775215	5.750566447476442	0.8557259056646289	0.3975201536054892	0.5831103663154054	-6.527675631008643
ENSMUSG00000037353	0.05298943624191388	4.652518006806258	0.8529823428195236	0.3990207438916016	0.5848086951328375	-6.5102837509867095
ENSMUSG00000021893	0.048375844143421	4.041738548224202	0.8519436500660806	0.3995897804639972	0.5852144749715231	-6.46329735934136
ENSMUSG00000040188	0.0632426189406301	4.501006447590497	0.8512000403699364	0.3999974706061179	0.5856688111286946	-6.5020869393756655
ENSMUSG00000039220	0.23880142085188094	4.6050549157285605	0.8505393431259425	0.4003599214231406	0.58591397170766	-6.509462683148755
ENSMUSG00000059824	0.6757634847684537	3.8514112971939887	0.8491030983081319	0.4011485364146762	0.5867822676036487	-6.4455847950537954
ENSMUSG00000029577	0.05690410371975396	4.787658283237121	0.8473953994176805	0.40208746306396426	0.5874012082471743	-6.522252903310995
ENSMUSG00000038102	0.052486131716688256	4.269851082649262	0.8473706402966774	0.4021010861930251	0.5874012082471743	-6.488510000378611
ENSMUSG00000038838	0.051711111216738104	4.255357518824953	0.8467953643965394	0.40241769939837124	0.5874166449735897	-6.487788346215056
ENSMUSG00000020952	0.09395393844481514	4.456691703293195	0.8467887360859057	0.4024213483112906	0.5874166449735897	-6.5028260948902945
ENSMUSG00000039703	0.08987365716425089	5.804190639061362	0.8467148429627315	0.4024620281837691	0.5874166449735897	-6.534349912739939
ENSMUSG00000028669	0.07165568303259473	5.60302344637494	0.8463799696024014	0.4026464158471217	0.5875430579954721	-6.538307676265564
ENSMUSG00000022272	0.09019394873884323	4.583854307498457	0.8456829454311651	0.4030303795052812	0.5879605609243104	-6.512214792549008
ENSMUSG00000030201	0.07278292575142498	5.118518651562635	0.8426579025077944	0.404699400789603	0.5896796070186043	-6.53881851157965
ENSMUSG00000048706	0.1101573064061041	4.353852076935981	0.8423230821217682	0.40488439670698495	0.5897148442876028	-6.499273305002443
ENSMUSG00000002395	0.07704650135481295	6.24053944501029	0.8422589060412273	0.4049198614629138	0.5897148442876028	-6.530041956639341
ENSMUSG00000025260	0.08175867018963512	7.7093301523779445	0.8412516868073397	0.4054767203604619	0.5898110899651453	-6.4743837764449435
ENSMUSG00000050628	0.08428321083346102	4.203219998340859	0.8405146007826386	0.4058845327425419	0.5901185959956289	-6.488535701252971
ENSMUSG00000060073	0.07100416726571535	7.662975146376601	0.8400488522152755	0.40614235177845515	0.590189409972371	-6.477602159572424
ENSMUSG00000031246	0.058207464916706364	7.04199869568489	0.8398471335978033	0.40625404636581197	0.590189409972371	-6.501724906831134
ENSMUSG00000049339	0.040160351111399706	7.267891930461466	0.8397170078968612	0.40632610901243116	0.590189409972371	-6.494163015758685
ENSMUSG00000029467	0.10767214321043816	6.314830166902698	0.8393147198430216	0.40654894333059144	0.5902838017852865	-6.530026078892609
ENSMUSG00000027176	0.11617855825761003	3.706989622127701	0.8392450159052325	0.40658756125633233	0.5902838017852865	-6.437769417988215
ENSMUSG00000022370	0.06711052185549171	4.815781382504062	0.8389039989644924	0.40677652696455213	0.5904154952971	-6.5307331765146515
ENSMUSG00000045767	0.054322010728370174	4.140097509689917	0.8385168634672989	0.4069911141082021	0.5905843044376204	-6.484324916282446
ENSMUSG00000039852	0.1082220215996017	4.0716399669660746	0.8369672090496223	0.40785078217841997	0.5916888822091081	-6.478904029684625
ENSMUSG00000033416	0.08160043105023806	7.372953093950983	0.8354125866533155	0.4087143360101432	0.5924073286980742	-6.49390488590714
ENSMUSG00000025355	0.07948360117202391	5.300990684154063	0.8346096521774986	0.40916078898850705	0.5924717275015718	-6.548907121247543
ENSMUSG00000035828	0.161099352711088	5.5978952357981715	0.8345765950627833	0.4091791760911172	0.5924717275015718	-6.548283420737105
ENSMUSG00000031807	0.07260466046572578	5.438991860366428	0.8332910095745168	0.4098946438536154	0.5926866736718008	-6.550710725592675
ENSMUSG00000049517	0.10165164217832245	7.930883404113821	0.8331924127994144	0.4099495479006273	0.5926866736718008	-6.4698619333888185
ENSMUSG00000053565	0.06572229705612997	5.890280173412444	0.8330167508853703	0.4100473772735723	0.5926866736718008	-6.544467627681298
ENSMUSG00000029575	0.13139343010888993	4.779607428414648	0.8328602319323857	0.410134557733715	0.5926866736718008	-6.534038936259898
ENSMUSG00000041577	0.09292958386692307	4.028963749780773	0.8324309414967088	0.41037372966578445	0.5926866736718008	-6.47835550923729
ENSMUSG00000031954	0.06552694001809645	5.290944493490158	0.8324128795369633	0.41038379447126194	0.5926866736718008	-6.550620684486961
ENSMUSG00000008859	0.054586319364549496	4.359108510392945	0.8322094348708472	0.4104971720500393	0.5926866736718008	-6.508096317789822
ENSMUSG00000040648	0.0722825181416944	4.4293088796174445	0.8321842252228017	0.4105112224699675	0.5926866736718008	-6.513150552845775
ENSMUSG00000039168	0.0692025713712674	8.731000760754027	0.8310975753665545	0.41111714150983436	0.5934189054366069	-6.432468135782419
ENSMUSG00000064354	0.13801591979952565	6.582819841660114	0.8308111919760349	0.41127692159114215	0.5935051765258356	-6.52649335396689
ENSMUSG00000039671	0.09009183124765663	3.8364683340236723	0.8306364226607799	0.41137444836580217	0.5935051765258356	-6.459385806651407
ENSMUSG00000058486	0.11288442567885593	4.66212897001817	0.8302698995911176	0.41157902611814057	0.5936577935535061	-6.529908507109674
ENSMUSG00000040850	0.07394826996090487	6.898033935714463	0.8297075998113975	0.4118930001970533	0.5939680917168451	-6.5152430227427365
ENSMUSG00000026939	0.09981148609910484	4.8723076813562916	0.829214713959024	0.4121683367575475	0.5940800037361724	-6.541339584204331
ENSMUSG00000036644	0.06335135413215909	5.723172779097992	0.828865486725638	0.4123634912257177	0.594218757500081	-6.550766113769508
ENSMUSG00000027187	0.07917068568341534	11.0552077369122	0.8273613976448752	0.41320465411348906	0.5948525369712937	-6.313802123742278
ENSMUSG00000020521	0.05468645488357815	5.016851518341321	0.8272286808993309	0.41327892675442324	0.5948525369712937	-6.548604514175707
ENSMUSG00000055900	0.07568317767267807	4.01626380263946	0.8271941080066321	0.41329827622818294	0.5948525369712937	-6.481378342833342
ENSMUSG00000027495	0.05729346228988241	5.425195795656399	0.8262119609813046	0.4138481892560081	0.5955013815228335	-6.5565838006552255
ENSMUSG00000028914	0.0840038829124925	4.066045763661662	0.8221209063322648	0.4161436481972285	0.5982313832576904	-6.4906135420110465
ENSMUSG00000078681	0.05783318416691774	5.046205052789689	0.8218383217521802	0.4163024922693852	0.5983165931707093	-6.554009184318668
ENSMUSG00000013846	0.1295643446996122	5.358336533642563	0.8201744737176058	0.4172385148667128	0.5993861494664829	-6.561314296709298
ENSMUSG00000017721	0.07220445018762245	4.607114111320782	0.8197388614571354	0.41748378801155384	0.5994895667487612	-6.535239021846594
ENSMUSG00000073639	0.04284833447108749	5.806634863004024	0.8195715049955246	0.4175780421964065	0.5994895667487612	-6.556868478046133
ENSMUSG00000019505	0.07515768794577848	7.789190729543466	0.8193244129713285	0.4177172268226099	0.5994895667487612	-6.488571594504472
ENSMUSG00000013465	0.05137425656629535	4.718544939094191	0.8149571845668007	0.4201819337153485	0.6021639016683829	-6.545648867543105
ENSMUSG00000030747	0.07527468008095894	9.359762691611602	0.8135341852917769	0.42098693880858806	0.6027425578510378	-6.414997821222954
ENSMUSG00000031617	0.07236689575836497	4.233001677747673	0.812924813580137	0.4213319542331945	0.6029492052839404	-6.513886462786978
ENSMUSG00000022425	0.12300065674655336	5.610334047886509	0.8109968385948508	0.4224246751574865	0.6037821853656189	-6.567448876244818
ENSMUSG00000033294	0.08943817941732224	4.088815448688362	0.8108472541592662	0.42250952745404924	0.6037821853656189	-6.502054501666195
ENSMUSG00000008475	0.04593894799045639	6.282683709059073	0.8108342471477449	0.4225169062177446	0.6037821853656189	-6.55459322664693
ENSMUSG00000052296	0.06057333121719477	6.21153383425645	0.8099440048820927	0.4230221194151198	0.6043604173954956	-6.557527054641822
ENSMUSG00000004748	0.0754000243448516	5.3826840899706605	0.8093601178569763	0.4233536754249059	0.6046903341165343	-6.570246914674104
ENSMUSG00000042312	0.0986747487240347	4.721259821670532	0.8071872046999667	0.4245889372795911	0.6063105808253477	-6.5520855920860654
ENSMUSG00000036181	0.24604415972222426	5.855212841962877	0.8016495760723945	0.42774686842936915	0.6098056779103391	-6.570592100555153
ENSMUSG00000025497	0.07742529202044324	6.005172539203405	0.8010943156436405	0.4280642982928502	0.6100416193999927	-6.568866859851674
ENSMUSG00000026603	0.09279515585957121	3.7665491834322267	0.8010049293926829	0.42811541171738543	0.6100416193999927	-6.4757299067475875
ENSMUSG00000022620	0.1608523212247963	4.4931212348965115	0.8002046367448654	0.4285732048050389	0.610377720014879	-6.543552565161572
ENSMUSG00000032469	0.0613850765676216	3.7897954478457194	0.8000599316063909	0.4286560123918771	0.610377720014879	-6.479075415723244
ENSMUSG00000034211	0.060632259486230744	5.39524974784951	0.7988190062895201	0.4293665297672654	0.6112446049209898	-6.578756649603616
ENSMUSG00000026944	0.0890685671600373	5.273592139431095	0.7980050775672537	0.4298329477264238	0.61167440573714	-6.578406637291007
ENSMUSG00000026353	0.08884206251904292	6.788343555586539	0.797802019318655	0.4299493569652517	0.61167440573714	-6.545273686422253
ENSMUSG00000046229	0.09570643517823285	5.011432989731489	0.7977593499067174	0.4299738209075852	0.61167440573714	-6.5723251592447145
ENSMUSG00000034931	0.06013947052650037	3.677445124124251	0.7975049966208109	0.43011966843608174	0.6116997106827505	-6.468397951620381
ENSMUSG00000064346	0.3421829610462441	3.9844976311161737	0.7965039779024791	0.43069394793913385	0.6121191894905996	-6.502919283592005
ENSMUSG00000044254	0.15725534762529225	4.426995591723935	0.7960392502994645	0.43096071705399974	0.6123534993562272	-6.54234692841276
ENSMUSG00000054611	0.0811982893328933	4.881161721533486	0.79566211957928	0.43117727588443544	0.6125163713450527	-6.568931653521173
ENSMUSG00000028980	0.08774745641626858	7.395660535236389	0.7935367459969632	0.43239895033327636	0.6139615530606468	-6.527040689377177
ENSMUSG00000028757	0.08352215510974759	5.885630500762568	0.792099441673023	0.43322629959194625	0.6143315048891259	-6.577732587970724
ENSMUSG00000021213	0.09318336593595067	7.359493269833581	0.7916043340083907	0.43351151665031074	0.6143315048891259	-6.529962601253464
ENSMUSG00000028156	0.06130829364456858	5.628682095726616	0.7914861495595924	0.433579615948541	0.6143315048891259	-6.582765297198198
ENSMUSG00000039770	0.08214761415441707	5.507198628354366	0.791221327245161	0.43373223309894504	0.6144028733360586	-6.584526552715541
ENSMUSG00000022811	0.04614124791198915	4.003683448007454	0.7901727147206682	0.4343368657473191	0.6148299781471552	-6.5099287474947
ENSMUSG00000001062	0.0724953101659187	4.11196550018357	0.7901095348931284	0.43437331156326764	0.6148299781471552	-6.520898142695248
ENSMUSG00000022219	0.054504774386320065	5.5203807990413045	0.7900543693279546	0.4344051357867683	0.6148299781471552	-6.585344950491028
ENSMUSG00000027371	0.06827738164470798	4.9255936636794	0.7896689471456388	0.4346275193907745	0.6149462594817904	-6.575505706343984
ENSMUSG00000028945	0.04454549192395785	4.923830749731982	0.7876861350239648	0.4357726564079386	0.6162762749718294	-6.576998073326371
ENSMUSG00000024773	0.08645516328109704	4.4878113905320935	0.7856871484507391	0.4369289643953326	0.6176208296992598	-6.554692681193966
ENSMUSG00000050043	0.08686385586521617	5.585519525518427	0.7847990199810921	0.437443288748411	0.617903357722165	-6.58871756581106
ENSMUSG00000020576	0.10636309339779881	3.632829264968128	0.7838018117428682	0.43802121395266524	0.6184373765605182	-6.474035858867303
ENSMUSG00000022558	0.0517484084852855	4.108725927757444	0.7832388281419074	0.4383476888267738	0.6186076238046228	-6.525974927697748
ENSMUSG00000030562	0.1222856443885183	4.6933950102263235	0.7811835318443399	0.439540792002482	0.6198546395547793	-6.571190689623341
ENSMUSG00000029625	0.05927175183625222	3.8148123333576107	0.7800097148308487	0.44022306381321386	0.6206711380698269	-6.497639322702214
ENSMUSG00000007850	0.07956466180049748	6.209941539821852	0.7798183357486269	0.4403343612484668	0.6206824247576911	-6.581496143086777
ENSMUSG00000021091	0.14744443494582526	7.3525464188001015	0.7789813727467378	0.44082129829167294	0.6211204345705328	-6.5401241379745665
ENSMUSG00000045636	0.05115991569680478	6.79146270054824	0.7780623293091296	0.4413563584917377	0.6216105266246572	-6.560690348481655
ENSMUSG00000031157	0.0828754961705096	5.020317503197377	0.7779761069926484	0.4414065763200886	0.6216105266246572	-6.588206469446568
ENSMUSG00000037519	0.052851168646004254	4.511714874914167	0.7777874968955687	0.4415164389731432	0.6216195599319628	-6.562462623023033
ENSMUSG00000028232	0.06973204833172897	3.7987266214641173	0.7767759538772044	0.44210592595409703	0.6223037032228084	-6.498376035888042
ENSMUSG00000029559	0.07532626174973078	4.044082027340907	0.7765159221935147	0.44225753770913645	0.6223713218019207	-6.524760152551168
ENSMUSG00000024592	0.1074477658429811	3.832258577798358	0.7761474120947058	0.4424724508998805	0.6225279694351163	-6.502560302102505
ENSMUSG00000032392	0.12910666060207454	4.509773587520609	0.7758472689204822	0.44264753874910534	0.6225738127433973	-6.563839247644687
ENSMUSG00000007050	0.06959413617002141	4.048219016308718	0.7742677829609281	0.4435696070655485	0.6231961114933086	-6.526920787272406
ENSMUSG00000020640	0.06479225601478333	4.206760866760807	0.7722701905022119	0.44473738910838334	0.6245463670662449	-6.543753867578999
ENSMUSG00000036752	0.1254184719644007	6.82404903605532	0.7722594674382368	0.44474366267266285	0.6245463670662449	-6.563945370162361
ENSMUSG00000024870	0.05067045362139311	6.237618147450054	0.7712367162835456	0.44534226788359976	0.625102006006202	-6.587343188404054
ENSMUSG00000031431	0.15789416414066526	6.33914124085708	0.7703681911803856	0.44585098104380494	0.6255705832499346	-6.584557795739932
ENSMUSG00000030697	0.05913555636681256	5.362563553563579	0.7699560186729302	0.44609251942519057	0.6255705832499346	-6.601241316127365
ENSMUSG00000064120	0.0681006740794281	6.509745872024547	0.7681773853574604	0.44713570970868355	0.6265947946920428	-6.5794459308135425
ENSMUSG00000039512	0.08579812512620011	3.992211978942998	0.7679176797895981	0.4472881508471329	0.6266622752250925	-6.526044211002269
ENSMUSG00000028647	0.05912552254808201	4.315037611166167	0.7660488074195712	0.4483860414863412	0.6277613521182256	-6.5575672154558875
ENSMUSG00000041530	0.07533876407629236	3.9286527229904724	0.7655321226511723	0.44868985449986554	0.6278941163692808	-6.521172258196749
ENSMUSG00000020184	0.06480753334674283	4.70737830677653	0.7650451349200665	0.44897631673172356	0.6280586175776993	-6.584436237489299
ENSMUSG00000062981	0.07429722611620626	5.634724888941427	0.7634764816014628	0.44989978369561756	0.6288550361076916	-6.604441727200463
ENSMUSG00000027651	0.056478922041405255	3.7741864087675268	0.7610270996770113	0.4513439727004327	0.6305803143354801	-6.507730936664579
ENSMUSG00000070315	0.09079646919289708	4.455126950581967	0.7605643750029489	0.45161710749515016	0.630815248474746	-6.571886514591215
ENSMUSG00000013160	0.04874083851276367	6.664568522452026	0.7586168785812156	0.4527677309875954	0.6318416127131574	-6.580555703145923
ENSMUSG00000005907	0.08494197059240882	4.798583886743735	0.7572776573034237	0.4535599703594583	0.6324998519122731	-6.594985551089347
ENSMUSG00000004221	0.06836036196728301	5.227566134024298	0.7564526734591628	0.45404840832726723	0.6330340801945589	-6.609993368227226
ENSMUSG00000027677	0.10436609462866064	3.855532289929812	0.7549661458809837	0.45492929645956026	0.6339923678422731	-6.52130294811446
ENSMUSG00000009621	0.04788484592431619	5.073527075221807	0.7549366900323639	0.4549467615469931	0.6339923678422731	-6.6075603860299985
ENSMUSG00000031521	0.04662344008157859	3.7155995197525167	0.754489998856927	0.45521166371532273	0.6342144417494492	-6.506069444822929
ENSMUSG00000028991	0.06260000130035692	4.163327057726941	0.7521307668312269	0.4566122611311775	0.6355333919430945	-6.5550973202158405
ENSMUSG00000047407	0.07747766206742757	3.850380150197522	0.7519187500186745	0.4567382516837525	0.6355333919430945	-6.523032516341186
ENSMUSG00000028399	0.07472942344926725	5.607876955096243	0.7518518841348224	0.45677799081061343	0.6355333919430945	-6.613698286371049
ENSMUSG00000020224	0.06379583212544215	4.084995904288648	0.7518267470612743	0.45679293057118076	0.6355333919430945	-6.547717464460132
ENSMUSG00000028793	0.08833952543779144	4.780404937134534	0.7512112214062708	0.45715884609181734	0.635748092146663	-6.59868531391365
ENSMUSG00000090038	0.16335244910691404	4.107743555255782	0.7509003343483107	0.45734372618915686	0.635858040414309	-6.550660057788214
ENSMUSG00000029388	0.06789641494928134	5.389695105046659	0.7485873452287337	0.4587205978868888	0.6368881868535847	-6.617610476497108
ENSMUSG00000029994	0.04026011273779506	5.279416063062426	0.7467426410522057	0.45982043987488264	0.6378257209621814	-6.618087189412666
ENSMUSG00000030231	0.06413096319556155	3.8073459375863408	0.7450733026489355	0.460817047819872	0.6384712105947915	-6.523415103209388
ENSMUSG00000042709	0.04407829260979845	5.2048598832109585	0.7426243828646557	0.4622813419392383	0.6400572773531988	-6.619955654093711
ENSMUSG00000024583	0.04564419809280729	5.720451404132565	0.7411094980719833	0.46318849429802256	0.6411655522314714	-6.61968110017301
ENSMUSG00000003269	0.06787313305424592	3.912857572688583	0.7407371908536695	0.463411599387488	0.6411692773105874	-6.538141644562794
ENSMUSG00000024982	0.03720024159854862	5.680678805339899	0.7406307139646612	0.46347541710940177	0.6411692773105874	-6.620810035030637
ENSMUSG00000011179	0.17058729392869498	6.970226954236436	0.7405708657215389	0.4635112898381081	0.6411692773105874	-6.58254894948091
ENSMUSG00000034259	0.06724181947200769	4.2025083614752115	0.7397713179823353	0.4639906889122236	0.6416847064841316	-6.567933286835227
ENSMUSG00000004561	0.08188796510262986	4.008036291711526	0.7394246428873433	0.46419864026984803	0.6418174476509875	-6.5491476868082
ENSMUSG00000037712	0.09286448274751002	7.231813813599937	0.7392552149903361	0.46430029038755904	0.6418174476509875	-6.574610336954525
ENSMUSG00000026179	0.17655064322757763	5.997924342911692	0.7386728351087923	0.46464979379785154	0.6420789739699839	-6.617039779713956
ENSMUSG00000038991	0.07306663627355192	6.457014266715686	0.7384058987531154	0.46481004106663837	0.6420789739699839	-6.604022197029739
ENSMUSG00000024975	0.10067188205083966	5.576915143603882	0.7372091823786515	0.4655288467762788	0.6429241186574718	-6.625080173285024
ENSMUSG00000079184	0.0691731769746422	4.031644947350424	0.7341749625189229	0.46735422215815325	0.6452967649237921	-6.555451181117093
ENSMUSG00000030805	0.08434684631468414	5.224928464953908	0.7339501626853665	0.46748962490565804	0.6453354367236617	-6.6267382738395355
ENSMUSG00000038762	0.053139638702054626	6.584043586312292	0.7335134568244654	0.46775272875052754	0.6455265137580918	-6.602489277733576
ENSMUSG00000028333	0.042385714951302944	5.220638888671929	0.7333638262253743	0.46784289689074554	0.6455265137580918	-6.627092573139985
ENSMUSG00000029647	0.0635527358824377	3.7875560565402346	0.7319111945348348	0.46871878030963854	0.6465865819285166	-6.530934921771041
ENSMUSG00000032058	0.048612631379480575	4.084064546781283	0.730072314194994	0.4698289097530933	0.6472654720617161	-6.563744272769297
ENSMUSG00000028580	0.05050619946132695	4.144620657142658	0.7296262173257342	0.47009844537067835	0.6473009986783699	-6.569994154867716
ENSMUSG00000028952	0.08400913659020626	3.9526855102427754	0.7283177853722244	0.47088952353182434	0.6479448470123043	-6.551498292664789
ENSMUSG00000042492	0.07570862316222549	3.86098968419002	0.7277324819530441	0.47124364524122564	0.6480726447686512	-6.542077116044598
ENSMUSG00000018666	0.04688536190616688	4.720411834248502	0.727629527684039	0.4713059506804803	0.6480726447686512	-6.613093107845832
ENSMUSG00000060143	0.10984123790942402	7.804751198451103	0.7256215235699852	0.472522090671321	0.6488566963051293	-6.560057916197472
ENSMUSG00000024276	0.06929118599620976	3.7921353073933037	0.7254379253625534	0.47263337582423404	0.6488566963051293	-6.536160478986141
ENSMUSG00000000876	0.09672976078745599	6.251781675492137	0.7253572612893422	0.4726822738225471	0.6488566963051293	-6.621267195984237
ENSMUSG00000045854	0.09441278970079647	4.014698030700261	0.7252620520132423	0.4727399927481871	0.6488566963051293	-6.5602108898313825
ENSMUSG00000057388	0.05589916776381276	6.631398299560668	0.7237001376770813	0.47368745132230516	0.6493373102921307	-6.607762019806458
ENSMUSG00000033128	0.05694138153095807	4.755988524518715	0.7236159997345735	0.47373852027304064	0.6493373102921307	-6.617856490111383
ENSMUSG00000071711	0.0880947171828037	6.935908600225615	0.723350400401378	0.47389975094307557	0.6494101718168622	-6.596388015728212
ENSMUSG00000074457	0.06280634377353866	5.29808478188504	0.7222818980780258	0.47454869645337805	0.6498595398415287	-6.63630875212009
ENSMUSG00000034022	0.048900424961847655	5.348432641091971	0.7221688418394354	0.4746173898489672	0.6498595398415287	-6.6368405072000645
ENSMUSG00000029461	0.049512545576162914	4.280715794836103	0.7220982855399181	0.47466026299957886	0.6498595398415287	-6.587562540868083
ENSMUSG00000029048	0.045789489924254134	6.748371193325185	0.7216179943920609	0.4749521680581006	0.6500418934037226	-6.604693650994166
ENSMUSG00000020053	0.06528663415130787	8.605576052112768	0.7207607706376483	0.4754734148570534	0.6505281762012828	-6.523840693440574
ENSMUSG00000115431	0.1471364508836226	4.709987191289666	0.7200597830517999	0.4758999025165488	0.6508153195771373	-6.61801643346201
ENSMUSG00000040351	0.051138416520966956	4.221345191873158	0.7197298949791476	0.4761006850749817	0.6509417557714596	-6.584241075174287
ENSMUSG00000020706	0.07965537782923171	5.597451767129368	0.7182535070310698	0.47699986286043083	0.6518861349424255	-6.638603276086586
ENSMUSG00000003812	0.08715841723043027	4.166874874905138	0.7181294835445933	0.4770754419923591	0.6518861349424255	-6.580437916628798
ENSMUSG00000003039	0.04594887960623506	4.473913489118016	0.7180615197037127	0.47711686162036737	0.6518861349424255	-6.604614225499333
ENSMUSG00000019822	0.06380629739141153	4.405576738020469	0.7156447330403626	0.47859106889009506	0.6537517010594638	-6.601602408635735
ENSMUSG00000044788	0.05754642342490435	5.8178082133170985	0.7149401983285284	0.4790213122386754	0.6539791676189014	-6.636982472168522
ENSMUSG00000019794	0.044765398636279485	4.379749680453045	0.7140227854369969	0.4795818844826162	0.6545100031469545	-6.600901280179747
ENSMUSG00000004633	0.07142937030709184	5.466742696242516	0.712120624960866	0.4807453579249734	0.6557999672579263	-6.644275803031301
ENSMUSG00000033272	0.06364758586458974	3.746662872532812	0.710886435704825	0.48150111534093665	0.6562855750232364	-6.5415199026907525
ENSMUSG00000032010	0.3424707486072984	4.270096952975006	0.7106472967703892	0.4816476301067729	0.6562858524516096	-6.594908720988858
ENSMUSG00000028847	0.05593919203248898	5.147469450645048	0.7103670638131521	0.4818193543031276	0.6563710043091121	-6.642251124649504
ENSMUSG00000022889	0.0443805408000042	5.101631336728001	0.7099837844043688	0.4820542804926612	0.6565006406101104	-6.641356539876316
ENSMUSG00000022890	0.07167566366259415	8.611694664914593	0.7076182925369673	0.48350561096481326	0.6576245396757725	-6.532935041682287
ENSMUSG00000018661	0.058454112630591304	4.23690696819323	0.7070252453334376	0.4838698570951351	0.6578832869417441	-6.594666038212849
ENSMUSG00000057110	0.10599244637058414	3.6660018294308356	0.7056088694938742	0.4847404128843352	0.658558702469358	-6.536038316538623
ENSMUSG00000006304	0.028483613129864693	7.076077284071974	0.70287286501641	0.4864245564154891	0.660276991607239	-6.606145502120391
ENSMUSG00000001416	0.07933898818156493	6.35187462321756	0.7020698431479111	0.48691947909498445	0.6606229735565052	-6.6344294942388355
ENSMUSG00000029213	0.04837605568383552	4.112243645008285	0.7016749791349338	0.4871629474929413	0.6606955020125607	-6.586877498216831
ENSMUSG00000018770	0.04558139166756803	8.5915300773235	0.6997170395598042	0.48837119893382075	0.6617130858280269	-6.53945450764508
ENSMUSG00000043091	0.15756318589102314	5.505604037070226	0.6995185184753178	0.48849380075438964	0.6617130858280269	-6.6529782568128555
ENSMUSG00000032002	0.05018235851919961	4.927158973238269	0.698786878748715	0.4889457926993154	0.6618828317500649	-6.643280041275802
ENSMUSG00000044986	0.05518696893688535	7.170943240083262	0.698780786491491	0.4889495573537257	0.6618828317500649	-6.60582840778554
ENSMUSG00000044456	0.07486612524584935	4.109821939729555	0.6958354801563108	0.49077148285653505	0.6637510331948951	-6.590726213366787
ENSMUSG00000036398	0.079475300371314	5.018291776683343	0.6921597795635163	0.49305053268548604	0.6662335621558546	-6.6513160998642356
ENSMUSG00000031349	0.14735640518199666	5.652894718076972	0.691596110364303	0.4934005460593164	0.6664942344949291	-6.6565222419208245
ENSMUSG00000042198	0.06135443810492447	4.593237561253974	0.6907050647574156	0.4939541276897591	0.6668547187795467	-6.63183479051589
ENSMUSG00000025792	0.06153705229109896	8.098253534892889	0.689994360216371	0.4943959161348608	0.6671402431393585	-6.570181888117317
ENSMUSG00000028851	0.04956487120320929	6.704259488079182	0.6894104912009489	0.4947590253849402	0.6673416349131551	-6.629184407678549
ENSMUSG00000044477	0.044327404810235116	5.183692743362347	0.6880740905678524	0.4955906931378925	0.6678014944802774	-6.658669762674247
ENSMUSG00000032562	0.04711506002119936	7.070815852035378	0.6879371141549125	0.49567598002212265	0.6678014944802774	-6.616732751818832
ENSMUSG00000037503	0.04658310908160512	5.510108824152197	0.6877503463697914	0.49579228209419557	0.6678014944802774	-6.661133279867509
ENSMUSG00000026727	0.04611242143562588	4.007490477688636	0.6869140900759537	0.4963132125136117	0.6678014944802774	-6.586572905433811
ENSMUSG00000026655	0.0741129771272302	6.431902952520876	0.6869114944368123	0.4963148298915766	0.6678014944802774	-6.641815950957992
ENSMUSG00000002103	0.047731262391938145	5.037526970034358	0.6862278420476275	0.4967409247389284	0.6682149578590151	-6.656061029827891
ENSMUSG00000003166	0.04334002099526746	4.162785257821701	0.6852937223189357	0.49732345414514867	0.6687099742642479	-6.603131814769835
ENSMUSG00000069089	0.060067753035949245	3.684638851794949	0.6845007259043122	0.49781827398860945	0.6690650879887171	-6.55286674580623
ENSMUSG00000035069	0.059724376098019505	4.4834592237896675	0.6842155605639676	0.4979962801887615	0.6691546618189329	-6.629045407810332
ENSMUSG00000031774	0.05055701940612334	5.338912810639326	0.6831927337149938	0.4986350398401025	0.6696694273679441	-6.664238415710253
ENSMUSG00000017664	0.05340473901256626	4.438003520174911	0.6827228845975734	0.4989286143470605	0.6698083207353633	-6.626956464482578
ENSMUSG00000021537	0.06675783087761644	5.612277253455963	0.6822887493780629	0.4991999587238748	0.6700229064042358	-6.663626085077259
ENSMUSG00000035949	0.0538143530883648	5.0885652988959444	0.6807206548027321	0.5001807321439379	0.6707686483355013	-6.661399894506953
ENSMUSG00000073555	0.07064816845950972	6.063460295122927	0.6798963669232302	0.5006967135302731	0.6711324005361167	-6.657791518403195
ENSMUSG00000091896	0.036947294489769966	5.026386951773266	0.6786830975196839	0.5014567201027814	0.6719956445162812	-6.660858400275838
ENSMUSG00000038683	0.045575149359689426	5.124284934502941	0.6784298407335365	0.5016154433155576	0.6719956445162812	-6.66392993849765
ENSMUSG00000020190	0.13937632735251615	6.407702166731063	0.678332863206462	0.501676229206197	0.6719956445162812	-6.648668777102664
ENSMUSG00000066839	0.051945576894940615	5.513898141038945	0.677536570535522	0.5021755018656617	0.6725145065100873	-6.668102224408369
ENSMUSG00000020707	0.08201108869847484	3.717963385489221	0.6769044717158667	0.5025720201077791	0.6728458379655424	-6.561865912580354
ENSMUSG00000022792	0.052043593258818355	4.2907359364009325	0.6764714272281972	0.5028437700701709	0.6728458379655424	-6.620338484740614
ENSMUSG00000028461	0.09154875426052378	6.3239387850990445	0.675906485504429	0.5031984113525204	0.6731342951507782	-6.653544926623354
ENSMUSG00000073982	0.08271493071631442	3.907350723321874	0.6754204902102122	0.5035036040486963	0.6733926456106423	-6.583837769792927
ENSMUSG00000022974	0.07628876809726126	4.267400018335612	0.6743179571635037	0.5041963434773067	0.6740190940945797	-6.619898562566433
ENSMUSG00000039182	0.0865118459752603	3.817373643148002	0.6719000017554093	0.5057174131140272	0.6753013189782643	-6.576391521846582
ENSMUSG00000044037	0.07911101889705652	4.316045220163545	0.6713976448305993	0.5060337470028361	0.6754235419235989	-6.625760268988813
ENSMUSG00000001441	0.04075388688619519	4.911955247195415	0.6708400972511045	0.5063849611440683	0.6757422232988466	-6.66187173545594
ENSMUSG00000060373	0.08838951525776206	6.362711348707188	0.6702670537936313	0.5067460754300163	0.6760739714162894	-6.655906490021325
ENSMUSG00000020863	0.06207937128161323	5.2127286093672245	0.6700482651545497	0.5068839863950223	0.6761078522192429	-6.671506515717274
ENSMUSG00000018449	0.06400108595213805	5.398124982516674	0.6689008363767575	0.5076075910033502	0.6765067078456302	-6.674266007250179
ENSMUSG00000022744	0.05363290993614722	4.777735850342174	0.6687315301820936	0.5077144085316415	0.6765067078456302	-6.657247778546665
ENSMUSG00000041124	0.04620975174384201	3.8235488242586184	0.6686637355996587	0.5077571844747307	0.6765067078456302	-6.579246788773064
ENSMUSG00000046909	0.08067282184588187	4.042212917017433	0.667330300298707	0.5085989338932974	0.6769762639774111	-6.603439177146979
ENSMUSG00000020257	0.056272759539320205	5.310989902429736	0.6672310044733882	0.5086616461737412	0.6769762639774111	-6.674816861727691
ENSMUSG00000061353	0.06306990704437876	7.028840392660086	0.6638424290019144	0.510804293478174	0.6787755416873833	-6.634496707961096
ENSMUSG00000032311	0.1730303999799334	3.7355158844954466	0.6612819444547569	0.5124265743872132	0.6803208406384524	-6.574330664342379
ENSMUSG00000059495	0.05413130774777919	5.431312161082411	0.6598410678729061	0.5133407170254038	0.6810401786861112	-6.680352636989368
ENSMUSG00000103711	0.08660455738378392	5.005150138776329	0.6593456700776061	0.5136552186437027	0.6812081679165767	-6.673120028378726
ENSMUSG00000049299	0.06344353699611727	5.277318641003088	0.6572704882359611	0.5149737734242841	0.6826555050753415	-6.681052294156201
ENSMUSG00000019370	0.041360731498243375	5.823051789658054	0.6546697932483659	0.5166288135239003	0.6840948744965001	-6.678311918620768
ENSMUSG00000068732	0.05418331206616234	3.7726075729709265	0.6530262115438813	0.5176762386936309	0.6848080974192573	-6.583946973345664
ENSMUSG00000047797	0.06378939135590223	8.695203688951468	0.6529305166157918	0.5177372585414688	0.6848080974192573	-6.5661905855181155
ENSMUSG00000028630	0.07431931504927647	5.058225399438511	0.6524717972218224	0.5180298145822373	0.6850442684473292	-6.679397593241359
ENSMUSG00000005732	0.07184530464870509	4.4821443915887285	0.6503110659397828	0.5194090523043347	0.6865659910463587	-6.651658515578064
ENSMUSG00000069565	0.04504062466131842	5.377868994582114	0.6496549737307769	0.5198282387907827	0.6869689656683117	-6.686937429795976
ENSMUSG00000041846	0.04529299415185406	4.882188697431316	0.6473803304536945	0.5212829442051605	0.6885003363400819	-6.676161955120689
ENSMUSG00000057037	0.06666294248011528	7.8806524131962075	0.6468896503445535	0.5215970349594132	0.6885003363400819	-6.610279898884122
ENSMUSG00000037787	0.060679122744326186	4.279078352501492	0.6467686670813853	0.5216744934858367	0.6885003363400819	-6.639118392543166
ENSMUSG00000005320	0.06321091018535085	5.201437971629784	0.6463017821654078	0.5219734703488862	0.6887436502693143	-6.686995354419184
ENSMUSG00000060657	0.05312415767708245	4.770468549506869	0.645733343415405	0.5223376024038171	0.6889215655936209	-6.672072044323581
ENSMUSG00000031799	0.05557913972792683	4.581732423147152	0.6449505285071064	0.5228392822522889	0.6892806597310233	-6.661758111611758
ENSMUSG00000037851	0.06596538345416292	4.922417550047219	0.6424690719386053	0.5244312637247696	0.6910412292799725	-6.681005049759666
ENSMUSG00000026277	0.043331446459761835	5.236794732042494	0.6424111623397353	0.5244684465147127	0.6910412292799725	-6.69014991210088
ENSMUSG00000018974	0.05440984872591059	3.72504966735261	0.6409134663330011	0.5254305798681567	0.6916724685450669	-6.586436320202324
ENSMUSG00000006395	0.06934158866206008	5.863141191646669	0.6408688115721229	0.5254592808966934	0.6916724685450669	-6.686662273915097
ENSMUSG00000015961	0.04159893144417115	4.9357540358551875	0.6363495274933983	0.5283682754497687	0.6942849261267571	-6.685471587940079
ENSMUSG00000095362	0.11245619999742118	4.094177446267564	0.6361159855992806	0.5285188343095575	0.694330930338026	-6.62906404937748
ENSMUSG00000045576	0.04791112372427975	4.0304914475734925	0.6357355316585844	0.5287641524862459	0.6945013753639019	-6.622889441843034
ENSMUSG00000048277	0.039109540136931464	6.412489346144961	0.6336413183613967	0.5301155876391338	0.6955162808130033	-6.677916760320526
ENSMUSG00000018858	0.06175902421682178	5.285390964662905	0.6313693962750351	0.5315837625846526	0.6963782056619091	-6.697928396199206
ENSMUSG00000014177	0.043633785451568485	5.0743778372537465	0.6301054608597726	0.5324014773808201	0.6967265743290483	-6.69430432412386
ENSMUSG00000105100	0.14478590473399056	4.380521883686394	0.6300622767907422	0.5324294274120469	0.6967265743290483	-6.6575588044311464
ENSMUSG00000036160	0.04403618806433762	4.014029785838346	0.6262344441566368	0.5349099813575381	0.6989029816526333	-6.6272078802395455
ENSMUSG00000020267	0.052253549763292995	8.157208610536946	0.6261474538376279	0.5349664241383901	0.6989029816526333	-6.609330570832366
ENSMUSG00000096842	0.08668297967154004	6.366381068594065	0.6255860437597762	0.5353307644471283	0.699061386761535	-6.6848465702242486
ENSMUSG00000079641	0.08996652350663226	5.867849500034395	0.6252793888056843	0.5355298303191788	0.699061386761535	-6.696510674618659
ENSMUSG00000042354	0.08238708118459837	5.4149851934833775	0.6246704815332521	0.5359252190218818	0.699061386761535	-6.703052264800074
ENSMUSG00000030579	0.13719167210404803	3.9947252570638567	0.623153865276162	0.5369106848751264	0.6998108183253602	-6.627134254336688
ENSMUSG00000085396	0.08942920363944307	5.186500992929668	0.6217749612531349	0.5378074898312244	0.7005184022494129	-6.702344143749881
ENSMUSG00000020460	0.0771091857807562	8.141503149728074	0.6208411522770574	0.5384152599204782	0.7008962948141582	-6.613439447162138
ENSMUSG00000027341	0.04036959462420242	4.077104382062689	0.6202233134581698	0.5388175775273593	0.7010574821330935	-6.637394555452108
ENSMUSG00000036751	0.05994754680275882	8.912244834407133	0.619879657644873	0.5390414234211185	0.7010574821330935	-6.5766503196111215
ENSMUSG00000030061	0.03914182682347889	4.806017433160465	0.6198655233846313	0.5390506310426999	0.7010574821330935	-6.690246330713527
ENSMUSG00000024378	0.0670690991515368	6.642512973173604	0.6197553264683059	0.5391224205253827	0.7010574821330935	-6.677383608456479
ENSMUSG00000019659	0.09443055413855017	4.601084815945192	0.6190682916338235	0.5395701123085697	0.7013361031499448	-6.679438783977473
ENSMUSG00000100131	0.09840963172561601	5.482155638193305	0.6180348368981765	0.540243905769382	0.7017565131362336	-6.707038764016691
ENSMUSG00000070493	0.043426462011812106	8.637488369756323	0.6178195014314702	0.540384355612967	0.7017872472181368	-6.591317813425484
ENSMUSG00000031862	0.03676865024139353	4.038152785951592	0.6173415351678009	0.540696170925145	0.7019522779618816	-6.635246464462328
ENSMUSG00000020610	0.051503877846514445	3.841657914856125	0.6172666010878067	0.5407450648503163	0.7019522779618816	-6.61438774619072
ENSMUSG00000028405	0.05133720531123753	7.772341393638132	0.616827478300224	0.5410316353639875	0.7021725911235854	-6.634901154763032
ENSMUSG00000019432	0.04165837224907243	5.605054926328003	0.6163027388376848	0.541374182575753	0.7024360849977702	-6.706793324221137
ENSMUSG00000065947	0.10320516821246262	5.835555455641803	0.6161583556399657	0.5414684549358748	0.7024360849977702	-6.702706558070316
ENSMUSG00000018379	0.06219386381042291	6.157457485897483	0.6145906402055745	0.5424926143952342	0.7033329689174687	-6.69835796021243
ENSMUSG00000040706	0.045374394235228266	6.817062115416612	0.6129947870496358	0.543536186163004	0.7041487978456564	-6.674787554684714
ENSMUSG00000015671	0.037508138313713246	5.569936512856972	0.6123105252658737	0.5439839615983735	0.7044826778544453	-6.709776854888256
ENSMUSG00000005198	0.057776487572625435	3.7715250285398745	0.6119453738416452	0.5442229918164248	0.704640370141111	-6.609890238265996
ENSMUSG00000035443	0.043208309181693494	4.917342068786386	0.6110896496168082	0.5447833664617965	0.7048545550640622	-6.70057478736043
ENSMUSG00000039887	0.04578249880228924	4.158421202794518	0.6110119729443749	0.5448342481127445	0.7048545550640622	-6.651035534784214
ENSMUSG00000021033	0.0527447155541072	9.505924805180463	0.6104392016295096	0.5452095143847164	0.7048545550640622	-6.551530181435749
ENSMUSG00000001418	0.056010972158413885	4.887768489074202	0.6086079338342204	0.546410212470686	0.7054710164394825	-6.700877536048454
ENSMUSG00000030452	0.06570865549068916	4.233170779450828	0.6071702091570766	0.5473538319361904	0.7059560369402378	-6.660178951075112
ENSMUSG00000045316	0.07351084695689636	5.697701535143777	0.6068770563714764	0.5475463392733795	0.7060527795480123	-6.710945249605725
ENSMUSG00000018583	0.057177607721617285	4.351982161987895	0.605080741571424	0.5487267017566221	0.7071196120213472	-6.670976239590166
ENSMUSG00000025138	0.04683355267478806	5.579110778009844	0.603333607416222	0.5498759993469238	0.7082705847881072	-6.715141031810497
ENSMUSG00000027679	0.049129021272190876	5.709860725956077	0.600288604881213	0.5518820031113079	0.7102717834002674	-6.714707655662117
ENSMUSG00000026223	0.054018104606752715	4.492487494886643	0.5994451490741862	0.5524383200777586	0.7106687816733875	-6.684298328360154
ENSMUSG00000000631	0.060331698175217774	4.8865946017166575	0.5992830422638851	0.5525452734195484	0.7106687816733875	-6.706493791367352
ENSMUSG00000021751	0.06753723549422297	7.729540490953253	0.5978551465808273	0.5534878134836987	0.7115764380024701	-6.648605569083579
ENSMUSG00000022214	0.03275228710944322	7.759740220406205	0.5955542273104633	0.5550083494990639	0.7133786464470321	-6.648490406584083
ENSMUSG00000035472	0.06859408281094437	3.7040103333165404	0.5949524949204816	0.5554063473674287	0.7133996943294967	-6.6125316206766875
ENSMUSG00000026435	0.1422602288946324	4.263584296512577	0.5948115196260955	0.5554996122096381	0.7133996943294967	-6.670245255139644
ENSMUSG00000032501	0.06494515216972196	4.006215505958745	0.5940946066548386	0.5559740224239685	0.7137038882173952	-6.646096034004157
ENSMUSG00000029725	0.08645979955978245	4.48270847371703	0.5925166908010171	0.5570189167010657	0.714722546413264	-6.687791921287659
ENSMUSG00000021737	0.03849536013073074	6.9410484259488445	0.5923575099359668	0.5571243813279628	0.714722546413264	-6.682688057237827
ENSMUSG00000020917	0.12461684962043673	7.2390394612471	0.5909653694260764	0.5580471691021199	0.7156008192775584	-6.67329363491008
ENSMUSG00000039682	0.04658066293556118	8.920555650233924	0.5903431449885639	0.558459863729506	0.7159772394176662	-6.59416705775387
ENSMUSG00000029146	0.04344234210470521	4.146089957774265	0.5889315584898422	0.5593966797168802	0.7170253089630404	-6.663174043926154
ENSMUSG00000020358	0.04026300102005376	6.273391381357668	0.5874365236624134	0.5603897412146126	0.7178980697669597	-6.711473123536778
ENSMUSG00000011960	0.06314265449538237	4.056319287444013	0.5871704074183406	0.560566599274561	0.7179123390965126	-6.655352794743403
ENSMUSG00000035248	0.0725323112391969	5.495682705901019	0.5855722884364949	0.5616292833663876	0.7188137089986418	-6.726625588012376
ENSMUSG00000021114	0.05835681094378664	5.010385769893316	0.583184554232012	0.5632189145086228	0.7203464309978198	-6.720884899107721
ENSMUSG00000031568	0.06332286001459231	4.508286797845225	0.5827775331133086	0.5634901132744441	0.7203464309978198	-6.695270317545192
ENSMUSG00000021998	0.04931952472478773	6.206013179649275	0.5826935049366423	0.563546109522508	0.7203464309978198	-6.716331628764953
ENSMUSG00000025266	0.04276906971474137	3.9147965329581638	0.5816036876827689	0.5642726146425638	0.7206139876295666	-6.643813989715971
ENSMUSG00000026153	0.0551645101635283	3.7288511827476505	0.5811124347941624	0.564600251920939	0.7207739353713453	-6.623542377116797
ENSMUSG00000038388	0.03618732177264494	5.924970820173272	0.5799634117721426	0.5653669553639629	0.7215994126554913	-6.7231457848784535
ENSMUSG00000026670	0.05457907409434437	5.324493370536917	0.5772182146899094	0.5672008345862993	0.7231720379862238	-6.731272504472653
ENSMUSG00000003420	0.04289497180487878	7.493981274576266	0.5765451244131085	0.5676509323984715	0.7235923743704742	-6.671979480748181
ENSMUSG00000006517	0.18089686728684784	4.060160993090571	0.5750335561815563	0.5686623709382508	0.72453313789597	-6.662833567091945
ENSMUSG00000027104	0.03330767053841477	4.275476330817062	0.572830728748086	0.5701379550260008	0.7259925771882262	-6.68414152771882
ENSMUSG00000014402	0.025523579373277094	6.009000271164387	0.5722030868740066	0.5705587339225571	0.7262205956663091	-6.726455340404822
ENSMUSG00000027287	0.07151752650407861	5.445996561532121	0.5712756715267594	0.5711807661729555	0.7266870292121288	-6.735173631332342
ENSMUSG00000052488	0.06201436388585524	4.4949128176975925	0.5709356290845206	0.5714089221213693	0.7266870292121288	-6.701248573210946
ENSMUSG00000059552	0.06054414397104502	3.685418232612389	0.5704500835023734	0.5717347834506362	0.7267207095606716	-6.624733091261226
ENSMUSG00000047454	0.04961628668572171	5.048088986030878	0.5703555739012413	0.5717982218011075	0.7267207095606716	-6.729590528116186
ENSMUSG00000031626	0.061441766212214866	5.038463863251946	0.5700938934438182	0.5719738895880544	0.726733748809176	-6.729433416351584
ENSMUSG00000020883	0.11092845716349586	4.385830769918668	0.5689118319335029	0.5727677473709715	0.727278108060871	-6.694809364740012
ENSMUSG00000032946	0.0554986146114862	4.152271570616541	0.5688013829377064	0.5728419513150445	0.727278108060871	-6.6754859572065826
ENSMUSG00000006599	0.045632836158708834	4.850548610948755	0.5645816816656269	0.5756804587002693	0.7294758888140972	-6.725254573401164
ENSMUSG00000041119	0.1067759486067752	4.345952499259153	0.5639589758632773	0.5760999245659018	0.7295646884544792	-6.694708847520106
ENSMUSG00000008855	0.07839328858218053	5.1748228817110045	0.5636986838591983	0.5762753064059782	0.7296330206897437	-6.736760643956567
ENSMUSG00000041028	0.03637138990536748	7.883278670450338	0.5632624417139837	0.5765693002163057	0.7298514693490163	-6.660973927246876
ENSMUSG00000037857	0.06326948729215598	4.579821865535782	0.5614802021784656	0.5777711567449947	0.7312188038923069	-6.712273895682109
ENSMUSG00000034837	0.10183063673583703	5.225546788631988	0.5609929960143095	0.5780999184124279	0.7313268231032167	-6.739259730150242
ENSMUSG00000017286	0.03345430578406372	5.2020568411448345	0.5596492972226068	0.5790071063228822	0.7321661830585436	-6.739585739733565
ENSMUSG00000063511	0.06620238238054466	6.420091387200468	0.5553541014509287	0.5819116288915037	0.7353747587821338	-6.7244409690133375
ENSMUSG00000029911	0.04214063909657195	4.264517049111763	0.554796509279778	0.5822892058314364	0.7355425347574315	-6.693465823971042
ENSMUSG00000031703	0.03262501230797632	4.593414625973127	0.5536530346014231	0.5830638886427283	0.7363663108142401	-6.71754954431455
ENSMUSG00000030465	0.057558384387998984	4.254448839124219	0.5510518330630118	0.584828013693626	0.7378748070416797	-6.694705127578504
ENSMUSG00000026889	0.050751785795138726	3.7938296230914657	0.5506585950819259	0.5850949306103643	0.7378748070416797	-6.64818038185114
ENSMUSG00000027598	0.045529328071998165	4.983338615508175	0.550443884302817	0.585240694019079	0.7378748070416797	-6.738605325839999
ENSMUSG00000031176	0.04655522532708822	6.881971483404437	0.5491621623708288	0.5861111974772423	0.7388173244473984	-6.709664549493005
ENSMUSG00000029250	0.06594897577458703	5.568047665267359	0.5482777725037447	0.5867122100034399	0.7389647710471864	-6.747222460364264
ENSMUSG00000033352	0.035239749582935964	5.712997235060806	0.5482662040185204	0.5867200736671869	0.7389647710471864	-6.744736744730808
ENSMUSG00000015869	0.04114792740478279	6.619752819289009	0.5454608924557905	0.5886284784996175	0.7401803769760658	-6.72184721741673
ENSMUSG00000032193	0.05761580514606468	5.967294792829433	0.5453989297822587	0.5886706642650388	0.7401803769760658	-6.742144230943877
ENSMUSG00000063694	0.053520231386142036	6.392605806521526	0.5448501556977238	0.5890443469876262	0.7403204228769961	-6.731371118576863
ENSMUSG00000025409	0.06468168584150558	4.379018282374143	0.5430511417728803	0.5902701667890515	0.7410655913543643	-6.708790653560848
ENSMUSG00000029613	0.03548932486303258	4.691718270086018	0.5409066512984454	0.5917329829073084	0.7423313085603661	-6.730507723134251
ENSMUSG00000040466	0.05631640675071381	7.604990945775086	0.5407788501534279	0.591820214238482	0.7423313085603661	-6.687190333819992
ENSMUSG00000006373	0.04095571480244686	9.84653567719103	0.5394803677285528	0.5927068480810298	0.7428732398008299	-6.5736813025311855
ENSMUSG00000022905	0.052725605808625176	5.707813323804542	0.5393581331447586	0.5927903452895622	0.7428732398008299	-6.749722133439532
ENSMUSG00000029185	0.049524641842920936	4.2096304966091616	0.5386485107801932	0.593275191888635	0.7430200709355749	-6.697613583769198
ENSMUSG00000025575	0.031340350495441704	4.116948248908922	0.5384627887455331	0.5934021168946286	0.7430200709355749	-6.68897356282713
ENSMUSG00000015126	0.05805349358092826	3.714410251097255	0.5372989218626335	0.5941978138816308	0.7435515750967763	-6.646526654009574
ENSMUSG00000030934	0.06611934505616013	9.935733823181145	0.5369285142604234	0.5944511556013714	0.7437137193438769	-6.570132082655
ENSMUSG00000054364	0.05631013981826305	3.9866752723182963	0.5357646189412917	0.5952475402509326	0.744269466041461	-6.677201176511726
ENSMUSG00000050052	0.059551958805767136	4.244550997860437	0.5347360099953861	0.5959517776863967	0.744866778845928	-6.702776978336331
ENSMUSG00000030750	0.06595295750254859	4.443696381728646	0.5342624205810488	0.5962761535565309	0.7450662105887281	-6.718166201246481
ENSMUSG00000071551	0.10267873798984262	5.9315287908196535	0.5339651032654996	0.5964798380056864	0.7451657685189541	-6.748868007420886
ENSMUSG00000032126	0.036642092713890406	6.375618136153192	0.5336794922360807	0.5966755338028276	0.7452308913021729	-6.738117738836679
ENSMUSG00000078427	0.043597455266605856	5.57023241289487	0.5328885313019668	0.5972176452974334	0.7452308913021729	-6.755581345714364
ENSMUSG00000056698	0.06619769422372102	4.386283465639259	0.5328032912782005	0.5972760812965991	0.7452308913021729	-6.714874172445502
ENSMUSG00000002679	0.05459311049492799	4.028355624310234	0.5318279908827562	0.5979448874313613	0.7458843124735546	-6.683651236287962
ENSMUSG00000036529	0.04211025681187053	5.055185783351643	0.5315282848150318	0.5981504800164912	0.7458843124735546	-6.75137047670514
ENSMUSG00000035545	0.08375571503595669	5.636353164549523	0.5312336392493109	0.5983526337231682	0.7459545593449206	-6.755440189345028
ENSMUSG00000030101	0.038720468520406115	5.268858673870919	0.5274813834029101	0.6009298383232875	0.7476164386096552	-6.758327964634341
ENSMUSG00000018820	0.04556817338724528	3.8296610409384364	0.5271840574718919	0.6011342768707368	0.7477159738597097	-6.664879015439753
ENSMUSG00000035780	0.0454400143988094	7.629210835390312	0.526776475865337	0.6014145792539872	0.747909810996939	-6.693607009436067
ENSMUSG00000074238	0.028232011757124198	4.384656613685646	0.5263624197636859	0.6016993970778685	0.7481091820899879	-6.718193050991335
ENSMUSG00000005150	0.043269448334188	4.4244869757386684	0.5221967953662283	0.604568329188991	0.7508993571923618	-6.723244536627657
ENSMUSG00000064348	0.12576485970707907	7.265003621312614	0.5211337923522463	0.605301457395766	0.7514992680766855	-6.711471905006976
ENSMUSG00000026750	0.046893640019531446	5.905474368919293	0.5205074099246665	0.6057336525244112	0.7517252205739751	-6.756400100077726
ENSMUSG00000036098	0.04624627795334879	3.6341288223568315	0.5199357866621931	0.6061281899353226	0.7520595278383962	-6.6464722616652745
ENSMUSG00000005575	0.0514517706928066	5.966441173727212	0.5194173094661033	0.6064861490163818	0.7521930380679954	-6.756104687162402
ENSMUSG00000029580	0.0667931613129209	9.537009333519036	0.5177823490956389	0.6076155764150798	0.7529721589354947	-6.602291538737465
ENSMUSG00000045427	0.03754092086635641	4.577003430263124	0.517448291751234	0.6078464625813629	0.7531029677631772	-6.736027353873943
ENSMUSG00000035325	0.04705155892231794	6.669361966901485	0.5154424572126214	0.6092336645036739	0.7546615173969037	-6.735938891352879
ENSMUSG00000035632	0.052535883768761504	3.6996087101518595	0.5137948104026024	0.6103742440190983	0.7554559901772939	-6.657258712676282
ENSMUSG00000084319	0.05591272391295821	4.927270078346728	0.5120964593074554	0.6115509539256283	0.7564372968474699	-6.7569788037729115
ENSMUSG00000015016	0.03391810229084413	4.169941288820079	0.511106256015832	0.6122375023410348	0.7569825414747486	-6.708533044324852
ENSMUSG00000067736	0.08771109646703401	5.69305186397902	0.5106998102095164	0.6125194104121584	0.7571753007954454	-6.765189732430518
ENSMUSG00000027881	0.049874762185744714	4.962217473377137	0.5098747735446748	0.6130918336909761	0.7577270318077077	-6.759501794454977
ENSMUSG00000041133	0.042576161388057976	5.305882566986195	0.5089253088781931	0.6137508908841423	0.7582441993709993	-6.768482990687873
ENSMUSG00000022684	0.05994362573352241	5.726307113513603	0.5080558039306862	0.6143547300521892	0.7584067934659304	-6.765893412290788
ENSMUSG00000022761	0.030445646259249948	4.984807887245983	0.5076285573856897	0.6146515367247597	0.7584067934659304	-6.761501938543159
ENSMUSG00000021361	0.049996968766863326	7.445733344508853	0.5064750492042701	0.6154532024833245	0.7590842146392235	-6.712203209257084
ENSMUSG00000019471	0.032227661931506724	5.094228066865267	0.5051680169693533	0.6163621416190972	0.7598933338098389	-6.766321459140151
ENSMUSG00000078920	0.12200087926971559	4.3820268136915015	0.5036377584406365	0.6174270949506604	0.7608054124818983	-6.7297995584925285
ENSMUSG00000041355	0.05506119746121563	6.7636161569700795	0.5035378904919743	0.6174966252045209	0.7608054124818983	-6.738371695838468
ENSMUSG00000046865	0.03129112641525289	5.108722445428129	0.5033297195488852	0.6176415698354583	0.7608054124818983	-6.767658888099598
ENSMUSG00000028127	0.05576997420000218	8.611606887651625	0.5031161920188018	0.6177902602219948	0.7608054124818983	-6.657159424587406
ENSMUSG00000020386	0.0528341270378867	8.565159516673841	0.5030137385150499	0.617861609737338	0.7608054124818983	-6.659424248328501
ENSMUSG00000027763	0.02985660415450564	5.661045725022001	0.5026427684952461	0.6181199878603769	0.7609676310290935	-6.769914339963163
ENSMUSG00000004568	0.039516159880306656	3.9673349917487877	0.5017515849912546	0.6187408918865289	0.7615759974080606	-6.69293407719256
ENSMUSG00000025940	0.04228922990216333	6.080035307083917	0.5010495747314657	0.6192301947997897	0.7619497584090281	-6.763777981569441
ENSMUSG00000025504	0.10875965511214503	5.188089683422274	0.5003312533607016	0.6197310482754097	0.762170255646119	-6.771025522605345
ENSMUSG00000006998	0.03817307032933748	7.511184190183602	0.49991565883989497	0.6200209076519065	0.762370704743259	-6.712772052270414
ENSMUSG00000044018	0.038734189432313215	5.299220200197606	0.49861578183367666	0.6209279124380109	0.7632476763928031	-6.77365237101893
ENSMUSG00000032271	0.12605309226769013	7.956269943908991	0.4983906577735794	0.621085056402678	0.7632476763928031	-6.691837438599826
ENSMUSG00000020250	0.02875351248008151	6.484619096525637	0.4980897649926937	0.6212951174887762	0.7632476763928031	-6.75222967684866
ENSMUSG00000027628	0.03851367125762817	3.984317807210836	0.4979836334751886	0.6213692183247783	0.7632476763928031	-6.696622907183714
ENSMUSG00000030203	0.042381394318399046	4.5369454975964585	0.4977060539946714	0.621563042702202	0.7632963908082023	-6.743494809736658
ENSMUSG00000041598	0.04356133250613414	4.702239094350861	0.4975014167497301	0.621705951466444	0.7632963908082023	-6.753818065084224
ENSMUSG00000063229	0.05734977459274049	9.763752020162915	0.49587256989999967	0.622843988075622	0.764111947878509	-6.600944031910491
ENSMUSG00000005442	0.054049712132000494	4.162870404791219	0.4948104732500294	0.6235865549952608	0.7644363951926386	-6.716126463655954
ENSMUSG00000005882	0.03536805648486663	5.4633687065275085	0.494778205640231	0.6236091211905999	0.7644363951926386	-6.7762433644680895
ENSMUSG00000021772	0.04304658285116414	4.288814281128333	0.4939846927314155	0.6241641761351745	0.7648047582374109	-6.7275880284393015
ENSMUSG00000000001	0.03130028490956338	5.518332464196405	0.49379297366480185	0.6242983151465196	0.7648131652834732	-6.776401668562586
ENSMUSG00000022757	0.045592324046070054	6.228398862096729	0.49277333965616255	0.6250119343015009	0.7653794527398131	-6.764430909895683
ENSMUSG00000027942	0.032212570347136094	5.061665063594865	0.4927685231436561	0.625015306139834	0.7653794527398131	-6.771598244371964
ENSMUSG00000032301	0.036738077077518305	7.804804637954196	0.4923076621990564	0.6253379732945007	0.7656185577682671	-6.702731811062626
ENSMUSG00000055301	0.05268801761660136	4.933708810572888	0.4913334634965541	0.6260202944015858	0.7662978099529699	-6.767749657637835
ENSMUSG00000028937	0.04895871847729438	4.84351456107339	0.48848872448110553	0.6280146322987172	0.7685824695484709	-6.765337447074128
ENSMUSG00000023118	0.0343866635337875	5.456768980349571	0.4861191034659832	0.6296780430723908	0.7701476411198852	-6.780556505116597
ENSMUSG00000039826	0.06146379372445354	3.811248240284007	0.48543238041810044	0.6301604701444317	0.7705808435282642	-6.684129877638296
ENSMUSG00000021111	0.02807894877988293	6.3944277620874095	0.48164002695427416	0.6328275713416696	0.7732293044163817	-6.7640209007647405
ENSMUSG00000020827	0.03891624181487874	5.03719548856954	0.48150779467315463	0.632920658093479	0.7732293044163817	-6.776367862188297
ENSMUSG00000006728	0.034377575629012114	5.190524502410989	0.48059904432939965	0.6335605490196876	0.773527950035384	-6.780843632086798
ENSMUSG00000024121	0.04206894044611609	5.006215795533068	0.4803259633559903	0.6337528930351941	0.773527950035384	-6.7758901477804505
ENSMUSG00000055862	0.08991506081690126	3.8839846593981786	0.48019833726630967	0.6338427950323808	0.773527950035384	-6.694673835673499
ENSMUSG00000090862	0.055325591801334895	6.653463190066563	0.48017701180074185	0.6338578176026345	0.773527950035384	-6.754274096893884
ENSMUSG00000020745	0.028082898574740334	4.208862962099239	0.479755667659597	0.6341546626152272	0.7737087119978537	-6.727770953211202
ENSMUSG00000040447	0.0682705704715465	4.7713032675040195	0.4794261281033988	0.6343868722080648	0.7737087119978537	-6.766338636977493
ENSMUSG00000061313	0.09166284247638234	4.206090884255495	0.47915093636484035	0.6345808143665481	0.7737816788816128	-6.727813527460994
ENSMUSG00000001158	0.03942476033716602	4.595142600353556	0.4787104009383936	0.6348913372675918	0.7738462567223041	-6.756667837729985
ENSMUSG00000074521	0.1251593666543629	4.365137413193794	0.47443863918631174	0.6379058582788943	0.7764356702916356	-6.742970168105207
ENSMUSG00000038080	0.03705349175140604	4.21867350167469	0.47435924451650613	0.6379619451562144	0.7764356702916356	-6.7312381671861425
ENSMUSG00000033149	0.03860179561479704	5.091176542115481	0.47402402785621184	0.6381987764438258	0.7764356702916356	-6.781629199098952
ENSMUSG00000041828	0.07649939103351855	5.504156925579659	0.47368672724375505	0.6384371188069515	0.7764356702916356	-6.7863337483146715
ENSMUSG00000026457	0.03209270849518209	6.0351017450388325	0.4732357259287259	0.6387558647348954	0.776666125291782	-6.778218587522432
ENSMUSG00000071533	0.031191523019538536	6.27256336798413	0.4723404274401139	0.639388824067997	0.7772784632459224	-6.772989885245262
ENSMUSG00000020739	0.023835202744320938	4.712666759013986	0.4646617659781481	0.6448286722394758	0.7829723825879116	-6.770340708206128
ENSMUSG00000028636	0.04044911248140082	4.7813841249041245	0.4626576721754561	0.6462517222048332	0.7838412128271057	-6.774807218583581
ENSMUSG00000025612	0.05457115014960401	4.3180253159134985	0.4623319760783449	0.6464831171195101	0.7838412128271057	-6.745162381453169
ENSMUSG00000040746	0.04376970199243413	5.32742031023718	0.4602562245818686	0.6479586958401853	0.7854183021582924	-6.792503534591154
ENSMUSG00000064370	0.06830706833945221	13.359366620120204	0.46013452038140734	0.6480452557997693	0.7854183021582924	-6.431967861754526
ENSMUSG00000024369	0.04452219254805723	5.103252427322608	0.45976181849218467	0.6483103641963022	0.7854227779144314	-6.7886964804329555
ENSMUSG00000044080	0.05565257942870172	7.567945622356533	0.4584076303484999	0.6492740084752396	0.7859619673942709	-6.730339379942832
ENSMUSG00000028494	0.05655571335170251	9.026740129399576	0.45819973817169657	0.6494219992765351	0.7859619673942709	-6.658472980833972
ENSMUSG00000022781	0.02798402546483958	3.770119615683642	0.45803369258745347	0.6495402113629472	0.7859619673942709	-6.69256797490789
ENSMUSG00000036835	0.04570740577275423	6.72773757406414	0.4577358015793631	0.6497523105680458	0.7860603249855823	-6.761986102967908
ENSMUSG00000021520	0.041221847824804314	8.435486276472568	0.4567367510177894	0.6504638527208355	0.7865532398738252	-6.6879882679965
ENSMUSG00000007029	0.03887543502128299	4.932093028035701	0.4566648455926562	0.6505150778794098	0.7865532398738252	-6.784280036715121
ENSMUSG00000068917	0.057318575155850926	3.8557158083372065	0.4566124037014378	0.6505524383712616	0.7865532398738252	-6.7027245260995745
ENSMUSG00000052752	0.047009380310026216	3.9083402322903047	0.4552954295409307	0.6514909722862925	0.7874563941326268	-6.709056184392896
ENSMUSG00000061589	0.05121342681550933	3.6667358831101566	0.45519646363670546	0.6515615229867566	0.7874563941326268	-6.682058491285325
ENSMUSG00000006392	0.03753641588251444	5.609079856296403	0.45497815703643163	0.6517171606167869	0.7874861086157797	-6.793852140916995
ENSMUSG00000037583	0.10421242317562918	4.875882864973203	0.4528278718659012	0.6532510087403581	0.7887051057908001	-6.783720460140573
ENSMUSG00000020634	0.05102184112187924	4.777511910746962	0.45263288730159135	0.6533901712541517	0.788714652283286	-6.779252885283154
ENSMUSG00000001065	0.04520921541410061	3.838017972754392	0.45157249016590556	0.6541472071344909	0.7894698870598827	-6.703084416629307
ENSMUSG00000028639	0.02871018957508298	8.715478108327192	0.4492159512511777	0.6558309054394409	0.7911840816674565	-6.6780327102916335
ENSMUSG00000032497	0.03393265316194505	4.8798196643096245	0.4483939437674793	0.6564186414619129	0.7917341663076344	-6.785908252654654
ENSMUSG00000032309	0.028890131893450466	5.368628726259007	0.4451813739433843	0.6587177501790891	0.7943477745988653	-6.7996966540275
ENSMUSG00000035575	0.033881263636730274	4.779239904964247	0.44448430974935926	0.6592170555954888	0.7947903866519447	-6.78303011089044
ENSMUSG00000029147	0.036532087523521994	5.261213994121574	0.4433137012491767	0.660055914987066	0.7954825497708142	-6.799469909055108
ENSMUSG00000006932	0.040426808091670985	7.169891290624286	0.44004576818885927	0.6624000697231542	0.797607347331159	-6.754071169362637
ENSMUSG00000109628	0.06954992387915482	8.408763187780849	0.4377658195980808	0.6640375643815893	0.7989991438464098	-6.697828376176559
ENSMUSG00000057342	0.05019387294943378	4.49746065825615	0.4367016530353691	0.6648024374273536	0.7994786823782278	-6.769622835682659
ENSMUSG00000026641	0.034987584841606356	4.825322770737556	0.4356398211112918	0.6655659943334735	0.7994786823782278	-6.789170855303495
ENSMUSG00000022307	0.0443954113349081	5.377949810429729	0.43544686442598074	0.6657047870765642	0.7994786823782278	-6.8040789862696425
ENSMUSG00000032570	0.02195919875642449	5.035137506346462	0.4353609742764758	0.6657665712465721	0.7994786823782278	-6.797674031322883
ENSMUSG00000020780	0.04973086189320686	5.133232400244728	0.43416553740756697	0.66662674089179	0.8000712221568845	-6.80104129976715
ENSMUSG00000058799	0.03752613477621214	5.965371536398906	0.4313062960780702	0.6686859393739919	0.8019094085922766	-6.798417018622627
ENSMUSG00000038298	0.04540586489416043	4.633515650639204	0.4308376346823985	0.6690237127901161	0.8019476341822875	-6.781057378242027
ENSMUSG00000029726	0.0397604954974069	4.897059544533945	0.4296348781117943	0.669890881594865	0.8028167650642422	-6.794961741834988
ENSMUSG00000109865	0.036586772453628846	4.422167784871238	0.42510654842160417	0.6731598349657109	0.8056198861400032	-6.769491742807968
ENSMUSG00000022390	0.03780516430401626	4.115783210921478	0.4245893597650254	0.6735335984356692	0.8059066891676495	-6.74415299804122
ENSMUSG00000019478	0.04329098170377055	4.844088125907455	0.42221616644796833	0.6752497388604364	0.8069959587932304	-6.79584991667837
ENSMUSG00000030612	0.03193160479198731	5.020590247139651	0.4207710687374634	0.6762956018209345	0.8072639865287311	-6.8035000998937
ENSMUSG00000029486	0.035470846121549826	4.094588715236907	0.42060696904601713	0.6764144070847331	0.8072639865287311	-6.74375428426303
ENSMUSG00000020196	0.03842656873330874	4.132252233186817	0.42015279905362946	0.676743261767375	0.8074960802144869	-6.747656563760006
ENSMUSG00000042572	0.02247923418741582	4.177759178714744	0.41936159293945885	0.6773163101288973	0.8078590130140023	-6.752332350045597
ENSMUSG00000072825	0.03150721405124113	4.405755145377907	0.4179165229420776	0.6783634349803733	0.8085462413649888	-6.771388269396802
ENSMUSG00000000056	0.06679672731744635	5.163027497561102	0.4178857355851097	0.6783857511147804	0.8085462413649888	-6.8087486474048236
ENSMUSG00000022914	0.029863671402961867	3.8018656913246893	0.41721031067930897	0.6788754048494146	0.8089157857902304	-6.714139125003603
ENSMUSG00000027601	0.030088689706653682	6.552981236225401	0.4169760437142804	0.6790452711699397	0.8089577784417462	-6.786933491414809
ENSMUSG00000030868	0.027710872972298795	4.566181342525948	0.4147114077271455	0.6806882253218938	0.8101634876641857	-6.783663736261981
ENSMUSG00000027782	0.02993453573087912	4.20945603828192	0.4144660779139068	0.6808663026633612	0.8101634876641857	-6.7572940964958095
ENSMUSG00000022387	0.03547992167671987	3.8936986537898326	0.4114260519823717	0.683074495956104	0.8119870714540512	-6.7266584370370115
ENSMUSG00000025135	0.03899641345831739	4.050355134041885	0.4107603623530008	0.683558412522139	0.8120803679014499	-6.743446326734831
ENSMUSG00000037049	0.03092903594916141	5.0249239837538235	0.41033223682252035	0.6838697056509576	0.8122294100476601	-6.808033960885973
ENSMUSG00000057346	0.09452983261216197	5.207770851061722	0.4102160377087797	0.6839542045001099	0.8122294100476601	-6.812855424672329
ENSMUSG00000012117	0.041756052515103725	4.077926865146153	0.4100258553857659	0.6840925120894432	0.8122331367606134	-6.746535854915985
ENSMUSG00000047417	0.04116984478898367	4.39582479252995	0.4090615416042764	0.6847939661114059	0.8127448039430056	-6.774375860935969
ENSMUSG00000035227	0.050955485018186586	6.517235762916217	0.4084168800533914	0.6852630588202625	0.8131409400574561	-6.791956673367122
ENSMUSG00000023110	0.03857075789210285	4.169102431251371	0.40808242965808733	0.6855064738448562	0.8132475474794556	-6.756233718621247
ENSMUSG00000050390	0.06600578523041278	4.746923181225596	0.40714489134406723	0.6861890008182197	0.8134365172453505	-6.797488788172561
ENSMUSG00000022671	0.04726961313564004	4.2143884407409145	0.40596285530113313	0.6870499013402291	0.814019591066247	-6.761259955950823
ENSMUSG00000014859	0.038404253208137895	4.419834451121238	0.4057014017815751	0.6872403802404301	0.8140404977064349	-6.777474076080316
ENSMUSG00000020015	0.03524789012044849	4.215632011428021	0.4044641127440394	0.6881420725659428	0.8149479136871799	-6.761982941685979
ENSMUSG00000025207	0.04420987323175929	6.778277587115691	0.3994935800389686	0.6917690570865149	0.8182482909641423	-6.7852458332075685
ENSMUSG00000002289	0.12109598569197733	5.828887542852605	0.39949268502057383	0.6917697108448527	0.8182482909641423	-6.813809693711616
ENSMUSG00000024150	0.041785472872506446	8.382059420964017	0.39933881887164785	0.691882104574606	0.8182482909641423	-6.71534517781483
ENSMUSG00000037221	0.031327644342823646	5.41078322828613	0.3966500920264926	0.6938472609225246	0.8199014360629251	-6.820510035369167
ENSMUSG00000037820	0.05912390233568843	5.903255856956238	0.3959647407694065	0.6943485187358984	0.8201966284812293	-6.81408784405312
ENSMUSG00000034274	0.03070076251592546	4.398796932952224	0.3955608901704947	0.6946439554192547	0.8203843412174335	-6.780080279568305
ENSMUSG00000033533	0.030810061555143875	8.334759560424372	0.39441127937453996	0.6954852165590484	0.8212164799181219	-6.719610854955565
ENSMUSG00000079215	0.04324920072631677	4.27286777953139	0.39417572699216824	0.6956576370377119	0.8212586917405915	-6.77104623761799
ENSMUSG00000019295	0.029714975424345536	3.985245238823641	0.39260356177437394	0.6968088548978912	0.8217671417049267	-6.744067822135895
ENSMUSG00000026502	0.05839464296672192	3.6341556164155766	0.3893853482959891	0.6991676547239674	0.8231384085494358	-6.70629254192051
ENSMUSG00000003226	0.03988346112521146	4.747754369740048	0.3890241509047069	0.6994325846120348	0.823142051350992	-6.804828013953332
ENSMUSG00000022323	0.038495753666353494	8.883376254136802	0.3867571519446244	0.7010962434897723	0.8246011601350639	-6.6961251292337
ENSMUSG00000031556	0.02187910244367064	5.545711525064669	0.3834400910444485	0.7035331868029162	0.8263429354799946	-6.825061247318285
ENSMUSG00000026615	0.02854546345250064	5.5668682058298815	0.38190672944458426	0.704660773850289	0.8271745634042561	-6.825399193724805
ENSMUSG00000022789	0.02942528447028092	4.365493953293534	0.38061288730459725	0.7056127510609415	0.8277010370873298	-6.7835198439791125
ENSMUSG00000027649	0.025713857182761757	4.36134313065519	0.37880201130425906	0.7069459538746603	0.8287238074195931	-6.783910649863814
ENSMUSG00000058706	0.03764527054051303	4.0326716107094835	0.37806781938953976	0.7074867472382592	0.8291959945688901	-6.7546646596788245
ENSMUSG00000022130	0.035496048316677964	4.532254763651606	0.37769671626237405	0.707760153955672	0.8293546733852639	-6.796247334971079
ENSMUSG00000004567	0.03469250024257153	5.222442912321542	0.37666834371158797	0.7085180023590004	0.8300808493225256	-6.826483006377682
ENSMUSG00000029028	0.04485564313218271	3.7191227816620627	0.3732822031498174	0.711015501325637	0.8323577142929579	-6.722333999358577
ENSMUSG00000028327	0.06829889800183597	5.638149881134936	0.37259872298872165	0.7115200050223052	0.8327860752199127	-6.827847682613491
ENSMUSG00000023243	0.07814452528908511	4.74000777942748	0.37199456764335254	0.7119660653568216	0.833145878623007	-6.8109852241642495
ENSMUSG00000033793	0.03257508454745839	5.2566958096380585	0.3706090032793054	0.7129894430323183	0.8335893719000141	-6.82933466039864
ENSMUSG00000029196	0.050226613111160834	3.9096761433165965	0.3703831290823855	0.7131563246912136	0.8335893719000141	-6.744591157774975
ENSMUSG00000031838	0.049542383869333406	4.134508267936642	0.3703741118023665	0.7131629871857579	0.8335893719000141	-6.76775966421551
ENSMUSG00000030816	0.02684432827956762	4.07400314754275	0.3702082375426194	0.713285548861512	0.8335893719000141	-6.761841029354184
ENSMUSG00000001380	0.029508158868821077	4.5519435213347545	0.36890676998055705	0.714247448041232	0.8343532105909337	-6.800877419763944
ENSMUSG00000022247	0.03191223968435697	4.954645724641022	0.36859369465155317	0.7144789088333512	0.8344613728240248	-6.821923357579297
ENSMUSG00000034248	0.04775880383827413	4.501293668899616	0.3679297435709617	0.7149698671506326	0.8347103034210515	-6.797853876372541
ENSMUSG00000024785	0.04322951726148716	6.67306371306903	0.3676830422229455	0.7151523216163187	0.8347611306512158	-6.8016990688133925
ENSMUSG00000022354	0.0397580675790552	7.78874431592503	0.36734005170988343	0.7154060173883928	0.8348950783621776	-6.757773250862925
ENSMUSG00000035152	0.028024118519439867	4.616384043797168	0.36566539416429406	0.7166451607049389	0.8360164571298734	-6.80624911215092
ENSMUSG00000009927	0.0515935817718578	8.951131739917408	0.36542193934556116	0.7168253669621854	0.8360643691917259	-6.700828568873314
ENSMUSG00000027513	0.13893458733053876	10.189233851220877	0.364968858715615	0.7171607827532217	0.836293255106561	-6.634258401946451
ENSMUSG00000030714	0.03896769460907912	4.864944712728648	0.36266909316122664	0.7188641737491708	0.8381169615946386	-6.820425387549392
ENSMUSG00000028967	0.08249701864935233	8.939562893556277	0.36152685971773263	0.7197107443551685	0.8389411955053748	-6.70284013515071
ENSMUSG00000027395	0.04458518995681704	3.7579086476519157	0.3609789123713256	0.7201169845844718	0.839251931801414	-6.731305983979451
ENSMUSG00000024483	0.02963139874422982	4.4172105976096745	0.36031880441825925	0.72060648821019	0.839413135301322	-6.794868022492665
ENSMUSG00000028322	0.035347574627695444	4.585700619176195	0.36013251761869364	0.7207446509048281	0.839413135301322	-6.806325904466942
ENSMUSG00000023150	0.05355963621297466	5.904772199088571	0.35969427892541145	0.7210697152806692	0.839413135301322	-6.8279359152146295
ENSMUSG00000025812	0.023166289955524277	5.001547761350057	0.3596622692846384	0.7210934605467505	0.839413135301322	-6.826966737353792
ENSMUSG00000030236	0.05679386296519695	9.627127853171961	0.3580777858849412	0.722269204866775	0.8397983437376779	-6.667750115792082
ENSMUSG00000020361	0.033243020187955	5.946491336814703	0.35795011954817474	0.7223639676804714	0.8397983437376779	-6.827970739925932
ENSMUSG00000053436	0.040560846463353784	5.95125347558085	0.35789798191128835	0.7224026691263201	0.8397983437376779	-6.827923021898853
ENSMUSG00000028419	0.022727518973785443	5.466086278687774	0.35757012927120974	0.7226460490399147	0.8398096891804742	-6.835355807741906
ENSMUSG00000050708	0.03607157258210414	11.56902361913809	0.3571645501346208	0.7229471692477831	0.8399438399091124	-6.56581397734055
ENSMUSG00000050732	0.03378815544078151	6.249568471995737	0.35676000757874626	0.7232475643031167	0.8400409918761144	-6.822188084975317
ENSMUSG00000071866	0.026711623734605894	9.059447106367317	0.356675416963593	0.7233103830865395	0.8400409918761144	-6.698517944153653
ENSMUSG00000066150	0.02028177352299121	6.064883351994903	0.3536048864747932	0.7255919334009224	0.8417780299259315	-6.827740689665251
ENSMUSG00000031399	0.030297782044403476	4.29908791830319	0.35344224959862164	0.725712851216013	0.8417780299259315	-6.788565313147826
ENSMUSG00000041841	0.04865146368754392	7.3241565831559114	0.3532942519656719	0.7258228911764713	0.8417780299259315	-6.783428755739868
ENSMUSG00000021595	0.024775712002831796	6.198271374429058	0.35321065275980595	0.7258850518891502	0.8417780299259315	-6.8249646722087824
ENSMUSG00000024644	0.028706744756648916	4.6759480003104175	0.3525951785995516	0.7263427493273631	0.8417780299259315	-6.814581596583366
ENSMUSG00000035621	0.034946492171204824	4.91534215025334	0.3525763873498598	0.726356725042081	0.8417780299259315	-6.826204041716867
ENSMUSG00000067288	0.05265264991830243	6.498795052207811	0.35243052258222457	0.7264652130320427	0.8417780299259315	-6.81425569906117
ENSMUSG00000027447	0.03211579396369224	7.937223632353096	0.352212786945679	0.7266271661217851	0.8417780299259315	-6.7555788507768515
ENSMUSG00000037960	0.04461907828370926	3.7787054692232256	0.3505391370869926	0.7278724607554978	0.8430581373708147	-6.737396877036901
ENSMUSG00000030850	0.025785900010543372	4.050908452933055	0.34949727245730866	0.7286480475235155	0.8434785872182978	-6.767038557777922
ENSMUSG00000021500	0.03283010682572973	3.8910467259231463	0.3494858223378547	0.7286565728490904	0.8434785872182978	-6.750177395788476
ENSMUSG00000022575	0.04269792341768319	5.4457413979918785	0.3486388446996996	0.7292872970526889	0.8438410093228542	-6.838614006925847
ENSMUSG00000057691	0.036002914027332356	3.7559758483063197	0.347896185909315	0.7298404943023202	0.8440360912745655	-6.735772706274006
ENSMUSG00000021910	0.02414115966472874	7.013581272080245	0.3449907094209104	0.7320061501835633	0.8462148819648003	-6.797099087328758
ENSMUSG00000028343	0.031257396058903986	6.767454230398889	0.3440984314710226	0.732671674423006	0.8465026370541159	-6.806500899752934
ENSMUSG00000063316	0.037000396903980715	7.959966213139638	0.34379942285894094	0.7328947430729679	0.8465026370541159	-6.7573519998418545
ENSMUSG00000027706	0.019418639705352625	6.806495591141761	0.3431067014997229	0.7334116223795094	0.8468621135431345	-6.805340951334883
ENSMUSG00000020841	0.02974120695465743	3.7447827444287394	0.34271329940135437	0.7337052183282753	0.8470383586810003	-6.73631284744796
ENSMUSG00000022982	0.029689121948607067	8.471854888738964	0.3406273628774087	0.735262628344875	0.8480863127952857	-6.732967259470261
ENSMUSG00000001289	0.044392352873642515	7.148411333112803	0.34055237530017884	0.7353186369884237	0.8480863127952857	-6.7940556778957655
ENSMUSG00000035769	0.025550830107089695	6.337683347882683	0.3394515870214345	0.7361409902340477	0.8488450156565005	-6.825241275147197
ENSMUSG00000029840	0.020120260407100687	6.468029316188266	0.3380524159851706	0.737186706648139	0.8494256798175777	-6.820534852982492
ENSMUSG00000016128	0.04665377048812047	4.030687926471855	0.33786299592179775	0.7373283148998024	0.8494259670691935	-6.769011208229306
ENSMUSG00000037942	0.04018188978531345	7.823841757508619	0.33756649478392253	0.7375499943439248	0.8495184811218408	-6.766584676659887
ENSMUSG00000039670	0.04346125795330735	4.2930270619156605	0.33661086354162834	0.738264627661309	0.8498529018423	-6.793955573336473
ENSMUSG00000046201	0.02520550255708187	3.8511170958541516	0.3361149372699992	0.7386355804629438	0.8501170662711796	-6.750444611186915
ENSMUSG00000064345	0.05379478632545087	12.774651037801782	0.3353671654739839	0.7391950333078041	0.8505980381360772	-6.5114777990345605
ENSMUSG00000020821	0.028223932938767682	6.162513673504198	0.3342708346182971	0.7400155235560355	0.8513791462853182	-6.832468703395942
ENSMUSG00000058921	0.07292364141930907	4.194260198150607	0.3332716993075082	0.7407635410586275	0.8519135154490513	-6.786607266705298
ENSMUSG00000069744	0.031176101211878304	6.629157000293055	0.3327455198044015	0.7411575756904809	0.8520489370029154	-6.815817008853343
ENSMUSG00000027189	0.033283572198715916	5.157824499632859	0.33269674563120294	0.7411941042811592	0.8520489370029154	-6.840995420376233
ENSMUSG00000012405	0.028707017030623838	7.83636266427436	0.3320916191141146	0.7416473539583752	0.8521222390442346	-6.767793817777885
ENSMUSG00000043284	0.025279578447126916	4.557729325815624	0.3320826527752984	0.741654070594333	0.8521222390442346	-6.814322496296346
ENSMUSG00000040525	0.047774379224283514	4.3106469225601565	0.3315446700997226	0.7420571079466018	0.8524223210956089	-6.7970659342259845
ENSMUSG00000059291	0.03291444618672301	8.581698672744409	0.33100748988611756	0.7424596175343795	0.8525587314664793	-6.730985554401408
ENSMUSG00000029640	0.044458820206305205	3.861973255821651	0.3302978847718581	0.7429914375223889	0.8529529530101727	-6.753597368080499
ENSMUSG00000047187	0.021206369982230022	5.999459819026494	0.3292243999348381	0.7437962128799038	0.8536041717332585	-6.837219326163673
ENSMUSG00000063273	0.026603131321897067	4.323563131294429	0.3254172428752957	0.7466527224614355	0.8560649130453666	-6.800097906214275
ENSMUSG00000030869	0.023994873838841357	6.584393549511765	0.324902798336954	0.7470389889449423	0.8563443885101408	-6.8202214468704625
ENSMUSG00000026280	0.01977023753309659	4.940660476968341	0.32470075928827663	0.7471907063944447	0.8563549408209457	-6.8367824293488555
ENSMUSG00000045092	0.05469169458693823	4.611614378282365	0.3223324653267184	0.7489698906045006	0.8573116242681554	-6.8210405850619455
ENSMUSG00000040532	0.026986643255353826	4.778928456300622	0.3222602890323152	0.7490241350320879	0.8573116242681554	-6.830421574688164
ENSMUSG00000047963	0.0526742757141303	6.07108471140784	0.3215626306161213	0.7495485299724143	0.8574218763762113	-6.83858911670306
ENSMUSG00000033186	0.03910867952793673	4.901234846523297	0.3204292747521022	0.7504006735190561	0.8582332788686731	-6.836584368179415
ENSMUSG00000021891	0.026110828197318803	3.7161715903722072	0.31716120442212886	0.7528596289526645	0.8598999259411825	-6.741572337703285
ENSMUSG00000071172	0.03887943378591885	5.765582157243215	0.3167661701806544	0.7531570371977057	0.8599434198593363	-6.8449172420686555
ENSMUSG00000006818	0.01857828975158693	7.274780101272207	0.3163335293109664	0.7534828019416813	0.8599434198593363	-6.797740648305961
ENSMUSG00000053560	0.04059239526620928	4.1120028361408725	0.3162765636452854	0.7535256986684662	0.8599434198593363	-6.784341774625046
ENSMUSG00000036860	0.019783749993951716	4.8955077460460075	0.31616029459094525	0.7536132549474563	0.8599434198593363	-6.837721456710716
ENSMUSG00000058407	0.022096893734716794	5.069283238502277	0.3152338304964131	0.7543110453128645	0.8604128836911548	-6.844373437887123
ENSMUSG00000062382	0.03480792562675372	3.9243158991946823	0.31478890125378073	0.7546462294604221	0.8604593233806804	-6.765422453620183
ENSMUSG00000055204	0.02619291535671131	3.739133866557543	0.314627719815984	0.7547676661641158	0.8604593233806804	-6.74500151270986
ENSMUSG00000036775	0.032684174040714	8.56216382159324	0.31280503169941987	0.756141346933653	0.8615194072287297	-6.737840042809665
ENSMUSG00000029596	0.04991601951993285	3.94322216822168	0.3116017458443147	0.757048650910715	0.8621485984180085	-6.768452157244051
ENSMUSG00000009563	0.02737151772787705	5.065845750014363	0.31146166086372007	0.7571543007240861	0.8621485984180085	-6.845466524602364
ENSMUSG00000021468	0.020690892070995837	4.751135135275578	0.31131159589442003	0.7572674825179313	0.8621485984180085	-6.83255136449426
ENSMUSG00000039480	0.029630280518579966	4.247329319855283	0.31059064062058034	0.7578113158413212	0.8624409463807764	-6.79868845062032
ENSMUSG00000029202	0.018238644107711366	4.723622626165469	0.3097841952291	0.7584197840718192	0.862969983428813	-6.83159654028277
ENSMUSG00000046562	0.02954697335654366	4.562908279868435	0.3095414701782923	0.7586029521715371	0.8630136874943751	-6.821986967166248
ENSMUSG00000019802	0.018768340529385696	5.977612693042157	0.30935267382811454	0.7587454336882649	0.8630136874943751	-6.8439606475330415
ENSMUSG00000006676	0.023492564491884416	5.359208030149391	0.30862303888541703	0.7592961572865276	0.8633392249607104	-6.851735403178608
ENSMUSG00000008682	0.027342508306634983	9.84520795500753	0.30842388539149485	0.759446499088627	0.8633392249607104	-6.6723509951695155
ENSMUSG00000038344	0.025339155915928835	3.7163636369777526	0.30840247400613696	0.7594626631955924	0.8633392249607104	-6.744364205763983
ENSMUSG00000051518	0.043050451108829435	4.65004221136784	0.30734210863078704	0.7602633018860183	0.8640859052455239	-6.828171944309516
ENSMUSG00000059439	0.033087906581094284	3.6957135471951066	0.3071090316595451	0.760439324657718	0.8641225230461853	-6.742391489491786
ENSMUSG00000021831	0.02916426560879426	4.611203125475655	0.30622561936223613	0.7611066061912579	0.8647169231941328	-6.826142064123169
ENSMUSG00000030314	0.02852732005745029	5.201965109821117	0.30481901593657085	0.762169459073657	0.8651069662964874	-6.850901753469891
ENSMUSG00000024425	0.026518503191633513	8.074271611461068	0.30322629882220825	0.7633735058266663	0.8661713661043087	-6.764728885794606
ENSMUSG00000037601	0.03482770295703741	4.147062363437603	0.303197213206192	0.7633954992325542	0.8661713661043087	-6.79185762165008
ENSMUSG00000001630	0.03248048930865277	3.8310499666659625	0.30219486237427945	0.7641535589772381	0.8668677998667592	-6.75917668742749
ENSMUSG00000106864	0.025795847763414592	3.648829464880704	0.3015185493430354	0.7646651751459177	0.8671207845729043	-6.738673481583663
ENSMUSG00000025762	0.024833268495489058	6.353457966476552	0.3005094441558359	0.7654287399326136	0.8678228864632217	-6.837270708481909
ENSMUSG00000058600	0.030873658052339437	7.088321863608939	0.29955592410666254	0.7661504627296931	0.8683134912377831	-6.809366921641029
ENSMUSG00000030374	0.02099821766699339	5.11858350918904	0.2991617354018994	0.7664488873071345	0.8684753695295402	-6.850776699058614
ENSMUSG00000034917	0.08025902454869538	4.617199684544027	0.29897030188198265	0.7665938270075077	0.8684753695295402	-6.828742972297455
ENSMUSG00000028691	0.024038242937464815	10.46283104722372	0.2976318106342471	0.7676074734134075	0.8693089535886102	-6.6421245336134245
ENSMUSG00000039001	0.03792627220741451	8.107660967631336	0.2970667147060077	0.7680355477671851	0.8695651744666393	-6.764896092562128
ENSMUSG00000014867	0.024522538815509698	7.674610905626789	0.2969510976858319	0.7681231396353672	0.8695651744666393	-6.787048045131368
ENSMUSG00000028291	0.01723276373504845	4.603692183304347	0.2961338490529616	0.7687423778756353	0.8699133826339779	-6.828745890848036
ENSMUSG00000097101	0.03623743980858851	3.812155655385951	0.29597199900747406	0.7688650316473717	0.8699133826339779	-6.75896390244116
ENSMUSG00000020523	0.01283324818186049	5.138734855245619	0.29366668296420373	0.7706127061093866	0.8710311930337175	-6.85293920752748
ENSMUSG00000039914	0.030855759128984417	4.911095380456731	0.2931002422669939	0.7710423141533707	0.8710647237728152	-6.845483878221579
ENSMUSG00000078812	0.016454955481828293	8.620074321140047	0.2909630484434696	0.7726638918797784	0.8721472481791165	-6.741741129730569
ENSMUSG00000059908	0.0504146867004156	10.715240934051776	0.2906896890051517	0.7728713756954226	0.8721472481791165	-6.6310227406120035
ENSMUSG00000031751	0.017014607157934236	8.340890670718128	0.29029234041893087	0.773172999195039	0.8723237987538471	-6.7553361400179455
ENSMUSG00000030269	0.02171125823897846	4.346837093125188	0.29005035513546373	0.7733567053620958	0.8723672691047181	-6.812878653847919
ENSMUSG00000029227	0.02027357045219169	4.374623485555756	0.28920185387017056	0.7740009600158055	0.8729301367745825	-6.815174304839238
ENSMUSG00000039934	0.0228363157115421	4.453006606687546	0.2889514748379766	0.7741911001278768	0.8729807319700529	-6.82083122668892
ENSMUSG00000001670	0.05312824713312203	10.129768468997678	0.28805173406665663	0.7748744876412228	0.873587391413904	-6.662809006065021
ENSMUSG00000014313	0.02774232914441299	7.937639964937671	0.2871040788536466	0.775594464152547	0.874235065671104	-6.776609782124924
ENSMUSG00000055024	0.02802899882621457	4.2123794969794375	0.2865801497261602	0.775992602966426	0.8745197958036861	-6.802900365805177
ENSMUSG00000020794	0.01725157530150323	4.655536448323299	0.2817934561509505	0.7796328798806558	0.8774430099440371	-6.836126351638897
ENSMUSG00000016257	0.03235488736572911	6.072802214650335	0.28163345646308297	0.7797546468798733	0.8774430099440371	-6.850763535865127
ENSMUSG00000024687	0.02781252028787229	4.3578412916680636	0.28095790762678824	0.7802688320218703	0.8776928887344475	-6.816323821860054
ENSMUSG00000021326	0.027465605033923257	3.8580202495065286	0.2792606248701211	0.7815611371489415	0.8787411390972814	-6.76889889227866
ENSMUSG00000047084	0.02572964715174786	3.8871546403200368	0.2788544426826529	0.7818704960291425	0.8787411390972814	-6.772198537294467
ENSMUSG00000021738	0.03194155840446555	4.409682868218968	0.27871568786863343	0.7819761835183576	0.8787411390972814	-6.820731551675255
ENSMUSG00000049969	0.022002159823013123	3.7853376635397806	0.27851344376867015	0.7821302373550592	0.8787411390972814	-6.761047967147056
ENSMUSG00000004771	0.01784307895713866	6.216551198249274	0.27835036750751474	0.782254462649504	0.8787411390972814	-6.848405819013546
ENSMUSG00000005779	0.01950178707391892	7.9188215328739595	0.276769174116931	0.7834592546819799	0.8796350264170436	-6.7805426746136925
ENSMUSG00000038212	0.01614731250132806	4.513152433696595	0.2760256950952113	0.7840259362159787	0.8800645794276031	-6.828613997660783
ENSMUSG00000025813	0.04076654287842807	4.31368290937693	0.275314785695876	0.784567904525769	0.8802219078221332	-6.81457945573731
ENSMUSG00000005506	0.021341905454507426	4.9241010882272835	0.27476366177876577	0.7849881336931619	0.8804575310087709	-6.851287649083027
ENSMUSG00000020166	0.017759756696148266	4.861414650339005	0.2726683209302117	0.7865864143960173	0.8814990235184013	-6.849233834237712
ENSMUSG00000079426	0.01696778490169315	5.311816264218271	0.27063972053775814	0.7881346784131626	0.8821218510518352	-6.862506853411944
ENSMUSG00000109901	0.013844943771861296	4.218428653841715	0.2704514260535182	0.7882784323902567	0.8821218510518352	-6.80798330889223
ENSMUSG00000031722	0.07587122398931534	11.676325835793543	0.2702127774519684	0.7884606401410978	0.8821218510518352	-6.587761543436594
ENSMUSG00000050445	0.0777500257650443	7.22148004107143	0.270089889142686	0.7885544698256707	0.8821218510518352	-6.813345747336354
ENSMUSG00000021413	0.025536029522189807	5.514354601771414	0.2699396155451096	0.7886692135076212	0.8821218510518352	-6.862930496839742
ENSMUSG00000074781	0.021576498788628662	5.631563382789723	0.26989396245111236	0.7887040735635795	0.8821218510518352	-6.861389390985706
ENSMUSG00000064349	0.05637192366625321	8.372418054399139	0.2698872822949043	0.7887091744731479	0.8821218510518352	-6.7595889805477105
ENSMUSG00000034177	0.03398340416524048	3.8545141572137216	0.2691487021402294	0.7892732059508265	0.8825349264158013	-6.771319135485329
ENSMUSG00000031827	0.02912600708847579	3.9165976749924463	0.2688319064875465	0.7895151684932962	0.8826412367397612	-6.77816303213117
ENSMUSG00000002083	0.056437707145569505	3.7806424116898354	0.2678160547104427	0.7902911991820527	0.8831801777729134	-6.763477919037454
ENSMUSG00000023952	0.03405196885864026	5.182059336988035	0.2667725151661653	0.7910886063720513	0.8837425981947677	-6.861543390669709
ENSMUSG00000037475	0.019209063231627965	4.521157907021691	0.2655951624049664	0.7919885382130873	0.8845834806919037	-6.8320145777114005
ENSMUSG00000021792	0.024003130030270547	6.7374603217027165	0.2648995589070884	0.7925203714734702	0.8850129924148081	-6.832095480400654
ENSMUSG00000017132	0.033205268923919284	4.774749442103257	0.2633026810689323	0.7937416658977788	0.8861632351631693	-6.847710998061267
ENSMUSG00000004788	0.020867105712489398	4.548044700414755	0.2602414211859486	0.7960843904889483	0.8877224960702025	-6.835238042635682
ENSMUSG00000031023	0.028462519171943867	4.651829108316786	0.25877130090323286	0.7972101270722686	0.8883494569685785	-6.842212101411792
ENSMUSG00000045294	0.04746658989519581	8.206517541292966	0.2582835543277916	0.7975837134175429	0.8883494569685785	-6.770824110129125
ENSMUSG00000061461	0.024162957328586643	5.0293493230742365	0.25809820946899686	0.7977256897657596	0.8883494569685785	-6.85971510154145
ENSMUSG00000034403	0.017665897173394285	4.934689542259606	0.2548740288317454	0.8001965595009146	0.8905584725458064	-6.857054308360547
ENSMUSG00000037894	0.023706546733420986	6.794252002120052	0.2547362782079644	0.800302172033176	0.8905584725458064	-6.832568353020835
ENSMUSG00000035824	0.019201869062809962	4.734119900189348	0.25354112318986977	0.8012186490159174	0.89130899359198	-6.848208380530047
ENSMUSG00000021745	0.03017166029623919	3.891795554196702	0.25346988248881563	0.8012732872996965	0.89130899359198	-6.779542863531108
ENSMUSG00000009079	0.02276863724488809	6.60534151108836	0.252721281584678	0.8018474902332122	0.8914526491787923	-6.840502554563177
ENSMUSG00000054008	0.040604715576493255	4.886131887929058	0.25165651258443894	0.8026643967878184	0.8921957751198669	-6.855888920545221
ENSMUSG00000016308	0.017526004827609576	5.153340146763416	0.2507551036933679	0.8033561464172776	0.8925649575511957	-6.865127080361824
ENSMUSG00000066568	0.014440432818732418	4.9175077674493295	0.250643053473872	0.8034421460133829	0.8925649575511957	-6.857447243588083
ENSMUSG00000052751	0.02476040355118858	4.894191200255121	0.25027033101060264	0.8037282318077423	0.8927177347380265	-6.856582892612994
ENSMUSG00000015994	0.01538369806139972	5.646160977808554	0.24975033696544532	0.8041274026384907	0.8929960381546277	-6.866446557043402
ENSMUSG00000026554	0.013880576599676786	6.315112920942002	0.24805613664265302	0.8054283150049585	0.8938747828983626	-6.853269364145418
ENSMUSG00000059208	0.019633262288454745	5.688808921639465	0.24794493655262062	0.8055137209842957	0.8938747828983626	-6.86611092432885
ENSMUSG00000034075	0.019106857882281503	5.661338338818294	0.2462230250709323	0.8068365230906973	0.8948469300944999	-6.867060954766128
ENSMUSG00000025374	0.014267707467256585	5.382578316670997	0.24574092150186524	0.8072069865305255	0.8950925968005032	-6.86953904050189
ENSMUSG00000074794	0.08589036010688389	5.963443701537386	0.24390557185206127	0.8086177373592458	0.8959955714165053	-6.862513474917441
ENSMUSG00000002043	0.02912969375961083	4.277076403602172	0.2412580678185362	0.8106538939207228	0.8974699340651572	-6.8205689772307245
ENSMUSG00000025326	0.013665376020791875	4.796118028753742	0.24088639648438345	0.8109398479326783	0.8974699340651572	-6.854481977367963
ENSMUSG00000030264	0.02179534677412942	4.4471940829059635	0.23886648589234155	0.8124943710529329	0.8977995857518758	-6.833824523909956
ENSMUSG00000028889	0.03001171745625353	4.027444394790411	0.2388267248940128	0.8125249788519174	0.8977995857518758	-6.797581375214854
ENSMUSG00000029823	0.02516545867806741	5.983602834633514	0.23829388055871173	0.812935188230314	0.8977995857518758	-6.863604373289819
ENSMUSG00000010362	0.026858281288010488	4.0518682194344	0.2377053718517431	0.8133883127716848	0.8981349451387457	-6.800357698772816
ENSMUSG00000050199	0.021934072989754583	4.736046769328243	0.2374306977720757	0.8135998213813871	0.8982034405072119	-6.8523195901966165
ENSMUSG00000042364	0.019619951425011273	3.8375873471191744	0.23698833911805442	0.8139404826645183	0.8982899223868209	-6.7776912622580525
ENSMUSG00000026496	0.019389066666439803	5.668097298907151	0.23214531472075425	0.8176724854426948	0.9008808667705593	-6.8703509383917485
ENSMUSG00000041733	0.018105898157591227	4.74758312332266	0.23204376231442714	0.817750787412896	0.9008808667705593	-6.854199823351878
ENSMUSG00000054387	0.02275097663574499	4.752247021846873	0.2302416429140768	0.8191406251723868	0.9018351074864186	-6.854861167691763
ENSMUSG00000061232	0.02363438908857063	10.363042258646031	0.22758208076411604	0.8211928221095681	0.903763309167838	-6.665973200783766
ENSMUSG00000024959	0.019357181063890394	4.414977841789219	0.22732675066232322	0.8213899096030276	0.9038146798763218	-6.8342881074159205
ENSMUSG00000030671	0.02154377314546707	5.878065869603854	0.22597769568776774	0.8224314299091877	0.9044638474239219	-6.868021851101968
ENSMUSG00000059923	0.01579394984478366	5.025175270115122	0.22487818015283068	0.8232805373782864	0.9050663646370515	-6.867712114449974
ENSMUSG00000032812	0.023467209155462854	5.881148899578492	0.22292634093177402	0.8247883864309444	0.9060217432748372	-6.868670518706797
ENSMUSG00000028063	0.027844141178830384	4.776033128163435	0.2225822855502579	0.8250542484939107	0.9060217432748372	-6.857806895204709
ENSMUSG00000041757	0.02371828047746849	4.691623528187391	0.22152378026826006	0.8258723184760363	0.9066880072118865	-6.853606273656954
ENSMUSG00000030079	0.016695753983386297	4.197645637814266	0.22112090197274187	0.8261837362709327	0.9066880072118865	-6.818401080375647
ENSMUSG00000024357	0.02571237264489845	5.263677859045784	0.2210785014647581	0.8262165127682991	0.9066880072118865	-6.87427751801069
ENSMUSG00000036779	0.015274265808702836	4.391745610205968	0.2210163930559454	0.826264524462022	0.9066880072118865	-6.834053535385084
ENSMUSG00000017264	0.02127174804000287	4.197262826213008	0.22066889975775747	0.8265331598351304	0.9066986624575086	-6.818467227386708
ENSMUSG00000054484	0.025073410545986885	3.831878952828063	0.22061346724139422	0.8265760148015031	0.9066986624575086	-6.780852732202351
ENSMUSG00000023367	0.04486913964139028	7.206809597512712	0.22033119772476656	0.8267942461426179	0.9067047783222758	-6.826216337187003
ENSMUSG00000058454	0.04429438850563372	6.33998955827735	0.2198256252254175	0.8271851547283602	0.9067047783222758	-6.859062414122434
ENSMUSG00000062328	0.02880615361023864	9.092572753291611	0.2184190029410992	0.8282729889025122	0.9076027004526881	-6.73699355093784
ENSMUSG00000038696	0.011965095069063736	5.299040306946112	0.21837579667967635	0.8283064086008556	0.9076027004526881	-6.875334496943159
ENSMUSG00000034908	0.016509042837255627	7.1126256365282785	0.2177125890970469	0.8288194348953439	0.9079992678734953	-6.829996612974614
ENSMUSG00000022184	0.0226109215509247	4.309782027823765	0.2171033436600748	0.8292907855301133	0.9083500419705525	-6.828800442577879
ENSMUSG00000018848	0.021953982545912964	5.437676522425008	0.21620288677789404	0.8299875526655084	0.9089475494745836	-6.876548274896017
ENSMUSG00000109324	0.018494517406892896	4.593392249134561	0.21537317267290443	0.8306297026611393	0.909319344742355	-6.849027489277848
ENSMUSG00000004394	0.01490166730360265	5.877836118726033	0.21411960628544818	0.8316001124312438	0.9098843910413954	-6.870673013557844
ENSMUSG00000014769	0.013149896961005325	6.861588417399692	0.21343179202394555	0.8321326761918906	0.9101356482047817	-6.839807588802328
ENSMUSG00000061979	0.016548115880707037	4.068718981275669	0.21286429363741477	0.8325721416210523	0.9104505912649506	-6.807737411219601
ENSMUSG00000038690	0.02437815952482758	8.132606637710584	0.2124862282565079	0.8328649421215915	0.9106050649942946	-6.785445273368356
ENSMUSG00000021051	0.017123831916482146	5.171346558222594	0.21224152862526352	0.8330544676348887	0.9106465883241851	-6.8745697405548345
ENSMUSG00000107881	0.017904731810343577	4.7086841584195795	0.21133739027911805	0.8337548310924161	0.9109854131541124	-6.856789582494575
ENSMUSG00000024843	0.08523754640487358	5.11842071895921	0.21122300396693847	0.8338434467823939	0.9109854131541124	-6.8735334444008025
ENSMUSG00000002015	0.0182209958649997	7.026825337980469	0.21073990842280935	0.834217727689964	0.9109854131541124	-6.83442905073127
ENSMUSG00000060586	0.04398600262558361	4.348407920836998	0.21059966379144673	0.8343263903032665	0.9109854131541124	-6.833152103170461
ENSMUSG00000043323	0.01914247446276951	3.6448347951987445	0.21057617362433595	0.8343445909862034	0.9109854131541124	-6.761762891930144
ENSMUSG00000017858	0.014033233805260004	5.117331373906949	0.21047273871187996	0.8344247356622885	0.9109854131541124	-6.8736656251340555
ENSMUSG00000003380	0.020092185473217228	6.468832062294683	0.21047156229766378	0.834425647195912	0.9109854131541124	-6.855966661373926
ENSMUSG00000028465	0.01848797025071125	6.042649615792432	0.20955508221209265	0.8351358434787053	0.9114295829029314	-6.869228573390923
ENSMUSG00000000374	0.016183812111126628	4.339486187370217	0.2089866714413622	0.8355763851226796	0.9117447790452482	-6.832824910454456
ENSMUSG00000031988	0.012618202719382854	3.7355078882325827	0.20802548322042647	0.8363214673895109	0.9122264834894845	-6.772775821117993
ENSMUSG00000010609	0.040930477131023935	7.237575565573396	0.20740155297119287	0.8368051998975939	0.9124379474588651	-6.827954813854467
ENSMUSG00000032786	0.08897506518205134	8.153124345958283	0.20738372067735286	0.8368190262016652	0.9124379474588651	-6.785494599187316
ENSMUSG00000029920	0.015992608045662493	3.8291238543693753	0.20585883910374253	0.8380015395746293	0.9133958373488024	-6.783733661564757
ENSMUSG00000015542	0.021482971480171642	5.247788255974984	0.20482645062730023	0.8388023512207902	0.9141028887351701	-6.877551834067371
ENSMUSG00000019437	0.02564315136329043	5.099975599166145	0.20370836843375847	0.8396698302986507	0.9148823228040965	-6.874620259624155
ENSMUSG00000029064	0.0093979200911809	5.7846817517191065	0.2025743062291812	0.8405499146290563	0.9156752061287163	-6.87463655543005
ENSMUSG00000090137	0.019616696726775906	4.581721024386281	0.20219091416244528	0.8408474914177388	0.9157388645857713	-6.851062039378707
ENSMUSG00000016619	0.01815728670809813	3.994755153665181	0.20210633867310562	0.840913139421582	0.9157388645857713	-6.802380924109751
ENSMUSG00000024386	0.018988407860753398	8.476305451824818	0.20164549927696587	0.8412708659356682	0.9159624267815601	-6.770872322413602
ENSMUSG00000022538	0.01751992592010687	4.399937718230521	0.20096912430452443	0.8417959636105808	0.9163156400413435	-6.838934286153074
ENSMUSG00000022177	0.022479954261255486	4.803452770901694	0.20083479494966466	0.841900257724789	0.9163156400413435	-6.863810492153325
ENSMUSG00000031138	0.013434487859107946	6.658979976213659	0.198810790846956	0.8434720547578282	0.9175478685319253	-6.850713976540787
ENSMUSG00000001542	0.017570297876118524	6.083035350167506	0.19789189596485848	0.8441858627526062	0.9175681765864317	-6.870943358129365
ENSMUSG00000030733	0.013184288552262835	4.4631479373183005	0.19778016499797574	0.8442726657258082	0.9175681765864317	-6.844020275356898
ENSMUSG00000047213	0.012397186652739478	5.132536496488911	0.19729516075534315	0.8446494847683959	0.917811709579257	-6.87678318362256
ENSMUSG00000006301	0.011474199639008198	4.317885989356424	0.1951127296853218	0.8463455583031486	0.918987113798561	-6.834024131390779
ENSMUSG00000021156	0.012048966064831745	5.403798970725433	0.19447939578083387	0.8468378919523288	0.918987113798561	-6.881056846780508
ENSMUSG00000002379	0.02206866121060802	6.745497118362078	0.19393576318348582	0.8472605442576182	0.918987113798561	-6.848289754431128
ENSMUSG00000000555	0.032159931554751164	3.7876025829368842	0.19168238930220613	0.849012936938831	0.9200574820677069	-6.781967597902271
ENSMUSG00000054302	0.01374762648354455	4.446536382815161	0.19121885374172085	0.8493735135416304	0.9201860823393821	-6.844169411650489
ENSMUSG00000020362	0.011069003532226063	4.9466718185623435	0.1901713589347684	0.8501884629199354	0.9206883040140409	-6.8721393491203
ENSMUSG00000073424	0.01369210467345372	7.252388954222754	0.18976986704130155	0.85050086718769	0.9208395875551044	-6.8309868772306
ENSMUSG00000036561	0.014218222027016836	4.165654544900571	0.18954073249646947	0.8506791696747216	0.920866714209224	-6.822001048460708
ENSMUSG00000027742	0.014016031849478416	4.338714145552649	0.18863977181565056	0.8513803348005605	0.9213571399449608	-6.83686888525991
ENSMUSG00000027166	0.020803599204302525	3.704769568776419	0.18856455819525245	0.8514388747070007	0.9213571399449608	-6.773164356489328
ENSMUSG00000031386	0.02089169391444612	3.832296276773005	0.18804586113169522	0.8518426076950497	0.9216280571911333	-6.787639212182779
ENSMUSG00000047731	0.013961956312257051	7.178663028402951	0.18735028016290575	0.8523840833864956	0.9220478770602073	-6.833995963653572
ENSMUSG00000019055	0.014264739023102102	5.235270247969312	0.18684299438667235	0.8527790261440648	0.9223090655327006	-6.88092243332546
ENSMUSG00000020561	0.013905430502029859	4.275863845927764	0.18634267627509316	0.8531685818891936	0.9223617341695656	-6.832372643993325
ENSMUSG00000002129	0.019224960852377126	3.985895853962674	0.18464396744131334	0.8544915012820504	0.92316422711324	-6.804871039714808
ENSMUSG00000026867	0.013891157531958243	4.563332709078044	0.18317181440986427	0.8556383280372286	0.9240709405420033	-6.853575574692203
ENSMUSG00000007833	0.01623484886327997	5.883369897767287	0.18282342882249653	0.8559097715356235	0.9241071231968978	-6.876894179558772
ENSMUSG00000023944	0.025675216181804572	10.3279002058432	0.18077033384971822	0.8575097928445614	0.9249284410703589	-6.677501299841061
ENSMUSG00000036275	0.012372830324521189	6.78762824065078	0.1769123700430649	0.8605180297329195	0.9276736348520117	-6.849857018300527
ENSMUSG00000022999	0.023493462889280003	4.071868812947385	0.17513512704167647	0.8619045415054459	0.9288180676660149	-6.81547453134174
ENSMUSG00000018171	0.015285649674484425	7.4364410597789625	0.17512344458846846	0.8619136570118491	0.9288180676660149	-6.826750149884346
ENSMUSG00000037331	0.015336654699230401	5.319559279691443	0.17384956095572746	0.8629077488847297	0.9290830788475793	-6.884411627997489
ENSMUSG00000064356	0.0316406435090979	4.588146193314536	0.17344721561666565	0.8632217713672592	0.9290882364581516	-6.856957807774523
ENSMUSG00000036615	0.01321577312977995	3.949915282878635	0.17283247097714816	0.8637016106376483	0.9293977463265221	-6.803199381331519
ENSMUSG00000005804	0.013110159240113717	4.078644446568963	0.17268250552599101	0.8638186741943128	0.9293977463265221	-6.8165860654765575
ENSMUSG00000003235	0.011381359337947039	5.159075342005855	0.17084483560903857	0.8652534174466249	0.9302183328672191	-6.882350839243125
ENSMUSG00000026434	0.013731367949561424	5.315224799806311	0.17078350125997221	0.8653013116489661	0.9302183328672191	-6.884905486810507
ENSMUSG00000070704	0.0172340597495797	9.672831707956448	0.170701386513101	0.8653654334626977	0.9302183328672191	-6.715251452417708
ENSMUSG00000032310	0.03020027183393026	9.55217790488814	0.1705160217935303	0.8655101845665871	0.9302183328672191	-6.721950302165349
ENSMUSG00000020774	0.023241010458207256	3.6856285668885698	0.1702658678269465	0.8657055369596806	0.9302619047909013	-6.774277362979388
ENSMUSG00000042520	0.014114218894332176	4.705938741372922	0.1698605629398918	0.8660220692561964	0.9304356542393141	-6.864659700385278
ENSMUSG00000045817	0.023568066882079464	4.112416890480815	0.16805000041474788	0.8674363424440058	0.9314483132858866	-6.820743848186792
ENSMUSG00000021996	0.011952066964109775	8.668879497023852	0.16722688436204478	0.868079444073423	0.9314483132858866	-6.768087478054803
ENSMUSG00000028680	0.05751337377405896	4.257170443131921	0.16706658926781176	0.8682046934122567	0.9314483132858866	-6.834265840200163
ENSMUSG00000012535	0.015255670037294777	4.5650314815621025	0.1655907098482612	0.8693580585118873	0.9322003843587664	-6.856798198874143
ENSMUSG00000034088	0.012719584802047379	8.207938240085312	0.16404174931367177	0.8705688456993445	0.9329027789505289	-6.790906876154403
ENSMUSG00000034850	0.007845678792111066	4.805716568886365	0.16105439680944153	0.8729048798352482	0.93498848893583	-6.871224809331758
ENSMUSG00000042831	0.014219435590700602	3.7415818918831234	0.16010956269438076	0.8736439572242317	0.9349945762429744	-6.782400668522042
ENSMUSG00000027048	0.02548061142878222	7.270877735291746	0.16005254978343547	0.8736885580969048	0.9349945762429744	-6.835601257894464
ENSMUSG00000052139	0.019375027168986314	4.592712209795801	0.15796755520004435	0.87531992297209	0.9359070137258522	-6.85985598409653
ENSMUSG00000021676	0.01120459675096086	6.323974013034734	0.1567393566546281	0.8762811623018976	0.9362911077312428	-6.871705346673141
ENSMUSG00000000711	0.009123212088054444	6.012233781087938	0.1565131444219093	0.8764582261588019	0.9362911077312428	-6.879568176259474
ENSMUSG00000024007	0.022196921659836555	4.31790290403661	0.15550325852037672	0.8772487758282008	0.9367285198761085	-6.841068539406281
ENSMUSG00000041459	0.01712921229229547	6.081609725268351	0.1553926762012665	0.8773353486208586	0.9367285198761085	-6.878589874453675
ENSMUSG00000030259	0.012936237011228258	4.808840281621943	0.15502530522492164	0.8776229673142595	0.9368691438250818	-6.872341507603412
ENSMUSG00000023094	0.012724026740050576	4.5355843356432555	0.154101495951162	0.8783463017046018	0.9371418549259503	-6.856709988545789
ENSMUSG00000021420	0.011098095020913412	5.047409767709906	0.15242543090241958	0.8796589148739422	0.9380797543378967	-6.8823162127083695
ENSMUSG00000028962	0.01329472221387551	4.691513838419549	0.15238102591865768	0.8796936954058991	0.9380797543378967	-6.8667166623954285
ENSMUSG00000029592	0.011078611984899567	4.099213213550613	0.15144793570506382	0.8804246009420995	0.9386925881939454	-6.822123036590012
ENSMUSG00000026617	0.016580383937377263	6.505690479703271	0.1509425709157808	0.8808205061046203	0.9389480967150369	-6.865379836791588
ENSMUSG00000030432	0.020304887903980884	8.15784017812439	0.14912082274900534	0.8822479286064513	0.93980283690767	-6.795779434980113
ENSMUSG00000038510	0.015949399725748492	3.858421168402281	0.14875062872920916	0.8825380412364598	0.9398929121971646	-6.797228318795936
ENSMUSG00000023089	0.017410814844023292	6.805458646486336	0.1486137476859466	0.882645315947512	0.9398929121971646	-6.853844570049296
ENSMUSG00000036820	0.013748682545919877	4.4691218400496	0.14753231153672314	0.8834929241943632	0.9403225677983437	-6.853230953126169
ENSMUSG00000047631	0.01868074055439628	9.035120380619533	0.14669279110819475	0.884151019388508	0.9406627966546646	-6.753186103888278
ENSMUSG00000030824	0.011925722131544525	7.032899899450046	0.14646237817903854	0.8843316533071929	0.94068842356575	-6.845863660691946
ENSMUSG00000004446	0.011299813585787355	4.107714763606767	0.14607463007110416	0.8846356454126751	0.9407106118715052	-6.823777970661102
ENSMUSG00000026839	0.05545106297202018	8.324048784998682	0.1460048187322904	0.884690378945795	0.9407106118715052	-6.78802216598998
ENSMUSG00000038215	0.012339995046373176	3.803799491183452	0.143708405712786	0.8864911316761006	0.942258348467073	-6.7919271787521724
ENSMUSG00000028186	0.017270512603907662	10.79461256683192	0.14358035345838993	0.8865915630275971	0.942258348467073	-6.65916114521956
ENSMUSG00000030779	0.013016983180639485	4.257250455319172	0.14299058616997953	0.8870541417921867	0.9424199397500184	-6.838058731196199
ENSMUSG00000051375	0.016775980888495745	5.149082176271897	0.1428774238937083	0.8871429042051453	0.9424199397500184	-6.886579254663808
ENSMUSG00000036887	0.022533960709777645	5.559838681917187	0.14278664314065057	0.8872141120262695	0.9424199397500184	-6.889093979023459
ENSMUSG00000049044	0.025586484669650744	6.846226521507934	0.1418619998160015	0.8879394499560848	0.943016369723054	-6.853285086532098
ENSMUSG00000040659	0.02291713289903896	4.804240506252789	0.14156021034455696	0.8881762103455639	0.943016369723054	-6.874148192265292
ENSMUSG00000061808	0.017216560167328865	12.533827182678134	0.14147073737108662	0.8882464058300027	0.943016369723054	-6.570305563780162
ENSMUSG00000002660	0.015911414638297927	6.201978503461987	0.14073290209853218	0.8888253047632646	0.9434642742134705	-6.878072216685016
ENSMUSG00000028224	0.009610895729691205	3.733866275995636	0.13969453622915554	0.8896401016914227	0.94413981642814	-6.784621836100726
ENSMUSG00000031388	0.014566087976059627	4.43770630096483	0.13912099328864722	0.8900902080321873	0.94413981642814	-6.852283694774841
ENSMUSG00000071415	0.013608028871180622	8.284065676878749	0.138827549450532	0.89032051181563	0.9442174294917262	-6.7910107273752
ENSMUSG00000014873	0.01094687607407474	3.772485302297885	0.13823104300200212	0.8907886981387285	0.9442356267855965	-6.789202835128446
ENSMUSG00000063904	0.009700206878718198	4.758196303392004	0.13810072803238282	0.8908909851035955	0.9442356267855965	-6.8723836473683875
ENSMUSG00000056899	0.013338299545446297	5.238165092879724	0.13580401383155624	0.8926940327987706	0.9456634748988493	-6.889331700792389
ENSMUSG00000046312	0.01333280357327915	4.207218699388412	0.13550084933208453	0.8929320770168049	0.9456634748988493	-6.83475140235326
ENSMUSG00000018995	0.013992267125494173	4.226237946879526	0.13548692377704827	0.8929430115786439	0.9456634748988493	-6.836436912010541
ENSMUSG00000031168	0.012062281279046516	8.160904452409246	0.1346768706621548	0.8935791142033918	0.9460920202577582	-6.797702583608842
ENSMUSG00000032512	0.011074948413446695	3.983192168292556	0.13411289157974193	0.8940220267012542	0.9461365287631935	-6.812750395290294
ENSMUSG00000002948	0.013534877717298777	4.207244811607609	0.13399351285503838	0.8941157834010041	0.9461365287631935	-6.83495980232472
ENSMUSG00000000740	0.014612722672621814	8.29439382623489	0.13385955912848108	0.8942209887298245	0.9461365287631935	-6.791190983190142
ENSMUSG00000053559	0.023929713142519127	4.814345226201998	0.13371514423368192	0.8943344122774072	0.9461365287631935	-6.875725543696543
ENSMUSG00000006299	0.010001883267487521	6.47671858834232	0.13295516344860753	0.8949313386250058	0.9466013754264496	-6.869153222233855
ENSMUSG00000021748	0.015668826064112018	7.227045458579798	0.13174822972254513	0.895879450859016	0.9470443798440742	-6.841332972160109
ENSMUSG00000003868	0.011832187383939097	3.989865575892502	0.13166092888407058	0.8959480364419117	0.9470443798440742	-6.813783355089931
ENSMUSG00000020889	0.08548073853777494	3.7025283046171054	0.13161950660944655	0.8959805790337098	0.9470443798440742	-6.782140815564997
ENSMUSG00000029617	0.007410121754675814	5.129127869164781	0.13003509648264888	0.8972254756585671	0.9478600357300159	-6.887874429800916
ENSMUSG00000025732	0.02049393182764092	5.9824834575550785	0.12965137331380916	0.8975270128528039	0.9480119212924061	-6.883906979365924
ENSMUSG00000032212	0.01010404100055906	3.971207329087944	0.12853371338775865	0.8984053794844336	0.9485845802491221	-6.812226546781088
ENSMUSG00000025027	0.009224991665536031	4.683657283495818	0.12822262121938383	0.8986498892578291	0.9485845802491221	-6.869709792720748
ENSMUSG00000039230	0.00934466243101717	4.280430320145751	0.12601869277729597	0.9003824007466614	0.9490776142163105	-6.8423011186994795
ENSMUSG00000015750	0.006960475411879052	5.248983685014767	0.12596804199840692	0.9004222232369864	0.9490776142163105	-6.890812855153145
ENSMUSG00000035901	0.008602519294337974	4.64876421285819	0.12556064698371597	0.900742533489179	0.9490776142163105	-6.867998889718811
ENSMUSG00000028150	0.03437475715854266	6.0716814907747825	0.12323424365643876	0.9025719652790078	0.9500220395274145	-6.883319313651728
ENSMUSG00000090145	0.020731840094026843	4.695888469299461	0.12301038427161617	0.90274803185912	0.9500220395274145	-6.87106606606279
ENSMUSG00000046364	0.014407957452918119	7.886056129470237	0.12222718653717254	0.9033640600703002	0.9503351955466447	-6.813491418766298
ENSMUSG00000028234	0.01359543031929622	6.613222973883796	0.12061313140234478	0.9046337938521956	0.9513378486625557	-6.865204977358749
ENSMUSG00000024911	0.010082815792658018	4.527126008338911	0.12005817452431046	0.9050704222712795	0.9515136483203908	-6.860880187728416
ENSMUSG00000039108	0.006749780590137089	3.9621294184722418	0.1184589936675403	0.9063287906432402	0.9526202034240389	-6.812524590979206
ENSMUSG00000015474	0.012218175864241676	3.988044573534212	0.11777935517194726	0.9068636609356481	0.9530156940472734	-6.815347154625815
ENSMUSG00000022280	0.007552955334200195	3.9327246219897196	0.11690747691807248	0.907549886736014	0.9531455315123094	-6.80958102101912
ENSMUSG00000020265	0.011364411344956693	6.3008040804025285	0.11681625400691976	0.9076216893515451	0.9531455315123094	-6.878074120437117
ENSMUSG00000007817	0.013321702672851377	3.987156501533132	0.11242032904757808	0.9110826922115962	0.9557779150662503	-6.815879141495589
ENSMUSG00000041126	0.010621510245703902	5.132785483378167	0.10974411208021957	0.9131905972451424	0.9568809219389977	-6.8904368714774655
ENSMUSG00000021928	0.010218323237711324	4.176994005015102	0.1084067328477807	0.9142442143906435	0.9573107133771833	-6.835328926805762
ENSMUSG00000046792	0.007218292662888537	4.406896237558689	0.10732506667783194	0.9150964898322022	0.9576479985025605	-6.854079600863294
ENSMUSG00000021710	0.00977419677200686	4.790820868379903	0.10595879773983698	0.9161731568421934	0.9586041105405334	-6.877971831024591
ENSMUSG00000027642	0.008184606574340947	7.203988416238632	0.10313166088558368	0.9184015436957851	0.9600842551922004	-6.845538673752819
ENSMUSG00000060126	0.009687791500340381	10.557921172511417	0.09927771185767541	0.9214403480137479	0.9619414612951026	-6.676859442719798
ENSMUSG00000017009	0.011931702739764738	8.002922886330277	0.09785778710501142	0.922560249208404	0.962462114228411	-6.810111798286986
ENSMUSG00000024993	0.008161498074736429	4.366633345156539	0.09753115769429369	0.9228178860037548	0.962462114228411	-6.85216919136376
ENSMUSG00000051695	0.008649610629187343	6.597277130001937	0.09597650433421734	0.9240442711519221	0.963320962066603	-6.868553399482148
ENSMUSG00000025451	0.0057596639984485165	5.833567003938245	0.09494451432593352	0.9248584582584634	0.9636681941520905	-6.890058875107594
ENSMUSG00000045983	0.008745512236551178	7.881648220529561	0.09419358574391998	0.9254509538428215	0.9637841909257391	-6.816797886218146
ENSMUSG00000031701	0.007307133915226416	6.469962531899454	0.09381367620396643	0.9257507254163347	0.9639293205729952	-6.873934817512851
ENSMUSG00000020074	0.006703581919568435	4.906702344935274	0.09266387444587573	0.9266580550711416	0.9645397978386436	-6.884531554944168
ENSMUSG00000026753	0.004715661311045949	5.329020531118241	0.09112275596298444	0.9278743353028442	0.9654713213566739	-6.8956224843782055
ENSMUSG00000067713	0.008467268734916544	4.08822026300849	0.09088610037198565	0.9280611240271365	0.9654984927768461	-6.828472726851505
ENSMUSG00000026082	0.01198167534782879	3.792737100179807	0.09041646991073561	0.9284318085354449	0.9656114850352198	-6.797016216087432
ENSMUSG00000020375	0.005868546468057012	4.430968975023163	0.0903413241644808	0.928491123403811	0.9656114850352198	-6.857490125863043
ENSMUSG00000032411	0.010181308342172901	3.8418166001325686	0.0900647327380889	0.9287094491526623	0.9656714102713874	-6.802500963501412
ENSMUSG00000011158	0.006812977179496471	4.5564346644323965	0.08724463841958124	0.9309357888997388	0.9665239965494862	-6.866285196437514
ENSMUSG00000049550	0.008152861676706813	4.388676453347373	0.08719242241806635	0.9309770164800177	0.9665239965494862	-6.854751934668864
ENSMUSG00000005054	0.008473192661928586	5.9260231464652495	0.08580613598954119	0.9320716405941005	0.9671837555643229	-6.889499271474513
ENSMUSG00000038145	0.013381249461123623	5.679149613738766	0.0855416170373741	0.9322805223615686	0.9671837555643229	-6.893784563278796
ENSMUSG00000028158	0.008706358268314673	6.86328753467057	0.08543864753417826	0.9323618352458578	0.9671837555643229	-6.859150149070339
ENSMUSG00000041650	0.006627876704136781	6.98410946381095	0.08514843359827715	0.9325910151282165	0.9671969986029432	-6.854771553001674
ENSMUSG00000039756	0.007509364245652073	5.175223202030562	0.08462408911505803	0.9330051009616085	0.9672925555000527	-6.89388578110588
ENSMUSG00000028034	0.008981037041680295	4.413082216760661	0.0833123934142797	0.9340410568876485	0.9677713468937833	-6.85684569773734
ENSMUSG00000034269	0.006344560592162374	4.013697896188425	0.08328515457130464	0.9340625709203292	0.9677713468937833	-6.821547248756228
ENSMUSG00000027589	0.009218475796395786	5.267881821380688	0.08091813464955351	0.9359323017933803	0.9693238885688422	-6.895827634392296
ENSMUSG00000060550	0.011614367384837898	5.508121775830515	0.0804788820471531	0.9362793122248144	0.9695161790727055	-6.896673828694822
ENSMUSG00000068246	0.014693971959976793	6.855404049360057	0.0800828978386262	0.9365921513301565	0.9696730250418523	-6.859897126591928
ENSMUSG00000024120	0.005394778200535022	6.397878205985692	0.07931376639881628	0.9371998167066193	0.9698168632250687	-6.878140311054305
ENSMUSG00000026917	0.0040290484352363265	4.900385530576639	0.0792654208790822	0.9372380141813599	0.9698168632250687	-6.8854402628715805
ENSMUSG00000036693	0.0077640836901755605	4.294841728517478	0.07874312472894869	0.937650686466364	0.9698168632250687	-6.848376475911231
ENSMUSG00000029428	0.009085134471645162	4.264987181143898	0.07868602080502163	0.937695806001509	0.9698168632250687	-6.845940031277871
ENSMUSG00000005469	0.005667696051785853	5.50919089615124	0.078253194734746	0.9380378017072081	0.9698168632250687	-6.896845041767227
ENSMUSG00000037935	0.00571124185885985	4.963739965219249	0.07807437893995504	0.9381790957317642	0.9698168632250687	-6.8880691566264
ENSMUSG00000037266	0.01083342126507958	8.299595720111043	0.07782447384760172	0.9383765654381993	0.9698168632250687	-6.796947824422912
ENSMUSG00000026192	0.007223846766420294	4.237113822193551	0.0777204081347573	0.9384587971215002	0.9698168632250687	-6.843631649691011
ENSMUSG00000092607	0.0076781449072589325	4.357220931510696	0.07737830825193613	0.938729125825018	0.9698168632250687	-6.853265767781102
ENSMUSG00000056429	0.007337086236614887	5.48758663807364	0.0772516607065228	0.9388292050890704	0.9698168632250687	-6.897063060586377
ENSMUSG00000028599	0.011448951755792969	4.149881001763528	0.0765758907138004	0.9393632281473674	0.970034995349292	-6.835740524239295
ENSMUSG00000032479	0.006371158097032925	4.4504392315048	0.07550142054004183	0.9402123798500086	0.9703848083424624	-6.8601004739419755
ENSMUSG00000032042	0.006046175330532755	7.92621761608516	0.0749393806799508	0.9406565870901415	0.9703848083424624	-6.816118442873931
ENSMUSG00000025277	0.014257649463190525	5.081326967978648	0.0745301584695401	0.9409800272500385	0.9703848083424624	-6.892332080290644
ENSMUSG00000018677	0.00530449179703929	9.128421134077424	0.0744040989090868	0.9410796639731467	0.9703848083424624	-6.75648585634819
ENSMUSG00000034312	0.007520845035704937	4.370322321310548	0.07317639440854577	0.9420500841774141	0.970774203875961	-6.854549920338854
ENSMUSG00000046598	0.009869175671326502	7.229638235079441	0.07258024509493766	0.9425213336274667	0.970774203875961	-6.847376745962187
ENSMUSG00000033735	0.006255355346931779	6.450548391224773	0.07219123368671752	0.9428288541434113	0.970774203875961	-6.876548525376869
ENSMUSG00000002728	0.007741338358830063	4.589585418103429	0.07212099193843625	0.942884382454974	0.970774203875961	-6.869679855080033
ENSMUSG00000002781	0.005070509886885066	3.81292732281129	0.07202040585577893	0.9429638994199834	0.970774203875961	-6.800779283933653
ENSMUSG00000025584	0.006333742017863742	5.036414200635031	0.0703275017787369	0.9443022898528832	0.9713527467983337	-6.891248192360663
ENSMUSG00000093674	0.009500632003412335	8.892607053762806	0.07018943701433558	0.9444114495280033	0.9713527467983337	-6.768790622399399
ENSMUSG00000022680	0.004814367622469007	5.975345982259695	0.07005352918772795	0.9445189048997611	0.9713527467983337	-6.890051800905209
ENSMUSG00000042271	0.007785811075486926	4.7263603970813595	0.06843740525740716	0.9457967713931537	0.9721887679929647	-6.8780403291200525
ENSMUSG00000009614	0.005167492474919655	9.97632000786765	0.06830225149407983	0.9459036438677317	0.9721887679929647	-6.71078276398916
ENSMUSG00000041827	0.015541446374532253	3.6520620399317743	0.06779777846170766	0.9463025634865785	0.9721887679929647	-6.782736392898087
ENSMUSG00000009281	0.006340643010496194	8.458790725669461	0.0668186292067849	0.9470768803198515	0.9726244396685717	-6.790046480058647
ENSMUSG00000022895	0.006709771490112537	4.060470638601525	0.06664749638208965	0.9472122184956702	0.9726244396685717	-6.827621646450911
ENSMUSG00000028568	0.004153661630751593	5.273511314151275	0.06530373481222827	0.9482749696455979	0.9733830359754694	-6.897065850067743
ENSMUSG00000006529	0.006389773056682202	8.468242459359939	0.06417683446886929	0.9491662839416908	0.9741315457225652	-6.789768383955321
ENSMUSG00000020537	0.0048449753512418425	5.633455719939693	0.06346214766040688	0.9497315950520479	0.9745452791440838	-6.8962835137872585
ENSMUSG00000053510	0.0033928802047320517	5.9330987245904385	0.061613305609107445	0.9511941345502795	0.9757127952394382	-6.891209710479412
ENSMUSG00000051730	0.004481304589531554	4.243336855138079	0.05901774396341598	0.9532476591897124	0.9773187483485722	-6.845469754502561
ENSMUSG00000039221	0.009214579724309502	4.2748924533371255	0.05676228368863693	0.9550323692658569	0.9786365662942161	-6.848272509651782
ENSMUSG00000021807	0.004199094171672968	6.653626915579459	0.056416449752443955	0.9553060431617676	0.9786365662942161	-6.86936824481629
ENSMUSG00000019302	0.004917675206187688	4.75360624383513	0.05532223821260604	0.956171977740766	0.9790148433877702	-6.880280225702245
ENSMUSG00000016831	0.004047125613280578	4.540715902559815	0.054779774826766964	0.956601291163473	0.9792368780845826	-6.867582295850058
ENSMUSG00000025290	0.0072580547168943355	7.905485144352379	0.05427058948500465	0.9570042797725797	0.9792368780845826	-6.818556917276768
ENSMUSG00000031628	0.005844389621734614	4.803597204996652	0.053859103528587624	0.9573299537341241	0.9792368780845826	-6.882819285080426
ENSMUSG00000010025	0.009316825299865883	8.377289576473153	0.053770589610193806	0.9574000097764891	0.9792368780845826	-6.7947730769340335
ENSMUSG00000022427	0.003997578379924427	5.6674103564144165	0.052268560782526154	0.9585888710842378	0.9797857673660801	-6.896335475053308
ENSMUSG00000026219	0.003821281787455888	5.859835018390964	0.05028534481812587	0.9601587400606757	0.9805564019416384	-6.892942248950158
ENSMUSG00000030660	0.009073328372966039	3.7514329662373007	0.04967281545859328	0.9606436372425717	0.980623845299601	-6.79525906483736
ENSMUSG00000024875	0.003299773592602584	5.52315971825831	0.04929623021982693	0.9609417612905273	0.980623845299601	-6.898607647733441
ENSMUSG00000067274	0.003905546062396681	9.592262501432527	0.049262549655804774	0.9609684248171295	0.980623845299601	-6.7332217648778565
ENSMUSG00000025151	0.0041145382030443045	6.148784689750431	0.04784760419277603	0.9620886199731972	0.9813597890712853	-6.8883126470407445
ENSMUSG00000041736	0.004482909951268432	6.971363517446673	0.04586698007153969	0.9636567862782563	0.9820679841216446	-6.857833647700533
ENSMUSG00000005949	0.003252866054537229	3.8299580344779804	0.045664854605167664	0.9638168281746613	0.9820679841216446	-6.804242459457921
ENSMUSG00000037791	0.003952703052790163	4.721282716069271	0.04549268756425582	0.9639531503409977	0.9820679841216446	-6.879095062927479
ENSMUSG00000032803	0.0033029952535379437	5.859183526930245	0.045092946789823764	0.9642696700092418	0.9820679841216446	-6.893204023248085
ENSMUSG00000024431	0.0029581465949730656	5.349245886224819	0.0436656564311373	0.9653998635098807	0.982902029791744	-6.899026709531825
ENSMUSG00000042350	0.005137656300179039	5.102965623184942	0.0414939874059728	0.9671196278273435	0.9834865194812163	-6.894899377307135
ENSMUSG00000032046	0.002585105781024666	5.193488224288739	0.04080704350759743	0.9676636584131098	0.9838732526910958	-6.897041478752888
ENSMUSG00000004040	0.005371208480480227	6.356081038890597	0.039665924126308864	0.9685674112867503	0.9846255412657896	-6.882181495761611
ENSMUSG00000107002	0.0036909061892442807	4.80780709268158	0.03889102585695971	0.9691811454376944	0.9846882126383752	-6.883726477921616
ENSMUSG00000024067	0.0036938793849063956	5.279217624689117	0.038777437440783075	0.9692711112255372	0.9846882126383752	-6.898545487655833
ENSMUSG00000056342	0.0036414110450841974	3.827345339412335	0.038403184192190916	0.9695675350653608	0.9846882126383752	-6.8042620177699495
ENSMUSG00000026127	0.0033103439776915877	4.5020294544546156	0.03813980740144674	0.9697761428513738	0.9846882126383752	-6.865771475023137
ENSMUSG00000010047	0.0027087819905018407	5.101374158754626	0.03741123583199456	0.9703532196709519	0.984709278507289	-6.895018345636375
ENSMUSG00000022228	0.003194841174954277	3.974764175855769	0.03724272855925994	0.9704866908742777	0.984709278507289	-6.820277407395708
ENSMUSG00000028675	0.0038563203009127633	6.542095368118853	0.03699638176542584	0.9706818187342354	0.984709278507289	-6.874769041948785
ENSMUSG00000074093	0.005782295979147811	4.2823780162467076	0.036872273154074695	0.9707801241266731	0.984709278507289	-6.849827268461469
ENSMUSG00000020708	0.002957277094444599	6.057736512739464	0.035116368627244585	0.9721710101543954	0.9857873101616202	-6.890646535963538
ENSMUSG00000030213	0.003391352356871824	3.7100838808000147	0.03451092201295677	0.9726506167895527	0.9861072306881091	-6.791184378248266
ENSMUSG00000020719	0.0029494428199274836	8.911723472215439	0.034155920333855665	0.9729318373956234	0.9861527504429394	-6.769737893024645
ENSMUSG00000045374	0.004037887110212246	3.747208791299178	0.03288827776751503	0.9739360502780434	0.9862456565757942	-6.795481752025469
ENSMUSG00000078866	0.00909147315204617	5.880945352741916	0.032184412200849916	0.9744936637106278	0.9863602766556515	-6.893376544028006
ENSMUSG00000053279	0.0032910842599811474	10.740329219475901	0.031916604801404624	0.9747058283876283	0.9863602766556515	-6.6718499589464395
ENSMUSG00000042608	0.003081862209842967	5.041637888486685	0.030402690508311018	0.9759052291098902	0.9869353587283122	-6.893462932862257
ENSMUSG00000084128	0.002687742379325897	6.840793631490425	0.03019114985550506	0.9760728270648353	0.9869353587283122	-6.863242155323269
ENSMUSG00000028617	0.0032958872592532273	4.760406912076285	0.03016274717610744	0.9760953298256547	0.9869353587283122	-6.881717031825599
ENSMUSG00000030647	0.0024631731070394736	6.382256631980468	0.029891989500034057	0.9763098456210395	0.9869861814160206	-6.881508014222563
ENSMUSG00000035726	0.0024479550461493638	3.8070840408728124	0.029136620701611163	0.9769083183133638	0.9870890143800164	-6.802329120677697
ENSMUSG00000026189	0.0019389217162686379	8.071428797566957	0.029089312676257133	0.9769458005391434	0.9870890143800164	-6.811011854467459
ENSMUSG00000020621	0.0022770431594052454	4.168900249631838	0.027789133963051736	0.9779759546814857	0.9871649372747312	-6.840137446684656
ENSMUSG00000024045	0.0026420511065308183	3.949220818462056	0.027774237895365615	0.9779877573189931	0.9871649372747312	-6.817877729378225
ENSMUSG00000007613	0.0023501928538731676	3.90003638500236	0.027671025401927965	0.9780695360622447	0.9871649372747312	-6.812600525581436
ENSMUSG00000059534	0.002719720154841454	8.210159311449065	0.024319509602818517	0.9807251803619264	0.9892861522234037	-6.804134544628222
ENSMUSG00000040413	0.0016879702518801665	5.536083267678599	0.023704085534056254	0.9812128496632481	0.9896119526059849	-6.899428787282509
ENSMUSG00000060733	0.0022218306653805087	6.00080032726199	0.022960860923466726	0.9818017993393624	0.9900397738261837	-6.891912225399058
ENSMUSG00000027007	0.0020438961509290365	4.326937361936436	0.02265089184358154	0.9820474296189625	0.9900471767347057	-6.85376970112482
ENSMUSG00000024312	0.0016626109352362306	4.5704265263437485	0.022535763098541977	0.9821386620927909	0.9900471767347057	-6.87081289454
ENSMUSG00000024392	0.0015534865121837882	6.043686245505485	0.022105382346777763	0.9824797146006596	0.9902248582749688	-6.891257542965749
ENSMUSG00000093904	0.0030451639798760866	5.046003971103587	0.021774424076859828	0.9827419826593312	0.9903230880093781	-6.893830647552914
ENSMUSG00000015575	0.0014031806065579744	4.663680277612083	0.019888490293014163	0.9842365280392558	0.9916628599912621	-6.876693512438345
ENSMUSG00000032594	0.0013687287949002425	5.650940553364248	0.019110467170006265	0.9848531048651403	0.9919514426977253	-6.897839004985766
ENSMUSG00000020271	0.0014651798319400555	4.252419813353874	0.01778100444132294	0.9859067145384561	0.9926928907294293	-6.847860468613185
ENSMUSG00000042535	0.001109766969570103	4.818585935407519	0.015533979159956048	0.9876875568707149	0.9937520486253452	-6.884882104523347
ENSMUSG00000061130	0.0008823327419085203	6.332141238861364	0.013707934317719519	0.9891348056060032	0.994863683752157	-6.883785354077064
ENSMUSG00000038387	0.001879699816835334	5.387765832671588	0.013367772989399096	0.9894044078707884	0.994863683752157	-6.900124383235863
ENSMUSG00000028690	0.0008791424938117132	4.153825543761093	0.01112630445756414	0.9911809625147889	0.9961542739172716	-6.839031472835095
ENSMUSG00000026377	0.0013316761095616414	4.965339292038812	0.01058866492844548	0.9916070947217035	0.9962492947973108	-6.891169909838912
ENSMUSG00000030082	0.0011157564293098332	7.364580509629907	0.009447860644807803	0.9925113024115519	0.9967079266697706	-6.84510056488982
ENSMUSG00000026393	0.000785732487814883	4.802161436696425	0.00923942373845332	0.9926765117552968	0.9967079266697706	-6.884180000108547
ENSMUSG00000030189	0.0008957141372682997	4.603262458532315	0.00814170495727038	0.99354658073554	0.9967171908302471	-6.873163494613386
ENSMUSG00000025314	0.0007986609858350313	3.8532196099149028	0.008029025233144617	0.9936358929074209	0.9967171908302471	-6.80783848051767
ENSMUSG00000068739	0.0007821777052559042	5.401452017531112	0.008015035175806819	0.9936469817086234	0.9967171908302471	-6.90022489824348
ENSMUSG00000013698	0.0007382735215744063	3.82341870139896	0.0072618862583745366	0.9942439445345317	0.9967320424938273	-6.804546912589591
ENSMUSG00000025423	0.0004367180842570484	3.6787214944866147	0.006324491748075927	0.994986949215969	0.9968038518962407	-6.788143347236743
ENSMUSG00000019883	0.0009567588967538398	4.274381599831337	0.006247762219188225	0.9950477673610492	0.9968038518962407	-6.8498456738037525
ENSMUSG00000024286	0.0004293767069283305	4.585981535395232	0.005933948633963499	0.9952965058066882	0.9968038518962407	-6.872068747797602
ENSMUSG00000026317	0.0008335649384569876	4.466946395139055	0.005915806847445152	0.9953108855678887	0.9968038518962407	-6.8641114404120245
ENSMUSG00000102070	0.0007984564479448508	6.693617305515299	0.005068238301787032	0.99598269723373	0.9973104528707689	-6.869397730841451
ENSMUSG00000025162	0.00016218809637180698	5.994954865716563	0.0028077788251720044	0.9977744274595604	0.9982728162844653	-6.892262436911451
ENSMUSG00000031897	0.0001852565849258525	5.63314053743013	0.0013706388890035413	0.9989135684832768	0.9992461516590662	-6.898333886335798
ENSMUSG00000026663	7.587883314030819e-05	4.466716783627046	0.0008045794286477203	0.9993622531506188	0.9995285917413562	-6.864113176233002
ENSMUSG00000028292	3.5321131486298896e-06	4.475913751659985	2.9293790538120485e-05	0.9999767803848534	0.9999767803848534	-6.864741846642841
ENSMUSG00000003234	-0.0002641447760778348	5.871868074700193	-0.003209339781611033	0.9974561331274774	0.9981205502020002	-6.894034326222154
ENSMUSG00000031375	-0.0003845722241431204	5.801878462009082	-0.003749987519749324	0.9970275933577388	0.9978578961503418	-6.895161097936144
ENSMUSG00000033706	-0.0005072456129444625	3.991750866278401	-0.0045369631004019105	0.9964038055753546	0.9973997114280035	-6.822761549440329
ENSMUSG00000020534	-0.000393895316864068	7.7900725987262085	-0.004578695320485128	0.9963707270374909	0.9973997114280035	-6.826020097784621
ENSMUSG00000062248	-0.0007742629944500479	4.75773660952258	-0.006028973949701105	0.9952211857231892	0.9968038518962407	-6.88202564157417
ENSMUSG00000049792	-0.00045910756958811305	4.243314291929302	-0.006441502856970254	0.9948942027308074	0.9968038518962407	-6.847214319683403
ENSMUSG00000025995	-0.0007154020415494067	3.73585952035073	-0.007489844626487984	0.9940632592187836	0.9967171908302471	-6.794709406807237
ENSMUSG00000047909	-0.0012752717325685836	4.090432482738776	-0.007646759445257932	0.9939388849218409	0.9967171908302471	-6.832853606544618
ENSMUSG00000039048	-0.00043713421298985367	5.040583268004775	-0.007818026202812925	0.9938031351228213	0.9967171908302471	-6.893866789230074
ENSMUSG00000024566	-0.0005815632767971479	4.721063493473804	-0.00806888958887371	0.9936042956232302	0.9967171908302471	-6.8801011854408385
ENSMUSG00000000088	-0.0005422819517244548	6.524592118987968	-0.008074853333931849	0.9935995686407344	0.9967171908302471	-6.876142759555223
ENSMUSG00000018167	-0.000590738691231607	4.0198783348550435	-0.009175641573703132	0.9927270662537155	0.9967079266697706	-6.825665496811968
ENSMUSG00000014542	-0.0012554340942818598	6.214442927199103	-0.009196997229606006	0.9927101395047859	0.9967079266697706	-6.887737981264643
ENSMUSG00000003131	-0.0007537195612901115	5.060206581214761	-0.010684710723197896	0.9915309687963685	0.9962492947973108	-6.894454225984493
ENSMUSG00000064030	-0.0009233170250952938	3.796413727038517	-0.011204834704777159	0.9911187197859179	0.9961542739172716	-6.801508154323016
ENSMUSG00000052040	-0.002940199662631038	4.718222110767216	-0.013164280224447409	0.9895656910944652	0.994863683752157	-6.879892411581565
ENSMUSG00000018362	-0.0017220204738093159	5.870974663762926	-0.013463118168644445	0.9893288398453843	0.994863683752157	-6.893961214448295
ENSMUSG00000006134	-0.0010884976360081566	4.445616845895469	-0.015394038501567045	0.9877984667064715	0.9937520486253452	-6.862538915964616
ENSMUSG00000031594	-0.005588185654517019	6.584485364725969	-0.01591479921401309	0.9873857395583511	0.9936695543470325	-6.873617340298872
ENSMUSG00000017344	-0.002118804824938536	11.078684136121067	-0.01600418652859241	0.9873148962931722	0.9936695543470325	-6.654936947492986
ENSMUSG00000031691	-0.0014662858313023719	3.919675084838378	-0.017523219403222743	0.9861110142278433	0.9927192301047262	-6.814953535088758
ENSMUSG00000031781	-0.0018158221997817137	4.701637647149095	-0.017764683504843008	0.9859196491717813	0.9926928907294293	-6.878908653593688
ENSMUSG00000021364	-0.0020298727231677915	7.3100881624030505	-0.01938013941016546	0.9846393907825743	0.9919024474790427	-6.846994950796142
ENSMUSG00000033885	-0.002116088493976598	4.30670966970322	-0.02447209225565793	0.9806042732170628	0.9892861522234037	-6.852163670841517
ENSMUSG00000062646	-0.002247424989563207	3.860547255866768	-0.025753985123288744	0.9795885144215809	0.9884714329402652	-6.80834140066118
ENSMUSG00000001018	-0.0025229023770672043	4.03573489932257	-0.027595372531731985	0.9781294785378183	0.9871649372747312	-6.826962748440111
ENSMUSG00000068036	-0.0022523911723526524	4.808683522905855	-0.0282379592142816	0.9776203382434105	0.9871649372747312	-6.884131583743348
ENSMUSG00000029426	-0.002706053518394036	6.268801636639669	-0.02845364506519522	0.9774494461260576	0.9871649372747312	-6.88568828203493
ENSMUSG00000015889	-0.0020417630747351367	4.949771514570121	-0.02893427191003584	0.977068639962113	0.9870890143800164	-6.890197705527544
ENSMUSG00000033938	-0.0035224578840216125	5.17917926650521	-0.029096256245095466	0.9769402991348914	0.9870890143800164	-6.897176029566806
ENSMUSG00000037826	-0.005056407546969233	5.585273168068852	-0.030914991977586383	0.975499351068918	0.9868309091873954	-6.898615992300712
ENSMUSG00000039069	-0.002275817243543532	3.7381905384921117	-0.031050917123973315	0.9753916635637983	0.9868309091873954	-6.794514981477868
ENSMUSG00000039501	-0.0031590276207005275	3.9152060734069254	-0.03210645649279723	0.9745554222579236	0.9863602766556515	-6.814104701900542
ENSMUSG00000022797	-0.006286627207836126	4.548862142137116	-0.03264086183071881	0.9741320556003419	0.9862779312725282	-6.869108021910403
ENSMUSG00000027012	-0.0020208766946572254	4.697949221600777	-0.03295714001270521	0.9738814972253114	0.9862456565757942	-6.878312152473134
ENSMUSG00000042605	-0.0034220431194444956	5.577702087513473	-0.0331359191180039	0.9737398680199414	0.9862456565757942	-6.898651916196626
ENSMUSG00000040536	-0.002836167485554597	4.5728290923983534	-0.0331798512339988	0.9737050650314307	0.9862456565757942	-6.870669052276769
ENSMUSG00000031523	-0.0038465145849153615	4.460742514458159	-0.033225361129884105	0.9736690121818096	0.9862456565757942	-6.863143301254142
ENSMUSG00000055436	-0.0036853726104117968	6.4400316625921015	-0.03403990633013807	0.973023740618437	0.9861527504429394	-6.8790350507638625
ENSMUSG00000061731	-0.003054321500189694	4.1945829520249	-0.036135648321880695	0.971363607941782	0.9851348388391844	-6.842253336340526
ENSMUSG00000051469	-0.002375045945318899	3.9202664240546325	-0.037292981652956386	0.9704468863248009	0.984709278507289	-6.814467721583411
ENSMUSG00000023106	-0.0027238154321072017	5.0731928118795855	-0.03738034580388336	0.9703776869730608	0.984709278507289	-6.89419869620816
ENSMUSG00000029462	-0.0028453652364843762	5.512051521671938	-0.03821805605697798	0.969714165719437	0.9846882126383752	-6.899191811789944
ENSMUSG00000031078	-0.0035317652391730903	5.647512078358699	-0.03828714362573635	0.9696594448176716	0.9846882126383752	-6.897341012743022
ENSMUSG00000030595	-0.003760181183975142	4.2161674590130245	-0.03925350560710357	0.9688940522031546	0.9846882126383752	-6.8440854056752665
ENSMUSG00000037440	-0.01131351414115489	4.842685293061537	-0.04154623870270599	0.9670782476527697	0.9834865194812163	-6.885241014390208
ENSMUSG00000109644	-0.002898057256252251	7.751505151423301	-0.04207354441993718	0.9666606554901573	0.9833526119587532	-6.827080596289988
ENSMUSG00000075543	-0.0061614598513788366	6.19690203063982	-0.04244493210939982	0.9663665460619401	0.9832198739055534	-6.887351612405395
ENSMUSG00000019494	-0.0034141729000669585	6.547450013958539	-0.04245285572503431	0.9663602712420367	0.9832198739055534	-6.874331370881751
ENSMUSG00000024271	-0.0036467578055869865	3.7480238292050205	-0.043150984854541954	0.9658074217582568	0.9829838748891202	-6.795178816882642
ENSMUSG00000006575	-0.0058696919789307245	4.145055470747872	-0.04331492720957032	0.9656775980343247	0.9829838748891202	-6.837299851558908
ENSMUSG00000041881	-0.005154113852077202	7.999012757755471	-0.04490658379413864	0.9644172365288443	0.9820679841216446	-6.814147515086535
ENSMUSG00000035585	-0.003186298346835592	5.288695514110425	-0.04509952088748092	0.9642644645102534	0.9820679841216446	-6.898395356563986
ENSMUSG00000040681	-0.0039119281580575205	6.5695619512683345	-0.045200279299551206	0.9641846822289841	0.9820679841216446	-6.873311145060257
ENSMUSG00000039062	-0.003938850771857183	6.46819440129988	-0.045851164237651065	0.9636693091187094	0.9820679841216446	-6.877408313222363
ENSMUSG00000021215	-0.006203540327749835	6.4917118140446375	-0.04634362300220819	0.9632793889180911	0.9820679841216446	-6.876425968426522
ENSMUSG00000028426	-0.0038062883104643674	7.103075881615121	-0.04665230269082239	0.963034986412282	0.9820679841216446	-6.853257238690471
ENSMUSG00000014959	-0.0037852010155496885	6.173785377326428	-0.04788899173181265	0.9620558528444396	0.9813597890712853	-6.887697285156999
ENSMUSG00000022174	-0.0045142237404425245	4.829991728950154	-0.049171199733803746	0.9610407430469878	0.980623845299601	-6.884309937643646
ENSMUSG00000071204	-0.010151213622926036	6.603996207489332	-0.04929564185991805	0.9609422270706415	0.980623845299601	-6.8717261742370255
ENSMUSG00000046691	-0.004073060643882798	4.572437801207237	-0.05069051985078198	0.9598379993871224	0.9803954680124459	-6.869897757611968
ENSMUSG00000008348	-0.009213940394666942	5.324045064384236	-0.050893277286345365	0.9596774970752431	0.9803954680124459	-6.898484344372605
ENSMUSG00000068290	-0.004173211636108398	7.791504439458378	-0.05097713184499703	0.9596111184991513	0.9803954680124459	-6.824639415117211
ENSMUSG00000060938	-0.006849570904350344	8.944199225135177	-0.051301662549627744	0.9593542254222389	0.9803954680124459	-6.7673631752370005
ENSMUSG00000022557	-0.00437781525226999	5.130476875422438	-0.05253586065670488	0.9583772951711529	0.9797361630968795	-6.895094532625646
ENSMUSG00000040146	-0.006512879254147563	4.128797726180635	-0.05300623469196164	0.9580049873476039	0.9795221999271315	-6.835250561704338
ENSMUSG00000037465	-0.013234409461066576	3.4311078639115404	-0.0535371623862003	0.9575847618801342	0.9792591616980474	-6.756770787685451
ENSMUSG00000004895	-0.0036778522929159507	3.901603399613987	-0.054031523424737514	0.9571934896772143	0.9792368780845826	-6.811678218608978
ENSMUSG00000040548	-0.004838976070486112	6.568605459195414	-0.05458702177468172	0.956753841895051	0.9792368780845826	-6.872874215649089
ENSMUSG00000022503	-0.004665903058957976	3.7394688902934696	-0.05528003449226294	0.9562053779069435	0.9790148433877702	-6.793600483083337
ENSMUSG00000062901	-0.011276803464567386	5.188192069533568	-0.055875972596078904	0.9557337579243066	0.9788655448043564	-6.896198993261304
ENSMUSG00000033860	-0.010640675151295298	10.968972101218077	-0.05636427904962447	0.9553473286539977	0.9786365662942161	-6.659048562102201
ENSMUSG00000070473	-0.007769150762264587	6.133329199377532	-0.05823740413383857	0.9538651026558329	0.9776181821352379	-6.888100253014408
ENSMUSG00000045896	-0.006175753987105459	4.532222751704035	-0.058265873506000064	0.9538425757721026	0.9776181821352379	-6.866815183450815
ENSMUSG00000030123	-0.00877008184710748	3.9674696918565275	-0.060454645829087855	0.9521107879912207	0.9763197483002125	-6.818353888093329
ENSMUSG00000030059	-0.003911522340145801	3.907624109419216	-0.06058473921185856	0.9520078635771602	0.9763197483002125	-6.811948270395545
ENSMUSG00000027108	-0.004641436020548895	5.58812834996301	-0.06323517579725707	0.9499111333603876	0.9745630869664621	-6.897028506395348
ENSMUSG00000001472	-0.0032975215386787937	6.919200726868684	-0.06619436040964402	0.9475705828446913	0.9728261801321971	-6.85855531307248
ENSMUSG00000020459	-0.0038899689795535153	5.146344974257934	-0.06715583277609366	0.9468102119001724	0.9725440279159208	-6.894592822421781
ENSMUSG00000028577	-0.005147301228030088	5.273712183065469	-0.06790656418530466	0.9462165383558507	0.9721887679929647	-6.896892505787583
ENSMUSG00000062949	-0.006363383848110971	5.961269528078127	-0.06819487679427472	0.9459885508443873	0.9721887679929647	-6.890378138005205
ENSMUSG00000004268	-0.005881338655616908	5.467954018008768	-0.06868505748477828	0.9456009436948256	0.9721887679929647	-6.897799993849039
ENSMUSG00000025794	-0.00802557345794952	8.387839293639328	-0.07009757671791762	0.944484078653977	0.9713527467983337	-6.793237380113342
ENSMUSG00000027762	-0.01461532931237386	5.894527502730664	-0.07057182195381513	0.9441091229513746	0.9713527467983337	-6.891170227828579
ENSMUSG00000025486	-0.006605634966357243	6.09596499214358	-0.070651708343456	0.9440459631024829	0.9713527467983337	-6.8880492835362075
ENSMUSG00000003423	-0.006180382741105106	5.986224028851928	-0.07199115406934907	0.9429870241344623	0.970774203875961	-6.88975841737823
ENSMUSG00000028088	-0.010669238294847005	9.150770511324398	-0.0721630009149768	0.942851173002857	0.970774203875961	-6.755494560868774
ENSMUSG00000042524	-0.008174296768332034	5.2899847841389285	-0.07224651941990488	0.9427851492354448	0.970774203875961	-6.896792258061273
ENSMUSG00000034412	-0.010002984454478892	3.7296466947347624	-0.07367721282934336	0.9416542090440513	0.9707325685616236	-6.791277965781065
ENSMUSG00000031158	-0.00511753519792002	4.959306242351839	-0.0743083076701914	0.941155377437156	0.9703848083424624	-6.888189157630904
ENSMUSG00000033159	-0.008803034283707767	5.237181915898691	-0.07439730574020958	0.9410850332804707	0.9703848083424624	-6.89587103688985
ENSMUSG00000022265	-0.007049450077122543	3.9748007347054877	-0.07498935594148314	0.9406170884480259	0.9703848083424624	-6.818132819971772
ENSMUSG00000019851	-0.006076804494002275	6.23582148529029	-0.07570029833285102	0.9400552017532186	0.9703848083424624	-6.884241743923302
ENSMUSG00000053754	-0.006429404285649198	4.012050700806214	-0.07605733244814918	0.9397730348537314	0.9702914375319712	-6.821959799475718
ENSMUSG00000045969	-0.006427059363784959	3.730174357427893	-0.07661342200048402	0.939333568534064	0.970034995349292	-6.79111456709961
ENSMUSG00000029781	-0.005756947091825282	4.519701743774176	-0.07730478086436657	0.9387872284223153	0.9698168632250687	-6.864664582996123
ENSMUSG00000007670	-0.006689570375506548	5.0123949936608785	-0.07750613494579899	0.9386281157962986	0.9698168632250687	-6.889896530009742
ENSMUSG00000030834	-0.007190832171782624	7.277663385476836	-0.07768645219604127	0.9384856289116796	0.9698168632250687	-6.845292535319886
ENSMUSG00000092203	-0.010884862090965619	3.843348661081608	-0.08287653601832388	0.9343853157739448	0.9678885299923521	-6.803300222185759
ENSMUSG00000029152	-0.004850068917503059	6.724775666860231	-0.08322366761700435	0.9341111352943823	0.9677713468937833	-6.8646708502754175
ENSMUSG00000029136	-0.006584879187276016	4.70219696920387	-0.08333048465607078	0.9340267679248854	0.9677713468937833	-6.875573706524017
ENSMUSG00000030067	-0.009755490378632103	3.741471733140005	-0.08478750136354236	0.9328760488545274	0.9672925555000527	-6.791733979162468
ENSMUSG00000021248	-0.005503549364981097	6.416199873788022	-0.08536842358889982	0.9324172900622603	0.9671837555643229	-6.8768927708974426
ENSMUSG00000060743	-0.0071676597400642805	6.626372108040644	-0.0856107067857931	0.9322259640299628	0.9671837555643229	-6.868344098289852
ENSMUSG00000024122	-0.00865152287213089	4.570852140243978	-0.08735414369284081	0.9308493287223147	0.9665239965494862	-6.867224409600102
ENSMUSG00000041870	-0.007540844060187624	4.00462326565339	-0.08770261164494726	0.9305742005837649	0.9665239965494862	-6.820218582920558
ENSMUSG00000039163	-0.006895396415375288	4.636067571945886	-0.08821454666000644	0.9301700249040612	0.9663540248354952	-6.871287948605865
ENSMUSG00000020954	-0.009300769488094218	3.670186101742138	-0.08879262677313877	0.9297136498048402	0.9660469171152144	-6.783179053283066
ENSMUSG00000034160	-0.011577032459606507	5.345444825359522	-0.08888075289919473	0.9296440792553139	0.9660469171152144	-6.895953945256548
ENSMUSG00000046959	-0.009163569895418888	6.100213671555821	-0.08888614065944803	0.9296398259440612	0.9660469171152144	-6.886490551076365
ENSMUSG00000033594	-0.01050705711311739	3.865031028092472	-0.08929704800124011	0.9293154455878332	0.9660469171152144	-6.805126136535541
ENSMUSG00000053646	-0.010830256682611505	5.281664443462447	-0.09215071273707809	0.9270630324766427	0.9647942088936864	-6.895028094704886
ENSMUSG00000031601	-0.00783710755955802	4.5413034865854085	-0.09272453864787862	0.9266101813471594	0.9645397978386436	-6.864780092281409
ENSMUSG00000030083	-0.01085828736595218	4.750357481574388	-0.0944429769370261	0.9252541751100141	0.9637462884791254	-6.877139596002146
ENSMUSG00000071054	-0.008800211978877925	5.5034188635103005	-0.09468978324645871	0.9250594406265578	0.9637105025528755	-6.895444693710691
ENSMUSG00000074622	-0.019724603640058902	4.285209334820884	-0.09532202580428037	0.9245606115513305	0.9635249245251378	-6.846135724238392
ENSMUSG00000075706	-0.011456877066628124	9.150571346722682	-0.09559373316559397	0.9243462483357701	0.9634686220727914	-6.753514842583528
ENSMUSG00000029518	-0.007208825850906209	3.764710141499642	-0.09722387498671559	0.9230602703109223	0.962462114228411	-6.793220199017229
ENSMUSG00000030034	-0.01110535697696502	4.020348215938702	-0.09734548266964961	0.9229643453966969	0.962462114228411	-6.820950876701523
ENSMUSG00000035268	-0.00919541546737701	4.3802774557452695	-0.0976111261205396	0.9227548082066129	0.962462114228411	-6.853160933711214
ENSMUSG00000045103	-0.007667551460243338	3.7332613976203355	-0.09788791236664644	0.9225364876096657	0.962462114228411	-6.7895853897868506
ENSMUSG00000028081	-0.009093460209882664	8.845460394061025	-0.09837238280916692	0.9221543666364044	0.962462114228411	-6.7687361645073185
ENSMUSG00000048271	-0.016669789287459658	4.30776078236394	-0.09928607213545985	0.9214337547015391	0.9619414612951026	-6.847547682657384
ENSMUSG00000038403	-0.01580836647450745	5.787188177774905	-0.09932089003142695	0.9214062957151835	0.9619414612951026	-6.890416883256146
ENSMUSG00000004980	-0.006109480751314678	8.005553038442603	-0.1001043296552889	0.9207884651956757	0.961762191441129	-6.809750081682683
ENSMUSG00000028572	-0.011074534434167838	6.152774151667952	-0.10046465011861203	0.9205043285317279	0.961632564351035	-6.884252839495415
ENSMUSG00000019368	-0.011234909457617626	7.609052808154227	-0.1025470000911823	0.9188624649043675	0.9600842551922004	-6.829467279474035
ENSMUSG00000028466	-0.008661439876851418	5.389581944673381	-0.10268875987871612	0.918750705026989	0.9600842551922004	-6.894864286613056
ENSMUSG00000042406	-0.012317651729905066	6.343461776132735	-0.10279965398433986	0.9186632800462096	0.9600842551922004	-6.878093725086212
ENSMUSG00000028729	-0.008833328188978307	4.863357253633197	-0.10459742639697014	0.9172461234607374	0.9590624596964626	-6.8814900157020045
ENSMUSG00000034659	-0.008146132922584037	5.158188011846263	-0.10513868602467359	0.9168195100840821	0.9587832293935346	-6.891538932751604
ENSMUSG00000020671	-0.006671270189730016	4.9489413066965104	-0.10555841480326415	0.9164887027883782	0.9586041105405334	-6.884931239938043
ENSMUSG00000009378	-0.014348993937427501	4.956570491052162	-0.10560703934004462	0.916450380555444	0.9586041105405334	-6.885222996112094
ENSMUSG00000001249	-0.008321157261068635	8.729138996905236	-0.1076472412209746	0.9148426287139773	0.9575490952695156	-6.773471279498968
ENSMUSG00000028573	-0.007087786984230071	6.838831835464339	-0.10773498459205405	0.9147734918845891	0.9575490952695156	-6.857887466037245
ENSMUSG00000039068	-0.00798675063913512	3.8502532287731013	-0.10834068432425413	0.9142962529658272	0.9573107133771833	-6.80159363856024
ENSMUSG00000037242	-0.011094274309827235	4.7922926919008075	-0.10915191063109175	0.9136571272775931	0.9569750179207002	-6.877694611227682
ENSMUSG00000024969	-0.008510845372977638	3.8789092285338094	-0.10936527796183575	0.9134890351786835	0.9569657622713927	-6.804624123772793
ENSMUSG00000028277	-0.006420269509839649	4.672848343053989	-0.1096702186550365	0.9132488080080133	0.9568809219389977	-6.8713267113493055
ENSMUSG00000049659	-0.00722451894941134	4.634304169194674	-0.10983637617575485	0.9131179153640541	0.9568809219389977	-6.869007213577706
ENSMUSG00000034308	-0.011470302944233346	5.995370917009554	-0.10991134216872453	0.9130588607771608	0.9568809219389977	-6.88612475158869
ENSMUSG00000021639	-0.012246982291785447	3.9665210936363993	-0.1105973883225808	0.9125184499995058	0.9567829987867789	-6.8139039987427426
ENSMUSG00000024436	-0.011759019543389648	4.907605501670552	-0.1108205948523327	0.9123426352971737	0.9567656013090257	-6.88269210504606
ENSMUSG00000025534	-0.008944800890140492	4.4557490632195496	-0.11145172019102288	0.911845536409469	0.956411211081253	-6.857055391241438
ENSMUSG00000066278	-0.01924089055200362	3.7098883027366454	-0.11321396525956759	0.9104577141515646	0.955289052616859	-6.785270347007914
ENSMUSG00000078453	-0.016549784491886932	3.642165025843281	-0.11453320709578166	0.9094189562620443	0.9543657890636787	-6.777260373604075
ENSMUSG00000031996	-0.007683905058423868	7.7280747605649465	-0.1151155546675222	0.908960472700077	0.9540512629615304	-6.822418974824168
ENSMUSG00000027257	-0.010643634203439056	5.74290812591717	-0.11527381638393924	0.9088358783350453	0.9540512629615304	-6.889504266468197
ENSMUSG00000021408	-0.008387399935071205	3.832394712099689	-0.11658639071061273	0.9078026209084574	0.9531689584202202	-6.798679851434892
ENSMUSG00000032393	-0.01304326156039437	4.87902628685944	-0.11736862522126781	0.9071869235738652	0.9530220670900973	-6.8807312755301515
ENSMUSG00000041697	-0.012878549387830063	9.453890932457522	-0.11749099508183689	0.9070906114063847	0.9530220670900973	-6.735051291801735
ENSMUSG00000028919	-0.016947322949750543	6.670156453979598	-0.119998138502109	0.9051176591445087	0.9515136483203908	-6.86302349754385
ENSMUSG00000025317	-0.015400558653364982	6.646166486300981	-0.12140178911233517	0.9040133461399931	0.9508517761167895	-6.863797282884448
ENSMUSG00000032040	-0.010254759445795347	3.941365933105808	-0.12280663989963934	0.9029082822002104	0.9500220395274145	-6.809786189878855
ENSMUSG00000040128	-0.030169055119865895	6.321940888853384	-0.12282646232607461	0.9028926911564241	0.9500220395274145	-6.87659140888877
ENSMUSG00000028437	-0.006910240137412593	5.384274757702423	-0.1231885168151386	0.902607929274799	0.9500220395274145	-6.892494423699016
ENSMUSG00000032381	-0.013602802996808272	5.78379565976818	-0.12378472703012876	0.9021390284303893	0.9500220395274145	-6.887705690638851
ENSMUSG00000051147	-0.010442733962155337	4.203918249249846	-0.12489892837166189	0.9012628389265335	0.9492880629464574	-6.835852956667787
ENSMUSG00000029730	-0.01223703155180278	4.104027899346134	-0.12498708922512664	0.9011935160155827	0.9492880629464574	-6.826310658817237
ENSMUSG00000028132	-0.016140677240501944	7.039604064654492	-0.12555477349336414	0.9007471515852253	0.9490776142163105	-6.8485180999326145
ENSMUSG00000029131	-0.013592537594888654	6.767325573667242	-0.12586465333784325	0.9005035099417591	0.9490776142163105	-6.858484988982835
ENSMUSG00000022574	-0.011746634818443624	6.77967137632504	-0.12606123925073823	0.9003489501984753	0.9490776142163105	-6.857981490535643
ENSMUSG00000013787	-0.008939406367920455	5.562070791048482	-0.12608770212206	0.9003281448641973	0.9490776142163105	-6.891345121916209
ENSMUSG00000022351	-0.038999300757684985	5.005922438638274	-0.12627264137273933	0.9001827460428447	0.9490776142163105	-6.884623723051533
ENSMUSG00000021645	-0.013616405528825481	3.7905730292743947	-0.12685281885950683	0.899726634440936	0.9490776142163105	-6.792761888533709
ENSMUSG00000022337	-0.008744850826807316	4.9886431028851606	-0.1279572405993012	0.8988584789380097	0.9485845802491221	-6.883781844332189
ENSMUSG00000068749	-0.012991171485190911	6.6087856065202	-0.12809045515411283	0.8987537711312557	0.9485845802491221	-6.8644386505565285
ENSMUSG00000022471	-0.009109666052542487	4.5747168613068405	-0.12909311756521474	0.8979657286428696	0.948308622744289	-6.86289157601659
ENSMUSG00000028085	-0.008762811036355345	4.968642394120753	-0.13006629384143306	0.8972009608398446	0.9478600357300159	-6.882760481998175
ENSMUSG00000015536	-0.012332106096820894	7.102107049111222	-0.13113676551535408	0.8963598484445378	0.947278636880624	-6.845667849765007
ENSMUSG00000031711	-0.01580139859025298	3.6792822173705595	-0.1327268246657243	0.8951106992584483	0.9466244617817698	-6.779302902406593
ENSMUSG00000025967	-0.012992307902347733	8.035218319280297	-0.1345706156736886	0.8936625573278475	0.9460920202577582	-6.804118106789423
ENSMUSG00000067787	-0.018527484352622636	5.07300989761122	-0.13780469474150192	0.8911233548845261	0.9442356267855965	-6.885258120666802
ENSMUSG00000021703	-0.012662969300861526	4.3695994601614645	-0.1378527653109269	0.8910856214809884	0.9442356267855965	-6.847571073731342
ENSMUSG00000015149	-0.01027830827243914	5.539870244222355	-0.1383975692799707	0.8906579909062897	0.9442356267855965	-6.88994660023515
ENSMUSG00000091512	-0.010791273318528916	4.563451206679269	-0.13919098653390105	0.8900352765962998	0.94413981642814	-6.86077717887121
ENSMUSG00000017119	-0.010807754249269053	6.9228244379073	-0.13932663933119316	0.8899288164158619	0.94413981642814	-6.850795118587144
ENSMUSG00000035878	-0.020752411618703448	4.729121620895673	-0.14583673407689687	0.8848221631382505	0.9407106118715052	-6.869766710569404
ENSMUSG00000037563	-0.01615131586232721	8.342794051628573	-0.14730035580356415	0.8836747446092938	0.9403225677983437	-6.786917463131706
ENSMUSG00000084983	-0.015369502052863915	6.0265639978587595	-0.1474048910501895	0.883592803004485	0.9403225677983437	-6.880746921482046
ENSMUSG00000038705	-0.011856085606855249	3.846041703140255	-0.14782619400778044	0.8832625711618951	0.9403225677983437	-6.7960028809647754
ENSMUSG00000035569	-0.014828372863378014	4.058901107215425	-0.1496658557032884	0.881820828590022	0.9395144253541563	-6.818355527322589
ENSMUSG00000008668	-0.01944701231139412	9.136305985392976	-0.14978523709236466	0.8817272834291898	0.9395144253541563	-6.747523056576857
ENSMUSG00000020422	-0.015933063140642467	4.279038516271506	-0.15066729957597333	0.8810361680112136	0.939011410709362	-6.838728778172724
ENSMUSG00000021116	-0.01718448106757897	5.24027511409428	-0.15316592418188474	0.8790789536760941	0.9377570446724035	-6.886819396799741
ENSMUSG00000030967	-0.014169005511227795	4.893239507993922	-0.15420557101782362	0.878264806568071	0.9371418549259503	-6.876256920152275
ENSMUSG00000066043	-0.01019954865450945	4.446533621402538	-0.15441977898827242	0.8780970769778362	0.9371418549259503	-6.850621195872117
ENSMUSG00000025060	-0.014443068529017111	4.359854428601324	-0.15611341951806973	0.8767711198828879	0.9364588800882107	-6.844131731777314
ENSMUSG00000067279	-0.059695568208070426	5.113979174793508	-0.15660792237922647	0.8763840395083462	0.9362911077312428	-6.883613329749175
ENSMUSG00000001229	-0.02148902992964974	4.071929515970877	-0.15688161043943918	0.876169818818777	0.9362911077312428	-6.818552948096152
ENSMUSG00000032370	-0.01236602771177342	5.26091277484489	-0.15691012296460186	0.876147502082095	0.9362911077312428	-6.88654753467688
ENSMUSG00000019132	-0.01431017951130098	6.396103493803832	-0.15823043522039917	0.8751142069212698	0.9358535805997349	-6.868695015864289
ENSMUSG00000034757	-0.01327330754816014	4.460443710848288	-0.15882859348238018	0.8746461525139598	0.9355195319431087	-6.85088045364015
ENSMUSG00000102869	-0.012243167402767874	5.538941263939658	-0.1589655805807871	0.8745389675368304	0.9355195319431087	-6.886850535073685
ENSMUSG00000026869	-0.012181008682571104	4.595674051135214	-0.1593312002623176	0.8742529016868218	0.9354319241873419	-6.859826664954913
ENSMUSG00000021814	-0.01907800962310624	6.573045730122672	-0.16024539972962792	0.8735376943749148	0.9349945762429744	-6.861172680889233
ENSMUSG00000021282	-0.013081282451546272	8.137765783661767	-0.16030568877096882	0.8734905321112112	0.9349945762429744	-6.795038294388732
ENSMUSG00000022679	-0.018154484949129746	4.929333013121701	-0.16034021578744856	0.8734635228981292	0.9349945762429744	-6.876753342010591
ENSMUSG00000027673	-0.014359472928761718	6.745736035969031	-0.16212927470604255	0.8720642186093552	0.9342545711577135	-6.854025595744675
ENSMUSG00000004535	-0.010556770729614584	6.890712442759722	-0.16394157575416224	0.8706471599857823	0.9329027789505289	-6.848189391999905
ENSMUSG00000031229	-0.015515923981205049	5.274193947674652	-0.16459116740334268	0.8701393418207019	0.9326912780950048	-6.885483251004029
ENSMUSG00000078650	-0.046380407295680826	7.113102719602796	-0.16461284101080423	0.8701223994403551	0.9326912780950048	-6.840274796499659
ENSMUSG00000068040	-0.013096792826694958	5.066169622631592	-0.16557402071225713	0.8693711023375814	0.9322003843587664	-6.8807723749016105
ENSMUSG00000022500	-0.02376355021219645	6.164232722563863	-0.16628807079115981	0.868813051130586	0.9319345991152609	-6.875058986399988
ENSMUSG00000080268	-0.016174775270647146	4.179159620500875	-0.16726812080662606	0.8680472238223464	0.9314483132858866	-6.8273016252898975
ENSMUSG00000042688	-0.01377331333896592	4.740794623985296	-0.16733689513155317	0.8679934872519782	0.9314483132858866	-6.866960101929497
ENSMUSG00000048489	-0.054396904637438404	5.6978880817533595	-0.16750452614564268	0.8678625120221007	0.9314483132858866	-6.882891472520933
ENSMUSG00000029634	-0.011202747601569918	4.903296237854718	-0.1689329540966754	0.8667465910249718	0.9308811913260153	-6.874262301561151
ENSMUSG00000028211	-0.032668121715548004	5.039271469081477	-0.16937440264250783	0.8664017769475252	0.9306772037321558	-6.879286759866132
ENSMUSG00000025133	-0.012128628026577992	4.173982788613011	-0.17089621336108024	0.8652132984563261	0.9302183328672191	-6.826195672094055
ENSMUSG00000029014	-0.013952920983819173	3.9954887082385686	-0.17200619874089668	0.864346640228275	0.9297993127697287	-6.808164390717137
ENSMUSG00000003184	-0.011822308919684943	6.103259690633379	-0.1735207459537384	0.8631643807313463	0.9290882364581516	-6.875156443501287
ENSMUSG00000040488	-0.028319138281575285	3.849473128749173	-0.17390838694424784	0.8628618382645641	0.9290830788475793	-6.7921295466422675
ENSMUSG00000027291	-0.011349901764680315	3.6872198482310323	-0.1740807039602715	0.8627273565810313	0.9290830788475793	-6.773796510430228
ENSMUSG00000026672	-0.012636993366465177	6.17675916950788	-0.17412524598142368	0.8626925952428453	0.9290830788475793	-6.873393534667992
ENSMUSG00000021876	-0.032062076394179684	10.003667504540703	-0.17495725945994328	0.8620433289022075	0.9288180676660149	-6.696158537887944
ENSMUSG00000032966	-0.012012955337829645	6.1099356085682714	-0.1803502428386341	0.8578372541334207	0.9249495891059977	-6.873799337126566
ENSMUSG00000029826	-0.01784360159599263	3.983033218866572	-0.1804958913959869	0.8577237180788093	0.9249495891059977	-6.805337293268899
ENSMUSG00000020220	-0.014428569001370128	4.125287087053885	-0.18104510982162444	0.8572956185390452	0.924863441975067	-6.819709089624647
ENSMUSG00000061950	-0.024505409994310945	4.527624350581764	-0.18133556029139253	0.8570692386147342	0.9247852495665179	-6.851542400503137
ENSMUSG00000022386	-0.01675336253203419	3.665083935231681	-0.1819507502981132	0.8565897939295708	0.9244339209272254	-6.769812287599117
ENSMUSG00000024456	-0.016229726362904096	4.931583887883847	-0.18232344578679874	0.8562993626655484	0.9242864864841531	-6.873020455658382
ENSMUSG00000041957	-0.014800447207116818	4.128135132256087	-0.1827340603994256	0.8559794055107228	0.9241071231968978	-6.819676507674312
ENSMUSG00000022051	-0.01762233582150685	6.931589037565312	-0.1838685554756272	0.8550955178149535	0.9236507220115147	-6.843173346321988
ENSMUSG00000035770	-0.01604307998804977	4.788258918250684	-0.18579480269334503	0.8535952078077808	0.9223617341695656	-6.866024381209065
ENSMUSG00000022241	-0.02891768889769697	6.615020864864473	-0.18587422993021765	0.853533355524993	0.9223617341695656	-6.854983239726442
ENSMUSG00000052298	-0.013622239774126577	4.239443637289016	-0.1858986000908334	0.8535143779649463	0.9223617341695656	-6.829369132831312
ENSMUSG00000029173	-0.015302912963583104	5.045632319303479	-0.18615106635052178	0.8533177823326998	0.9223617341695656	-6.876464499256252
ENSMUSG00000016921	-0.011961723184707118	6.193926032979131	-0.19014635075994266	0.8502079212803981	0.9206883040140409	-6.869990597975974
ENSMUSG00000005625	-0.017705077253512336	6.520827240466193	-0.19113611727976437	0.8494378763082964	0.9201860823393821	-6.857786216859838
ENSMUSG00000023830	-0.018963414605448925	3.7551049792365965	-0.1917441946205437	0.8489648620899295	0.9200574820677069	-6.778298647985005
ENSMUSG00000073702	-0.02387893294146437	7.730918065071345	-0.1926965544262519	0.8482241494180354	0.9195343521293478	-6.8101723857556005
ENSMUSG00000099083	-0.021428565945919242	3.972614201982868	-0.19311780621294974	0.8478965586965223	0.9193450778071819	-6.801847162422753
ENSMUSG00000019947	-0.03771296637570298	3.7070429274986165	-0.1934335561185469	0.8476510304951815	0.9192447287936376	-6.772483928304046
ENSMUSG00000020309	-0.016825615355130275	5.041618270909288	-0.19410820544567586	0.8471264724357623	0.918987113798561	-6.874800847522776
ENSMUSG00000021716	-0.01726101175472783	3.7705691607867875	-0.19415460861798353	0.8470903953029614	0.918987113798561	-6.779571867087538
ENSMUSG00000069516	-0.03429885742661476	6.289854466902498	-0.1944663114167266	0.8468480639773985	0.918987113798561	-6.866190142362407
ENSMUSG00000025743	-0.03414790534900547	5.084282351684677	-0.19464267336113275	0.8467109591938777	0.918987113798561	-6.876004500288956
ENSMUSG00000027222	-0.012019998253927966	6.41567877633022	-0.19481648891313538	0.8465758387119241	0.918987113798561	-6.8613491700656075
ENSMUSG00000058952	-0.017303413319131877	8.988965125632303	-0.19615712993050777	0.8455338110768247	0.918440468322603	-6.746953108059625
ENSMUSG00000027835	-0.020866619804061237	5.608680205748068	-0.1962935128774227	0.8454278216780277	0.918440468322603	-6.87917385950171
ENSMUSG00000068391	-0.022271987134046434	4.153500235923044	-0.19786073922676	0.844210067997366	0.9175681765864317	-6.819209083284561
ENSMUSG00000006519	-0.036200795113629614	3.8384549601918247	-0.1982625864355165	0.8438978901298487	0.9175681765864317	-6.786322295185963
ENSMUSG00000042650	-0.01761508744931195	5.238624621236908	-0.19838034092897575	0.8438064165412283	0.9175681765864317	-6.878723101898662
ENSMUSG00000050312	-0.02016409113095774	3.7565579997862737	-0.1987870414544855	0.8434905018755792	0.9175478685319253	-6.7770704709462635
ENSMUSG00000030744	-0.02067757303183626	8.125411817072049	-0.19971331549884425	0.842771093476619	0.9170973380479905	-6.78847575302135
ENSMUSG00000024943	-0.018663879957326657	3.825347352228103	-0.2070750186567805	0.8370583872246251	0.912533354287513	-6.78306025148249
ENSMUSG00000036499	-0.015551278940585611	4.1576602853307465	-0.20812731479749896	0.8362425235726471	0.9122264834894845	-6.8174943073684044
ENSMUSG00000014426	-0.017899072294608853	3.737601134112751	-0.210061725233545	0.8347432197088576	0.9111665771535922	-6.772583396471287
ENSMUSG00000039217	-0.0322325485676247	4.30784725130178	-0.21357662498492358	0.8320205276390003	0.9101356482047817	-6.829418957543939
ENSMUSG00000020593	-0.11064927319130557	5.16901190070368	-0.21442015827945377	0.8313674249774757	0.9097954574193502	-6.874047919510456
ENSMUSG00000037089	-0.025835489264515843	5.334862239691166	-0.21466462269308517	0.8311781718824129	0.9097540318472531	-6.876489287067243
ENSMUSG00000021264	-0.015310742590480153	4.860929153459399	-0.21544535328790135	0.8305738344255171	0.909319344742355	-6.863376774714679
ENSMUSG00000063457	-0.026193358642048636	9.195658823322685	-0.2200157819009264	0.8270381203830448	0.9067047783222758	-6.731300394421445
ENSMUSG00000074748	-0.012668046643355524	5.8903742176019	-0.22003070139755485	0.8270265844866664	0.9067047783222758	-6.869183420210843
ENSMUSG00000047230	-0.031280426879029655	6.077581746616256	-0.22272166923272124	0.8249465399644711	0.9060217432748372	-6.865744225694678
ENSMUSG00000020868	-0.018906597960168803	4.101047346573509	-0.2228647255746389	0.8248359969569203	0.9060217432748372	-6.8087559203462735
ENSMUSG00000028479	-0.0304842290580698	7.01606615394183	-0.2230834773761668	0.8246669692694841	0.9060217432748372	-6.832087052765559
ENSMUSG00000024072	-0.013803525278805573	4.596830930988073	-0.2233874783831616	0.824432084274507	0.9060217432748372	-6.847464432916322
ENSMUSG00000046707	-0.01370644261328291	4.425020426377009	-0.2255979266097085	0.8227246844659154	0.9046207921236387	-6.835394655276567
ENSMUSG00000024048	-0.013361219368389854	5.359319825641564	-0.22686349365029804	0.8217475243303815	0.9038771505951423	-6.873936594152193
ENSMUSG00000034152	-0.018988426411251424	4.826029974266088	-0.2270460745233842	0.8216065750513499	0.9038771505951423	-6.8591893395577985
ENSMUSG00000040048	-0.021444904210594196	7.858721789342683	-0.2282770483114281	0.8206564410820305	0.9033384419237812	-6.796078970401966
ENSMUSG00000018509	-0.023008625121259563	4.909492524736449	-0.2309121176568402	0.8186234696591183	0.9014309014443177	-6.861941000964874
ENSMUSG00000002778	-0.015945054932998026	6.416694611691006	-0.231275485642092	0.8183432282613298	0.9012874740876705	-6.8534281049410914
ENSMUSG00000030655	-0.02178680368966912	4.019056503621326	-0.23194865899820896	0.8178241185277751	0.9008808667705593	-6.79835233427494
ENSMUSG00000051223	-0.018283404977045947	7.113143686626915	-0.23286597558621153	0.8171168743682875	0.9005970832866911	-6.826518225375423
ENSMUSG00000033732	-0.019045666498251013	3.951383598804377	-0.23333002491285956	0.8167591547765131	0.9003679620348682	-6.790907504192914
ENSMUSG00000026788	-0.01830691923307226	3.753185873230228	-0.23335157037970275	0.8167425470842717	0.9003679620348682	-6.7691266464486315
ENSMUSG00000029119	-0.016884246457717467	4.846328622030607	-0.23455229555865	0.815817138727859	0.8996596048111037	-6.858360474308087
ENSMUSG00000014355	-0.015119074010964795	4.75750556762258	-0.234945680568449	0.8155140118201921	0.8994903996012362	-6.854018270325338
ENSMUSG00000026553	-0.016879457664694897	6.679769406671645	-0.23541409148312847	0.8151531103727441	0.8992573967743379	-6.841837924758705
ENSMUSG00000029125	-0.02517085737985525	4.291799142927296	-0.23612359136527228	0.8146065322888855	0.8988194367469542	-6.823001574108165
ENSMUSG00000038914	-0.02669509922763691	3.783748870409855	-0.23694074281103034	0.8139771388577534	0.8982899223868209	-6.7717134935815935
ENSMUSG00000031939	-0.032435625189720874	3.7503091982403807	-0.23835217010203752	0.8128903115141082	0.8977995857518758	-6.767606653059895
ENSMUSG00000033831	-0.04472576489889413	10.172627872584757	-0.23835308902666744	0.8128896040455076	0.8977995857518758	-6.673681889812389
ENSMUSG00000003949	-0.029818382981395608	5.267311483898682	-0.23890336485078975	0.8124659820987824	0.8977995857518758	-6.870170494111759
ENSMUSG00000051510	-0.02325377220171454	6.007330173903853	-0.23906909030497417	0.8123384119120917	0.8977995857518758	-6.863070955553011
ENSMUSG00000025204	-0.021375066164638135	7.359179485977104	-0.2395476057686965	0.8119700949997137	0.8977995857518758	-6.816254503384931
ENSMUSG00000030498	-0.029977419481152623	5.708821483588279	-0.23997135648053172	0.8116439670416085	0.897693465480034	-6.867690900211922
ENSMUSG00000020385	-0.027372889517066845	5.603716411612169	-0.24026896594927513	0.8114149404972464	0.8976053714005806	-6.869512921282569
ENSMUSG00000025246	-0.020533531128126725	4.0530630595516515	-0.2406221684157622	0.8111431539204309	0.8974699340651572	-6.799772613325108
ENSMUSG00000036854	-0.022120493798821528	3.686800859591879	-0.24066294714528944	0.8111117765257803	0.8974699340651572	-6.759769398687459
ENSMUSG00000021024	-0.017440819398672147	7.328160071841358	-0.24070052649192278	0.811082861191483	0.8974699340651572	-6.817139142100376
ENSMUSG00000040699	-0.03829102394132189	3.7339828825367314	-0.24195550889881734	0.8101173722980137	0.8971609454734176	-6.764873734768138
ENSMUSG00000024066	-0.02932350882578927	7.081024330754238	-0.2420472190382542	0.8100468291876256	0.8971609454734176	-6.825392069099015
ENSMUSG00000073838	-0.015838127554901327	7.111351904206293	-0.24349720686174817	0.8089317173782895	0.8961782245070321	-6.824011930169442
ENSMUSG00000025006	-0.04767028747841007	4.28011874302932	-0.2441546970835977	0.808426207915442	0.8959485583481909	-6.820103317243185
ENSMUSG00000041058	-0.019814074499006296	4.919807382261938	-0.24450554291029994	0.8081564951222173	0.8958148642666305	-6.859081341398142
ENSMUSG00000067365	-0.02012145542886712	3.9929493690484312	-0.24516401289287126	0.8076503602311473	0.8954190063891079	-6.792436057416852
ENSMUSG00000057841	-0.02980000347918299	8.035947642523073	-0.2470785222328217	0.8061792433282743	0.8942830114749123	-6.782329425554134
ENSMUSG00000021185	-0.01965509419735323	4.691226049644522	-0.24726413598599212	0.8060366547782453	0.8942830114749123	-6.847464934084447
ENSMUSG00000029063	-0.020462556911464702	7.887451634610864	-0.24816065712449306	0.8053480414244079	0.8938747828983626	-6.789785006416842
ENSMUSG00000021241	-0.022582909189087452	5.315203399275576	-0.248846067823955	0.8048216867796426	0.8936019061084391	-6.868282587166633
ENSMUSG00000026116	-0.03812750661955766	3.893975617110939	-0.25118866106628	0.8030234103937407	0.8924297527383	-6.780362657779916
ENSMUSG00000031813	-0.019579167783111195	6.227975811092816	-0.2528761130711708	0.801728719956282	0.8914526491787923	-6.854933330542958
ENSMUSG00000028708	-0.02083893090405642	4.387345187027309	-0.2531396241368286	0.801526593201938	0.8914257446882186	-6.826012893935078
ENSMUSG00000029669	-0.021250701264847294	7.578980489078091	-0.25530550047888123	0.7998657775125128	0.8904026411768597	-6.803124420806543
ENSMUSG00000060038	-0.020407588797318965	4.502340045585519	-0.2557879027305946	0.7994959944594804	0.8901559071163643	-6.833341427212421
ENSMUSG00000025873	-0.01927232915843291	5.569799944593158	-0.25822784534243026	0.7976263864257609	0.8883494569685785	-6.865470296903699
ENSMUSG00000057788	-0.02255739174566651	3.8692655963421125	-0.2583119228352982	0.797561983420493	0.8883494569685785	-6.775829559167551
ENSMUSG00000036167	-0.019261590932485806	3.923552098483962	-0.2597218026166009	0.7964822352832024	0.8877873774469973	-6.781348663713017
ENSMUSG00000001424	-0.0276448564763232	6.773872084757082	-0.259990769485259	0.79627629452794	0.8877224960702025	-6.831984691891468
ENSMUSG00000036591	-0.038473688382285154	4.63212317202085	-0.26008155947855854	0.796206782382278	0.8877224960702025	-6.84068210430773
ENSMUSG00000021109	-0.014920298857221681	4.576424100734213	-0.26055286680298306	0.795845959260022	0.8877224960702025	-6.837023163075339
ENSMUSG00000026259	-0.0437524459045191	4.555400353528639	-0.2606418407954231	0.7957778477061229	0.8877224960702025	-6.8356189358367345
ENSMUSG00000038286	-0.017872293341985035	7.694515793038373	-0.2620587981586139	0.7946933540269	0.8867803833514656	-6.795966977658221
ENSMUSG00000037204	-0.035280963787895914	5.562831747236224	-0.2624896555842808	0.7943636712717057	0.88657713608315	-6.864437010465779
ENSMUSG00000033688	-0.020549022129452865	8.788677568026523	-0.2631671457184154	0.7938453477922018	0.8861632351631693	-6.74138282551026
ENSMUSG00000100862	-0.04235292335166729	7.2982547665553765	-0.26757961746551323	0.790471849661225	0.8832178030149312	-6.811313938098128
ENSMUSG00000029998	-0.017059104835658978	7.551999823306981	-0.2681081543780888	0.7900680358687864	0.8830950200028902	-6.80093166882797
ENSMUSG00000066306	-0.027065882274105668	5.050901955022038	-0.2698246739219607	0.7887569821437028	0.8821218510518352	-6.857274351633619
ENSMUSG00000032080	-0.08198387452236666	5.298013029675395	-0.270207911180384	0.7884643556554005	0.8821218510518352	-6.862477433018818
ENSMUSG00000026965	-0.018089035566608125	5.17301363853062	-0.2702966651562358	0.7883965906669436	0.8821218510518352	-6.8603952202825
ENSMUSG00000019143	-0.016581081862772074	5.019162622019005	-0.27114596263140767	0.7877482236218003	0.8821218510518352	-6.855868962517132
ENSMUSG00000021895	-0.030051492321874207	3.7434825147132975	-0.27341777615348617	0.7860146383289532	0.881022563275262	-6.7577513287668065
ENSMUSG00000020186	-0.027793107674051853	5.572423052226866	-0.27354705620026865	0.7859160198316455	0.881022563275262	-6.861304045974504
ENSMUSG00000028393	-0.023110155506781638	6.977936288048063	-0.27433783539056167	0.7853128687833526	0.8805644763051251	-6.820502439185494
ENSMUSG00000038324	-0.014453349795206627	6.262806974861157	-0.27465503501670196	0.7850709687377257	0.8804575310087709	-6.848020230051573
ENSMUSG00000036138	-0.024038491798539674	7.959198007981246	-0.2755799019327119	0.784365778008137	0.8801594696640327	-6.778765640893392
ENSMUSG00000026634	-0.028577747291208322	3.924555159227243	-0.2758829407466566	0.7841347575728719	0.8800645794276031	-6.777075128925804
ENSMUSG00000071660	-0.018253570149465936	4.0492849708505645	-0.2768483904194457	0.7833988828569421	0.8796350264170436	-6.789895616648598
ENSMUSG00000026102	-0.027609923044259688	3.700898648020327	-0.27819788083678104	0.7823706264221094	0.8787411390972814	-6.751546554773248
ENSMUSG00000020277	-0.02369308992078345	5.299497411943109	-0.2790435418853389	0.7817264687077978	0.8787411390972814	-6.860033170528601
ENSMUSG00000061983	-0.04417929721844516	8.264267489736579	-0.2806987726879809	0.7804660957236592	0.8777504714960637	-6.761849870747473
ENSMUSG00000035376	-0.022359356554555454	5.643722839379088	-0.28125453096307895	0.7800430487341501	0.8776031978737142	-6.858006835086655
ENSMUSG00000038503	-0.03563386264225876	4.416482883866757	-0.28199379437607974	0.7794804213584128	0.8774430099440371	-6.820285014520183
ENSMUSG00000048429	-0.032905018907025685	4.345834126928887	-0.28313967784366817	0.7786085672557024	0.8766458461007149	-6.814809934834271
ENSMUSG00000028249	-0.01765555262941465	5.879360000391936	-0.2846082550671223	0.7774916128216048	0.8755523053682578	-6.852821527810422
ENSMUSG00000020238	-0.018939130907354773	6.069129681514757	-0.2851634604349609	0.7770694651850028	0.875240940261796	-6.849814390470536
ENSMUSG00000070738	-0.03401430764569113	4.129710042611182	-0.28534808340324547	0.7769291031887565	0.875240940261796	-6.795497518321615
ENSMUSG00000000275	-0.02241033672285564	4.882526712110036	-0.28561276528777535	0.7767278885792551	0.8751843019825133	-6.846486263318776
ENSMUSG00000001924	-0.018349052965770163	6.876219222845186	-0.2908071805310404	0.7727821958373639	0.8721472481791165	-6.819484751107095
ENSMUSG00000062997	-0.039269209682158746	7.620369295190529	-0.2912461025578532	0.7724490674720789	0.8721472481791165	-6.791295674928996
ENSMUSG00000025521	-0.02553900322579139	3.885531543295029	-0.2923608985953088	0.7716031676148152	0.8713706886294728	-6.76811805760457
ENSMUSG00000073684	-0.037661651704482324	3.797045522823668	-0.2928894548817171	0.7712022011882749	0.8710815840113428	-6.758203121678295
ENSMUSG00000021810	-0.021542490355711763	4.234478459522435	-0.29315321775513375	0.7710021326287505	0.8710647237728152	-6.802904865890968
ENSMUSG00000008301	-0.026554929333554078	4.161792096675756	-0.29352161349076583	0.77072272480617	0.8710311930337175	-6.7961885956226045
ENSMUSG00000041415	-0.024528440271771146	3.8719299189419747	-0.29382802358600923	0.7704903532343709	0.8710311930337175	-6.766197888195632
ENSMUSG00000027599	-0.029100269820881763	4.325899594453561	-0.2944822672280488	0.7699942676047911	0.8706992009855457	-6.809985227966539
ENSMUSG00000029201	-0.03619299157216549	6.589310730169018	-0.29452723145870935	0.7699601766983702	0.8706992009855457	-6.829553287417582
ENSMUSG00000028973	-0.02705911396499694	4.7706365057467535	-0.2950672528965426	0.7695507802695345	0.8705253461294489	-6.838519937794856
ENSMUSG00000000759	-0.02892177128357787	3.683481668369507	-0.29658372807631483	0.7684014805984513	0.8697164243579005	-6.744188854854112
ENSMUSG00000034574	-0.02898902604716369	4.225797744224602	-0.2987945750164804	0.7667268822356816	0.8684753695295402	-6.800458698123409
ENSMUSG00000030895	-0.06877398417461222	11.990361605998492	-0.2999728155279783	0.7658348900863835	0.8681195726332915	-6.563096061993554
ENSMUSG00000005501	-0.024181438518501075	4.182446276357956	-0.3016313747579255	0.7645798177313167	0.8671207845729043	-6.795687145009649
ENSMUSG00000038429	-0.026420014238991207	5.990036539362043	-0.3053477364519773	0.7617698942370432	0.8648167947232935	-6.845031883145959
ENSMUSG00000024081	-0.022849708915200218	5.159936606769704	-0.3056027077119821	0.7615772308711382	0.8647614475254477	-6.8498043966875946
ENSMUSG00000005687	-0.018085824600214906	4.580336260135749	-0.3057405236493662	0.7614730997191291	0.8647614475254477	-6.824312674854578
ENSMUSG00000005312	-0.024238211892555483	6.528014673277717	-0.3060355320641378	0.7612502119648799	0.8647169231941328	-6.82853470393757
ENSMUSG00000031889	-0.047985026187263635	4.872803225324716	-0.3106709395500172	0.7577507383172316	0.8624409463807764	-6.8384973007443435
ENSMUSG00000022706	-0.021717436006726487	4.702571122209602	-0.3124084001892685	0.7564403772486792	0.8616967254762679	-6.829619290187373
ENSMUSG00000032423	-0.024777100357965764	4.293001876994871	-0.31422947966486614	0.7550677337637424	0.8604593233806804	-6.801325985275255
ENSMUSG00000062762	-0.023595391437928548	7.67341447493825	-0.31427747506645093	0.7550315679562811	0.8604593233806804	-6.781746003015498
ENSMUSG00000023004	-0.03422805287554276	4.978925191574357	-0.31442205897405723	0.7549226235242702	0.8604593233806804	-6.8415831233831605
ENSMUSG00000028902	-0.027872776124662657	4.264553155597385	-0.31534409072856057	0.7542279890219585	0.8604128836911548	-6.7986437875671974
ENSMUSG00000068798	-0.02074397772071368	6.3964083432048	-0.31657128619488434	0.7533037729561183	0.8599434198593363	-6.8305641341600305
ENSMUSG00000017404	-0.03528348435278161	9.015482766468594	-0.3178260651201162	0.7523591634092632	0.8594916754612667	-6.713990909938328
ENSMUSG00000022512	-0.09117505747841914	4.462969051673572	-0.3181162328906941	0.7521407771793436	0.8594055771193526	-6.812549262153335
ENSMUSG00000046785	-0.04209233178855465	3.6980377313171435	-0.3189254928389945	0.7515318205766337	0.8588730904992378	-6.738920502831323
ENSMUSG00000030244	-0.07070921056862112	7.0560938781127485	-0.31954365586422695	0.7510667700366941	0.8585048927431035	-6.8041945586048325
ENSMUSG00000029776	-0.024377457962482474	7.658433847213681	-0.3196477576316532	0.7509884624285671	0.8585048927431035	-6.78073690766607
ENSMUSG00000022450	-0.03441813544576888	8.132070381986056	-0.3202136322542571	0.7505628459336808	0.8582554027051357	-6.756432428340956
ENSMUSG00000022507	-0.030673274855520738	4.110668805767262	-0.32177731491793526	0.7493871496812856	0.8574004917050353	-6.782433972835545
ENSMUSG00000005354	-0.021307387970243674	7.701225190162048	-0.32204685545021633	0.7491845495819345	0.8573319288588543	-6.7779088091146
ENSMUSG00000036918	-0.04146262952466273	5.262122658686544	-0.3226388412979514	0.7487396467092957	0.8573116242681554	-6.846256662876169
ENSMUSG00000032235	-0.0315154017827477	3.6905944240973376	-0.32275159369680806	0.7486549182783981	0.8573116242681554	-6.736819519972008
ENSMUSG00000024588	-0.024776878468219188	6.55159879450828	-0.3228628983815859	0.7485712808358271	0.8573116242681554	-6.822216998154839
ENSMUSG00000022098	-0.03539275994036917	5.78288696442759	-0.32288058396941427	0.7485579916753888	0.8573116242681554	-6.842615851784995
ENSMUSG00000039456	-0.04713023070604905	4.117962238704743	-0.3231336907781003	0.7483678127295023	0.8573116242681554	-6.782710941022073
ENSMUSG00000051768	-0.03265936298790795	3.897959875308966	-0.3254350231263505	0.746639373487644	0.8560649130453666	-6.7591342491605655
ENSMUSG00000036278	-0.02814053575419262	5.494526314654062	-0.3263679798361349	0.7459390436060618	0.8555731462166111	-6.846015108833785
ENSMUSG00000034432	-0.018202231874122177	5.147856291292682	-0.3264437241988838	0.7458821951887913	0.8555731462166111	-6.842856753513963
ENSMUSG00000030946	-0.04029425614349602	6.325612803573415	-0.3278109766494022	0.7448562788451114	0.8546575099446772	-6.829618578324457
ENSMUSG00000002205	-0.01905137844448479	4.626894995041341	-0.3301706326600686	0.7430868212694715	0.8529529530101727	-6.8194054520805425
ENSMUSG00000028820	-0.03235376277457114	6.274141327342784	-0.3310704631678	0.7424124278089241	0.8525587314664793	-6.83033146237975
ENSMUSG00000046330	-0.039935835748883264	8.111978704145208	-0.33254643536781825	0.7413066804212418	0.8520489370029154	-6.753379901719383
ENSMUSG00000025234	-0.03433705046967095	5.402504601185639	-0.33337008347631375	0.7406898729614044	0.8519135154490513	-6.843878931351623
ENSMUSG00000059811	-0.04066203718629691	6.042230193129133	-0.33717936608526683	0.7378394657697278	0.8495262214620223	-6.833864484686323
ENSMUSG00000029162	-0.04398050486466687	8.792299486637797	-0.33728788630967815	0.7377583170075375	0.8495262214620223	-6.718712013544969
ENSMUSG00000016664	-0.02743593869664629	5.408807075944815	-0.3380952533038428	0.7371546832497113	0.8494256798175777	-6.842286274463813
ENSMUSG00000020832	-0.025189598024107696	3.834804454917214	-0.33835994789239066	0.7369568191086187	0.8494256798175777	-6.747879553515762
ENSMUSG00000024079	-0.03291013459597458	3.907187610552024	-0.3392936800483514	0.7362589817942553	0.8488450156565005	-6.755473689210605
ENSMUSG00000032412	-0.03322319010785524	5.756508307472185	-0.3417254369595544	0.7344426384395134	0.8474012700428257	-6.83676207488209
ENSMUSG00000026348	-0.09976804348179336	4.517890159630317	-0.3417734779358882	0.7344067708859596	0.8474012700428257	-6.808361898482762
ENSMUSG00000021786	-0.021131720089220707	4.729033893591298	-0.3421085618795882	0.7341566128564135	0.8473966743477122	-6.821213317354327
ENSMUSG00000028953	-0.03078664125565833	4.332582247701911	-0.3437127189646756	0.7329594309523324	0.8465026370541159	-6.794587959109658
ENSMUSG00000017478	-0.025786533429521974	4.991365177824455	-0.343945439031966	0.732785808058709	0.8465026370541159	-6.832197342577414
ENSMUSG00000044147	-0.04929936002042279	4.673507527149023	-0.3446050553152089	0.7322937727062402	0.8463845509120594	-6.817260787668943
ENSMUSG00000032591	-0.02829908356944344	6.915112711374021	-0.34562446067227176	0.7315335807702077	0.8458313039923374	-6.800383378272524
ENSMUSG00000035093	-0.02072811041150935	5.007904866945441	-0.34805128895981957	0.729724947887459	0.8440360912745655	-6.831352496233553
ENSMUSG00000026866	-0.036763368175688704	7.15239886393176	-0.34849968085180755	0.7293909473161766	0.8438410093228542	-6.791150159346447
ENSMUSG00000056383	-0.02508378461169647	3.6875533005796317	-0.3485503408944536	0.7293532147461843	0.8438410093228542	-6.727716875868782
ENSMUSG00000032548	-0.048285267656122954	4.542987452143663	-0.3494881773106757	0.728654819422609	0.8434785872182978	-6.8073413236743185
ENSMUSG00000042228	-0.02844083379900475	4.223638276448394	-0.3523079895411507	0.7265563522890186	0.8417780299259315	-6.782638434719408
ENSMUSG00000038900	-0.047928620295706104	7.899732576600501	-0.3530139337765316	0.7260313309273777	0.8417780299259315	-6.757251656380225
ENSMUSG00000047675	-0.03680538193511396	9.047813365521002	-0.35311006834605774	0.7259598445481279	0.8417780299259315	-6.700389231619758
ENSMUSG00000001155	-0.023971950960698152	8.34149895193178	-0.354193570649888	0.7251543159921321	0.8417780299259315	-6.734488508573284
ENSMUSG00000026193	-0.04109935493912786	8.150665066800354	-0.3549874877207131	0.7245642799139679	0.8413346392276392	-6.743625723236059
ENSMUSG00000030681	-0.05109252014508314	4.061212776456439	-0.35750830689154106	0.7226919458732288	0.8398096891804742	-6.76522139222259
ENSMUSG00000020476	-0.02392143781638012	4.295321123161153	-0.3580095615809096	0.7223198451280142	0.8397983437376779	-6.786619813051051
ENSMUSG00000098747	-0.05341124981495504	4.6374834417290485	-0.3583730603307576	0.7220500486627703	0.8397983437376779	-6.810217719290911
ENSMUSG00000041879	-0.026503082915058762	4.5778153927758405	-0.35910234298193233	0.7215088680857601	0.8395714152454168	-6.806187262192492
ENSMUSG00000028756	-0.022792340750898532	6.873684151978113	-0.3594285957064167	0.7212668118334222	0.8394523091820713	-6.796991842712966
ENSMUSG00000002803	-0.03198007167904349	3.854019687682994	-0.35992142059521637	0.7209012259727126	0.839413135301322	-6.7423895550898525
ENSMUSG00000037824	-0.029066231609581106	3.824027658715666	-0.36063620795610335	0.7203711024635442	0.839385292748388	-6.7388165502849295
ENSMUSG00000021224	-0.02172266351720431	4.777282504383702	-0.3661882067997595	0.7162582281031507	0.8357273189654043	-6.815030099328937
ENSMUSG00000020986	-0.025751304106411688	6.212000675197508	-0.36836987907286095	0.7146443954406454	0.8344924547615309	-6.819050033840165
ENSMUSG00000068551	-0.0429435633855455	4.342028470796541	-0.3695820042551531	0.7137483313697663	0.8339322813923636	-6.785966828743387
ENSMUSG00000048758	-0.036421746517333986	8.885256949478833	-0.3701668676912686	0.7133161175419991	0.8335893719000141	-6.702368300996403
ENSMUSG00000006522	-0.06900074116481392	9.524157636170067	-0.3711447897244753	0.7125936473903137	0.8335556214071239	-6.668611189942394
ENSMUSG00000029004	-0.03408841378307681	4.204438270871155	-0.3711602752951795	0.712582209100739	0.8335556214071239	-6.774035061736211
ENSMUSG00000049858	-0.04193016962609519	5.771593055559051	-0.37436050894156686	0.7102198289212307	0.8315882603249561	-6.824647485591349
ENSMUSG00000002102	-0.02713123119119576	7.290313707509217	-0.3749652583480603	0.7097737333012615	0.831227901658016	-6.776680911340939
ENSMUSG00000031731	-0.026746934052294336	5.2122600102561405	-0.37613757131697306	0.7089092670389657	0.8303773461280984	-6.826498214011505
ENSMUSG00000032498	-0.03391855757752138	3.8652740400490133	-0.3788202041522141	0.7069325552813691	0.8287238074195931	-6.736570356230013
ENSMUSG00000053907	-0.03602952236601986	6.5136705810813	-0.3802235622989583	0.7058993007233392	0.8278198473939392	-6.803346282391983
ENSMUSG00000023348	-0.04128466841804812	4.391330345915661	-0.38054835469444914	0.7056602451320337	0.8277010370873298	-6.78543217178683
ENSMUSG00000028218	-0.039973325390825654	3.949112797455069	-0.3805908538184277	0.7056289669137203	0.8277010370873298	-6.744937180641261
ENSMUSG00000040822	-0.03180345442120913	5.174229512514647	-0.3807458821832684	0.7055148745698454	0.8277010370873298	-6.823994849207586
ENSMUSG00000030087	-0.04180752514614028	6.547289215245315	-0.38275410858340664	0.7040375536191907	0.8266044665294485	-6.801003626933358
ENSMUSG00000027411	-0.023240264242059716	4.945187117289234	-0.3832052558508	0.7037058335106388	0.8263764615136658	-6.815994697577603
ENSMUSG00000039176	-0.03472630987254366	4.850187144592052	-0.3834311406705156	0.7035397666692715	0.8263429354799946	-6.811928738287372
ENSMUSG00000030064	-0.04509356836898082	4.893183059341504	-0.3838255768619591	0.7032498188651497	0.826325412898061	-6.813644003476946
ENSMUSG00000039782	-0.049788569238063296	4.214554790934527	-0.3838442269503209	0.7032361104019	0.826325412898061	-6.770103201642069
ENSMUSG00000027427	-0.029447326840720933	3.6686176186000963	-0.38402962984662387	0.70309983828528	0.826325412898061	-6.712400832572568
ENSMUSG00000024187	-0.019084523996416358	5.359244848097832	-0.385383740194266	0.7021048610079325	0.8254643141844388	-6.824757155443004
ENSMUSG00000025921	-0.029485610673884555	3.821029816025065	-0.3855390392830892	0.7019907837684425	0.8254643141844388	-6.729098278712576
ENSMUSG00000037621	-0.06615651891371321	4.193820188985875	-0.3879903509448303	0.7001910630928361	0.8236977482625003	-6.766609319589619
ENSMUSG00000038014	-0.022580221446155235	5.490854189562199	-0.38855484819723674	0.6997768640806428	0.823371681272877	-6.823525418224019
ENSMUSG00000075590	-0.0434027457767705	5.584004909902814	-0.3890076090059632	0.6994447186217616	0.823142051350992	-6.8223915415291945
ENSMUSG00000015806	-0.02910757015614962	8.620445490389317	-0.3900438689590322	0.6986847431709904	0.8227310644159281	-6.707638859040053
ENSMUSG00000020038	-0.13215340640110806	5.044871452708183	-0.39035197173245045	0.698458846345254	0.8226262657170974	-6.816785529645357
ENSMUSG00000096546	-0.03400429532323823	4.062232394458539	-0.3912678526020851	0.6977874988105417	0.8219966830724456	-6.752548800287962
ENSMUSG00000047638	-0.03936217858732771	6.4810959721910395	-0.39128298456749255	0.6977764090300478	0.8219966830724456	-6.800356677710999
ENSMUSG00000028527	-0.07756706687836257	5.842501936932628	-0.3919043045061706	0.6973211195715767	0.8217694856845664	-6.816630254019004
ENSMUSG00000032872	-0.025190189925471174	4.528434105921855	-0.39209367649401944	0.697182374506859	0.8217671417049267	-6.790386808721197
ENSMUSG00000040479	-0.031756204968171	5.073787191646271	-0.39219398174896725	0.6971088892388774	0.8217671417049267	-6.816945308351066
ENSMUSG00000020614	-0.04432813913902667	4.235952218799711	-0.3921973522963846	0.6971064199721038	0.8217671417049267	-6.768693895325223
ENSMUSG00000028857	-0.02426069023287525	5.1867808688351476	-0.39223433693820814	0.697079325201698	0.8217671417049267	-6.819755936436855
ENSMUSG00000027712	-0.030370110863930933	6.431329309023106	-0.3923758036824323	0.6969756910543183	0.8217671417049267	-6.801948574113773
ENSMUSG00000048217	-0.0430041582927263	5.565423806737572	-0.39241004325326817	0.6969506090908595	0.8217671417049267	-6.821302714674215
ENSMUSG00000001962	-0.03645853080855588	4.387753775158754	-0.39319809490084795	0.6963734225011428	0.8217671417049267	-6.780223317898861
ENSMUSG00000002221	-0.03420526044547323	4.042442842725888	-0.39649295875873786	0.6939621740416104	0.8199014360629251	-6.748456870657171
ENSMUSG00000024805	-0.03234329573075678	3.8622526000625337	-0.3965870665481296	0.6938933512016103	0.8199014360629251	-6.729282588908973
ENSMUSG00000029422	-0.02495007165493579	4.859163675234508	-0.39798870484248083	0.6928686171310503	0.8190925674484519	-6.80657567682917
ENSMUSG00000027366	-0.023819356406520775	6.349239920298415	-0.39823203715068356	0.6926907769753244	0.8190434629761364	-6.802866399942758
ENSMUSG00000020329	-0.027860703607149873	4.1029904820819825	-0.4006067924435436	0.6909561059350036	0.8176359276414802	-6.752883111901758
ENSMUSG00000010064	-0.053750367251495845	9.986316853167155	-0.4009407298354018	0.6907123120085064	0.8175084267991165	-6.631463979926426
ENSMUSG00000004591	-0.026739888257547584	4.933187015567257	-0.4017403976796665	0.6901286431016744	0.816978529629228	-6.808155780110445
ENSMUSG00000055943	-0.019373909667863565	4.191551735317996	-0.40200866729290513	0.6899328789192176	0.8169077181134144	-6.760805122898317
ENSMUSG00000060098	-0.03760130349611668	3.8933298146509183	-0.40591156944803736	0.6870872634195382	0.814019591066247	-6.7288937950667345
ENSMUSG00000002984	-0.042186801622991155	5.065690150139224	-0.4060451167500711	0.6869899749969366	0.814019591066247	-6.811105630513753
ENSMUSG00000016510	-0.032200746203356	4.017685803161255	-0.4075327808916269	0.6859065852844715	0.8132621687005503	-6.741421385645766
ENSMUSG00000028955	-0.03937038657676384	3.992762625483188	-0.40773562604197733	0.6857589154731905	0.8132475474794556	-6.7387410426066765
ENSMUSG00000022913	-0.03094240762082734	4.617540963456954	-0.40773905298175067	0.6857564207928576	0.8132475474794556	-6.789863490406769
ENSMUSG00000000751	-0.029782468504288673	4.099435817121333	-0.4095796806350812	0.6844170300494745	0.812457908646245	-6.748858290168147
ENSMUSG00000039308	-0.035719364891924066	3.9507371454029077	-0.410867939079249	0.6834802015076492	0.8120803679014499	-6.733007019335504
ENSMUSG00000021460	-0.031562343890945144	5.588058123336723	-0.4109506614004099	0.6834200626797631	0.8120803679014499	-6.813452295729097
ENSMUSG00000030421	-0.04500813209312593	5.1748540986617595	-0.41166666584248623	0.6828996173704666	0.8119398102056061	-6.811611897808342
ENSMUSG00000040940	-0.03491711265041886	5.220398860750386	-0.4118491382768965	0.6827670078773838	0.8119398102056061	-6.812410543053346
ENSMUSG00000021279	-0.060080044639921226	5.97804145887569	-0.41266159997666946	0.6821766854477225	0.8114013663609192	-6.806197073341911
ENSMUSG00000022570	-0.020929447623165842	5.130268187769068	-0.41391193575214114	0.6812686054384176	0.8104816967094538	-6.80965183308532
ENSMUSG00000029198	-0.02837834113873061	5.632950574673157	-0.4144943310752518	0.6808457936225005	0.8101634876641857	-6.811251190804874
ENSMUSG00000061175	-0.07651062990072743	3.8526086005307927	-0.41547013710090447	0.6801376042670815	0.8097774646405572	-6.720483002384971
ENSMUSG00000003948	-0.03589865413036186	6.278477043224614	-0.41580695361965797	0.6798932283817551	0.8096469301121615	-6.7981623480758495
ENSMUSG00000044600	-0.03372068191367816	5.719367690129562	-0.41592655788518734	0.6798064583940739	0.8096469301121615	-6.809031059222789
ENSMUSG00000042349	-0.06851313611330312	4.035025555378119	-0.4178237086133689	0.6784307120922406	0.8085462413649888	-6.738924391920918
ENSMUSG00000029714	-0.05379271521835571	3.716092617250392	-0.41842614679990986	0.6779940781024608	0.8085069290172033	-6.703947364052372
ENSMUSG00000018501	-0.04013488642954943	5.713284809991417	-0.4197006517480412	0.6770707155525029	0.8077264105132002	-6.807556034563359
ENSMUSG00000014554	-0.036634856333610966	3.8277163118815607	-0.4208162536808337	0.6762628901952761	0.8072639865287311	-6.715479748448375
ENSMUSG00000002546	-0.03697686945316203	4.727615010931226	-0.4209795019674057	0.6761447119444136	0.8072639865287311	-6.790691816758358
ENSMUSG00000037643	-0.02939527883349946	4.426054949171028	-0.42099315262457004	0.676134830374053	0.8072639865287311	-6.771524079120704
ENSMUSG00000025917	-0.030223537526715916	6.183317780189235	-0.42157422357108115	0.6757142529038682	0.8072300090853566	-6.798560972075146
ENSMUSG00000032097	-0.03182511847768321	4.735516896282399	-0.4216279809836776	0.6756753487605818	0.8072300090853566	-6.790829899948558
ENSMUSG00000019795	-0.0229974103704933	5.562655269780773	-0.4222414800131945	0.6752314244343056	0.8069959587932304	-6.809046179465373
ENSMUSG00000060538	-0.031460731322972	5.543673785580466	-0.422482569550734	0.675057005589548	0.8069959587932304	-6.8091656081197565
ENSMUSG00000038909	-0.03638529045794758	4.073262855016773	-0.4229621647361631	0.6747100912084425	0.8068324254868718	-6.7406282170977665
ENSMUSG00000028693	-0.03982578916729995	3.7293568795459153	-0.42361870728535567	0.6742352988110216	0.8064251414322112	-6.703255555368747
ENSMUSG00000027787	-0.03478502472743106	4.701377987543296	-0.42438266256901186	0.6736829984498888	0.8059249726628273	-6.787809329964661
ENSMUSG00000037772	-0.04451055950840033	4.651851473832633	-0.42538665814188553	0.6729574394553502	0.8055380983440636	-6.784517060461464
ENSMUSG00000049470	-0.03521812041827044	5.813962001548455	-0.4267919374764293	0.6719424157242846	0.804483358455315	-6.802650815534465
ENSMUSG00000062929	-0.021388432657171386	5.739011648796668	-0.42694967038259773	0.6718285250888698	0.804483358455315	-6.803945536458627
ENSMUSG00000026728	-0.06537327089829059	3.878783170099983	-0.4281006414447628	0.670997706716369	0.803672557237126	-6.717970252714694
ENSMUSG00000061787	-0.05167648917524659	8.576938655612683	-0.4290519905276373	0.6703112992465711	0.8030104858797141	-6.693596009360766
ENSMUSG00000039427	-0.026978232577998362	4.207812632796653	-0.4294614077705983	0.6700159888163046	0.8028167650642422	-6.750754285307267
ENSMUSG00000046897	-0.04358398060439228	4.498001356850331	-0.4310670336708833	0.6688583717531187	0.8019094085922766	-6.772129281743279
ENSMUSG00000039879	-0.04495241192212873	4.547866544900274	-0.43115932761984294	0.6687918549091345	0.8019094085922766	-6.77542626798591
ENSMUSG00000025410	-0.031150813307030845	6.6617668964984045	-0.4311835198684476	0.6687744198467713	0.8019094085922766	-6.776494057038698
ENSMUSG00000015757	-0.04043299733957495	3.7114296772742486	-0.4336585070528989	0.6669917094303879	0.8003101401691695	-6.696865966230601
ENSMUSG00000086628	-0.06454399902652419	4.305066101648278	-0.43412009777115507	0.6666594457213382	0.8000712221568845	-6.756923255255537
ENSMUSG00000018287	-0.04230602527100391	5.592142136713737	-0.43489032314349607	0.6661051710360504	0.7997254690820432	-6.803153074109227
ENSMUSG00000028677	-0.028499489598048378	4.201413725039819	-0.4355431429717354	0.6656355329288883	0.7994786823782278	-6.747519287968124
ENSMUSG00000074733	-0.05885600500709387	4.476998554039477	-0.4358034217047728	0.6654483266080029	0.7994786823782278	-6.7686351437925
ENSMUSG00000027465	-0.03832672266927517	4.893434588290636	-0.4362713912349409	0.6651117925595442	0.7994786823782278	-6.791905244431959
ENSMUSG00000029141	-0.033093781197112815	3.7622005786931356	-0.4363420209921233	0.6650610062033946	0.7994786823782278	-6.701460080163126
ENSMUSG00000050705	-0.043836778332638104	4.870919652029985	-0.4364096601384916	0.6650123717454715	0.7994786823782278	-6.790883367275532
ENSMUSG00000030614	-0.03501062696457957	3.843852482560667	-0.4367230953012647	0.6647870221450713	0.7994786823782278	-6.710380481340918
ENSMUSG00000041765	-0.028639158323566782	5.227911137878644	-0.43796532956513906	0.663894206442079	0.7989866385961251	-6.80132204667356
ENSMUSG00000033105	-0.09121288816898065	5.041568407016916	-0.4388520359209415	0.663257218177026	0.7983799326974658	-6.79634298238447
ENSMUSG00000098234	-0.06194385473392394	4.335901060708987	-0.4399307263735279	0.6624826544399758	0.797607347331159	-6.756725297898928
ENSMUSG00000026938	-0.0534312669864585	5.599357845917235	-0.4400545189500994	0.6623937880155957	0.797607347331159	-6.800758979400268
ENSMUSG00000028229	-0.054325709024252156	5.2237327589659275	-0.4409712421867487	0.6617358579144368	0.7971874038107157	-6.7999134581461735
ENSMUSG00000019797	-0.05084524612942154	4.294948829105846	-0.4415521771504773	0.6613190627908789	0.7968450467837159	-6.752832382302954
ENSMUSG00000002968	-0.0337648050334316	5.082383170182405	-0.44345294263876855	0.6599561111323369	0.7954825497708142	-6.795543902154382
ENSMUSG00000038774	-0.034370011601754236	4.105989227302464	-0.45122409072851416	0.6543960163477458	0.789611578761768	-6.731410539427909
ENSMUSG00000055137	-0.043125505608417214	5.825149705240725	-0.4531634403569541	0.6530115393843791	0.7885744252734593	-6.790735532259214
ENSMUSG00000032018	-0.0656398660102866	8.215238061752308	-0.45419402915495233	0.6522763201013158	0.7878449060279008	-6.6998805818189515
ENSMUSG00000028651	-0.04040555773643417	3.8072968831214067	-0.4547694004011022	0.6518660045373501	0.7875076037927095	-6.698222062395382
ENSMUSG00000028936	-0.03962024729371816	6.926619682088268	-0.4581318659576848	0.6494703181276698	0.7859619673942709	-6.754258022963721
ENSMUSG00000044308	-0.03567720251453199	6.079401669549694	-0.4582517627749871	0.6493849635230762	0.7859619673942709	-6.78451769210045
ENSMUSG00000047714	-0.029035466500560325	4.743731583563079	-0.45910638538198995	0.6487766959744189	0.7858293017759087	-6.774578144962769
ENSMUSG00000040297	-0.04016781682019355	3.954242652054929	-0.45978880145991	0.6482911692526891	0.7854227779144314	-6.711885929957382
ENSMUSG00000037295	-0.030464116209628855	4.108915713195167	-0.46241005780688155	0.6464276397254197	0.7838412128271057	-6.726543625586885
ENSMUSG00000029716	-0.038914742061665564	8.121963595187712	-0.4624752234898997	0.6463813408005891	0.7838412128271057	-6.700722938073966
ENSMUSG00000030588	-0.04004988255870057	4.61851896509595	-0.46302614992918056	0.6459899754229899	0.7838412128271057	-6.76560136194132
ENSMUSG00000115919	-0.1718329796001914	4.133523222338074	-0.4633574035204149	0.6457547095836211	0.7837487477051059	-6.728513301890479
ENSMUSG00000029038	-0.028081653588328592	5.297906533795768	-0.46396896983577424	0.6453204544113357	0.7833799213247911	-6.790478039336154
ENSMUSG00000003072	-0.03541582573764224	8.067769499627586	-0.4646254621024831	0.644854438580059	0.7829723825879116	-6.702475504627665
ENSMUSG00000041852	-0.039907305888032596	3.6992254157812985	-0.46622656836836923	0.6437184901581605	0.7819091181241937	-6.6806905931984675
ENSMUSG00000028240	-0.16083310998029798	6.484023134049514	-0.4664375850698411	0.6435688430811835	0.7818853979124205	-6.767662287391323
ENSMUSG00000025616	-0.05448162966264647	4.932398759900969	-0.4666904440753433	0.6433895424223699	0.7818256340578404	-6.77961653235029
ENSMUSG00000027374	-0.030565781632830635	5.062156653716265	-0.4714452021859087	0.640022004768118	0.7778908225428036	-6.781993776327765
ENSMUSG00000022607	-0.03837928197728324	4.148758624761882	-0.4738605658658975	0.6383142766189345	0.7764356702916356	-6.725013965154744
ENSMUSG00000042978	-0.10197401843307574	4.463353319022237	-0.47401317951844146	0.6382064414592421	0.7764356702916356	-6.750152271613019
ENSMUSG00000022994	-0.08944850237433677	3.8583840633712403	-0.4755702483098401	0.6371066886460288	0.7757596944425506	-6.694108687680098
ENSMUSG00000049382	-0.06719502432728586	7.180549986405927	-0.475872826284606	0.6368930750862771	0.7756567669625941	-6.737146522710659
ENSMUSG00000061887	-0.048136582041338194	5.746862973129056	-0.47730499973813467	0.6358824173640596	0.7745829000487804	-6.780788789566422
ENSMUSG00000047866	-0.055254616512000254	7.518248828580082	-0.47740717775457764	0.6358103391790954	0.7745829000487804	-6.723557954078493
ENSMUSG00000024217	-0.03457141804619557	3.8019155911080107	-0.478401042351166	0.6351094366844847	0.773955101406828	-6.686509988290124
ENSMUSG00000040407	-0.05313728881746815	4.605592835070605	-0.47874209697593145	0.6348689932564573	0.7738462567223041	-6.757316803802845
ENSMUSG00000030982	-0.03486117865947591	4.031828891324587	-0.4794185455581201	0.6343922156787195	0.7737087119978537	-6.71071101825256
ENSMUSG00000023791	-0.053094382712456145	4.791630226850844	-0.4810382472297661	0.6332512513871464	0.7734160100783258	-6.766546720459803
ENSMUSG00000048546	-0.07828062447758022	4.5501861905692875	-0.4814381277623718	0.6329697035154238	0.7732293044163817	-6.752411455125427
ENSMUSG00000035473	-0.04030116762290348	6.98249833121486	-0.48169981828327985	0.6327854823901774	0.7732293044163817	-6.741084191355182
ENSMUSG00000055720	-0.045113507531155506	5.506559241761618	-0.4833004897770204	0.6316591806425316	0.7722563614406861	-6.781669730982575
ENSMUSG00000030232	-0.03795080875121526	3.8898568935395805	-0.4872284077949359	0.6288990971216369	0.7693515217027517	-6.691884882899243
ENSMUSG00000050812	-0.027985930846456064	5.674899115567845	-0.4873479833350926	0.6288151576099115	0.7693515217027517	-6.7772979830049795
ENSMUSG00000058239	-0.04503866152880498	6.07122122133538	-0.4945276617918395	0.623784350307552	0.7644952398527596	-6.767213954387075
ENSMUSG00000031357	-0.03025671631788107	5.88123647973303	-0.49481342183206223	0.623584492937136	0.7644363951926386	-6.76992200368583
ENSMUSG00000028779	-0.03500027724854604	4.683937954116702	-0.4957023640667898	0.6229629610013007	0.764111947878509	-6.753693527107335
ENSMUSG00000040888	-0.051596044303775734	4.39821067472288	-0.4966134111735014	0.6223262634773399	0.763642743972909	-6.734516120929556
ENSMUSG00000015013	-0.05305778298455621	4.131089094173044	-0.4971992755133047	0.6219169794303476	0.7632963908082023	-6.711883493812565
ENSMUSG00000025950	-0.037716309338200915	9.153673257050936	-0.49727526322651905	0.6218639034181324	0.7632963908082023	-6.633170871320685
ENSMUSG00000046861	-0.04539239514878979	5.229169786828747	-0.4982358781275959	0.6211931080936701	0.7632476763928031	-6.772843309421564
ENSMUSG00000059890	-0.0322588792684142	6.019724399018062	-0.5007150419591766	0.6194634267405874	0.7619970790755762	-6.764953663544997
ENSMUSG00000037278	-0.04500342816114955	6.402683837242993	-0.5009520895327902	0.6192981561107826	0.7619497584090281	-6.754112576559351
ENSMUSG00000018899	-0.06260118476477405	5.072963083856145	-0.5036012767701025	0.6174524938756581	0.7608054124818983	-6.7664947022806095
ENSMUSG00000031485	-0.02446388175659564	6.23808078331346	-0.5059298565581722	0.6158322670342206	0.7593958737140635	-6.757511760728107
ENSMUSG00000075703	-0.06505005684293685	5.116823272286784	-0.5074036868150368	0.6148077798838005	0.7584438409611491	-6.765794269625872
ENSMUSG00000024387	-0.041802291088205656	6.842255649455037	-0.5077478027560288	0.614568690781028	0.7584067934659304	-6.733212567163772
ENSMUSG00000029864	-0.040755831947725696	7.2210690750924	-0.5078063312397018	0.6145280298784307	0.7584067934659304	-6.719919115853086
ENSMUSG00000036402	-0.03191227320666812	5.7546345065797775	-0.5079251696065341	0.6144454742898008	0.7584067934659304	-6.7654140123947
ENSMUSG00000062933	-0.04230405063544307	4.645429528034254	-0.5085390781663855	0.6140190802943197	0.7584050675207744	-6.744926999224616
ENSMUSG00000026842	-0.04862231528258043	4.020185328837438	-0.5089083672181108	0.613762653642959	0.7582441993709993	-6.694820235019793
ENSMUSG00000025737	-0.03402583802396819	3.8226989502426196	-0.5119238123219081	0.6116706316162184	0.7564372968474699	-6.672090587629069
ENSMUSG00000020171	-0.04380449977269585	4.729201814970807	-0.5133026446523339	0.6107151356477297	0.7555666563943191	-6.74722454632126
ENSMUSG00000070372	-0.05719808941544269	5.204424509593606	-0.5135899647575111	0.610516116781178	0.7554759772936777	-6.764552820496185
ENSMUSG00000038594	-0.07032057238734879	4.1143893577436925	-0.5142462200221666	0.6100616587848704	0.7552246616477722	-6.701561214100513
ENSMUSG00000001440	-0.054623193596449404	5.875216885568354	-0.515002597600883	0.6095380597890491	0.7547319598747981	-6.759725073540728
ENSMUSG00000040359	-0.05277144779333298	4.1168566025679025	-0.5152662732220205	0.6093555803644162	0.7546615173969037	-6.70127485625074
ENSMUSG00000007041	-0.052423629130019744	3.9466013529663795	-0.5182058384501319	0.6073229371648392	0.7527647544190427	-6.682285302431984
ENSMUSG00000028964	-0.0487135185818488	8.174176590053191	-0.5186690717590424	0.6070029090263296	0.7525233093334464	-6.670322431279049
ENSMUSG00000039349	-0.054540122423003545	6.12629330121344	-0.5188586648921033	0.6068719498097183	0.7525162085032185	-6.753710465730308
ENSMUSG00000002602	-0.07111416800487103	3.9567981940555277	-0.5196608513796317	0.6063179942990564	0.752139724967595	-6.682604959831614
ENSMUSG00000024070	-0.06354590880991218	6.293293593894421	-0.520863572089403	0.6054878879811454	0.7515754428586455	-6.747966709068218
ENSMUSG00000023170	-0.05281028674324251	4.396916633635089	-0.5217741301528254	0.6048597818408766	0.7511061023107723	-6.7215052036876655
ENSMUSG00000048351	-0.04049493581571273	4.647295610109525	-0.5224393828953404	0.6044010803491121	0.7508468248537967	-6.737812055439076
ENSMUSG00000022962	-0.052730705009071954	4.644158784607386	-0.5239479710172348	0.6033614888156722	0.7497103362889526	-6.7368286158293955
ENSMUSG00000030846	-0.03122033845733796	5.292469509471888	-0.5251473641358225	0.6025355655226354	0.7488389272441605	-6.759871628420814
ENSMUSG00000024949	-0.04246816922362573	6.359071363653586	-0.5260792152819247	0.6018942420958815	0.7481966282073131	-6.74281804209911
ENSMUSG00000027893	-0.029053938271661472	6.465241997427646	-0.5275892190131484	0.6008556996310956	0.7476164386096552	-6.737759139277508
ENSMUSG00000024978	-0.10943179740523234	5.739315494361867	-0.5291672383337903	0.5997712782184237	0.7464841778820439	-6.7545926345076035
ENSMUSG00000022283	-0.03435938445542597	8.24487487328709	-0.5292463990392968	0.5997169029287345	0.7464841778820439	-6.661234484893953
ENSMUSG00000019762	-0.03031911462339032	6.960096491689796	-0.5295077825169128	0.5995373757601739	0.7464841778820439	-6.717502368902763
ENSMUSG00000059263	-0.036952951374305876	4.85717502457508	-0.5296977905111537	0.5994068876183325	0.7464841778820439	-6.744786366132269
ENSMUSG00000015247	-0.034369098696328315	6.678807372307386	-0.5298873529843942	0.5992767187710386	0.7464841778820439	-6.727958038780613
ENSMUSG00000028455	-0.033604429087549015	6.274806160033916	-0.5303349402561846	0.5989694221976972	0.7462590209384122	-6.743577105590898
ENSMUSG00000040913	-0.05530269207412086	3.934166617385767	-0.5305929121885105	0.5987923421317194	0.7461931115448988	-6.674424155874651
ENSMUSG00000032238	-0.04984898508790536	4.899389936592591	-0.5306845689527444	0.5987294319842213	0.7461931115448988	-6.746071707884192
ENSMUSG00000047412	-0.06527267671443049	4.547899242463873	-0.5314966851385483	0.5981721587302479	0.7458843124735546	-6.726688972892243
ENSMUSG00000025208	-0.03464578806938956	5.260922008911273	-0.5329515718658433	0.5971744297994597	0.7452308913021729	-6.755287817775412
ENSMUSG00000021796	-0.04579457594007863	4.383377908347076	-0.5333278842972657	0.5969164912870741	0.7452308913021729	-6.714380909359741
ENSMUSG00000020128	-0.035291028137965696	4.966411654142479	-0.5333640999979797	0.5968916704823362	0.7452308913021729	-6.74730423542127
ENSMUSG00000062234	-0.03459627285231459	5.604407997583903	-0.5346764173698031	0.5959925898970249	0.744866778845928	-6.754116461340897
ENSMUSG00000053838	-0.04155634447193668	3.733216893993525	-0.5357362731882593	0.5952669418863807	0.744269466041461	-6.6495132527662815
ENSMUSG00000073411	-0.05964099046374116	9.43465439559159	-0.5364976472843033	0.5947459133222184	0.7439276005731079	-6.597943266934495
ENSMUSG00000024335	-0.049091817528999826	6.1273696129318695	-0.537437021386311	0.5941033733161767	0.7435515750967763	-6.7437926248493625
ENSMUSG00000005069	-0.035377671243756126	6.183377320820527	-0.5379558993384354	0.5937485979136992	0.7432990260132122	-6.74218635372954
ENSMUSG00000001247	-0.08507590183819325	5.822430306584459	-0.5385577251519937	0.5933372344264467	0.7430200709355749	-6.748039847655626
ENSMUSG00000001909	-0.036608598467855025	5.2942747385572195	-0.5389110026365912	0.5930958233818564	0.7430200709355749	-6.752507624705055
ENSMUSG00000000743	-0.02438466080013235	6.279580469302352	-0.540006067024693	0.5923478121396889	0.7426284170973066	-6.738200192383146
ENSMUSG00000064359	-0.10006743276523355	5.487922399188768	-0.5401302866023867	0.5922629892673984	0.7426284170973066	-6.752441446576996
ENSMUSG00000031979	-0.03213624302697049	4.18687480743507	-0.540715063780135	0.5918637542540712	0.7423313085603661	-6.694421218954065
ENSMUSG00000011752	-0.04285130377368862	5.650635360294833	-0.5421977568193208	0.5908520767612289	0.7415267604967052	-6.749256489724418
ENSMUSG00000021993	-0.050961656350228424	4.242992271614953	-0.542917482225133	0.5903612890353374	0.7410655913543643	-6.698201928049882
ENSMUSG00000027639	-0.06584610578535033	3.946106948272711	-0.5430678009106579	0.590258809912676	0.7410655913543643	-6.668951140964326
ENSMUSG00000001128	-0.09175397016210951	4.548636461223183	-0.5436734177539462	0.5898460195363131	0.7408830960271123	-6.720141266022987
ENSMUSG00000021906	-0.048341188920464795	5.0341957890981766	-0.5445117301936893	0.5892748514928727	0.7403204228769961	-6.74365927173817
ENSMUSG00000028273	-0.03569034686082073	5.2996441486163235	-0.5446361167157242	0.5891901257396592	0.7403204228769961	-6.749440279017946
ENSMUSG00000019814	-0.05145476216261535	3.915858230476975	-0.5448715986160847	0.5890297434903575	0.7403204228769961	-6.664735147801016
ENSMUSG00000050440	-0.14309339244345587	11.021305626669681	-0.5463377414485067	0.5880316530949046	0.7396864566563286	-6.507885054848038
ENSMUSG00000037287	-0.06452192611736773	5.084013410115962	-0.5465593684659018	0.5878808492080808	0.7396515960827801	-6.744074922049506
ENSMUSG00000045216	-0.04948408810286775	5.384187048399733	-0.5466619420719603	0.5878110603203373	0.7396515960827801	-6.74897230520428
ENSMUSG00000024228	-0.03692728668286005	5.18804841115411	-0.5468533429420614	0.5876808459177474	0.7396515960827801	-6.746453862818091
ENSMUSG00000024191	-0.05251246841100876	4.40505760894578	-0.5471228066192008	0.5874975471205847	0.7396339326728668	-6.708438144549824
ENSMUSG00000017421	-0.039271947452577116	5.431114078847595	-0.547371090619697	0.5873286798515829	0.7395762860914001	-6.748667893857505
ENSMUSG00000027566	-0.04594139751451376	7.408845137882798	-0.548518451451521	0.5865486203027728	0.7389647710471864	-6.691343294016405
ENSMUSG00000038058	-0.05329820822333886	3.655823227936746	-0.5486692863013662	0.5864461089260734	0.7389647710471864	-6.633562829802415
ENSMUSG00000031516	-0.04368934761011367	4.44465568770016	-0.5504550654059494	0.5852331029298725	0.7378748070416797	-6.709385215801543
ENSMUSG00000116564	-0.07245226428280915	4.4194008947894	-0.5504956143077349	0.5852055738153761	0.7378748070416797	-6.707593328323527
ENSMUSG00000044786	-0.0848660147978908	4.604694962186491	-0.5505087348556279	0.5851966662589083	0.7378748070416797	-6.720015854262462
ENSMUSG00000030748	-0.04915094481247628	4.167011210280581	-0.5507566187156215	0.585028389906272	0.7378748070416797	-6.687051976408045
ENSMUSG00000020747	-0.04425116454271372	4.669386463627973	-0.5510791637870845	0.5848094646916024	0.7378748070416797	-6.723629988815485
ENSMUSG00000026915	-0.042742407315884634	4.258963238536468	-0.5549683006380579	0.5821728635846565	0.7355425347574315	-6.692905962358053
ENSMUSG00000064364	-0.09388014816410895	6.520123070039513	-0.5557245643435701	0.5816608334840698	0.7352124418186318	-6.720169582153946
ENSMUSG00000027957	-0.038552495036909384	5.828748455203385	-0.5559090920666042	0.5815359317946088	0.7352092182103523	-6.738364748737489
ENSMUSG00000021339	-0.06472050799845164	4.183570609487041	-0.5596886491261795	0.5789805283073763	0.7321661830585436	-6.683606816914644
ENSMUSG00000062203	-0.0856631714214604	6.116466525283449	-0.5610060562633785	0.5780911042983083	0.7313268231032167	-6.730976001264059
ENSMUSG00000028356	-0.07554468305210982	11.888407946295125	-0.5641336609210414	0.5759822384206656	0.7295646884544792	-6.453892362286288
ENSMUSG00000021540	-0.045156268139888045	3.790855124929655	-0.5644234835458878	0.5757870095931541	0.7294758888140972	-6.6401313097272
ENSMUSG00000035469	-0.04403922081951528	6.103113367158981	-0.5656274518187151	0.5749763467476156	0.7287561416592326	-6.728619351484909
ENSMUSG00000002320	-0.0652187650039524	4.946688011611723	-0.5657778468432438	0.5748751213514673	0.7287561416592326	-6.728587598443219
ENSMUSG00000028619	-0.03597783526453391	3.801659628539237	-0.5660351645974697	0.5747019505027717	0.7287157671599821	-6.6404175834276264
ENSMUSG00000003344	-0.04541112600645292	4.094386342474859	-0.5662481706526883	0.5745586201570447	0.7286877898952473	-6.671296417794363
ENSMUSG00000032059	-0.04883472244833875	4.211408984572943	-0.5662870898297222	0.5745324336047197	0.7286877898952473	-6.682401400949379
ENSMUSG00000009090	-0.04011882815840728	5.4306630015221105	-0.5671381400450082	0.5739599560902201	0.7282359324632882	-6.737566908793092
ENSMUSG00000054072	-0.11693018866553473	6.866309891730307	-0.5673785432804145	0.5737982945164823	0.7281845727031768	-6.700009598679688
ENSMUSG00000031783	-0.0454106373501304	4.499340826257668	-0.568187576797394	0.5732544166537603	0.727648033306389	-6.703121593957641
ENSMUSG00000025283	-0.07022128288233809	6.222714010152278	-0.5688903991587267	0.5727821463741528	0.727278108060871	-6.723857655886368
ENSMUSG00000110841	-0.0629300941580464	4.890792584283019	-0.5699799884209037	0.5720503630999172	0.726733748809176	-6.723918047791846
ENSMUSG00000025371	-0.041855567069623234	4.70672268245461	-0.5706304135513747	0.5716137488878017	0.7267207095606716	-6.714696866146843
ENSMUSG00000009555	-0.043217043496799334	5.063747683489422	-0.5710330717634481	0.5713435370656628	0.7266870292121288	-6.729683396680169
ENSMUSG00000020790	-0.042098066112124854	3.6488922606171963	-0.5716762256996424	0.5709120669328156	0.7265164358744788	-6.619802375503403
ENSMUSG00000019948	-0.06497797799313876	4.665352080609489	-0.5725537221730315	0.5703236447018034	0.726075165468885	-6.711241354266858
ENSMUSG00000001755	-0.03465287711745013	6.744100713480881	-0.5742209892212309	0.5692064553596361	0.7249600657600791	-6.700750055468162
ENSMUSG00000009566	-0.07461728512566701	7.6006061806031875	-0.5749016502309547	0.568750675895372	0.72453313789597	-6.668233456964514
ENSMUSG00000026743	-0.03965583513643356	4.065806946859777	-0.5759224745314944	0.5680674588135278	0.7239697476162225	-6.662889074911178
ENSMUSG00000022912	-0.05926704942429062	5.504492281469962	-0.5782421543855406	0.5665164637212559	0.7224527653864657	-6.730864009716157
ENSMUSG00000024091	-0.03146981177862873	5.530321666792197	-0.5784086627256957	0.566405213440472	0.7224527653864657	-6.730548137824338
ENSMUSG00000019989	-0.09820089391891607	5.845571725263381	-0.5787260820302141	0.5661931642506741	0.7223470751554779	-6.725057295948224
ENSMUSG00000029030	-0.03391042514804621	6.212324945858972	-0.5794713867431889	0.5656954257354463	0.7218653245369073	-6.718039954676194
ENSMUSG00000020982	-0.04674933818064275	4.513218713857495	-0.5814800896750186	0.5643550384065137	0.7206139876295666	-6.696360704704036
ENSMUSG00000079104	-0.05514610958907795	4.712405787696026	-0.581531136729388	0.564320995943127	0.7206139876295666	-6.708686641687494
ENSMUSG00000028070	-0.04264230055963214	6.052591199799192	-0.5815578991605214	0.5643031489169785	0.7206139876295666	-6.7203255051347055
ENSMUSG00000028495	-0.05617050483084007	8.955796860730201	-0.5819954615834525	0.56401139234137	0.7206139876295666	-6.597312776160188
ENSMUSG00000026248	-0.043821407031397364	4.677745615631335	-0.5829470936829274	0.5633771268644658	0.7203464309978198	-6.705916770131834
ENSMUSG00000022800	-0.05977546663812472	5.615366108155305	-0.5837344775454136	0.5628526038001669	0.7200726626006393	-6.72629360798935
ENSMUSG00000059248	-0.09859776243024321	5.1428279238411285	-0.5851933688296279	0.5618813979749361	0.7189832454070253	-6.723612536313282
ENSMUSG00000050565	-0.0378483119147619	6.244827811124439	-0.5864064187534872	0.5610744942786321	0.718256633174329	-6.713007641964606
ENSMUSG00000041632	-0.056637787466154776	5.16122641608466	-0.5868308890486779	0.56079228042469	0.7180483300813897	-6.72306476558484
ENSMUSG00000036026	-0.04557275511740411	6.369343910486644	-0.5873669342396655	0.5604359868991193	0.7178980697669597	-6.708048526222881
ENSMUSG00000002222	-0.051948026427788285	6.158080301945829	-0.5880337824459516	0.5599929116849647	0.7176364696768933	-6.714411117792061
ENSMUSG00000073139	-0.05453058387959597	4.176706018132605	-0.5921563329763833	0.557257684761975	0.7147409664321682	-6.6641605841251925
ENSMUSG00000063253	-0.07497025668040092	4.231547300706843	-0.5932862040790576	0.5565092215200254	0.7142383409042786	-6.668416521418595
ENSMUSG00000064360	-0.10775848494455342	6.165703480094937	-0.5941057636621254	0.5559666378077788	0.7137038882173952	-6.710611984015948
ENSMUSG00000038095	-0.04427612804232606	4.722309229023863	-0.5948510438474408	0.5554734634195777	0.7133996943294967	-6.701337362834271
ENSMUSG00000101397	-0.17517168125683646	5.625596776466081	-0.5950942842813528	0.555312551987396	0.7133996943294967	-6.719383515483303
ENSMUSG00000078671	-0.08997590206205874	4.614387074145178	-0.5979348692014611	0.5534351677724156	0.7115764380024701	-6.6932103553568325
ENSMUSG00000027193	-0.03389613064818775	5.874577368040535	-0.5996122264385677	0.5523280983668237	0.7106687816733875	-6.712221193029192
ENSMUSG00000042699	-0.06312088119277082	4.714168252811373	-0.6022942677466189	0.5505602811589476	0.7087225213119358	-6.696415014102074
ENSMUSG00000009112	-0.06014305214063853	4.541245028961668	-0.6026544025148629	0.5503231258153489	0.7085690300030923	-6.685619391957952
ENSMUSG00000038539	-0.13511959403594975	7.143623397538437	-0.6031855293145144	0.549973464573358	0.7082705847881072	-6.66921291237023
ENSMUSG00000023572	-0.050775001322339364	4.435698195698425	-0.6047075989342768	0.5489720583830338	0.707284112097695	-6.677226105453898
ENSMUSG00000032458	-0.04699575223876984	6.744304653772557	-0.6053551909464564	0.5485462759441736	0.7070387327645944	-6.682267185921509
ENSMUSG00000019763	-0.052549803544399865	5.558116345403002	-0.6066055101052242	0.5477246891206258	0.7061312286903756	-6.713428786870787
ENSMUSG00000052144	-0.05529023784371123	4.865904134148274	-0.6077582034938005	0.5469678132765026	0.7056096157102842	-6.700459547256578
ENSMUSG00000000804	-0.04793470607290384	4.903665394033027	-0.6078397306869542	0.5469143016865514	0.7056096157102842	-6.702012921704072
ENSMUSG00000027207	-0.06186094563541289	3.8092437954584133	-0.6080056029230309	0.5468054372897164	0.7056096157102842	-6.616504154925459
ENSMUSG00000015714	-0.04212416553356846	8.655599189414431	-0.608458626638037	0.5465081680022951	0.7054710164394825	-6.596212459849168
ENSMUSG00000029655	-0.05007279204858417	4.384029187936661	-0.6090891754869389	0.5460945472601195	0.7052400890793161	-6.6708732999654625
ENSMUSG00000042251	-0.043661011152175355	5.864706849447734	-0.6091805813612106	0.546034601199282	0.7052400890793161	-6.706553849439047
ENSMUSG00000000605	-0.029821256072299462	5.38339817913643	-0.6092975070307527	0.5459579236193226	0.7052400890793161	-6.712507954341342
ENSMUSG00000027900	-0.04627663814072758	6.290862701235638	-0.610026609203434	0.545479917871866	0.7049008229015146	-6.697271550109675
ENSMUSG00000084839	-0.25035463056466245	4.598024053962236	-0.6100993602720095	0.5454322334876247	0.7049008229015146	-6.684786386139016
ENSMUSG00000008226	-0.03570405670283883	6.04694486621567	-0.6104421826367125	0.545207560953674	0.7048545550640622	-6.703092379623721
ENSMUSG00000033124	-0.09011225048674731	4.146089730897455	-0.6104489018735912	0.5452031579027892	0.7048545550640622	-6.650203741351165
ENSMUSG00000034674	-0.069432864433975	4.300391287881667	-0.6105783288359617	0.5451183492494082	0.7048545550640622	-6.6636825489158795
ENSMUSG00000028959	-0.05923463354382008	5.007066618828691	-0.6111142261783391	0.5447672682397711	0.7048545550640622	-6.703983696998659
ENSMUSG00000005681	-0.0725375311877432	13.882642503844792	-0.6128835505988768	0.5436089654195374	0.7041487978456564	-6.32396539423324
ENSMUSG00000015214	-0.047716300618772856	4.874010671330741	-0.6136646731149724	0.5430980029473442	0.7037903600842337	-6.69718187398462
ENSMUSG00000032295	-0.05037030146216637	4.748345067991676	-0.6142737386803869	0.5426997622439443	0.7034259860491504	-6.690884323145211
ENSMUSG00000021000	-0.06868450903760781	7.858670326869444	-0.6145625841176283	0.5425109520606536	0.7033329689174687	-6.631885371900467
ENSMUSG00000061024	-0.07879980605690573	3.732635893810067	-0.6152412718938356	0.5420674468867416	0.7030613616107123	-6.603472889850461
ENSMUSG00000062867	-0.04834611300670222	5.959319599215299	-0.6184505781594929	0.5399727975053308	0.701556008693953	-6.699452622791057
ENSMUSG00000059796	-0.05138240241721803	8.726373392311089	-0.6185849353564586	0.5398851972229388	0.701556008693953	-6.586581396913379
ENSMUSG00000053641	-0.07192627874435242	4.107436005700789	-0.6191928878846182	0.539488907416322	0.7013361031499448	-6.6410411747702
ENSMUSG00000028412	-0.07308554369243314	5.1086363947128035	-0.6199977526876926	0.5389644947976737	0.7010574821330935	-6.701636940085054
ENSMUSG00000024603	-0.04027166754404643	4.123635587902539	-0.6210235294589753	0.5382965314805355	0.7008935769591631	-6.641491175434744
ENSMUSG00000029599	-0.058108226271365915	4.029607140777191	-0.6216453689993555	0.5378918136093844	0.7005184022494129	-6.631691713284345
ENSMUSG00000038039	-0.06539262804467327	3.97868953805151	-0.6221925025280327	0.5375358488048563	0.7003583945074547	-6.62605443941704
ENSMUSG00000048755	-0.045045266936255324	5.396073855845144	-0.6230178436216772	0.536999115210224	0.6998108183253602	-6.704045704003731
ENSMUSG00000023027	-0.04747123348266946	5.895470172807053	-0.6231402676036311	0.5369195246451519	0.6998108183253602	-6.69743946037971
ENSMUSG00000028522	-0.0445730073387427	4.7488755165931735	-0.6239903320930602	0.5363670488885772	0.6994421867993621	-6.684862726666909
ENSMUSG00000024069	-0.05965117595658587	3.8831843943046724	-0.6246189358937235	0.535958696756597	0.699061386761535	-6.6143430011896145
ENSMUSG00000010663	-0.06099915059533334	7.606413000337307	-0.6249001271761949	0.5357760826446769	0.699061386761535	-6.6378235439716295
ENSMUSG00000062822	-0.08248537260986488	3.8461179484642436	-0.6249370515859397	0.5357521052386975	0.699061386761535	-6.610095673151966
ENSMUSG00000066149	-0.04319915578714717	3.7948812820686952	-0.6252577477157482	0.535543880154853	0.699061386761535	-6.604234513091208
ENSMUSG00000002957	-0.06522308841220426	5.667993369462368	-0.6260601328055764	0.5350230846400588	0.6989029816526333	-6.69961566157928
ENSMUSG00000022858	-0.05155462728603677	4.976611760310485	-0.6262755507403497	0.534883310856835	0.6989029816526333	-6.693442650219145
ENSMUSG00000025195	-0.08518710467033763	3.6681034332780835	-0.6279602215391024	0.5337908742788802	0.6979002096479093	-6.588139526641888
ENSMUSG00000028672	-0.049590340934484445	8.294083180939777	-0.6283911643554386	0.5335116147758867	0.6976868973206318	-6.601156420127394
ENSMUSG00000033623	-0.04518370531612792	4.288160536042761	-0.6290858734044869	0.5330615912386876	0.6972501309867815	-6.651177925825663
ENSMUSG00000026589	-0.0527421517187765	5.274743168931499	-0.6293963424854822	0.5328605379512128	0.6971389010557016	-6.699040347674861
ENSMUSG00000028001	-0.11262574015069049	10.841097876301339	-0.6304990651454394	0.5321467604336239	0.6966601053258488	-6.467479121223113
ENSMUSG00000026643	-0.062435516137719915	3.6497624772933293	-0.6305975499707109	0.5320830370365711	0.6966601053258488	-6.5843499694865635
ENSMUSG00000041685	-0.04292685383510264	4.564647856251272	-0.6310442119856867	0.5317940803234104	0.696501880702566	-6.669557393086994
ENSMUSG00000001467	-0.12335136245133871	7.205332135395404	-0.6320564616368691	0.531139537147657	0.6959479892543111	-6.649201718039699
ENSMUSG00000025495	-0.04944765491942604	3.9691654693656826	-0.6322459705227781	0.531017043721382	0.695939240070182	-6.61872032269674
ENSMUSG00000003809	-0.03274692759748099	9.381153734301485	-0.6322860564924222	0.5309911351429242	0.695939240070182	-6.544663248092676
ENSMUSG00000003435	-0.0732805623351469	5.029367630765454	-0.6325325102426681	0.5308318604921247	0.695939240070182	-6.691351088753651
ENSMUSG00000089678	-0.05694966317413819	7.155699921539331	-0.6327145533444938	0.5307142284373618	0.695939240070182	-6.6504690429869955
ENSMUSG00000048856	-0.15706568298798373	8.69076049274008	-0.6333874935244145	0.5302795094750417	0.6955794744456506	-6.579002183756104
ENSMUSG00000029076	-0.030941438670762267	6.566144611138808	-0.6338062358473651	0.5300090971341906	0.6955162808130033	-6.67158178635918
ENSMUSG00000064351	-0.09488424934862927	14.586494371829431	-0.6338951036242803	0.5299517181276199	0.6955162808130033	-6.2762161518419814
ENSMUSG00000002307	-0.055984278766748385	3.7143854583941924	-0.6339323360548079	0.5299276793450836	0.6955162808130033	-6.589683304047408
ENSMUSG00000069237	-0.0357585407522274	5.93120645280123	-0.6355458693302379	0.5288864700020731	0.6945102268886488	-6.689071052784326
ENSMUSG00000059355	-0.066930549918232	5.4715607002526045	-0.6365204026367238	0.5282581307350462	0.6942849261267571	-6.69543316027177
ENSMUSG00000037573	-0.06878026409226745	6.311450973679181	-0.6370764358195057	0.5278998005184098	0.6939728508674523	-6.679589452889523
ENSMUSG00000020392	-0.05345341317875363	4.063694502403339	-0.6371777786247708	0.5278345050091444	0.6939728508674523	-6.625346127257833
ENSMUSG00000075701	-0.07439957886142423	6.569093775610053	-0.6384900136512296	0.5269894143648025	0.6930793151495072	-6.668469241400034
ENSMUSG00000054474	-0.05645321801545311	5.513426024325973	-0.6387865806993565	0.5267985221711975	0.692979929887637	-6.693725410150439
ENSMUSG00000022760	-0.05014897645496408	4.483166900745764	-0.6394468033156029	0.5263736865891548	0.6925726916387631	-6.658763873854126
ENSMUSG00000027236	-0.05554730227009497	4.909918779399716	-0.6396108393555069	0.5262681620233809	0.6925726916387631	-6.682341989150457
ENSMUSG00000029022	-0.08712117677712339	4.106788290953391	-0.6414686055573156	0.525073843957262	0.6914680535479262	-6.6268790425869435
ENSMUSG00000001767	-0.05187542379390253	3.914285413372915	-0.6417582382672019	0.5248877753694288	0.691374537964686	-6.606809669117871
ENSMUSG00000025142	-0.04164181643804543	6.67405333226615	-0.6423312982863517	0.5245197281986944	0.6910412292799725	-6.661829569877156
ENSMUSG00000029470	-0.06900480187614111	5.571962663818819	-0.6449614105062859	0.5228323065802983	0.6892806597310233	-6.689110713109455
ENSMUSG00000017831	-0.051825127039575314	4.976481881519019	-0.6458727669880004	0.5222482775049949	0.6889215655936209	-6.68090853172184
ENSMUSG00000028530	-0.055544094808310795	6.742754669276446	-0.6468397049273608	0.5216290113509103	0.6885003363400819	-6.65622570321424
ENSMUSG00000025429	-0.10729716071776618	3.8976809841181623	-0.6471530817495367	0.5214283964853172	0.6885003363400819	-6.601536553449814
ENSMUSG00000061136	-0.043260225627555826	5.027864754419708	-0.6472759545038181	0.521349748137457	0.6885003363400819	-6.68181881351555
ENSMUSG00000036908	-0.064041090453685	4.695031305308889	-0.6516754175888395	0.5185379302332095	0.6855653295426526	-6.664239649758226
ENSMUSG00000038502	-0.048515977074710115	6.0151669856015175	-0.6533712752253117	0.5174562410600199	0.6847378446442764	-6.676329188831145
ENSMUSG00000090733	-0.08123415379504095	7.661562185027508	-0.6535895218900426	0.5173171224392812	0.6847045349642381	-6.616859764371967
ENSMUSG00000024900	-0.1230262815889347	6.639153606868619	-0.6538447753451256	0.5171544398517482	0.6846400152168219	-6.655706588706912
ENSMUSG00000025574	-0.09947584183131841	5.355396235178044	-0.6551146907068107	0.5163454848857485	0.6838704030589515	-6.683226121841664
ENSMUSG00000019189	-0.10983164876502816	4.063668147554591	-0.6552241890901275	0.5162757647491988	0.6838704030589515	-6.613641838748582
ENSMUSG00000003037	-0.037221740726618435	5.536872834181888	-0.6553470279007841	0.5161975564977672	0.6838704030589515	-6.682740698227122
ENSMUSG00000037110	-0.09146335238893988	3.6339875188297026	-0.6559627029424107	0.5158056686101473	0.6836074686101401	-6.566154556376964
ENSMUSG00000024811	-0.046109816508606016	5.665438018527481	-0.6572746306550621	0.514971139542423	0.6826555050753415	-6.679532575109622
ENSMUSG00000032459	-0.058028817833911894	4.066466788872513	-0.6597237096204733	0.5134152120898792	0.6810401786861112	-6.610956299903517
ENSMUSG00000028567	-0.03935335706951726	5.542893820227231	-0.660361951835431	0.5130101480877333	0.6808034407816231	-6.679364683063543
ENSMUSG00000019718	-0.06680248312255088	4.611255748011538	-0.6611136916250243	0.5125332743501871	0.6803208406384524	-6.6530444156905775
ENSMUSG00000022698	-0.058141577059847016	5.184004470802735	-0.6613021297634254	0.512413774391246	0.6803208406384524	-6.676809327486698
ENSMUSG00000022961	-0.06544001505390629	5.7760109571418665	-0.6617835557875782	0.5121085418032547	0.6802078310556493	-6.6744249923829
ENSMUSG00000038459	-0.05196204680366634	5.618652480073865	-0.6630555220893616	0.5113025675024967	0.6792874481809645	-6.676511161257581
ENSMUSG00000026701	-0.03859473002651903	9.074041137602997	-0.6649076988003748	0.5101301791084701	0.678029693931165	-6.53950165666801
ENSMUSG00000024012	-0.03940052116725479	6.609313913699364	-0.6652629223155487	0.5099054974262753	0.6778810031049753	-6.649329966300698
ENSMUSG00000070002	-0.05610172217512677	4.578773946030112	-0.6658676316451584	0.5095231378886389	0.6775225792371833	-6.647801095415042
ENSMUSG00000024132	-0.0509296434245341	7.260430936160348	-0.6661931480017944	0.509317377562956	0.677398876001727	-6.625047846261828
ENSMUSG00000024853	-0.04257316145198864	5.480423426078293	-0.6663721901697791	0.5092042235117213	0.6773983128363811	-6.67584773521504
ENSMUSG00000026519	-0.06273523189012309	3.985570778074125	-0.6667259127432238	0.5089807122851736	0.6772509079100106	-6.59798190190906
ENSMUSG00000031010	-0.09747253080614549	5.049231937437782	-0.6680716833028232	0.5081308317673883	0.6765695032329352	-6.66877481093308
ENSMUSG00000024298	-0.1357118444598968	3.6226692431899554	-0.6681269285621008	0.5080959598517603	0.6765695032329352	-6.556763913984357
ENSMUSG00000030522	-0.04160173822238722	4.146161334396591	-0.6685031668550451	0.5078585054238038	0.6765067078456302	-6.612944056398781
ENSMUSG00000030340	-0.0873858112785526	3.958320400956352	-0.6685858474720662	0.5078063315099428	0.6765067078456302	-6.593866818141338
ENSMUSG00000025498	-0.10195566457397476	4.9838578174652355	-0.6687790225791936	0.5076844437089985	0.6765067078456302	-6.666058804782534
ENSMUSG00000038618	-0.0702922145528655	5.097523214526307	-0.671510326463138	0.5059627820208533	0.6754235419235989	-6.6679045582128875
ENSMUSG00000045078	-0.04185988417231812	3.849275400529695	-0.6720678444101325	0.5056117468137605	0.6753013189782643	-6.579792503081938
ENSMUSG00000039047	-0.037162592775048076	4.693260311700509	-0.6732115468122171	0.5048920443705511	0.6744989538956517	-6.649818627090205
ENSMUSG00000037815	-0.04676244519442996	5.269725053142549	-0.6732822476819663	0.5048475725686783	0.6744989538956517	-6.670250403954721
ENSMUSG00000031834	-0.053516640944970106	4.963050499796671	-0.6736815819758616	0.5045964262191693	0.6744038979428355	-6.661977036296714
ENSMUSG00000022848	-0.09447177732150713	3.8869338795737307	-0.674651712413511	0.5039865844624236	0.6738886039240551	-6.582154068808135
ENSMUSG00000022967	-0.041587248973498525	4.711254293460344	-0.6764283553881263	0.5028708035119406	0.6728458379655424	-6.648632867316363
ENSMUSG00000025885	-0.059442065463497507	4.224905838494776	-0.676756616917066	0.5026647948811728	0.6728458379655424	-6.614615123756614
ENSMUSG00000028837	-0.042616739558257954	6.796015784235289	-0.6802077271140332	0.5005017761927699	0.6710207882959291	-6.63194814305076
ENSMUSG00000002661	-0.0960170595409755	3.8877675069256274	-0.6806865381413664	0.5002020824082845	0.6707686483355013	-6.578147134037201
ENSMUSG00000016520	-0.08631396523889157	3.7458343951939725	-0.6817938807791561	0.49950936224613773	0.6701388161949189	-6.561701231345699
ENSMUSG00000042286	-0.10059945415062543	4.505505659399724	-0.6820214929600182	0.49936704059066905	0.6700974870275413	-6.632029256946782
ENSMUSG00000023723	-0.05851735003871639	5.218338788142334	-0.6830668105659901	0.4987137106792394	0.6696694273679441	-6.6627680346461196
ENSMUSG00000018387	-0.06983581277181816	4.215332399590791	-0.6833432932860523	0.4985409863342123	0.6696694273679441	-6.609288650646531
ENSMUSG00000018196	-0.04122380497770273	4.336010222556944	-0.6851024725487608	0.4974427666768495	0.6687099742642479	-6.617953667900118
ENSMUSG00000022887	-0.06091651586399216	5.831860215038697	-0.6852790047388039	0.49733263524938687	0.6687099742642479	-6.657577914226107
ENSMUSG00000002985	-0.07421982265748639	14.553731683760583	-0.6868992995207421	0.49632242874836385	0.6678014944802774	-6.243131640534395
ENSMUSG00000070934	-0.06604167302925656	5.143021334729361	-0.687065217314584	0.4962190481212324	0.6678014944802774	-6.658478251893296
ENSMUSG00000042790	-0.05781314140917804	3.871083852563072	-0.6872389174746656	0.4961108312306237	0.6678014944802774	-6.571845554071479
ENSMUSG00000026932	-0.0616756837151029	3.9947609698722086	-0.6880010309913885	0.49563618188024816	0.6678014944802774	-6.584501687543266
ENSMUSG00000032185	-0.05730627720023573	3.7701320666060947	-0.6884005525157341	0.4953874579847912	0.6678014944802774	-6.5599011163695415
ENSMUSG00000006673	-0.046580371096823114	5.292140647876744	-0.688662522526772	0.49522440502882004	0.6678014944802774	-6.660025941474961
ENSMUSG00000034738	-0.05280793148574858	4.498235569095481	-0.6898290747305946	0.4944986924517728	0.6671402431393585	-6.626171552898532
ENSMUSG00000020051	-0.07411961961022406	10.572882244285946	-0.68997903924845	0.49440544238017703	0.6671402431393585	-6.442035882719301
ENSMUSG00000028607	-0.07141272901605067	7.586327604949752	-0.6913133286651969	0.49357619296096433	0.6664942344949291	-6.594889305468622
ENSMUSG00000028932	-0.04693028107871555	5.4477757614609725	-0.6913652291724418	0.49354395289430864	0.6664942344949291	-6.658947274201788
ENSMUSG00000010392	-0.0473085425750055	4.521278619283557	-0.6937192802913932	0.4920828736753492	0.6650755708311231	-6.6250152590215405
ENSMUSG00000018927	-0.19322558853551497	3.9010875643601035	-0.6939777729701373	0.491922583242945	0.6650085045459745	-6.570436901265852
ENSMUSG00000060591	-0.1193251602659462	7.062044506443914	-0.6949457249927443	0.49132261837796376	0.6643468978022466	-6.612171733706379
ENSMUSG00000068742	-0.08519246884281717	4.601281577299276	-0.6959906016083157	0.49067543231967736	0.6637510331948951	-6.628671796290228
ENSMUSG00000027397	-0.1322843491256327	4.323389906040241	-0.6964056311668111	0.4904184994720997	0.6635723403125078	-6.609173021763731
ENSMUSG00000044533	-0.05585650167765088	10.207806148740996	-0.698347344389041	0.48921744059668715	0.6620963064291651	-6.455513399532808
ENSMUSG00000025722	-0.0609689970843208	3.817013682403657	-0.6989980951801635	0.4888152834871651	0.6618828317500649	-6.557751168243753
ENSMUSG00000019998	-0.054010487483502345	4.348109740753043	-0.6996926497749014	0.48838626054541123	0.6617130858280269	-6.6087337581220496
ENSMUSG00000034390	-0.07542202676803278	3.7217249195796898	-0.7004643107968488	0.4879098570327802	0.6613693505323655	-6.546052469214391
ENSMUSG00000026781	-0.060854863360847666	7.373308077627374	-0.7005717033623822	0.487843576320636	0.6613693505323655	-6.597356890460928
ENSMUSG00000038671	-0.05157085053109878	3.7603116899550386	-0.7016265079100117	0.4871928389778093	0.6606955020125607	-6.549600172259839
ENSMUSG00000036256	-0.06381401225598182	5.874617021854118	-0.7021333748850301	0.4868803125757224	0.6606229735565052	-6.645184584263528
ENSMUSG00000039990	-0.051562785068253625	4.100484171874767	-0.7028401620074457	0.4864447065810029	0.660276991607239	-6.5848976127674845
ENSMUSG00000034525	-0.07060552021026378	3.810921662600667	-0.7040477443568415	0.48570095842801597	0.6595654371059769	-6.553533299013877
ENSMUSG00000031197	-0.07200817655615843	4.44209448933701	-0.7047033420049118	0.4852974449816636	0.6591664436923184	-6.611954941250943
ENSMUSG00000074698	-0.037435703706952594	5.954877087137951	-0.7058682517305276	0.4845809212015799	0.6584908990276558	-6.641386794238247
ENSMUSG00000005698	-0.04395838287178755	5.1802348998483465	-0.7063211913982393	0.4843024838140563	0.6582613945348709	-6.645838972588078
ENSMUSG00000025076	-0.061823366189957873	3.937459897221446	-0.7069520632623486	0.48391481582334983	0.6578832869417441	-6.565230020183787
ENSMUSG00000030007	-0.06440889134993011	6.310229140745414	-0.7088121069282658	0.482772846672485	0.656776553238615	-6.631180868391864
ENSMUSG00000036112	-0.044141161546972896	5.8756885581602365	-0.7088711717080249	0.48273660895532733	0.656776553238615	-6.640402083646335
ENSMUSG00000021711	-0.0565635680766734	4.296585760993193	-0.7090271799389615	0.482640901401017	0.656776553238615	-6.598202457034272
ENSMUSG00000051674	-0.1016010480284466	4.894723660247746	-0.7093328528700418	0.48245340899499656	0.656776553238615	-6.634515578423987
ENSMUSG00000043207	-0.04524927082216923	5.148290121270749	-0.7098553427610498	0.4821330216362818	0.6565006406101104	-6.642634369765209
ENSMUSG00000020471	-0.07935422587243224	4.2601049152251385	-0.7108258875156076	0.48153820939881	0.6562855750232364	-6.593949952286556
ENSMUSG00000030131	-0.14228250648036855	7.569849579683085	-0.7112202613566797	0.48129663045037296	0.656254016876853	-6.581642342988691
ENSMUSG00000022253	-0.04347594898418716	7.576682629970152	-0.7115250905536185	0.48110995028377224	0.656148363879979	-6.581120886583982
ENSMUSG00000032590	-0.03839874301925228	5.634565923385311	-0.7124394116261933	0.48055025774561155	0.6556826745670707	-6.642166507032904
ENSMUSG00000025764	-0.09472365494844404	4.863388267245298	-0.7148374284118593	0.4790840898416382	0.6539791676189014	-6.629247340064753
ENSMUSG00000021832	-0.054396304405016416	7.5021757375577645	-0.7154212782454963	0.47872750388130814	0.6537894479142683	-6.581599231837203
ENSMUSG00000037053	-0.0626730918757552	10.632817841872503	-0.7203400213333994	0.4757293766596601	0.6507302126901655	-6.417585704854746
ENSMUSG00000024182	-0.04492591987389449	3.9894403170965482	-0.7215231705849303	0.4750098109395484	0.6500418934037226	-6.5602926590289465
ENSMUSG00000006611	-0.06287034215872023	5.370617368063146	-0.7230570181508917	0.4740778835412416	0.6495061564521936	-6.636342100574982
ENSMUSG00000034171	-0.03802063702237923	6.432913505452141	-0.7236797548438745	0.47369982273957356	0.6493373102921307	-6.615779526168348
ENSMUSG00000064145	-0.05417511139566855	5.492793622417991	-0.724257761501037	0.4733490716637134	0.6492477908302338	-6.635402643639751
ENSMUSG00000003360	-0.040582634651841865	5.175109394298331	-0.7243287798597138	0.47330598593042217	0.6492477908302338	-6.632820054258854
ENSMUSG00000032012	-0.10489994107612866	4.7116551187760365	-0.7244457541723831	0.47323502432614917	0.6492477908302338	-6.614934358997516
ENSMUSG00000031604	-0.17620000880058395	7.346849940520549	-0.7256419505318308	0.47250971011880105	0.6488566963051293	-6.5804601460911085
ENSMUSG00000025364	-0.05601170047883741	5.7716212644570035	-0.7267070246855367	0.47186443803488076	0.6483954740799448	-6.629291444596822
ENSMUSG00000032112	-0.07189412969930142	4.392935033102167	-0.726893041900364	0.47175179187535166	0.6483889563995855	-6.59257253532751
ENSMUSG00000031833	-0.11450647579283135	4.877832182313743	-0.7272228428507369	0.47155211271841024	0.6482627877659407	-6.620923795381468
ENSMUSG00000037415	-0.08609029680579017	5.033608720301108	-0.7279381215430378	0.47111921126803824	0.6480726447686512	-6.626361351824677
ENSMUSG00000039395	-0.15418975063016926	5.184709243755236	-0.7285797715564242	0.4707310654985625	0.6478751655018007	-6.629921080019801
ENSMUSG00000050029	-0.04506256545692633	4.099470005132358	-0.7287073522270983	0.47065391151193936	0.6478751655018007	-6.566263583859426
ENSMUSG00000020877	-0.06719161304349797	5.301246216695691	-0.72984717721905	0.46996492837498205	0.6472654720617161	-6.630839333207196
ENSMUSG00000042105	-0.05970056302972804	4.225950492173819	-0.7298874314154925	0.46994060676255733	0.6472654720617161	-6.57727276054859
ENSMUSG00000070644	-0.07697690957263603	8.090680810346559	-0.7303110754034073	0.46968468464463875	0.6472654720617161	-6.541916400796986
ENSMUSG00000005161	-0.06359200097742601	7.187372314295321	-0.7305128018848258	0.46956285041583234	0.6472654720617161	-6.582560846697126
ENSMUSG00000049091	-0.04535487414932504	8.65542118231092	-0.7312127039645447	0.469140280179704	0.6468710288205234	-6.513884984821486
ENSMUSG00000033285	-0.06606507134597717	3.8490132601379634	-0.7314491854414267	0.4689975524695492	0.646822651546826	-6.538055438333149
ENSMUSG00000067148	-0.075175327318461	4.774689898278408	-0.7384151360094865	0.4648044952217436	0.6420789739699839	-6.6079475667554926
ENSMUSG00000037686	-0.08813608582267118	7.912738364792691	-0.742760797284151	0.4621997040706397	0.6400572773531988	-6.541902887050385
ENSMUSG00000070594	-0.05753964544218171	7.137569471460695	-0.7440137949062351	0.46145023308383903	0.6392011181652348	-6.574282011298926
ENSMUSG00000086583	-0.07686893105492842	4.869130492570745	-0.7455231487107117	0.46054836269562627	0.6382461050364433	-6.607054711553472
ENSMUSG00000041921	-0.09436369899144026	5.087143788527478	-0.7455398186851788	0.4605384077646798	0.6382461050364433	-6.61502176814679
ENSMUSG00000064357	-0.12658157338974174	6.908633532682448	-0.7456231224890073	0.4604886624963489	0.6382461050364433	-6.581003945460744
ENSMUSG00000028064	-0.06232032178699942	5.896524249506291	-0.746181529619185	0.46015528768409153	0.6381428856897544	-6.6128972726021304
ENSMUSG00000057863	-0.10801142612940495	7.936665598915906	-0.7468469918159274	0.4597581833538664	0.6378257209621814	-6.5376175828870355
ENSMUSG00000102976	-0.10339476620283561	3.5505442875195334	-0.7476833435433992	0.45925938636688346	0.6373417211728875	-6.491872512745826
ENSMUSG00000025439	-0.04381323287971739	4.765810302631273	-0.7483014900954509	0.45889092879912763	0.6369774985340628	-6.600156799960819
ENSMUSG00000061244	-0.05278074241335773	3.7234816897284255	-0.7499212221465839	0.45792627544614806	0.6359322831421085	-6.510398230818249
ENSMUSG00000031984	-0.05613430463985125	4.121803243541275	-0.7499933356626471	0.4578833547956137	0.6359322831421085	-6.552718851544699
ENSMUSG00000052395	-0.06605904082783143	4.002303348800968	-0.7501743357331566	0.45777563719353087	0.6359322831421085	-6.540550040722796
ENSMUSG00000020027	-0.27289437263042915	3.8774509833750748	-0.7505207271443863	0.4575695323697958	0.635877733582355	-6.527031815975192
ENSMUSG00000078622	-0.04441176230313548	6.319140077206517	-0.7506644206727666	0.45748404981771507	0.635877733582355	-6.600275398721035
ENSMUSG00000025089	-0.11273241533479261	6.907476367780113	-0.7516200380357323	0.45691579513305636	0.635557178924661	-6.576555099284549
ENSMUSG00000059182	-0.05933959411833989	4.104555064263781	-0.7523817312687612	0.4564631522899172	0.6355333919430945	-6.549232606861606
ENSMUSG00000019917	-0.0838287645014284	3.742304580928425	-0.7535971963183976	0.45574139476709863	0.6348052946582049	-6.509770087538254
ENSMUSG00000001999	-0.06920609635408859	4.249829048928535	-0.7578382180650655	0.4532282620691044	0.6321839895016825	-6.558536607070647
ENSMUSG00000057530	-0.059558816493896494	7.352787128455087	-0.7584309789472505	0.4528776545108286	0.6318416127131574	-6.555899995913051
ENSMUSG00000008683	-0.08721990133074087	5.945239905896353	-0.7584789893563986	0.4528492641786678	0.6318416127131574	-6.602936795802115
ENSMUSG00000015839	-0.0570332916654781	5.371167785901979	-0.7598249123783896	0.45205379553458647	0.6311317977154577	-6.609043629605687
ENSMUSG00000028676	-0.047268412375763624	5.0450809525965	-0.7601370583617189	0.4518694281371173	0.6310210071289654	-6.602747222445349
ENSMUSG00000030972	-0.08892827657497016	6.603155393679592	-0.7619666898076355	0.4507896553074312	0.6299523345912451	-6.580434123439687
ENSMUSG00000024101	-0.06819285268419772	4.574662296504454	-0.7640570016788824	0.4495579008138949	0.6285233657493472	-6.577203670765705
ENSMUSG00000039917	-0.11973186170629058	3.6155310091515642	-0.7646097035019249	0.44923254320814465	0.6282146502531397	-6.4868337590857035
ENSMUSG00000039382	-0.07891961054882923	4.946420330207495	-0.7649769303576497	0.44901644551735664	0.6280586175776993	-6.59552477854936
ENSMUSG00000024913	-0.11461023649066604	4.327788259916405	-0.7656194451732447	0.44863849992471494	0.6278941163692808	-6.558866643415316
ENSMUSG00000026986	-0.09094868002685885	5.134517735800606	-0.7660860801154702	0.4483641296689833	0.6277613521182256	-6.600744907420399
ENSMUSG00000042626	-0.05388137326219944	5.456143055276753	-0.766203924773547	0.4482948554860312	0.6277613521182256	-6.6042797509129985
ENSMUSG00000057666	-0.07987788299051424	10.600213027016357	-0.7684183063503778	0.44699432215792445	0.6265427762647465	-6.3836355532431925
ENSMUSG00000038526	-0.103211086879063	5.333495533013513	-0.7691017323359197	0.4465933888707152	0.6261268487457134	-6.601687885310728
ENSMUSG00000061477	-0.08648478198342424	9.225224769248486	-0.7701321887911448	0.44598927199275085	0.6255705832499346	-6.456292597792696
ENSMUSG00000037234	-0.0733825629052518	4.662871497228721	-0.7701500281545199	0.44597881772590675	0.6255705832499346	-6.577993444350346
ENSMUSG00000032288	-0.06770239863400107	5.307777611800865	-0.7720905793702877	0.44484247812340294	0.6245463670662449	-6.599151319622379
ENSMUSG00000045658	-0.1214352689720819	6.576189575948897	-0.7744474985772745	0.4434646356431551	0.6231943394714029	-6.571927563575559
ENSMUSG00000028975	-0.05853041131506309	4.98477116056642	-0.774788643216516	0.4432654145542688	0.6230600879664565	-6.589423714824657
ENSMUSG00000085438	-0.08164971526793341	4.654126058191571	-0.775555443840519	0.442817813757613	0.6225765659498119	-6.573298124536509
ENSMUSG00000037805	-0.07351320189964206	8.183237022107598	-0.7757363583579162	0.442712248602519	0.6225738127433973	-6.503099561020058
ENSMUSG00000034826	-0.0613041983511744	5.422418138452253	-0.7789289102406841	0.44085183116047966	0.6211204345705328	-6.594493505735685
ENSMUSG00000045098	-0.04804528040797518	3.8780363584076327	-0.7816938110961432	0.43924439320262254	0.6195820560456711	-6.503249318175738
ENSMUSG00000038733	-0.07156567523269342	6.071347538388589	-0.7820314976249302	0.4390483115821058	0.6194508814972701	-6.582876227747134
ENSMUSG00000022108	-0.051186259208495954	10.455637880804238	-0.7833412891318001	0.4382882607475006	0.6186076238046228	-6.379637137506311
ENSMUSG00000040731	-0.041858700074721256	6.643601057247877	-0.7846318238139086	0.4375401542865388	0.617903357722165	-6.561311479659554
ENSMUSG00000024782	-0.04410858359558034	8.251405948779714	-0.785309591301325	0.43714756736658866	0.6176392504833839	-6.492279018738799
ENSMUSG00000020755	-0.06547884285795247	3.995291659047146	-0.7854524195956677	0.4370648630752201	0.6176392504833839	-6.512768962056453
ENSMUSG00000073421	-0.15572915958051325	5.307959649614004	-0.7860621859170344	0.43671188512950043	0.6174592277042747	-6.588268591326803
ENSMUSG00000030105	-0.05545568400229772	5.106266317546997	-0.7880365505138494	0.4355701487883197	0.6161348926716133	-6.582959782384065
ENSMUSG00000074768	-0.18410112579511484	9.954012335346736	-0.7899887080239345	0.43444301667712115	0.6148299781471552	-6.401337618635288
ENSMUSG00000037316	-0.08946308709948259	3.9718343207705424	-0.7917743794708761	0.4334135456991366	0.6143315048891259	-6.5053384647653525
ENSMUSG00000027509	-0.052382957311058576	4.846034395809829	-0.7917871880431785	0.4334061666354224	0.6143315048891259	-6.570466604503303
ENSMUSG00000039630	-0.06078006108932055	7.207575995136902	-0.7918145684351745	0.433390392948346	0.6143315048891259	-6.535229756695782
ENSMUSG00000021585	-0.06268338757337766	4.908841591324444	-0.7918652986605897	0.43336116846842965	0.6143315048891259	-6.573096551514052
ENSMUSG00000026123	-0.0775671344874671	3.621722689321962	-0.7919110468729984	0.4333348150244942	0.6143315048891259	-6.466370266959817
ENSMUSG00000029017	-0.04905202546095211	7.272431622748477	-0.7923203031289074	0.4330991041784631	0.6143315048891259	-6.532575094074979
ENSMUSG00000020300	-0.08026888516216957	4.102973078908134	-0.7953298499706757	0.4313681285989861	0.6126426577053432	-6.5158825707145045
ENSMUSG00000036985	-0.07619713415214946	5.794892374846045	-0.79674159459484	0.43055758655299314	0.6120701532048582	-6.575495836448154
ENSMUSG00000034354	-0.05384519020883394	3.7278921523878745	-0.7973732865679845	0.4301952034190887	0.6116997106827505	-6.474268793158788
ENSMUSG00000024052	-0.20439256896158842	7.631447134193354	-0.8006974262183797	0.42829127838289727	0.6101475324331033	-6.511251127596004
ENSMUSG00000028898	-0.06980489201165518	4.744472310998148	-0.8023633637714518	0.4273390215446352	0.6093688135884463	-6.557174505692521
ENSMUSG00000015970	-0.10426680337645244	6.310240957224612	-0.803000065468332	0.4269754192338344	0.6089948478936889	-6.559945014013013
ENSMUSG00000023495	-0.11658498333793865	4.631630439959651	-0.803830725713107	0.4265013346657578	0.6084630864213054	-6.549646523139552
ENSMUSG00000001666	-0.07263258116397431	6.786157158382922	-0.8060050707916551	0.42526187815074834	0.6068389042526352	-6.5387905620555316
ENSMUSG00000021076	-0.04663026412825744	5.010080488535633	-0.8061045264927778	0.4252052371121653	0.6068389042526352	-6.565593623634527
ENSMUSG00000032194	-0.10915735417281436	4.532110703543084	-0.8069081148441186	0.42474775342345517	0.6063932645097511	-6.540778240238854
ENSMUSG00000030619	-0.07642514844433723	4.796927828719444	-0.8117776921413468	0.42198190184272255	0.6034481790035506	-6.55217458429897
ENSMUSG00000028470	-0.08185261177737058	7.057905244111431	-0.8120893800886807	0.42180524209686066	0.6033391334825127	-6.524044695678152
ENSMUSG00000005262	-0.039874404584566925	5.676005344895244	-0.8124494170656484	0.4216012350362578	0.6031909098411602	-6.56512785029763
ENSMUSG00000027227	-0.0678830359803424	9.830239785805555	-0.8131726876983424	0.42119159150657026	0.6028919183808911	-6.389656398101789
ENSMUSG00000027671	-0.0596833595842865	4.411803982039645	-0.8140693326535521	0.42068409014744224	0.602452501834123	-6.526792106087581
ENSMUSG00000026579	-0.06760593347078014	6.22795628919574	-0.8141729022066387	0.4206254938070112	0.602452501834123	-6.553623784657461
ENSMUSG00000036368	-0.09002690549368886	6.699013190306568	-0.814744501762543	0.4203021907236034	0.6021926237620727	-6.53509907725288
ENSMUSG00000026491	-0.09960538169793676	5.215006217848485	-0.8150002947212038	0.4201575605498221	0.6021639016683829	-6.563781776386086
ENSMUSG00000040018	-0.06246709324676125	4.254030697413209	-0.8171484310851024	0.41894416396053136	0.6006765643614491	-6.512258330633919
ENSMUSG00000048175	-0.04043942500556952	4.456921273751799	-0.8175643345767887	0.41870948461612867	0.600483363498405	-6.527087747658163
ENSMUSG00000020280	-0.0858417548290964	4.060380034783316	-0.8187500117612214	0.41804089147311674	0.599667633531143	-6.492800439163096
ENSMUSG00000063354	-0.17295197165312537	4.494362339352706	-0.8187521625174372	0.4180396792746284	0.599667633531143	-6.5286518920024115
ENSMUSG00000027086	-0.08716545964061773	3.8086889896134966	-0.8194450059276696	0.41764929438751763	0.5994895667487612	-6.465523522511102
ENSMUSG00000042476	-0.07224845101944855	7.078487928613947	-0.8201608674198742	0.41724617460780467	0.5993861494664829	-6.516779685381297
ENSMUSG00000024404	-0.05038001802074721	5.236738878219308	-0.8228958025153896	0.41570826097723446	0.5977484901201727	-6.557706880931255
ENSMUSG00000026730	-0.1181836643068328	5.656740585153564	-0.8233090154288413	0.41547620541191876	0.5975578071613737	-6.556617463059052
ENSMUSG00000019777	-0.05310772448343659	4.272684563119866	-0.8258152459232745	0.41407044124088854	0.5956785447489824	-6.506713580624109
ENSMUSG00000029458	-0.09928405180770827	6.423709857037575	-0.8276658240957127	0.4130343181524724	0.5948525369712937	-6.53552237990308
ENSMUSG00000021550	-0.07180245880997438	3.740501460832179	-0.8277213834369276	0.4130032356607042	0.5948525369712937	-6.451129832374199
ENSMUSG00000029761	-0.08135224414102016	7.286511436883934	-0.8293344995619322	0.4121014115246844	0.5940800037361724	-6.50213723906513
ENSMUSG00000031865	-0.06435685628097954	4.556322340744807	-0.8328997103373386	0.41011256733232127	0.5926866736718008	-6.521117468578965
ENSMUSG00000020700	-0.09899740912622423	3.883548127608919	-0.8329101304419579	0.4101067632101906	0.5926866736718008	-6.4626319980326326
ENSMUSG00000076609	-0.2786484456652847	4.258669793390332	-0.8340631474113663	0.40946483273534384	0.5925997543127846	-6.498727221930886
ENSMUSG00000018882	-0.07709087491791156	4.7665060209181584	-0.8342874135517486	0.40934004707920946	0.5925618749455479	-6.532214511171132
ENSMUSG00000032199	-0.1055608135631152	6.4439503848934905	-0.8349038721814059	0.40899715980337004	0.5924717275015718	-6.528702954218912
ENSMUSG00000064372	-0.12307318514480059	11.938405434444215	-0.8350519724275028	0.40891480981642114	0.5924717275015718	-6.262823501204049
ENSMUSG00000020154	-0.13100095657917254	3.7241437249564835	-0.8353657797783934	0.4087403535999693	0.5924073286980742	-6.442952950743369
ENSMUSG00000068856	-0.09168770240707458	4.035154489730527	-0.8355918015607944	0.4086147289265577	0.5924073286980742	-6.476364084590846
ENSMUSG00000019996	-0.08191344179724425	4.747651399472836	-0.8356101793784237	0.40860451544288345	0.5924073286980742	-6.530165430327706
ENSMUSG00000020089	-0.10486595614814309	8.031173214906186	-0.8400101637149229	0.4061637726964068	0.590189409972371	-6.459012146898295
ENSMUSG00000040964	-0.13819503768136787	3.710330317749289	-0.8410389197593816	0.4055944132221785	0.5898395036428051	-6.436650755543692
ENSMUSG00000056973	-0.18838280667602447	10.322220347087038	-0.841313457125814	0.4054425558606083	0.5898110899651453	-6.339886683887068
ENSMUSG00000001366	-0.08593002284822404	6.563138970262925	-0.8413439395309356	0.4054256970288457	0.5898110899651453	-6.518502570099779
ENSMUSG00000026260	-0.05937410336631377	7.836049312407909	-0.8413983467270011	0.40539560725217016	0.5898110899651453	-6.467923665192251
ENSMUSG00000066441	-0.19756077845373632	5.177942782877157	-0.8418426682074696	0.40514992821106777	0.5898110899651453	-6.54088515650734
ENSMUSG00000020464	-0.06758298697957521	4.536674354347869	-0.843919368863645	0.4040028840497908	0.5888075018809588	-6.510611820504766
ENSMUSG00000031672	-0.06171632731295418	8.663295368711607	-0.844281800852587	0.40380290583367573	0.588658821240795	-6.424721338657267
ENSMUSG00000030225	-0.057073483427934946	6.621632897493979	-0.8446303703329219	0.40361063464619606	0.588521306379275	-6.5134050986788905
ENSMUSG00000021400	-0.11437161451108313	5.2543557880307405	-0.8449456193477034	0.4034367921553691	0.588410602927576	-6.53963945612513
ENSMUSG00000021709	-0.07803934755831055	4.610829460681957	-0.8472668615374611	0.4021581911680604	0.5874012082471743	-6.512594004272797
ENSMUSG00000032897	-0.06528825011421802	4.624048309365002	-0.8474181644993288	0.4020749373626239	0.5874012082471743	-6.513287988685448
ENSMUSG00000036087	-0.07333441075934655	4.104978077599255	-0.8485538690325236	0.401450364088459	0.5869380140650974	-6.472476298092068
ENSMUSG00000073409	-0.13364025318449624	4.788015320820628	-0.8486299140277761	0.40140856528470437	0.5869380140650974	-6.5212266882646315
ENSMUSG00000029614	-0.07733196454067759	9.524265858511237	-0.8495873875042581	0.4008825140025216	0.5865359207794382	-6.3763585295755245
ENSMUSG00000038527	-0.07935067111416139	5.851083907691374	-0.85058237597442	0.40033630785585583	0.58591397170766	-6.5303170403255555
ENSMUSG00000071266	-0.06308784445173776	3.800670674212237	-0.8524675026404399	0.3993027300844648	0.584936641900914	-6.437162070789839
ENSMUSG00000020077	-0.10009896584002087	3.863276192884544	-0.8526954917176486	0.3991778414437558	0.5848962812083708	-6.44383698294208
ENSMUSG00000024835	-0.08692096704834285	6.850754348426154	-0.8537278078155294	0.3986126617693645	0.5843531311471362	-6.496852354991771
ENSMUSG00000070697	-0.05996880420744333	4.4126749446518	-0.855214399310117	0.39779965310563137	0.5833035909008635	-6.492622932028723
ENSMUSG00000027011	-0.043535237904282376	5.288673532080886	-0.8556331308527977	0.3975708388740582	0.5831103663154054	-6.531050411620335
ENSMUSG00000015837	-0.09388089300887437	8.512502429981124	-0.8565799558431131	0.3970537543360425	0.5827787029324083	-6.421470295475796
ENSMUSG00000020022	-0.06912309038344855	6.451045911885697	-0.8569664125136791	0.3968428220851401	0.5826114140995864	-6.509814081979519
ENSMUSG00000035969	-0.107942094825634	4.236877107751474	-0.8575149882943168	0.39654352422800043	0.5823142808128188	-6.47711009742179
ENSMUSG00000024563	-0.07547996322912676	3.8765493247564464	-0.8575727404316663	0.3965120234426588	0.5823142808128188	-6.441128613545996
ENSMUSG00000033542	-0.06821559592046711	4.073638403351805	-0.8582996474088835	0.3961156678330291	0.5821833867511226	-6.46110234345794
ENSMUSG00000039000	-0.07190157598761449	4.661339499594732	-0.8590383461638903	0.39571313758322735	0.5818057851082978	-6.505642533364983
ENSMUSG00000039007	-0.07776622104070086	5.355517468651776	-0.8593915788260919	0.39552074560161044	0.5818057851082978	-6.528446323778055
ENSMUSG00000046805	-0.17764117391509782	4.174207027597645	-0.8600209347946975	0.39517810576926915	0.5814459445562042	-6.46936994957308
ENSMUSG00000060121	-0.08159391776590041	3.769115078113877	-0.860440724752114	0.39494966358549666	0.5812721580597461	-6.426864870115636
ENSMUSG00000074491	-0.09700028870287714	5.554045891839433	-0.8621522482150878	0.39401914282248907	0.5807360876184294	-6.525560881580433
ENSMUSG00000031818	-0.08981867008660771	10.003025912572875	-0.8628596064777705	0.3936349697452456	0.5803122014718304	-6.338837024818767
ENSMUSG00000057561	-0.12050456218154171	5.420629168528063	-0.8651298992174343	0.3924035460824603	0.5790022517510084	-6.523765224047946
ENSMUSG00000028657	-0.08022939534144058	4.251972024689923	-0.8652119852229169	0.3923590675699308	0.5790022517510084	-6.47180635981152
ENSMUSG00000026526	-0.11105888347153225	8.354142749215521	-0.8655185099116955	0.39219300448479477	0.5790022517510084	-6.4213738366099244
ENSMUSG00000055302	-0.060804417133184074	6.670591383435797	-0.8665849644297785	0.3916155866361539	0.5784705162479471	-6.492771351713376
ENSMUSG00000022664	-0.07806167384969775	4.154773022675671	-0.8690733220813335	0.39027038574369965	0.5771928988269484	-6.459753267165877
ENSMUSG00000041132	-0.1585776996934012	6.023047100056664	-0.8691730822124979	0.3902165165848088	0.5771928988269484	-6.511883534556971
ENSMUSG00000026150	-0.07760050536057328	5.0851884473349145	-0.8697434946471696	0.38990859164644354	0.577083922956522	-6.514793627177059
ENSMUSG00000060261	-0.04696829726921159	5.982107143740506	-0.8704778701990226	0.38951238103641195	0.5767816406229176	-6.511360589973395
ENSMUSG00000028868	-0.07691377559960788	4.620008929443394	-0.8719614609709441	0.3887127308313658	0.575881360839664	-6.492022928081657
ENSMUSG00000028581	-0.14722048293153467	4.650774193236014	-0.8746829710361536	0.38724855092485233	0.574057014309986	-6.491512427984688
ENSMUSG00000031858	-0.067333431703128	3.8822784556594407	-0.8747065729686311	0.3872358683358377	0.574057014309986	-6.426994390945864
ENSMUSG00000022752	-0.05447812887110004	5.862563527535486	-0.8758333229883799	0.38663071137188376	0.5739288400774826	-6.508425080311339
ENSMUSG00000022100	-0.055314666886998154	4.053012690225098	-0.8762617714186014	0.38640075707809207	0.5737292189973451	-6.443535076634968
ENSMUSG00000066324	-0.06813211199810665	3.7350050882710644	-0.8770264876360465	0.38599053894745006	0.5732617767017368	-6.408715723973043
ENSMUSG00000025403	-0.05860189330828547	7.981822409077228	-0.8776815168533643	0.3856393804049937	0.5729403020743518	-6.429363314235229
ENSMUSG00000002812	-0.06181310437212595	5.55122343467001	-0.8795758860242825	0.3846249593727904	0.5717989561779063	-6.510480209206789
ENSMUSG00000022562	-0.06712724378394963	6.89182917778953	-0.8807344885230812	0.3840053732308233	0.5711604672633707	-6.472011076209686
ENSMUSG00000011382	-0.0748893442094607	6.4552005820781675	-0.8846806096108485	0.38189987479724175	0.5688385190934447	-6.485618509873349
ENSMUSG00000071074	-0.056302564890726714	5.908857696868086	-0.8850383227144695	0.38170937751173595	0.5687308825856735	-6.499666775613625
ENSMUSG00000039449	-0.06546451663181863	4.923670780137532	-0.8855187668881164	0.38145361617904916	0.5687308825856735	-6.4953677866886075
ENSMUSG00000015143	-0.12839535744093755	4.586746336410291	-0.8855917079517824	0.3814147960426031	0.5687308825856735	-6.4780048297064265
ENSMUSG00000037029	-0.07042283372483382	4.229497358219689	-0.8857887793984778	0.3813099247901659	0.5687308825856735	-6.4519567401588445
ENSMUSG00000022257	-0.06623983487946639	4.306844252452329	-0.8867973802685606	0.380773487651076	0.5681817450447767	-6.4574540916925
ENSMUSG00000034473	-0.06912061135518943	3.8538267963043404	-0.8878245571287682	0.38022766627242366	0.5675082083037739	-6.412420189814432
ENSMUSG00000026289	-0.05873463382292243	4.486315328193332	-0.8879902927662605	0.380139644514527	0.5675082083037739	-6.469259525861556
ENSMUSG00000022957	-0.10735747176902866	4.239715394858057	-0.8882994261014864	0.37997549942165876	0.5674137117357723	-6.450622699489846
ENSMUSG00000062825	-0.20755808635215978	6.875003717242734	-0.8888754494225687	0.37966976069736935	0.5671336408424814	-6.4654691055403966
ENSMUSG00000003308	-0.056687969855246045	4.564868704511968	-0.8894237161541347	0.3793789006333389	0.5669454896557408	-6.473203097785639
ENSMUSG00000032528	-0.10936063007743346	5.372492803883462	-0.8897414710368451	0.37921039427874403	0.5668346415972569	-6.502116581996776
ENSMUSG00000020034	-0.22492491854659402	4.078788516418831	-0.8902341828648926	0.3789492024401483	0.5666467348659628	-6.433850869357246
ENSMUSG00000021669	-0.08244513658652775	4.616859043279722	-0.8904861479590784	0.37881567753480805	0.5666467348659628	-6.47558491391846
ENSMUSG00000063268	-0.111411481546555	3.8570335822682744	-0.8930893351914597	0.37743792286455213	0.5653101890561051	-6.408114602911437
ENSMUSG00000035247	-0.10498659665143784	5.341684235086673	-0.8961201650849402	0.37583788745590097	0.564461351092854	-6.496245047478756
ENSMUSG00000041815	-0.051691470523743455	4.648926194394532	-0.8963126223321299	0.3757364327028956	0.564450056027925	-6.472348271066673
ENSMUSG00000030762	-0.31727679933831165	5.990756631427078	-0.8996673668251091	0.3739707890441838	0.5621966954540305	-6.4855272359167495
ENSMUSG00000070923	-0.05955313859019018	4.181797108158671	-0.9005036864179077	0.37353145620386075	0.5618399299947432	-6.434638560453648
ENSMUSG00000024304	-0.0826119145263835	4.804107840643657	-0.9011526383906112	0.3731907797488365	0.5614680509541208	-6.47625602818265
ENSMUSG00000049401	-0.057311376887760446	4.833197782456446	-0.9018119828381193	0.37284485258777145	0.5611824421810799	-6.477020885614495
ENSMUSG00000027304	-0.06337038378593718	4.389756977947423	-0.9037481178380173	0.3718302474596412	0.560307197492814	-6.448525874964086
ENSMUSG00000028703	-0.09366615258377209	4.510563013242319	-0.9041019754627456	0.3716450058071218	0.560307197492814	-6.456527234908311
ENSMUSG00000057229	-0.09061340468794832	5.655125635229753	-0.9047408871661843	0.3713106913982659	0.5601822607612803	-6.486551003068655
ENSMUSG00000027605	-0.19243417268372465	6.842731524577049	-0.9074071073707904	0.3699176708306917	0.5585013276436248	-6.450130973272417
ENSMUSG00000063200	-0.05252167524507989	6.16228999276282	-0.9093464286759879	0.36890655746434975	0.5578965589857776	-6.473670503461949
ENSMUSG00000024610	-0.1632564766102318	6.039166773994514	-0.9102976896966778	0.36841124801670966	0.5573472279286023	-6.475220724249215
ENSMUSG00000078695	-0.10370147679999064	6.762968323018016	-0.9115826430064385	0.3677428729588256	0.556756594509847	-6.449394123694852
ENSMUSG00000002847	-0.08741866274628052	5.402541783500597	-0.9119344983440151	0.36755999064845835	0.5566894758522113	-6.482345546239081
ENSMUSG00000040174	-0.08047329034408346	4.468237511847086	-0.91216276448634	0.3674413772682511	0.5566894758522113	-6.4464132369361415
ENSMUSG00000014470	-0.06845181464223149	4.09823384132024	-0.9124494934549634	0.36729242013507646	0.5566894758522113	-6.415882554130719
ENSMUSG00000024608	-0.09925349529707717	9.207799575315207	-0.913022843113791	0.3669946794868102	0.5566740361784501	-6.337692636962719
ENSMUSG00000025872	-0.07167686929124084	4.68527615182883	-0.9134051822193011	0.3667962176471381	0.5566740361784501	-6.459093668514569
ENSMUSG00000017418	-0.10378230221669948	4.238239212578072	-0.9138571709882278	0.3665616923240095	0.5565106642685631	-6.427616127552808
ENSMUSG00000004319	-0.06958618736111433	4.059864686811035	-0.9158006976532908	0.3655543547848771	0.5554023054114605	-6.409034226904564
ENSMUSG00000052962	-0.06197134594054443	4.132713726299886	-0.9165145568259665	0.3651848104220492	0.5551534423874911	-6.415559587437982
ENSMUSG00000027303	-0.058249857440146435	4.4948399624353055	-0.9171468912191169	0.36485767179641404	0.555045506284722	-6.443676790551235
ENSMUSG00000004626	-0.06837590900162738	5.753634842157232	-0.9185030681605045	0.36415669498217174	0.5541194176115143	-6.47219585918685
ENSMUSG00000029338	-0.07140533073954636	4.132859528335037	-0.9185624954969082	0.36412599838880866	0.5541194176115143	-6.4137087426125285
ENSMUSG00000023186	-0.0787021919430515	4.515904934758526	-0.9198204628538846	0.36347660274339355	0.5536453500342337	-6.442642581538396
ENSMUSG00000023055	-0.16255045711915894	4.665087868161919	-0.9204094895004128	0.3631727909464838	0.5534631754495108	-6.451551803606751
ENSMUSG00000030591	-0.04730541226932328	6.868495268365511	-0.9225115932722434	0.3620899026926152	0.5519528729781645	-6.4354418143490335
ENSMUSG00000024747	-0.0885231161665212	7.34219971485165	-0.9230836487928326	0.3617955756633944	0.5519242483273259	-6.418412487104887
ENSMUSG00000037514	-0.0668666952407806	3.9895045983152095	-0.923185566690947	0.3617431544786761	0.5519242483273259	-6.395092292261107
ENSMUSG00000027002	-0.046596717107363794	6.304234881736647	-0.9252544684307195	0.3606800910618012	0.5506006285063606	-6.454944262893287
ENSMUSG00000033106	-0.06631697802802794	4.080082516790471	-0.9255356329993754	0.36053577781148194	0.5505614965360089	-6.402159296652088
ENSMUSG00000066979	-0.06570830859574794	4.069872901196382	-0.9261198130427484	0.3602360564050654	0.5502874816324426	-6.400608503967791
ENSMUSG00000007891	-0.08052344096664754	6.792226876199752	-0.9266904972853688	0.3599434163112035	0.5501568502539823	-6.4344822699215865
ENSMUSG00000068011	-0.08371371721449172	4.051382866883522	-0.9280660226139812	0.3592387015052665	0.5492787168817166	-6.396961344019801
ENSMUSG00000024140	-0.09483358917988927	5.394007200111377	-0.9290952648235229	0.35871198602788934	0.5486129610693782	-6.466623450181319
ENSMUSG00000064068	-0.07572513263254432	5.015335817931202	-0.9309834324640467	0.3577470283973839	0.5472764495009877	-6.457757005295168
ENSMUSG00000022336	-0.07679081089807926	5.843860142956033	-0.9327584703429667	0.3568414370923214	0.5460300981634223	-6.457527012849415
ENSMUSG00000028194	-0.11667172220373523	6.498501638123464	-0.9359299861340775	0.3552271310607028	0.5436983776219467	-6.437508145047545
ENSMUSG00000058444	-0.06695193625380469	4.010135666927616	-0.9364041046227424	0.3549862164595159	0.5434680699885939	-6.385041692122211
ENSMUSG00000052595	-0.18171553895092352	6.464829421542738	-0.9379701215306344	0.3541912360860562	0.5426657668641284	-6.436971662772671
ENSMUSG00000071655	-0.13259059195359146	6.7835265632158235	-0.9388155489265692	0.3537625457512892	0.5421471913847224	-6.423591114424103
ENSMUSG00000044340	-0.11154806869661149	3.6588272931788857	-0.9437492028788815	0.35126764614677974	0.5392864807603474	-6.339786218943968
ENSMUSG00000031622	-0.062750482584641	5.005668069946801	-0.9450871584956497	0.3505930584436282	0.5383883690743066	-6.444289972581288
ENSMUSG00000021519	-0.08369853118326631	4.981212794814926	-0.9452824554534753	0.3504946625984803	0.5383748536692914	-6.443224174069126
ENSMUSG00000022361	-0.06932686254239862	4.457721648860505	-0.9468202265210552	0.3497205286189127	0.5378732163990393	-6.41372596062752
ENSMUSG00000058258	-0.24594171976114065	6.91490704767942	-0.9475015434648156	0.3493779058060915	0.5374838289781885	-6.41055199270592
ENSMUSG00000019082	-0.1260017877877404	7.323993691292222	-0.9476291096685001	0.34931377955104226	0.5374838289781885	-6.396312018580088
ENSMUSG00000025487	-0.06605459384779078	6.505533620692846	-0.9501671363514459	0.3480395545022634	0.5365237770662137	-6.42390308855191
ENSMUSG00000035297	-0.058648803173821484	5.4091499945196935	-0.9508399620333082	0.3477022759762719	0.5361413847424732	-6.446371001467351
ENSMUSG00000030942	-0.09086195436708788	4.008359452621252	-0.9529898888206636	0.34662599584383325	0.534756253921847	-6.3693327529501635
ENSMUSG00000020114	-0.07526472161684072	4.961401656349072	-0.9535495386947213	0.3463461903432832	0.5344618022015378	-6.434696786897495
ENSMUSG00000062580	-0.0654215701174845	3.938886630345101	-0.9560440089270446	0.34510086167026455	0.5326768758737784	-6.359185835213724
ENSMUSG00000027184	-0.12885085557241904	7.659659628414225	-0.9560895359300843	0.34507816058732277	0.5326768758737784	-6.3742523912384
ENSMUSG00000021987	-0.10139435818178022	4.3238061013146245	-0.9571243273747689	0.34456245064597046	0.5321191893938927	-6.39439422899791
ENSMUSG00000040848	-0.06642197998043109	4.702308228474064	-0.9613602119738041	0.342456742855515	0.5296199581487657	-6.415427702346263
ENSMUSG00000029178	-0.10868243896899088	5.419073619250697	-0.9622451665884305	0.3420179042894168	0.5294141130538654	-6.435563818836257
ENSMUSG00000003660	-0.07304451369118059	4.961860891221763	-0.9635301246253687	0.3413813749533239	0.5286753948272815	-6.425227083120203
ENSMUSG00000052512	-0.19814507189100805	3.971233161066455	-0.96579614322834	0.3402607805826925	0.5275095537980906	-6.353308085905852
ENSMUSG00000036810	-0.06395291153617322	3.978851326811217	-0.966280202228343	0.3400217212093144	0.5272749736120698	-6.353642835997363
ENSMUSG00000045624	-0.08459456027900414	4.020764310870361	-0.9665458245173707	0.33989058747439704	0.5272076768543241	-6.357727044418553
ENSMUSG00000019943	-0.08494566840901374	4.39257594771986	-0.96876409598715	0.33879677682172593	0.5256467420402146	-6.388340532916812
ENSMUSG00000029464	-0.07488569305030257	4.0983262027454765	-0.970526821809446	0.33792926873556317	0.5248428472039284	-6.361691451006788
ENSMUSG00000024085	-0.10625220830351978	6.807929698435645	-0.9707717125649202	0.3378088656593984	0.5247914875251616	-6.392414555790281
ENSMUSG00000014791	-0.09540604016569176	4.2359806294514595	-0.9732677294562863	0.3365833079904178	0.5234288555161544	-6.371844321755873
ENSMUSG00000001524	-0.08092264934377713	3.938695570215943	-0.9749385744446569	0.33576457791950043	0.5222907969759975	-6.341111306802114
ENSMUSG00000053470	-0.09627905071616638	3.720423860709975	-0.9757050248538686	0.33538945628574524	0.52197752986818	-6.316482915559503
ENSMUSG00000004934	-0.08849356833750033	4.270337861338061	-0.9757066004091962	0.3353886854553769	0.52197752986818	-6.372390862477113
ENSMUSG00000036078	-0.1593874216149569	7.2980040938691655	-0.9804404697802516	0.3330780271622279	0.5191272967753299	-6.3659243153281935
ENSMUSG00000007836	-0.08329128166001531	5.170029719403779	-0.9804567735278348	0.3330700876150191	0.5191272967753299	-6.415179974338502
ENSMUSG00000028098	-0.05046575404077469	4.642208675556412	-0.9805814715059681	0.33300936679137283	0.5191272967753299	-6.393475366116322
ENSMUSG00000009470	-0.06876149833380918	4.656805228111862	-0.9816218556386485	0.33250304854278256	0.5189570656243654	-6.393330370233794
ENSMUSG00000027751	-0.11092997555088102	3.753927037026881	-0.9817149773942919	0.33245775469350136	0.5189570656243654	-6.314439255118023
ENSMUSG00000025437	-0.10649703279324729	4.056113703292148	-0.9834927912651584	0.33159383178040813	0.5180830304650215	-6.344968559769464
ENSMUSG00000044408	-0.10849500046148819	6.373880588874693	-0.9840836205627344	0.3313070546004786	0.5177695945628805	-6.396682162572629
ENSMUSG00000031887	-0.0797755411537251	4.229291935134721	-0.984342293330562	0.3311815523211481	0.5177081029910976	-6.360540890144975
ENSMUSG00000025878	-0.07076634019186345	3.844662707715298	-0.9851269598371002	0.3308010451890705	0.5172478481761968	-6.321135680619246
ENSMUSG00000040471	-0.1395302947316699	4.665959248042209	-0.9869750019035675	0.3299060395209098	0.5162514040315487	-6.388652722347973
ENSMUSG00000051154	-0.09007097808142372	7.224051956478211	-0.9911978638410698	0.32786703539117834	0.5137314223027258	-6.35802232470409
ENSMUSG00000020079	-0.072997382894469	4.338695625653563	-0.991249389715854	0.3278422088001126	0.5137314223027258	-6.3625971479307735
ENSMUSG00000021549	-0.08108833973035257	4.9210198099315825	-0.9930659329958609	0.32696775871917927	0.5131207236382165	-6.394998401619756
ENSMUSG00000020705	-0.06486953533431272	4.473814225979194	-0.9936164927129667	0.32670304086696045	0.5128418423640453	-6.369844853899956
ENSMUSG00000040459	-0.084498989287777	4.529726138294993	-0.9943839358287393	0.3263342836642349	0.5123968410082016	-6.372822358994193
ENSMUSG00000078429	-0.12363136481538461	4.522216717699377	-0.9945166600240947	0.32627053809254325	0.5123968410082016	-6.372193156331168
ENSMUSG00000002365	-0.05968368031971849	5.1331307200241145	-0.9967733888382105	0.3251879509304356	0.511220128943579	-6.398364042393978
ENSMUSG00000058672	-0.382329370777291	5.618046876678232	-0.9969436957353445	0.3251063508509754	0.511220128943579	-6.400198165999413
ENSMUSG00000019907	-0.08247852926483112	4.104134760728739	-0.997521821748974	0.32482945350544923	0.5109686351084409	-6.335986626081123
ENSMUSG00000089917	-0.07870786735533564	4.783227828784308	-0.9979236734987896	0.3246370779643949	0.5108684589338895	-6.384107044250144
ENSMUSG00000032336	-0.06003153899719216	5.58703337494388	-0.9981168181526469	0.32454464268864325	0.5108684589338895	-6.399524804119674
ENSMUSG00000031657	-0.08098020740507916	4.242894123532636	-0.998961556880453	0.3241405765571692	0.510553269864228	-6.347370948232551
ENSMUSG00000046798	-0.06367778284830372	5.96045637498564	-1.000234963808154	0.32353210860299164	0.5097284846867794	-6.391170955015501
ENSMUSG00000025075	-0.06586522565162856	7.0463073724109	-1.0017019746730118	0.32283209158373405	0.5087589924801096	-6.353647921277832
ENSMUSG00000040855	-0.0689407850421686	3.706484817291901	-1.0050012754913162	0.3212615115179883	0.5071751607765365	-6.286240840134741
ENSMUSG00000020988	-0.08452284398491372	6.218606846989479	-1.0050164490855493	0.32125430037613717	0.5071751607765365	-6.381389422800124
ENSMUSG00000031584	-0.08466089184971537	6.318393392946837	-1.0063050920366055	0.3206422831805052	0.506636728801382	-6.376861082995852
ENSMUSG00000002625	-0.13526725894874936	4.473610788397756	-1.0104892719504683	0.3186605505340362	0.5045668638100194	-6.353110877624169
ENSMUSG00000027423	-0.0694097348156184	6.254777989192544	-1.011065380916819	0.31838834543959643	0.5042687316147958	-6.374268911568067
ENSMUSG00000052406	-0.06591187871172632	4.759303123526991	-1.011594788893475	0.3181383457209362	0.5040056207321659	-6.369351391214865
ENSMUSG00000019923	-0.06809510428810839	5.967251561297542	-1.011777648813191	0.3180520257650441	0.5040056207321659	-6.379588912838882
ENSMUSG00000026675	-0.14082262162714532	5.983887288047477	-1.0119601599576653	0.3179658863638296	0.5040056207321659	-6.37917607547858
ENSMUSG00000021492	-0.08156337910624778	8.638023888366233	-1.0130706663870912	0.317442105630368	0.5035664236359243	-6.270665000450078
ENSMUSG00000021770	-0.08299160275325423	4.226518212686455	-1.015276747856359	0.3164033325205556	0.5025819786190903	-6.329724769197884
ENSMUSG00000050270	-0.07965457152466016	4.401987094864385	-1.0158029790310665	0.3161558901590915	0.5024545739132454	-6.342835453515937
ENSMUSG00000029427	-0.06619048146436546	4.009290134366271	-1.0163763116633355	0.3158864503294496	0.5021591746110219	-6.307707244527107
ENSMUSG00000020283	-0.07350330725609755	6.140665738436481	-1.0171798800730272	0.31550907427085334	0.5016919892282502	-6.371205410984274
ENSMUSG00000021670	-0.2395830690150147	6.762912878821245	-1.0186694738563735	0.3148103381353048	0.5011113435377607	-6.346997515276453
ENSMUSG00000020463	-0.09764364164316497	5.537915533881616	-1.0190653820790194	0.3146248042221393	0.5009487145126749	-6.379234823867796
ENSMUSG00000034245	-0.10480549383835314	5.596694283576276	-1.0194107914450503	0.31446299658643695	0.5008237865062019	-6.378131083779184
ENSMUSG00000021411	-0.14629270119989712	5.68826682258581	-1.0198251393099897	0.31426896966506684	0.5008218500538641	-6.376127104493543
ENSMUSG00000052609	-0.10101967921635513	4.158068100211255	-1.0269660160938736	0.310937970628891	0.49610973567808586	-6.3117385932633185
ENSMUSG00000039831	-0.09703734771295291	5.638001636122336	-1.0274633109374398	0.31070690332983286	0.4958931692188488	-6.369312364931268
ENSMUSG00000069682	-0.16011856749768327	4.483545130181552	-1.0276266328707542	0.3106310417514217	0.4958931692188488	-6.3365246530947115
ENSMUSG00000047617	-0.30875825338333396	5.246351250056892	-1.0280363711400688	0.3104407779404032	0.49577836692818394	-6.369304310482585
ENSMUSG00000027829	-0.14288061608048608	4.716716475048472	-1.0292720926199013	0.30986744961004087	0.4952110384858339	-6.349323058998544
ENSMUSG00000036940	-0.05439962490994388	3.8276464331097944	-1.0308533877835317	0.3091348493864742	0.49443473781296865	-6.273771054260102
ENSMUSG00000040134	-0.09605946339559601	10.547837796121932	-1.0351171205792964	0.3071654353690197	0.49207067478870686	-6.148591816645244
ENSMUSG00000062619	-0.09068223353420368	5.7531362066536245	-1.0352755610790074	0.3070924187070733	0.49207067478870686	-6.359181505215011
ENSMUSG00000027173	-0.07209043838108364	5.425519648347992	-1.0354311905545144	0.3070207091318697	0.49207067478870686	-6.363209237726163
ENSMUSG00000004667	-0.07992647129397668	4.814524527244134	-1.0385891356069297	0.3055681101742762	0.4903004202976112	-6.344667837883891
ENSMUSG00000035772	-0.09934375806462814	4.463190281088739	-1.040721402604495	0.3045899897440217	0.4897728788792685	-6.3217816192378695
ENSMUSG00000021646	-0.08745948581804264	6.3731032782129065	-1.0433405075410025	0.3033915062513542	0.4883684867571356	-6.337322329072497
ENSMUSG00000002963	-0.10061922489009678	4.7900345743260155	-1.0438341644352926	0.30316597794263506	0.48813621689638104	-6.338111385827791
ENSMUSG00000022707	-0.14951084348298327	6.171681369992114	-1.0447953075296326	0.3027272100128441	0.48756038728683465	-6.342339512545039
ENSMUSG00000020910	-0.09540670295971676	4.8680770453965865	-1.0471698684932276	0.3016450912881718	0.48620851758332195	-6.338245725576244
ENSMUSG00000069049	-0.06855376698007998	6.090045647289636	-1.0473559240098935	0.3015604166026308	0.48620851758332195	-6.341456564259141
ENSMUSG00000030849	-0.14387873419946473	3.9832717529069317	-1.0474380088782982	0.3015230646494484	0.48620851758332195	-6.2733971151545544
ENSMUSG00000033295	-0.13149071198386153	5.964840745608265	-1.047893454124126	0.30131587673566146	0.48620851758332195	-6.342872298003793
ENSMUSG00000024308	-0.11941361587957466	6.3452339323594975	-1.0482858855776946	0.3011374336976045	0.48620851758332195	-6.333276817620044
ENSMUSG00000020075	-0.11555819843514126	4.845632033463822	-1.0488631797079995	0.30087506455811786	0.48614096878992474	-6.335504008658295
ENSMUSG00000056050	-0.11042488092054636	7.15566424699908	-1.051232107251765	0.29980009088701814	0.4847951415877535	-6.299785652011963
ENSMUSG00000030286	-0.06092917927756947	5.805086422555353	-1.0523413014541205	0.2992976765427611	0.4841129847497851	-6.340657634676686
ENSMUSG00000025362	-0.09133297524943451	8.6606615679336	-1.0527338236124277	0.29912002194505577	0.48395589980286485	-6.229224949042214
ENSMUSG00000022517	-0.09948992657114442	5.764174871335212	-1.0542006218913313	0.2984568002724735	0.48327321822616365	-6.339454228977381
ENSMUSG00000071350	-0.1314974716872519	3.785214639596551	-1.054283907297248	0.2984191729340917	0.48327321822616365	-6.245038033158625
ENSMUSG00000044792	-0.058730907803943744	5.063144576513863	-1.0548120089955382	0.2981806596484371	0.4832167162425724	-6.337583124885444
ENSMUSG00000029405	-0.09187332298227524	4.393730753031049	-1.0548964117081627	0.29814255205357715	0.4832167162425724	-6.302295627167036
ENSMUSG00000021870	-0.07910561871049993	5.490247380943347	-1.0558402075963091	0.29771666118741524	0.4827251530154285	-6.3419280771656075
ENSMUSG00000022636	-0.1066481997983626	4.829368719596216	-1.0633424715141664	0.29434627883540354	0.4782928040892212	-6.319684404191893
ENSMUSG00000034602	-0.09806536176911873	5.0852366148551065	-1.0634155104601222	0.29431359743037633	0.4782928040892212	-6.329253205334734
ENSMUSG00000022106	-0.06776285289355322	4.963838031071218	-1.0666448869747376	0.29287113544746207	0.4762821794056291	-6.321808948227375
ENSMUSG00000052656	-0.07364769350296019	5.292988744229125	-1.0689551606132737	0.2918422410757713	0.4755097686074592	-6.3275886138206126
ENSMUSG00000033880	-0.09927903872970845	6.085601508668968	-1.0690073938892437	0.2918190079041078	0.4755097686074592	-6.318935592801625
ENSMUSG00000020109	-0.06617717666471723	5.017026778275976	-1.0770536441579894	0.28825549229204595	0.470814692357408	-6.312725962256119
ENSMUSG00000031029	-0.056485223352371605	6.775747059484185	-1.0771060470161495	0.28823238458774864	0.470814692357408	-6.28609480068534
ENSMUSG00000024601	-0.11014026372556174	5.85277717939548	-1.0785987906681893	0.2875746858027331	0.46995819608066985	-6.312298517494369
ENSMUSG00000027698	-0.1526272424952433	5.194985598526378	-1.0829284402985617	0.28567301301337444	0.4677409087731245	-6.311224199490212
ENSMUSG00000026078	-0.08638727225716325	3.8031713347747824	-1.0837266665598653	0.2853233824603376	0.4672957768340607	-6.216049324050197
ENSMUSG00000025066	-0.07162401194464696	4.7495245937472115	-1.0855738851800218	0.28451543752705954	0.46635386363887094	-6.2923087303919445
ENSMUSG00000031479	-0.058951343335188255	4.506176483614323	-1.0858228079289325	0.2844066857555	0.466302803466521	-6.277393356720676
ENSMUSG00000003617	-0.17707120724658054	9.270109720723083	-1.0863642707893193	0.2841702272680984	0.4660422750147388	-6.1635784832533815
ENSMUSG00000007458	-0.062026080961392616	5.683373810079964	-1.0877793880043138	0.28355289477738344	0.4652838188741936	-6.305549418908455
ENSMUSG00000033610	-0.12120207676066741	6.62674090533266	-1.0878457267665915	0.28352397826680487	0.4652838188741936	-6.280422881379763
ENSMUSG00000031700	-0.11595134459374457	8.709732102351182	-1.0895197753028718	0.28279496195888915	0.4646745765411443	-6.188151830900922
ENSMUSG00000003970	-0.08138245719399428	8.67347343023376	-1.0906410938042024	0.28230738848144893	0.4641272496265463	-6.188673080707947
ENSMUSG00000036905	-0.17127836668614815	5.435559461672852	-1.092708602494293	0.28140994576588807	0.4629051092546459	-6.303084691614549
ENSMUSG00000044791	-0.08519197206260642	4.4642997961493425	-1.093447215064591	0.2810898250881222	0.4625051366250072	-6.2664122063894085
ENSMUSG00000038612	-0.06859061470498062	6.138291079835953	-1.094493801319149	0.2806366664355809	0.4620125283866865	-6.290720799346981
ENSMUSG00000027439	-0.09195961494944171	5.286754685149198	-1.0951629628266724	0.28034719846451644	0.4617890119444296	-6.2995712521496525
ENSMUSG00000031708	-0.09586490822032445	8.090836876968105	-1.0953516927416067	0.28026559523402883	0.4617811795342142	-6.211605333384592
ENSMUSG00000005936	-0.06882519640154072	4.573090074285464	-1.0963781397401626	0.2798220728613312	0.4614370454765865	-6.270456008046107
ENSMUSG00000020153	-0.11559142525992971	7.321477505224404	-1.0977589739137035	0.2792262044907819	0.46082676813653073	-6.244813656130927
ENSMUSG00000020409	-0.07464788757411966	4.273238616068212	-1.0978042976920708	0.27920666123927956	0.46082676813653073	-6.247728335833568
ENSMUSG00000003421	-0.0975328999025864	4.984605181182642	-1.098713985840861	0.2788146154940035	0.4604003914546488	-6.288371736690227
ENSMUSG00000017288	-0.07190751282760655	4.993013226579353	-1.0988985889480578	0.27873510516443056	0.46039561487989644	-6.288476931186725
ENSMUSG00000032204	-0.13576167552043827	8.730693294614268	-1.0992751040822244	0.27857298621016974	0.4602543508762469	-6.176667844653835
ENSMUSG00000000154	-0.10156470881512458	6.338637255711134	-1.0997721534736622	0.2783590701044948	0.4600274071116362	-6.279023743014172
ENSMUSG00000032249	-0.18291803702677	7.5190237344043185	-1.1007874253075618	0.27792248691403243	0.4594806865129529	-6.233704455769799
ENSMUSG00000020585	-0.07543718487084838	6.978014026235874	-1.1011179032542275	0.2777804807294958	0.4594502914130306	-6.25292013240883
ENSMUSG00000062054	-0.07171561612602062	6.757345197791296	-1.1021540005401786	0.27733560338963603	0.4589671277246827	-6.259935415825906
ENSMUSG00000036896	-0.18026847373133226	5.081168277165246	-1.1035353960278964	0.27674324800775213	0.4584307589900166	-6.2863071252089195
ENSMUSG00000086841	-0.18386579593190344	4.293654376898964	-1.104156476178271	0.2764772154191623	0.4583038861941369	-6.242485694773835
ENSMUSG00000039050	-0.06421831651467969	4.820379662635527	-1.104665033711095	0.27625951565600265	0.4582796492394094	-6.2751478277482695
ENSMUSG00000027630	-0.10174927754948104	4.166052752167204	-1.106750084115478	0.2753682327158815	0.45709605259384867	-6.2286544187004855
ENSMUSG00000035133	-0.08838045127113592	4.956710222407932	-1.1067859140825484	0.2753529345677218	0.45709605259384867	-6.278570014404708
ENSMUSG00000031715	-0.075849391937445	4.901086771963304	-1.1068039640713612	0.2753452280795558	0.45709605259384867	-6.2763466729571356
ENSMUSG00000041453	-0.09975939334832606	8.01679189451111	-1.110263890515529	0.2738708298293549	0.45536519547443094	-6.199195707304122
ENSMUSG00000001211	-0.07026617821727754	7.165214291540875	-1.1119467942019594	0.27315571613876477	0.45493145739407914	-6.234821653609297
ENSMUSG00000031445	-0.07371023310130198	7.917890308625923	-1.1130348435977866	0.2726940803286517	0.4544145115626368	-6.2012465434549755
ENSMUSG00000021922	-0.15611817795699245	9.539966617328618	-1.1145065070075404	0.27207056887805936	0.45362709444735255	-6.11889616367436
ENSMUSG00000028878	-0.14292282763455333	3.9344051964106623	-1.1146950869088543	0.27199074512825505	0.45361986885253525	-6.196760750527494
ENSMUSG00000002804	-0.10419465528273975	4.327233460341908	-1.1155323677638251	0.2716365349177082	0.4531548968130229	-6.2326650748709715
ENSMUSG00000040414	-0.09256176087285128	3.8056678768119427	-1.1164418218652006	0.2712521642713906	0.45271287765909934	-6.180973480703206
ENSMUSG00000001435	-0.10977582207299541	8.198612383609609	-1.120820313567477	0.26940706717448853	0.45081232710985847	-6.17853802744757
ENSMUSG00000083563	-0.16670184416463885	4.061728267483458	-1.12187091652086	0.2689656782712535	0.45019909769692545	-6.2019960493397805
ENSMUSG00000008575	-0.10044250097796503	4.574020814175332	-1.1245444381508052	0.26784478317278615	0.4489482014184859	-6.239763109565326
ENSMUSG00000026814	-0.11117024504117712	5.227546829019618	-1.1269539017482748	0.26683745994102936	0.4477593679937575	-6.263947702463227
ENSMUSG00000048007	-0.11876441748324673	3.9363185766156907	-1.1278638125492115	0.26645775975026886	0.4472471168545714	-6.1824713554481585
ENSMUSG00000050912	-0.07139062868506763	5.016881454846977	-1.129421138197491	0.2658087947207511	0.4464802612619274	-6.255866760143052
ENSMUSG00000022052	-0.0967948731461088	3.8259008268197237	-1.129617353933936	0.2657271085075223	0.4464802612619274	-6.168670946811834
ENSMUSG00000040464	-0.08787944337973386	4.924699117439509	-1.1324699746122098	0.2645415690872783	0.4452745906569903	-6.249044329329252
ENSMUSG00000029345	-0.08587030054143696	4.300022662909918	-1.1327856186335459	0.2644106218347604	0.4451788810885613	-6.211533307272235
ENSMUSG00000030691	-0.12121555673638262	3.884309862964347	-1.1339579867184837	0.26392466312222335	0.4446098403984973	-6.170181244608316
ENSMUSG00000036323	-0.08816015690950874	6.818844523421953	-1.1346753492979706	0.2636276249849744	0.4443585970644351	-6.221855242034459
ENSMUSG00000024099	-0.09619808233240512	7.320190541534453	-1.1348061967534078	0.26357347088565136	0.4443585970644351	-6.204235201864749
ENSMUSG00000079508	-0.10572047349764535	4.728613288301741	-1.134879445287148	0.26354315885249174	0.4443585970644351	-6.237400859937786
ENSMUSG00000041645	-0.10243479599938254	4.892056018676812	-1.1349379960458381	0.26351893091652956	0.4443585970644351	-6.244973944013702
ENSMUSG00000033916	-0.08187960686966722	7.03493758234656	-1.1366374052910462	0.2628164222708377	0.4434888743121212	-6.2119160987965305
ENSMUSG00000013701	-0.07861506513278371	7.377882093848072	-1.1387612361017994	0.26194035608158833	0.44253818155862745	-6.197674791404297
ENSMUSG00000020949	-0.10546655498970559	4.2604002739867886	-1.139005644392187	0.26183967405594194	0.44253818155862745	-6.201406606360923
ENSMUSG00000053253	-0.09517706593766118	4.196262926219938	-1.1407498209819813	0.2611219818677236	0.4419647572162401	-6.1939116837442665
ENSMUSG00000053119	-0.05866295155474699	6.8962843777402805	-1.1411123055426198	0.260973004749003	0.44186722613039137	-6.211786686356284
ENSMUSG00000079316	-0.09785567009533125	6.50776208582043	-1.1415987369735903	0.26077318291131235	0.4416590780956645	-6.226266322210184
ENSMUSG00000029260	-0.11209735385330166	7.852980411797513	-1.1464285230381157	0.25879511808241956	0.43904569863276655	-6.167574486758764
ENSMUSG00000074656	-0.0833023435222815	5.712730709248872	-1.1477525728569664	0.25825473941043164	0.4383764771517751	-6.239062476887782
ENSMUSG00000034636	-0.13864067544669112	4.241726042615306	-1.1482816425047857	0.25803904014709406	0.4381341034879594	-6.189425144293125
ENSMUSG00000053870	-0.07032639648345462	4.149751061553903	-1.1484946636024123	0.25795222911760407	0.43811049880375436	-6.180917756087116
ENSMUSG00000027272	-0.09529465465528641	4.050739785288837	-1.1501003959320313	0.25729853371356026	0.43724742338370576	-6.169441854137848
ENSMUSG00000027637	-0.13599765132802943	6.144950045122703	-1.1503111149473209	0.25721283857140465	0.43722544468898744	-6.2289940109360815
ENSMUSG00000033308	-0.06597182382282796	8.5025505885908	-1.1528822883400882	0.2561688532448356	0.4356973221478113	-6.128259306271694
ENSMUSG00000003721	-0.2761724502021963	8.3274867805679	-1.1564883772697394	0.25470981828842465	0.4335839371374345	-6.132486805125021
ENSMUSG00000019809	-0.10960725557272522	4.856226342821739	-1.1568495532185754	0.2545640171523577	0.4334585375654626	-6.218797557018806
ENSMUSG00000057963	-0.15379406865633172	4.964712152941969	-1.1578283090493542	0.2541692120917567	0.432908955629072	-6.222097517724743
ENSMUSG00000058558	-0.11039906243215114	8.478517858311406	-1.1605229531866343	0.25308455130692875	0.4315508140758612	-6.120741096270273
ENSMUSG00000047215	-0.11795211285462859	7.881044844999689	-1.160978086652769	0.2529016803065129	0.43136139567466253	-6.14969234511058
ENSMUSG00000029635	-0.09525454146572265	4.5239799162660965	-1.1616053520350693	0.25264980422874844	0.4311589667118816	-6.194917664529059
ENSMUSG00000000934	-0.10702914313496326	4.690373452508458	-1.1617857461232552	0.2525774013214742	0.4311589667118816	-6.205015090647446
ENSMUSG00000086165	-0.3402590824589029	3.8484357657935577	-1.163224466435318	0.2520004951836525	0.4306800271782047	-6.133380291100793
ENSMUSG00000024792	-0.10865252185175045	3.989732109620148	-1.1652602672822674	0.2511858017078116	0.42965427909542836	-6.146026600040165
ENSMUSG00000031871	-0.14731877626995749	3.6107067739736842	-1.1668436923532508	0.250553463989703	0.42869469393910176	-6.102578023124771
ENSMUSG00000036594	-0.22357751312190732	5.229871037526259	-1.16715509105593	0.25042924362987984	0.4286560237214609	-6.2187174249660435
ENSMUSG00000071662	-0.12083977323916573	3.9189309908170444	-1.1692410544077643	0.24959828294259395	0.4276692564020665	-6.134071395168633
ENSMUSG00000024039	-0.1862830165546221	8.655915227207723	-1.1695888450843146	0.24945993275104725	0.4276692564020665	-6.102069314203236
ENSMUSG00000115338	-0.20324226405345946	5.399895853292113	-1.1708993105541783	0.2489391337620122	0.42690503846345074	-6.216096471190577
ENSMUSG00000017776	-0.07217187987235185	6.021132777271378	-1.1717884579584674	0.24858622343791573	0.4265432942999531	-6.206808693624726
ENSMUSG00000061665	-0.08147783632989158	3.9615425143618785	-1.172553322224186	0.24828293342667507	0.42614457211107987	-6.134750120597435
ENSMUSG00000063015	-0.08911849261640636	7.670827119273976	-1.1745231073025606	0.24750309830591066	0.4249274622057763	-6.144621116880111
ENSMUSG00000009863	-0.08885060906270059	7.930389848431072	-1.1768410300789498	0.24658772162756012	0.42376157294286876	-6.129006328397754
ENSMUSG00000030204	-0.07038031772018538	5.045607494832723	-1.1774006844514893	0.24636707726645846	0.4237034250984971	-6.202508631373553
ENSMUSG00000060475	-0.06794930176053615	5.148277301006891	-1.1821122600361282	0.24451523616473125	0.42100058857130945	-6.199891339067858
ENSMUSG00000017548	-0.08126659555254889	4.451225183650711	-1.183478940700151	0.24397998086793005	0.42031986956289896	-6.164932152629117
ENSMUSG00000056091	-0.3020905712127826	6.82973554571024	-1.1840797943839734	0.2437449298006606	0.42003535508235434	-6.165296862547864
ENSMUSG00000038224	-0.17097709027263264	8.937422502342349	-1.1841999685772249	0.2436979380924276	0.42003535508235434	-6.071680669404115
ENSMUSG00000058594	-0.10982577232728374	4.732285543702087	-1.1844078694307671	0.24361665826218096	0.42003535508235434	-6.181270599340403
ENSMUSG00000038776	-0.1284120434443068	8.741957790346394	-1.1846326475866105	0.24352880245422465	0.4200242749562101	-6.080683150841659
ENSMUSG00000039197	-0.08075929600585674	9.649497830510086	-1.1866641285845205	0.2427358365438985	0.4191378281012316	-6.031807270133765
ENSMUSG00000020884	-0.11496379155760295	9.188914442586938	-1.187195646130354	0.24252867652977816	0.4190860204812676	-6.055566178358122
ENSMUSG00000022742	-0.09864254882486101	7.383815706985397	-1.1872951198419797	0.24248992082084148	0.4190860204812676	-6.142153425897774
ENSMUSG00000052934	-0.18890432979170946	5.654447471764519	-1.1891644462075683	0.24176245927528203	0.4180577317367395	-6.192719909410338
ENSMUSG00000040213	-0.12934032189916245	7.272350631070749	-1.1910827662808368	0.24101759318747554	0.4170097084548058	-6.1418234483549226
ENSMUSG00000041241	-0.06455692883595887	4.534209607424552	-1.1914961447713475	0.24085730242551825	0.41697249503743566	-6.1611514728093075
ENSMUSG00000062647	-0.10766796229111897	9.389674869105985	-1.192065298210174	0.24063673647218886	0.41671070589665216	-6.039486213703253
ENSMUSG00000032602	-0.11502767057403851	6.6326523762938585	-1.192304579637604	0.2405440511242857	0.41671070589665216	-6.163304204071142
ENSMUSG00000023010	-0.07833013839956848	10.88534746552281	-1.1931588644931683	0.2402133583736149	0.41658570687040114	-5.959353799833757
ENSMUSG00000028766	-0.23266399289271789	4.77088461317974	-1.1948057911881156	0.23957677530237137	0.41595401409764504	-6.171101493811511
ENSMUSG00000020929	-0.0882849732176414	4.347769004394647	-1.1957267953276072	0.23922132125589482	0.41553708125399236	-6.1433490719624855
ENSMUSG00000060429	-0.08946502967045245	5.941318191819874	-1.1967302380298606	0.23883449118653693	0.41526517868631374	-6.179016454089736
ENSMUSG00000016528	-0.08873776118274268	5.520581835520157	-1.1967951151177756	0.23880949668606594	0.41526517868631374	-6.185683445477851
ENSMUSG00000064361	-0.32083794056741244	4.276879784819158	-1.197366064247624	0.23858961599621326	0.4152204469262607	-6.135987243585849
ENSMUSG00000044279	-0.1278678720737494	3.995748639898071	-1.1976869378530581	0.23846610820526987	0.4152204469262607	-6.109179865512896
ENSMUSG00000062078	-0.08478634182269396	4.37112799129364	-1.1980599764897992	0.23832258051512129	0.4152204469262607	-6.142313756935767
ENSMUSG00000037003	-0.22738057134300504	4.960425839746984	-1.1988112445122578	0.23803372044982082	0.4149534743785824	-6.174622603374289
ENSMUSG00000020349	-0.07489932079858086	5.473617385075896	-1.2004752675801411	0.23739482457053737	0.41407997121752077	-6.181665757027729
ENSMUSG00000028879	-0.08423225317630756	4.103171184538416	-1.2006671837294085	0.23732122013451307	0.41407178042633247	-6.116459392360017
ENSMUSG00000078789	-0.10737012152626813	3.7176250154237573	-1.201211259533805	0.23711264519191408	0.41382802351385756	-6.075053523279723
ENSMUSG00000099707	-0.15740257760400933	5.634843209285239	-1.2021912028972956	0.23673731749519894	0.4132930101187247	-6.177813248491989
ENSMUSG00000109093	-0.14032785160215422	4.025114112741105	-1.2022442824905664	0.23671699997792153	0.4132930101187247	-6.1068435648370105
ENSMUSG00000035944	-0.08992102562777582	5.898639167994817	-1.203072229112983	0.236400249004329	0.4129445047287828	-6.172178952610542
ENSMUSG00000063065	-0.0875154665305633	5.30698110103054	-1.2036933339381821	0.2361628350300931	0.41276977187196906	-6.177353393287595
ENSMUSG00000006289	-0.09888546747240134	3.8589127062402246	-1.203761093574775	0.23613694488672418	0.41276977187196906	-6.087618197473104
ENSMUSG00000026888	-0.12993365421275715	5.679103693224837	-1.2058097883757946	0.23535514867750565	0.4119572060597528	-6.172759167209654
ENSMUSG00000026849	-0.10928839262484491	6.077122893163858	-1.2104495627371834	0.23359162483829563	0.40958624851278624	-6.160807450243017
ENSMUSG00000026466	-0.10413391225980906	5.033153814928421	-1.2107168563847643	0.23349032718151325	0.4095281307745806	-6.163168299990045
ENSMUSG00000062937	-0.12424378485699883	4.176918063260479	-1.2110262394105158	0.2333731191358229	0.409442065076543	-6.111271086507982
ENSMUSG00000030530	-0.10350026371602805	6.763515699801217	-1.215023030298987	0.23186285560274608	0.40726802084679953	-6.131506781065266
ENSMUSG00000044206	-0.21789228350398027	5.25094214259315	-1.216379394249511	0.2313519710078377	0.4066922768448575	-6.161620163215105
ENSMUSG00000036073	-0.16706672300217473	5.561409414600722	-1.2167319679660806	0.2312193077452631	0.40661305830883404	-6.161719424662291
ENSMUSG00000020415	-0.11091800946598074	4.997774093184784	-1.2170085355485862	0.23111528272349566	0.40654910242549336	-6.154497939208308
ENSMUSG00000026209	-0.11550006439595428	5.488719735134845	-1.2178740716253296	0.23078995314660614	0.4060957037944235	-6.161009897766586
ENSMUSG00000024740	-0.14023253283499315	5.842367114825212	-1.2188310721062292	0.23043063889341378	0.40558222293805607	-6.154364805083124
ENSMUSG00000029234	-0.08850765870154031	3.760039001104684	-1.219554808943631	0.23015918028010385	0.40522312168272606	-6.05813262875338
ENSMUSG00000029199	-0.07577202142485984	5.084601492701467	-1.2217717696337842	0.22932911619297058	0.4039984342432015	-6.151598985770287
ENSMUSG00000025508	-0.10773825159568506	7.178594061346853	-1.2220340959761686	0.22923104393377933	0.4039984342432015	-6.108538786814213
ENSMUSG00000036513	-0.1102938813875336	3.7819126586263616	-1.2223700140588136	0.22910550429009827	0.40395979321572784	-6.057197063623969
ENSMUSG00000022710	-0.08207316596965342	5.834715467292999	-1.2228407709423539	0.2289296581875164	0.4037682172142019	-6.149700304640138
ENSMUSG00000020926	-0.27735895796728993	3.882862232372325	-1.2284968581456217	0.2268246953269991	0.4006949191079599	-6.060844152701752
ENSMUSG00000029020	-0.10411687090063726	6.104067060567572	-1.2285978237843909	0.22678725089547158	0.4006949191079599	-6.138682159672473
ENSMUSG00000028709	-0.11724910660823706	3.9056693862829843	-1.2301063169148319	0.22622835225446303	0.400060673542398	-6.061348036254352
ENSMUSG00000033953	-0.09360145172937706	4.982363364470519	-1.230117996118789	0.22622402908490136	0.400060673542398	-6.138269872076329
ENSMUSG00000015165	-0.11410126691324862	6.415458707050436	-1.2311312047333032	0.2258492134870878	0.39962541927088063	-6.1259897873509965
ENSMUSG00000020572	-0.2697423688522065	6.137711141235719	-1.2326056068583067	0.2253046125991083	0.39901426970469844	-6.133174062326702
ENSMUSG00000040771	-0.10177897988662998	4.969450098720148	-1.2338987435375128	0.224827769125835	0.3985357711293262	-6.133246673759669
ENSMUSG00000037876	-0.11708697545523128	3.8845872452871797	-1.2343415379768052	0.2246646613507217	0.3984681080450079	-6.054013456157456
ENSMUSG00000001847	-0.04856917503358282	6.3489939129199975	-1.23489428352357	0.22446117538830768	0.3983983418544772	-6.1240465819945005
ENSMUSG00000041168	-0.0748528407750717	5.759441452461152	-1.236093926895969	0.2240200138359171	0.3981138224044918	-6.1350856794387925
ENSMUSG00000050188	-0.1556567919275782	4.292443353134438	-1.2362391676457338	0.22396664621093676	0.3981138224044918	-6.091034553468606
ENSMUSG00000045975	-0.09798524517899132	6.96834826461285	-1.2374507108351547	0.2235218420013653	0.3976147864375974	-6.0971202109359846
ENSMUSG00000006498	-0.11671370000060488	6.102176082419925	-1.2374808468125813	0.22351078630337573	0.3976147864375974	-6.128023408654368
ENSMUSG00000072294	-0.18783924514114325	4.391131780263284	-1.238674995877846	0.22307302757372313	0.39740463169003926	-6.09542618187855
ENSMUSG00000003518	-0.11675394264851935	4.454942268686864	-1.2390678340472125	0.22292915801316335	0.3972661063170518	-6.0993903633077275
ENSMUSG00000001285	-0.10743932155358316	4.740103628075323	-1.239963863670565	0.22260126248065212	0.39679946195379373	-6.115846232348043
ENSMUSG00000060407	-0.13251105942736263	7.887717133497186	-1.240571043578512	0.22237927355795414	0.3965213812491829	-6.055994898122946
ENSMUSG00000028656	-0.07951417080120127	6.020856081582844	-1.2417862051347457	0.221935497695558	0.39584755287996676	-6.124198085624811
ENSMUSG00000027668	-0.09050916863763536	5.983843429173534	-1.2434301295945815	0.22133618829096266	0.3951304680452747	-6.122748551939077
ENSMUSG00000025194	-0.18866808344522834	8.068850520112294	-1.2444970560723312	0.22094787526435167	0.3945544672996996	-6.042010770309133
ENSMUSG00000068264	-0.13048007179923715	4.630659860556012	-1.2445175069160035	0.22094043704519004	0.3945544672996996	-6.104201826681572
ENSMUSG00000046879	-0.216326067428267	4.576327756386008	-1.2460592691092456	0.22038021688967452	0.3938919462492725	-6.098932227268658
ENSMUSG00000067851	-0.09145186076254852	5.917673440970211	-1.2484140484115156	0.21952662190024855	0.3925998425591052	-6.117609259342178
ENSMUSG00000024474	-0.11480110628264661	5.329859403730623	-1.2488470935742404	0.21936991432950956	0.3925532505080473	-6.123466249433318
ENSMUSG00000015854	-0.27652860553266123	5.4690720451666515	-1.249459651064009	0.21914838863868866	0.3925075014396066	-6.123058306334514
ENSMUSG00000069045	-0.10468462090029274	5.138168025944291	-1.2503058619139888	0.21884263920979652	0.3920767498544029	-6.118579090583093
ENSMUSG00000034120	-0.10476420463189484	6.764316227138071	-1.2518451655527596	0.2182872814274162	0.3914577369588322	-6.087154630200468
ENSMUSG00000064373	-0.1650436848217378	13.27402637439	-1.2543015953238903	0.21740322051792368	0.39019592356397953	-5.767781091310665
ENSMUSG00000015337	-0.11690742649760733	5.127480797891378	-1.2547087620963882	0.2172569415967001	0.3900498840915957	-6.112937494222494
ENSMUSG00000030409	-0.19114887068384867	4.478058597943523	-1.257490092068188	0.21625968815454263	0.38849161916910213	-6.078527565848746
ENSMUSG00000027952	-0.2579992927640209	5.803154117190174	-1.2577006210888166	0.21618434212976165	0.3884724018713331	-6.108019263582888
ENSMUSG00000020124	-0.07459616178845607	4.2448804738972115	-1.2585184708270245	0.21589182914712224	0.3881789351720699	-6.060059574478735
ENSMUSG00000042396	-0.13128223267462236	4.980272439852154	-1.2594609745801393	0.21555509998012978	0.387805567598982	-6.102554949822837
ENSMUSG00000026202	-0.22287935639091927	7.358739827462068	-1.2633001872405254	0.2141875256438437	0.3859228910326407	-6.052223430974861
ENSMUSG00000034903	-0.17079138242348169	4.6699351511818685	-1.2636194588764744	0.21407409090190538	0.38583419682949893	-6.083162784803068
ENSMUSG00000022587	-0.23354961673065766	7.463597509394239	-1.26496728697836	0.21359571460015558	0.38539604275809664	-6.0460656334960445
ENSMUSG00000025962	-0.11237374673032097	3.8102914316676015	-1.2665944424392293	0.213019267596301	0.38462523407036436	-6.006718941884935
ENSMUSG00000033478	-0.13061124520326706	3.8784173247782516	-1.2672622377334215	0.2127830282566685	0.3844297104011789	-6.013266210895408
ENSMUSG00000001419	-0.13585208568710083	4.416052757844573	-1.267863531601146	0.21257048283123736	0.3842767843961809	-6.0615380599104105
ENSMUSG00000062604	-0.11495610093583908	3.7083630728539694	-1.2679987036921987	0.2125227241432525	0.3842767843961809	-5.993695182953917
ENSMUSG00000000384	-0.08555022360447229	5.509270757853379	-1.2682000872943306	0.21245158670608516	0.3842767843961809	-6.099824726374381
ENSMUSG00000016541	-0.0806723357189485	5.524613263988392	-1.2685618055160637	0.21232385703076812	0.38417767446488577	-6.099252852298798
ENSMUSG00000071646	-0.07981597710850874	5.776565171850039	-1.2689256054316094	0.2121954504628329	0.3841766983522636	-6.094664177889165
ENSMUSG00000032350	-0.1954730025713287	8.060855856939384	-1.2693913009830835	0.2120311640323422	0.38406354585365254	-6.01196174220722
ENSMUSG00000056820	-0.06553374335935924	4.3782742079563945	-1.269486268669953	0.21199767340241465	0.38406354585365254	-6.056852435468874
ENSMUSG00000019715	-0.09876174647105262	5.323148171874583	-1.2745140032489255	0.2102302990800678	0.3826942948113079	-6.091844825868698
ENSMUSG00000025647	-0.12690265971077697	5.142349940625021	-1.280528551570455	0.2081306292512136	0.3800233823064547	-6.0814097059047025
ENSMUSG00000003477	-0.22501278046271977	9.719279704798433	-1.2806340730323562	0.20809393349428995	0.3800233823064547	-5.915296631699843
ENSMUSG00000030894	-0.07095901970185015	6.355780565298596	-1.282978073805846	0.2072800496360856	0.3790462015408516	-6.064792159719957
ENSMUSG00000032030	-0.09568217468957307	3.9803817746791195	-1.2839504692613004	0.20694312023212535	0.378604611469339	-6.0032985571385415
ENSMUSG00000028007	-0.09709721775017943	3.9302834261053934	-1.2851153242462632	0.20654004907605866	0.3781367130912665	-5.996624689724306
ENSMUSG00000029713	-0.10434135853434956	6.649303142151902	-1.2856351173020446	0.20636037807446947	0.37793950376394	-6.049844055036286
ENSMUSG00000029501	-0.08915601894035419	3.8041599062519023	-1.2859652023491335	0.2062463425874627	0.3778458148195315	-5.982028114392771
ENSMUSG00000030751	-0.11084046871270381	6.955973122265724	-1.286047946540629	0.20621776416093146	0.3778458148195315	-6.037834889900046
ENSMUSG00000025907	-0.12234948892322262	5.146437169113099	-1.2886105595557529	0.20533416145443392	0.37674900036021175	-6.071399437675201
ENSMUSG00000032366	-0.14273908340340835	4.941444127904734	-1.2894268539299383	0.20505330053498555	0.37634858977236657	-6.063896807254871
ENSMUSG00000019873	-0.0921754411731941	5.859972144557309	-1.290565225626461	0.2046621081125935	0.3758602101615447	-6.066331073136128
ENSMUSG00000000827	-0.0869273454950017	4.90208453584071	-1.2910904376762493	0.2044818135256628	0.3756439062903417	-6.060244958403109
ENSMUSG00000001674	-0.13476407216332742	4.691847756797415	-1.2916583363992973	0.20428700067787448	0.375400791153929	-6.049532194682246
ENSMUSG00000028124	-0.09152945922012279	7.960375891039013	-1.2917288091211232	0.20426283540354306	0.375400791153929	-5.989260820609106
ENSMUSG00000026174	-0.08468112722943832	4.100883129972585	-1.2951435078542197	0.2030945160216569	0.37378099441780593	-6.001381524218475
ENSMUSG00000005371	-0.09209300345809135	3.8260762268435284	-1.2957106586035676	0.20290095968001118	0.37353917485207944	-5.972199894402196
ENSMUSG00000022462	-0.23787542444594045	4.668069687468904	-1.2958282855969816	0.20286083361857835	0.37353917485207944	-6.042941382944109
ENSMUSG00000002635	-0.08828284093477201	4.1241171500322	-1.2978375445137071	0.2021763436627819	0.37267004066041043	-6.000239955160696
ENSMUSG00000041278	-0.10236065200543276	4.505365738782973	-1.2997930448829076	0.201511849724471	0.37177915412783125	-6.027710340367241
ENSMUSG00000036432	-0.12497078996986621	3.8701523962365885	-1.300348314042181	0.20132346726225886	0.3715456740721479	-5.971118571249125
ENSMUSG00000027667	-0.11887365262649663	4.181223810187532	-1.301272594060778	0.20101018921223646	0.3710952060821374	-6.001266397368173
ENSMUSG00000031660	-0.08166773036280883	5.1956452213987685	-1.3017141457835777	0.20086065904500391	0.3710952060821374	-6.055917128077157
ENSMUSG00000030313	-0.11260287536376534	5.123866626462693	-1.3027315276188491	0.2005164470334137	0.3706254476234337	-6.053056020796521
ENSMUSG00000002325	-0.14638931691429136	4.491394650351418	-1.303917334381317	0.20011581685347357	0.37011263264774474	-6.021570265828208
ENSMUSG00000036966	-0.15874188134309275	3.8114513514364505	-1.3045791952436747	0.19989246860009788	0.36992726942346416	-5.959422924166359
ENSMUSG00000037025	-0.18510585226176168	4.800375493678185	-1.3066218916217225	0.19920434421674912	0.368994730085834	-6.0361485531931836
ENSMUSG00000023043	-0.2201303242594479	7.177828983900273	-1.3076239143504276	0.1988674509407557	0.36864663936219627	-6.003171697933935
ENSMUSG00000030216	-0.09631455437420211	5.118631694473727	-1.3084713236331587	0.19858287888153853	0.3682976911108534	-6.045638419826634
ENSMUSG00000005981	-0.08053709525722041	8.0036865500246	-1.3087351297995913	0.19849435224927758	0.3682471635276039	-5.965594715323563
ENSMUSG00000031819	-0.09573791521896702	4.3058375866602026	-1.3095042649950919	0.19823642133797212	0.36801392388710136	-6.001339760586206
ENSMUSG00000041939	-0.26356542388741566	4.666708840668368	-1.3102427526415004	0.19798900807952016	0.3680010871766351	-6.024611409878097
ENSMUSG00000008200	-0.1486807320370911	4.940903986774167	-1.3108506175785892	0.19778553324842105	0.36795457253553004	-6.036797007931934
ENSMUSG00000066026	-0.21021541203607264	6.727344536134683	-1.3122433711069683	0.19731992715315924	0.367315812349236	-6.013243378020212
ENSMUSG00000030629	-0.12441955717175812	6.901482593477467	-1.3160201870113906	0.1960615132243059	0.3653127544077067	-6.001894738822605
ENSMUSG00000020009	-0.12556638455922542	4.366097634404853	-1.32035905542508	0.19462338509509985	0.363421976704927	-5.991959046384111
ENSMUSG00000024646	-0.1142273009922814	10.470214629550249	-1.3218704594078483	0.1941243210275263	0.3626027494729268	-5.823463358534634
ENSMUSG00000021577	-0.12912313418311783	9.565806302261679	-1.3267345780431408	0.19252482345186547	0.36051158121603605	-5.865408093386373
ENSMUSG00000039041	-0.11237965221618573	5.897944324374126	-1.32817984257605	0.19205151463364195	0.3598495639019503	-6.017911137189344
ENSMUSG00000042508	-0.08104767662829948	3.752979169423125	-1.3282383821975667	0.19203236229275378	0.3598495639019503	-5.922823705553153
ENSMUSG00000033096	-0.08741393603524816	5.2781386728278585	-1.3296912448680882	0.19155749865919108	0.3591478968621152	-6.0215050918272865
ENSMUSG00000026356	-0.10765562457320677	6.159713172890318	-1.3302263383852198	0.19138283152393093	0.35893240781126745	-6.010914271849476
ENSMUSG00000026662	-0.07327842201963097	4.512406518673292	-1.3308586582540862	0.19117658451809424	0.35865753867287803	-5.988511283736983
ENSMUSG00000074071	-0.11480487306649678	3.982776253648801	-1.3317036269419662	0.19090124230894442	0.358252831053856	-5.942958160362762
ENSMUSG00000027883	-0.13036206299290498	4.182309160798142	-1.3318733529623108	0.19084597186965502	0.358252831053856	-5.962283641823628
ENSMUSG00000035811	-0.1504165999685041	6.6625838341088865	-1.3331214128705038	0.19043992345831184	0.3576104687690612	-5.988945802219419
ENSMUSG00000006717	-0.1563620514823345	7.36511619980894	-1.3335723296865054	0.1902933832999394	0.3574469960141719	-5.963361029282778
ENSMUSG00000029439	-0.12958688561132714	4.324997980383465	-1.3345246196352196	0.18998418932649458	0.3569777966425597	-5.9707108420371195
ENSMUSG00000024104	-0.16887827524895993	5.321826160134739	-1.3354481177516	0.18968471131628684	0.3567497434427442	-6.01453964291871
ENSMUSG00000029810	-0.20953094497643576	7.650576647237092	-1.3377637055881648	0.18893538798601897	0.3554517051997458	-5.945937834444832
ENSMUSG00000017754	-0.30233430972920594	4.649814863600417	-1.3382485285066796	0.18877878718611937	0.3552683157536459	-5.987637078943798
ENSMUSG00000026155	-0.13611729743056378	3.736583040263351	-1.3383777651863589	0.18873705974616092	0.3552683157536459	-5.9079164089835
ENSMUSG00000013833	-0.13660864554562968	4.060213132489155	-1.338523285876935	0.1886900830538198	0.3552683157536459	-5.941992596599334
ENSMUSG00000029434	-0.08099645253601828	4.847219564953982	-1.3393681163675757	0.1884175337194495	0.3550332267545224	-5.996246684120831
ENSMUSG00000067889	-0.154671372752607	3.862233506101635	-1.3405114937255111	0.18804915170840852	0.3544502360777374	-5.918880133232657
ENSMUSG00000022216	-0.12080420240907142	7.108161759127471	-1.3450023801521869	0.18660759049258252	0.3522855831825097	-5.957412900191438
ENSMUSG00000015522	-0.11752105018352754	4.527845183531282	-1.3452555245512339	0.18652658534047104	0.3522433222221529	-5.97085761601398
ENSMUSG00000024645	-0.11618034737536487	4.654546453583036	-1.3454487814074643	0.18646476213999688	0.35223726994631915	-5.978551238201724
ENSMUSG00000021774	-0.15003027787975665	4.37194735262809	-1.3476196851174571	0.1857713677219825	0.3514798956679448	-5.957132464521221
ENSMUSG00000008333	-0.10365047781117198	4.068865628300015	-1.351574032281248	0.1845134316876737	0.3493198522404635	-5.9258597471178
ENSMUSG00000038522	-0.15285934516851984	5.471766719890878	-1.3518541845060903	0.1844245604160889	0.349261639943359	-5.993556806613394
ENSMUSG00000063802	-0.12109098093774762	4.830756653412915	-1.3527486978565357	0.18414101902200378	0.34905469504833464	-5.978056197803756
ENSMUSG00000032633	-0.2408448036130686	4.170107250725711	-1.3529243553779968	0.18408537883004725	0.34905469504833464	-5.933800693091415
ENSMUSG00000034285	-0.09680887349686351	8.646702327007125	-1.3544732731149478	0.18359531339881022	0.3484095452193324	-5.875726927697639
ENSMUSG00000032116	-0.15125297340200738	6.38042643135137	-1.3552368389475224	0.1833540972486766	0.34822211452822305	-5.971323143143031
ENSMUSG00000030935	-0.2950407359860492	5.752394062161072	-1.3578573669506202	0.18252810961083063	0.3468726788904115	-5.981649565867292
ENSMUSG00000022681	-0.10743801290697785	4.540272844748275	-1.3584001686434568	0.182357378289123	0.3466578570513572	-5.954465525137969
ENSMUSG00000020792	-0.0785397528305678	4.60967517139562	-1.3602531365970114	0.181775478581272	0.34598949977664345	-5.956464532502208
ENSMUSG00000039438	-0.1360122359433955	8.103482583823304	-1.3619279761124643	0.18125075125104811	0.34531888530993915	-5.891816413133918
ENSMUSG00000025485	-0.10252640631561949	4.134280552048295	-1.3622634933075968	0.1811457743900185	0.34522834072617226	-5.918178350502199
ENSMUSG00000030738	-0.09511646989337397	6.66409729499029	-1.3631526104154674	0.18086781376992478	0.34491738906489305	-5.949672201813728
ENSMUSG00000021555	-0.11075428268141163	5.028839192330583	-1.3666949957134416	0.17976364296772246	0.3430294476319607	-5.96747759744233
ENSMUSG00000027006	-0.12895052319952605	4.93341195477856	-1.3670197015575447	0.17966269250227343	0.3429457176766712	-5.963580452616872
ENSMUSG00000029447	-0.12435459366637058	7.565007968747073	-1.3675703921317905	0.1794915839684559	0.34272797205797634	-5.910764604882795
ENSMUSG00000039218	-0.21206840185733977	6.930186158327219	-1.368901502161558	0.17907850667613384	0.34215667618978957	-5.932091295508313
ENSMUSG00000040928	-0.17534215420153387	3.658336903964144	-1.3690082955853073	0.17904539784189513	0.34215667618978957	-5.859035455788967
ENSMUSG00000058715	-0.228449364909725	4.119733192895776	-1.3706642867146739	0.17853260167761498	0.3413307042573301	-5.905689093066139
ENSMUSG00000032560	-0.10657619731906465	4.8557276273520396	-1.3731310689346885	0.17777084292489573	0.34019904303684667	-5.952278047457612
ENSMUSG00000054237	-0.08946738184981218	3.781866382518037	-1.3736130160945603	0.17762230868783724	0.340023081524439	-5.866746439191432
ENSMUSG00000021945	-0.09573026568233356	4.363061380390875	-1.374628071303088	0.1773097869697368	0.33964122088018756	-5.920928801871505
ENSMUSG00000028609	-0.12817898984963616	4.902643639074613	-1.3749328575240674	0.17721603061218963	0.3395700785323959	-5.951862492618494
ENSMUSG00000035885	-0.09877571366822124	8.446663818121591	-1.376266226892394	0.17680631958097942	0.3391092162023956	-5.856344108307248
ENSMUSG00000093930	-0.4830914143633045	7.261643522571767	-1.3766909077662826	0.1766759799976871	0.3390271879718007	-5.910544165524278
ENSMUSG00000046688	-0.2688265999765016	3.992794057400681	-1.3778362209663984	0.1763248410034642	0.3388346560888444	-5.883549075241702
ENSMUSG00000038195	-0.1392374071921374	4.856700153200406	-1.3784980394979194	0.17612218230267443	0.3385596437659162	-5.945179684306303
ENSMUSG00000049940	-0.11908132873643229	5.481898737506808	-1.3792612173831191	0.17588871009752807	0.3383211456389392	-5.95727425809949
ENSMUSG00000027332	-0.094760489372268	8.234073568446554	-1.379941544431228	0.1756807861054385	0.3382234455875385	-5.861564145105388
ENSMUSG00000022124	-0.12563068385718168	5.0735060598592305	-1.3806761194682422	0.17545649674438954	0.33803080761046383	-5.9502802469111495
ENSMUSG00000031532	-0.10273275617373301	6.9529060273432455	-1.3837719348131445	0.17451368496542702	0.3365381042866659	-5.911508853254786
ENSMUSG00000027346	-0.4580402202709406	5.956423462179702	-1.3855614675872687	0.17397049025534406	0.33594826034957315	-5.941680159181752
ENSMUSG00000022940	-0.17559253261831742	4.451488333489059	-1.38647101747589	0.17369490934378531	0.33582133534324515	-5.911330106179647
ENSMUSG00000031570	-0.15953919616800905	4.06398556344895	-1.3872332407501917	0.17346422764285457	0.33582133534324515	-5.878191577424186
ENSMUSG00000101249	-0.2433883970534465	6.817411733696559	-1.3875981934176638	0.17335386151052018	0.3358102365624487	-5.911318542593243
ENSMUSG00000001313	-0.2279608547954104	3.892813055331994	-1.388055303042458	0.17321570298329544	0.3356739753720879	-5.859478920791671
ENSMUSG00000027180	-0.11851195021154837	5.766889275743663	-1.38819170716447	0.17317449227352588	0.3356739753720879	-5.941086649892908
ENSMUSG00000040383	-0.1132614586114098	3.6908118630239657	-1.38954344259156	0.17276651489606548	0.3354182308060142	-5.835389862062211
ENSMUSG00000035521	-0.12253369486816101	4.169303591713375	-1.3900662192384459	0.172608932316099	0.33523176285954714	-5.884499336821833
ENSMUSG00000025103	-0.10380562092373324	6.0428346966027595	-1.3921866575802542	0.17197090636117454	0.33453323934098345	-5.931525118216003
ENSMUSG00000032369	-0.19733269224741168	3.750331640021459	-1.3934449643823292	0.17159315857470908	0.33412290663494065	-5.836810217194756
ENSMUSG00000003099	-0.08924614029988476	6.215490891986314	-1.3948579769381033	0.17116973778493108	0.3334449769118988	-5.92423658235434
ENSMUSG00000054757	-0.1570797299227138	7.0602051912759425	-1.396226118109096	0.17076053869694546	0.33282519527406595	-5.891128096728282
ENSMUSG00000022956	-0.11890747301285831	7.3509069118787975	-1.3970445884862916	0.1705161058472571	0.33256451802537096	-5.880102759782331
ENSMUSG00000020923	-0.10368916698729347	4.915632748335399	-1.3983583831533428	0.17012431648175072	0.33200430088731564	-5.920989732536925
ENSMUSG00000063929	-0.37990681606583543	5.322466953682974	-1.399995583817571	0.16963706584286756	0.33128018480656196	-5.929096468408678
ENSMUSG00000005103	-0.08944220266520109	5.313533079759087	-1.4016750236512578	0.16913837553499445	0.33073625076139984	-5.926740629833687
ENSMUSG00000025240	-0.246794359582732	5.623832477071639	-1.4046068069148057	0.16827055769933436	0.3293608407867427	-5.921581628968847
ENSMUSG00000019944	-0.21341809944705847	5.788984082953544	-1.406282866570984	0.16777600203195556	0.3287140515846172	-5.9162761192504485
ENSMUSG00000029499	-0.11705199826976909	7.492897485338226	-1.4067051526578584	0.1676515770811029	0.3286846090311084	-5.861453146531959
ENSMUSG00000029860	-0.12783359988071208	4.924591576344088	-1.4077880304337453	0.16733284071529633	0.3281667884654751	-5.90857258304073
ENSMUSG00000027770	-0.10998557874710624	4.329850186517821	-1.407924114787607	0.16729281888606604	0.3281667884654751	-5.8737788325516265
ENSMUSG00000024725	-0.0954736133827998	4.915806533408137	-1.4086214741199443	0.16708784581697184	0.3279003479798118	-5.907092678086393
ENSMUSG00000022948	-0.198316866708665	3.8786776984822806	-1.4097018334348221	0.16677068609860013	0.3273848587933643	-5.828788446716944
ENSMUSG00000022771	-0.07624824309166733	5.43610757061801	-1.4110278075607168	0.1663820649468187	0.32683551103806263	-5.914615152032806
ENSMUSG00000096210	-0.1543720838649536	6.270594559450683	-1.4132106761090335	0.16574384489701502	0.32579481975340635	-5.897690845641311
ENSMUSG00000035104	-0.12684901354781264	6.940674733203369	-1.4152756173961676	0.16514186834344613	0.32493041482507135	-5.869395437821454
ENSMUSG00000051390	-0.14336476260498898	3.646556555878258	-1.4154300413495513	0.1650969191691002	0.32493041482507135	-5.795414746795659
ENSMUSG00000028011	-0.18171494616150774	10.467899001752492	-1.4162123576309735	0.16486935246399365	0.32460679520188	-5.6992868949776545
ENSMUSG00000030753	-0.19734662890644739	5.49860171554947	-1.4171683711998069	0.16459159273956028	0.32437877362152107	-5.9059894978336915
ENSMUSG00000045128	-0.14563705303009833	8.837945166616143	-1.4174226248427204	0.16451778372906614	0.32433968583594436	-5.782561240209503
ENSMUSG00000005615	-0.1757607007333375	5.908235972491405	-1.4178941157226235	0.16438098005683585	0.32433968583594436	-5.898597862790788
ENSMUSG00000020457	-0.09429722375757965	6.141575420260686	-1.4206052839111234	0.16359605972930066	0.32347769756938716	-5.891111721961743
ENSMUSG00000030965	-0.12107070022831223	4.257846131992387	-1.421279040779076	0.16340145430765535	0.32330567630381984	-5.849934670157234
ENSMUSG00000066880	-0.13010607992929213	3.697178452394015	-1.4226447024102917	0.1630075584250884	0.3227388529081899	-5.7912960868152314
ENSMUSG00000037622	-0.14292112872956597	6.374031299580334	-1.4246765774897758	0.16242288604472307	0.3218994466499805	-5.878330843869279
ENSMUSG00000032066	-0.1657407363117951	3.689104732065925	-1.4251344720789851	0.16229135423677257	0.3218510718180747	-5.786976892252319
ENSMUSG00000014077	-0.09440699143589981	8.260591489064868	-1.425766708274335	0.16210987958515463	0.3215973147663236	-5.798355314671288
ENSMUSG00000047126	-0.0986010041359977	6.346418515163731	-1.4302044970921448	0.1608405524580611	0.3200300926226785	-5.8717688423938394
ENSMUSG00000053768	-0.08447532146048609	7.299452442411073	-1.4321247971926228	0.1602937209827792	0.3190476877726135	-5.834147472733862
ENSMUSG00000048076	-0.07659238866926632	7.234733713671463	-1.4337844424813821	0.15982229267635203	0.3184257813966178	-5.834105648499184
ENSMUSG00000007036	-0.07096267140460899	5.5150069204461145	-1.4378475369616757	0.1586727576612807	0.3167656481018723	-5.877419393484947
ENSMUSG00000020115	-0.1134134124561994	5.075776241843359	-1.4401717853327254	0.1580181108796088	0.31566849344267595	-5.869379309495832
ENSMUSG00000024986	-0.23638808774599962	5.7836121380928915	-1.4406601685897802	0.15788082387674113	0.3156040820609905	-5.869195907397212
ENSMUSG00000028821	-0.10624951163830776	5.429735577264273	-1.44126215488818	0.15771173177600606	0.31537098044659584	-5.873057416181
ENSMUSG00000032096	-0.10467678190899754	6.5247034121541585	-1.4418276515264843	0.15755301925408025	0.31524113915305374	-5.848677542748341
ENSMUSG00000025232	-0.10164399638121946	4.762216504848643	-1.4457140386690681	0.15646566626647307	0.313609802733568	-5.849241668297288
ENSMUSG00000018736	-0.19043125313749965	5.042070338385114	-1.4458113859003945	0.15643850613100566	0.313609802733568	-5.860527484659509
ENSMUSG00000079435	-0.17551565181222717	7.667003471776283	-1.4468485641873368	0.15614936143793523	0.3132893198265619	-5.798656866885087
ENSMUSG00000052712	-0.19935402081633935	5.6202628153093706	-1.4468812232650954	0.1561402635870924	0.3132893198265619	-5.863541819148814
ENSMUSG00000023307	-0.10787810334596504	6.708819903332121	-1.447164504793159	0.1560613672944164	0.3132893198265619	-5.834068132215411
ENSMUSG00000027074	-0.17614765879263228	4.844146543528604	-1.4481753586205843	0.15578009231075013	0.3128618230933481	-5.849642796552973
ENSMUSG00000024083	-0.11720688700780402	3.7252908866181698	-1.4497462905952576	0.1553437669611058	0.3124031779348343	-5.757046318538956
ENSMUSG00000041997	-0.10121905857067315	5.3753115206810715	-1.452236599774675	0.15465406272743898	0.31132873129955807	-5.857648075572044
ENSMUSG00000006057	-0.14065373545323556	6.263875457514791	-1.4533416331605908	0.15434879369130847	0.3109313927563565	-5.842509313016663
ENSMUSG00000022868	-0.129735124490459	12.452543032779738	-1.4547051852572652	0.15397276442804664	0.31047729578796385	-5.548103920008655
ENSMUSG00000024908	-0.07783177108411898	5.163104614427312	-1.459596282972257	0.1526298914044445	0.30818313758377247	-5.844507662243502
ENSMUSG00000061981	-0.13060396297026244	4.6919039091285395	-1.4605061134198964	0.15238111856842965	0.30782290531391826	-5.824912596149235
ENSMUSG00000016554	-0.13207083490271465	5.750028577662613	-1.4617194333446024	0.15204986276840565	0.3073217710646988	-5.840406301047662
ENSMUSG00000030630	-0.10451399486415447	9.720918731756809	-1.462073721620214	0.1519532439962801	0.30722982610149635	-5.6755260378699655
ENSMUSG00000040997	-0.1185461689070344	5.463912622640134	-1.4645425990046606	0.15128129977823357	0.306077215611921	-5.8404430962698335
ENSMUSG00000035953	-0.13902213860361456	4.425041468552748	-1.4653790733872465	0.1510541745748067	0.3058236303975786	-5.801154101476168
ENSMUSG00000028187	-0.09761645908586658	4.515088669511767	-1.4680131905074487	0.15034070599912466	0.3046871171496594	-5.803471211200639
ENSMUSG00000018846	-0.14745996528085747	4.16474170514783	-1.4685753261584993	0.15018879419217	0.3045846993927605	-5.776083561575282
ENSMUSG00000023832	-0.20622053257147233	5.955586653613859	-1.4728857668930153	0.14902798036999967	0.30284380589899496	-5.821437944081975
ENSMUSG00000078584	-0.12680906729964736	4.873171342310387	-1.4729962005824584	0.14899833408877275	0.30284380589899496	-5.816056550320882
ENSMUSG00000031754	-0.108826210835824	4.199280772696062	-1.4737633069792289	0.1487925310760207	0.3026724168029141	-5.771891434416232
ENSMUSG00000005413	-0.2799384312682003	4.5001328069743565	-1.474181741017316	0.14868036673182666	0.3025466724319494	-5.793776734716044
ENSMUSG00000027610	-0.14015964858716679	6.200261561567131	-1.4750895819147654	0.1484372440951556	0.3023591185653525	-5.813778912549283
ENSMUSG00000033863	-0.3062062541564021	5.112619455823239	-1.4771810516177089	0.14787834348926052	0.3014250223972071	-5.818493856002525
ENSMUSG00000027215	-0.13730605418427455	6.439089717517041	-1.4782527627949986	0.14759260016673206	0.30097978229011935	-5.800976073737006
ENSMUSG00000074064	-0.10725851586296464	5.621320014879142	-1.4791498089940345	0.14735376413677168	0.30085478421696155	-5.818141866764773
ENSMUSG00000036534	-0.1374520942889248	3.825018640687373	-1.4794872342787828	0.14726400515769197	0.30085478421696155	-5.726194320779954
ENSMUSG00000039463	-0.12317508596962146	4.125101135659478	-1.4818477453517551	0.14663729735571135	0.30001481777680267	-5.753579182476553
ENSMUSG00000032745	-0.08340003552291275	4.872994165057687	-1.4863273943403592	0.14545380017938367	0.29807601176144577	-5.797114463587082
ENSMUSG00000021096	-0.10995928607372996	6.552371921048439	-1.4896792351692638	0.14457324753149964	0.29649851345282635	-5.780201271886705
ENSMUSG00000030352	-0.16055142828967028	5.118568357405421	-1.4911216404093035	0.144195626924801	0.295926066322107	-5.798789348271442
ENSMUSG00000037570	-0.1466401906190371	3.671309632473703	-1.4932936877734826	0.14362847040622082	0.29486282154799487	-5.68958612564529
ENSMUSG00000029759	-0.10829245592225423	6.570277158395724	-1.4945122567826166	0.1433110622789625	0.294311747516844	-5.77257841417121
ENSMUSG00000000708	-0.20442656109358825	6.984047364025977	-1.494745479606334	0.14325037714534766	0.294311747516844	-5.756765531946595
ENSMUSG00000020611	-0.1223302687598764	3.784208690261078	-1.4948449308706189	0.14322450592528366	0.294311747516844	-5.6999046221694325
ENSMUSG00000038206	-0.11858516161514121	5.6451176082140755	-1.4968476680717622	0.14270430746807203	0.2940185665738659	-5.792479351267017
ENSMUSG00000019832	-0.1582917562208852	5.054888339170493	-1.4970733486701828	0.1426457830025383	0.2940185665738659	-5.788462291310548
ENSMUSG00000031482	-0.15653323257804352	6.897774414177483	-1.49762366728792	0.14250315232154842	0.2938982779532394	-5.7556754002508885
ENSMUSG00000021192	-0.08562039905194929	4.230632201712001	-1.4989473357485092	0.14216055232713243	0.2935542126920065	-5.738731056151272
ENSMUSG00000004393	-0.10992110033073743	5.186339184938166	-1.4990626518034789	0.14213073668967033	0.2935542126920065	-5.7889275659847765
ENSMUSG00000025155	-0.12303258326221833	6.274187682981802	-1.5002574076818094	0.14182211940583167	0.2930567797488454	-5.775657860566195
ENSMUSG00000024772	-0.1524525388375748	5.558306684444031	-1.50247443536439	0.14125085758116332	0.2920772206487304	-5.785698821016166
ENSMUSG00000022770	-0.08460027950703619	4.817590331805118	-1.502716087429474	0.14118870235714218	0.2920491953404707	-5.771179819443169
ENSMUSG00000027993	-0.25380729431113735	3.8994898667993034	-1.50377339572505	0.1409170095517758	0.2917885287376364	-5.699472144192944
ENSMUSG00000006356	-0.3321575415293401	6.28012753292579	-1.506989378751378	0.14009317804721344	0.29058332995709546	-5.76576541345052
ENSMUSG00000024955	-0.2203738571449927	5.7175621961505545	-1.511862703414687	0.13885213685177794	0.2884659769279994	-5.769488565535289
ENSMUSG00000060601	-0.12312968131969715	5.388597828507732	-1.5128160662341918	0.13861038609496984	0.2882040865206484	-5.771491998214675
ENSMUSG00000036550	-0.14063529618668724	5.364114459887898	-1.5142543475665107	0.13824630934614543	0.28764614711253045	-5.769290614971873
ENSMUSG00000054309	-0.08526058706602413	5.627336593977032	-1.5147369065658487	0.13812432945207384	0.2875490683638621	-5.766963127165722
ENSMUSG00000034936	-0.24570208238492608	4.199403779101071	-1.5148489280882549	0.13809602530784504	0.2875490683638621	-5.713094243177116
ENSMUSG00000031207	-0.17705315132444488	3.8212758990204327	-1.5152800744382613	0.13798713221235973	0.2875490683638621	-5.674513664366014
ENSMUSG00000027936	-0.15694021462352392	4.460625862353055	-1.517209507042946	0.13750066513675696	0.28669031811477186	-5.729485974395015
ENSMUSG00000066151	-0.12133002677805083	3.9908729594768984	-1.5179031190801089	0.13732612138611616	0.2864257769556307	-5.688544187011062
ENSMUSG00000016018	-0.17818694997141282	4.402985974090971	-1.5189040973799774	0.13707454384041629	0.28600032428370187	-5.723077425264459
ENSMUSG00000053644	-0.10329783528057312	9.096425798189482	-1.521442980121412	0.13643809997850004	0.28487023723794536	-5.6234769908432485
ENSMUSG00000022299	-0.21950422792631397	4.201973689022281	-1.5216080586160365	0.1363968005588844	0.28487023723794536	-5.7035103000238685
ENSMUSG00000033767	-0.2386381503118722	3.6283577698064997	-1.526181076877426	0.13525670429774322	0.2828950700052694	-5.637280516656532
ENSMUSG00000042453	-0.18472476157118534	3.7430001403087725	-1.5263124049872907	0.13522407639552578	0.2828950700052694	-5.649961360360148
ENSMUSG00000002731	-0.1450678792629212	4.213393689716201	-1.5269999172352038	0.1350533701328891	0.282666562566538	-5.696659318656166
ENSMUSG00000034424	-0.11933708017214428	7.325594479496554	-1.5285765711187462	0.13466254778090722	0.28194677686950226	-5.696296320732722
ENSMUSG00000022614	-0.15458611492414898	4.003535038606323	-1.5296512575647099	0.1343966749390891	0.2815618595183989	-5.672733170284703
ENSMUSG00000028618	-0.09550070626968754	8.083604119087436	-1.5312668113422934	0.13399778808848054	0.280946513825429	-5.657556792001806
ENSMUSG00000039067	-0.10873925534219886	6.312976374480469	-1.5343596882545159	0.13323680074915226	0.2795460669349357	-5.724816454764814
ENSMUSG00000025934	-0.16276166908370726	10.804554759850411	-1.5395753372237695	0.13196139746836474	0.2773543327692913	-5.508366609285522
ENSMUSG00000030341	-0.15277291562252238	6.605844171773368	-1.5408729907799439	0.13164560991819016	0.2768843087148774	-5.703855318545916
ENSMUSG00000021072	-0.10515136233774225	5.370800594044767	-1.5421703115088234	0.1313305124433675	0.2763182945630936	-5.728515436327472
ENSMUSG00000003559	-0.21009588286270908	5.108616071164514	-1.542184511461204	0.13132706687953166	0.2763182945630936	-5.724388769063199
ENSMUSG00000058587	-0.0892619052905883	3.951320209108095	-1.5424095933259494	0.13127246136249043	0.2763182945630936	-5.648672515801612
ENSMUSG00000064341	-0.23877968581164666	12.77485729174487	-1.5436677914233041	0.13096755590144699	0.276169037048525	-5.405621602747848
ENSMUSG00000024661	-0.1069370026073031	11.07899677923624	-1.5438907485795588	0.130913585187471	0.276169037048525	-5.4885872187431
ENSMUSG00000018189	-0.12935223061442525	4.735627033561961	-1.544163644946837	0.13084755022008632	0.276169037048525	-5.706823778338755
ENSMUSG00000073725	-0.10753523087193706	5.452593356286151	-1.5446490773410768	0.13073015256666168	0.2760216046286262	-5.724975537535897
ENSMUSG00000015971	-0.08073512853590525	4.6952996238601425	-1.545324545589731	0.13056693774671096	0.27587086108297687	-5.702976511889852
ENSMUSG00000040331	-0.08255688793665428	5.586568819374457	-1.5466813732113969	0.1302395813733462	0.2752759917243888	-5.720831363261967
ENSMUSG00000012114	-0.12623757134330127	4.506652403941121	-1.5493853063548253	0.12958918937892427	0.2741654278008546	-5.685389965837463
ENSMUSG00000041328	-0.14823294386894847	3.6632888870577234	-1.5521070845546618	0.1289371559256912	0.27300330160587677	-5.603208406027723
ENSMUSG00000028655	-0.7357281072123536	5.246124004578813	-1.555730162994393	0.12807332056006474	0.2715570159652184	-5.70718041277383
ENSMUSG00000022812	-0.09966992068012459	4.264406026783333	-1.5566651437489585	0.12785115817564274	0.2713732283565656	-5.657293961009067
ENSMUSG00000030220	-0.2065051779831819	3.7312265151328234	-1.5584310105341903	0.12743241766790334	0.2707713570602656	-5.601438766631977
ENSMUSG00000032527	-0.12421865811377142	7.729530481308272	-1.5599214407526412	0.1270798554794581	0.2703089740092261	-5.633051735338569
ENSMUSG00000021816	-0.10746343716619311	4.700163153372783	-1.5604545051249843	0.12695395056355405	0.27013678786699585	-5.68081713221982
ENSMUSG00000031333	-0.10072573516394989	4.716795474830299	-1.5627271146685757	0.12641831322900346	0.2690923287966992	-5.678324450014977
ENSMUSG00000031021	-0.09167102328410426	4.435103732657553	-1.5631309922551	0.12632331400654398	0.26898539825135465	-5.660218936177729
ENSMUSG00000027198	-0.12211439077603714	4.7856414172316555	-1.5639027264364482	0.12614194910384002	0.26896922371179416	-5.6799993747467195
ENSMUSG00000031922	-0.13024372326625455	3.7390455782144416	-1.5668723102158681	0.1254460346443721	0.2680672909594708	-5.58974923795657
ENSMUSG00000025613	-0.0956918013507595	7.651330522891288	-1.5669918659531157	0.12541808233640267	0.2680672909594708	-5.626183690912178
ENSMUSG00000042870	-0.12665774254714535	4.88656336967569	-1.5681393269822843	0.12515006087320624	0.2677204399384465	-5.678181024078492
ENSMUSG00000079477	-0.07273794454014304	7.32513147318881	-1.5682602082249117	0.12512185274472953	0.2677204399384465	-5.637693100144146
ENSMUSG00000001785	-0.17904449366180586	4.139480033458444	-1.5706797002352944	0.1245583376283336	0.2668345992187724	-5.625412753238369
ENSMUSG00000055044	-0.18380739608543273	4.504338480202573	-1.571116151967583	0.12445690469263068	0.266712389549935	-5.6529071074845945
ENSMUSG00000018425	-0.11201550316975961	5.304869210870554	-1.573736345707972	0.12384936995308246	0.26578959430288307	-5.681066308043959
ENSMUSG00000001052	-0.11055285028059991	4.379770622740741	-1.5778616802958532	0.12289772329645114	0.26403018208379514	-5.634323754986115
ENSMUSG00000021990	-0.25476113797554634	3.775567888862353	-1.5785891376977759	0.12273052841423127	0.26385965840469255	-5.576228201591613
ENSMUSG00000024991	-0.14680484037555797	5.320898792959398	-1.580784747879661	0.1222270213794171	0.2631537697846354	-5.670629686478337
ENSMUSG00000020850	-0.11783079430785381	5.62507537571996	-1.5838373841853959	0.12152976818139315	0.26198815533455977	-5.664757690693311
ENSMUSG00000030265	-0.12910422447356407	5.346091942279957	-1.584981452952794	0.12126928589612539	0.26174825393312406	-5.664495236939241
ENSMUSG00000030826	-0.18305712226728854	4.869873736808445	-1.5861219409398017	0.12101007104586328	0.26128261477347914	-5.650461721378446
ENSMUSG00000024581	-0.08366415560469243	4.942537743960513	-1.5864555491650827	0.12093433245123225	0.26128261477347914	-5.652884493704674
ENSMUSG00000020936	-0.09125590080343926	5.508242352819108	-1.5881653873088446	0.12054675556290582	0.26065687447912955	-5.659676217829517
ENSMUSG00000072946	-0.1732071788840024	5.190362359338539	-1.588653194240648	0.12043636765518527	0.26051192701224196	-5.656857454663118
ENSMUSG00000032518	-0.185844482555499	9.533978798454994	-1.590040505608097	0.12012287675486569	0.2600210253674308	-5.4994854669713
ENSMUSG00000022663	-0.09283222427497506	5.846367257994694	-1.5908196783634336	0.11994709856403576	0.259734095593258	-5.65027534537913
ENSMUSG00000060317	-0.48626059805975075	5.250511232589597	-1.5912331864958296	0.1198538979289248	0.2596258372944878	-5.653993572460513
ENSMUSG00000031586	-0.16722454155518296	5.088111297489174	-1.5915108433902956	0.11979134991867393	0.2595839241476061	-5.65012224045605
ENSMUSG00000032802	-0.22556838052717332	5.5771092449924655	-1.5936412583168287	0.11931231358814735	0.25891935440634795	-5.650657139818472
ENSMUSG00000032407	-0.10456165315164245	4.077667372214638	-1.5953063597507893	0.11893899340273262	0.2583891581189517	-5.582406706727116
ENSMUSG00000057880	-0.21826087297179253	8.090429365817963	-1.5962066367899381	0.1187375457530722	0.2581382034165483	-5.560544658285631
ENSMUSG00000026304	-0.19570671063525413	4.6532843196196625	-1.5984734623763694	0.11823154838227577	0.2572242484536912	-5.6209873465966815
ENSMUSG00000025413	-0.11744533535158208	4.832503266489838	-1.6008914203876092	0.11769375528906328	0.2564255893879555	-5.626433930531443
ENSMUSG00000025279	-0.2314335684218083	4.624819168996923	-1.603158581375855	0.11719131670423744	0.2555161908838036	-5.612183601551753
ENSMUSG00000092981	-0.39473685822497284	5.565825030087653	-1.6033740132873686	0.1171436648292054	0.2555050025258422	-5.6360052282109985
ENSMUSG00000002280	-0.10455663311564312	4.420973678655001	-1.6047862550905339	0.11683167944302472	0.2550096483011753	-5.596459388505833
ENSMUSG00000029265	-0.1022458440899614	4.413006140179293	-1.6057527384942913	0.11661856008216523	0.25472952654806646	-5.59443694900343
ENSMUSG00000009630	-0.13501884090602267	4.631403426644323	-1.60615853358851	0.11652917285754112	0.2546268362548962	-5.608001114427124
ENSMUSG00000029328	-0.16557075627434426	5.396458898007462	-1.6099911253386698	0.11568769953854384	0.2529721202791521	-5.626745400500642
ENSMUSG00000023175	-0.1084193749989204	8.699401263919388	-1.6102952738850016	0.1156211347807004	0.25291860170994857	-5.51038876689168
ENSMUSG00000026721	-0.18040129861263043	4.626465914224551	-1.61330778945675	0.11496351694388998	0.2518984678365204	-5.5967750385630355
ENSMUSG00000025159	-0.13954453979176584	3.7821814535090374	-1.6159248870709004	0.11439470331323365	0.25105835361914575	-5.520341664508769
ENSMUSG00000035530	-0.14442101226648063	8.691274441359502	-1.6161633941664366	0.11434297964917974	0.25103652346069455	-5.501797673295677
ENSMUSG00000017781	-0.08312361801229073	5.384922358590673	-1.6183625803056312	0.11386695615443718	0.25035731413538714	-5.613868871096473
ENSMUSG00000037062	-0.12497090758692142	5.283827091332733	-1.6187668695816122	0.1137796227697078	0.250262309232349	-5.612433209172291
ENSMUSG00000074264	-0.14771545213361925	7.884569503679633	-1.6192465264033769	0.11367607985441915	0.25021229444879295	-5.5357407477943195
ENSMUSG00000054920	-0.12327082162442693	4.304901783834348	-1.6237656622041452	0.11270432339831254	0.24832869777561112	-5.559022449928282
ENSMUSG00000042202	-0.1457976520248625	4.579509320478618	-1.6244544337480558	0.11255681548209454	0.24832869777561112	-5.576738836352413
ENSMUSG00000019977	-0.0854006519718924	5.743936013517882	-1.628417510305773	0.1117111517999577	0.24660996001687946	-5.594506620280148
ENSMUSG00000002910	-0.29361430159702717	4.019883116743196	-1.630807314006016	0.11120372595974092	0.24594154924257752	-5.522357553416818
ENSMUSG00000018900	-0.3029739008623107	4.517174104096401	-1.631157367735407	0.11112955830503946	0.24594154924257752	-5.562372341052303
ENSMUSG00000022821	-0.11926709235792643	9.305540211169617	-1.6332815242425498	0.11068037278529201	0.24514499080973817	-5.445417339998438
ENSMUSG00000025223	-0.19753768686124396	4.410578767613364	-1.6338475321766222	0.11056093358353582	0.24497074111484762	-5.551084893759405
ENSMUSG00000025372	-0.25884144597011627	4.852069458468413	-1.6349431495254567	0.1103300367546091	0.24463955382230484	-5.574982118750791
ENSMUSG00000095567	-0.12272319672598675	3.7393063833953577	-1.6354258992781565	0.11022842502033069	0.2445044687881754	-5.485634741937777
ENSMUSG00000001964	-0.127023975600161	4.180896542693938	-1.6361785104718953	0.1100701647712862	0.24442410203645928	-5.529496836655543
ENSMUSG00000041845	-0.20636882876119778	5.0777574839485755	-1.6372064765857863	0.10985430413508372	0.2440349403133893	-5.579737449459089
ENSMUSG00000040123	-0.14542095811807387	3.735143214528906	-1.637607617898725	0.10977016365145259	0.24393820761153057	-5.481798085468878
ENSMUSG00000034024	-0.10707634041049374	7.58255091079519	-1.63811627591311	0.10966354741036825	0.24388166409655915	-5.521018037600112
ENSMUSG00000038845	-0.1032263817918544	7.472358829303729	-1.6397058826855595	0.10933090954318442	0.24341216578176922	-5.523215897410983
ENSMUSG00000027249	-0.12107026741643168	9.659628513853134	-1.6401236487196598	0.10924362645462495	0.24330798790431477	-5.416275583728961
ENSMUSG00000024082	-0.116373593306208	4.329149670164384	-1.6401699325898265	0.10923395997700773	0.24330798790431477	-5.535464691088284
ENSMUSG00000015932	-0.08956784231871318	6.954285923847892	-1.6415754152843107	0.10894075691611689	0.24281343038165668	-5.5384338749049835
ENSMUSG00000038642	-0.28033597148434186	4.8504987613111625	-1.6440578106704047	0.1084244763365228	0.24184212260807925	-5.560747292136685
ENSMUSG00000025241	-0.15343530232939662	4.069415749712075	-1.6465786371322848	0.10790226482853567	0.24076669489590452	-5.502801118654193
ENSMUSG00000031371	-0.19358501529068217	3.9855983876181185	-1.653681546054192	0.10644196200245873	0.23777314114229536	-5.4833378239551696
ENSMUSG00000024254	-0.4513254779522473	5.366464622731949	-1.6547020659946587	0.10623349552919963	0.23739571388432892	-5.55737151269568
ENSMUSG00000028906	-0.1595348582237408	5.454664400313228	-1.6557764796304082	0.10601438378845306	0.23708240870294542	-5.555820086796649
ENSMUSG00000021686	-0.1303633756192406	5.17721610768063	-1.6564950760652921	0.10586804410037239	0.23693149981345907	-5.552084593180911
ENSMUSG00000038859	-0.19589210861236772	4.6790497405271285	-1.657037527369384	0.10575768614033434	0.2368609526713638	-5.532028430921607
ENSMUSG00000025466	-0.2041843521265747	5.446597364714823	-1.6571337254949854	0.10573812520673616	0.2368609526713638	-5.553709570526568
ENSMUSG00000031505	-0.12168114629922222	5.953975932289697	-1.6582592526525806	0.10550948207316083	0.2366578864418154	-5.544728205355328
ENSMUSG00000052566	-0.23852582465866323	4.113025635139772	-1.6591918027816708	0.10532035001297191	0.23632187573859154	-5.487291592897121
ENSMUSG00000040725	-0.12812201778548804	5.051434913319042	-1.6596943600768674	0.10521854157568121	0.2362633280934609	-5.543832207715346
ENSMUSG00000024987	-0.4922249774885694	4.38103988549981	-1.661390071919221	0.10487562213732711	0.23576416514148846	-5.50604870321444
ENSMUSG00000004880	-0.23386081447329587	3.5986805868711635	-1.6615120394017437	0.10485099257202261	0.23576416514148846	-5.429207692953424
ENSMUSG00000021127	-0.25531704598703087	5.730475031252912	-1.66323615451261	0.10450334303513226	0.23510317794762628	-5.5404542927352525
ENSMUSG00000003363	-0.13253099593682727	4.578945285782967	-1.6637241888346759	0.10440510910816622	0.2350969943189796	-5.515542853803184
ENSMUSG00000001983	-0.17178574244239808	4.461008437145219	-1.6647508757634193	0.10419870150358256	0.23480822937827817	-5.506259735613236
ENSMUSG00000042363	-0.4808170775980818	4.854330733319646	-1.667106392212957	0.10372641637295582	0.23405634096323377	-5.524788456124728
ENSMUSG00000029269	-0.2521194434411509	4.558884325724904	-1.6694477125649416	0.10325873189234056	0.2333515306284597	-5.505246427075088
ENSMUSG00000021936	-0.14591140630692045	4.057003579880235	-1.6697712241309923	0.1031942469466701	0.23329354021916504	-5.46523091273988
ENSMUSG00000024990	-0.1482977431026562	11.89112825037778	-1.6708800699919726	0.10297347538297617	0.23296973402722282	-5.256328664773537
ENSMUSG00000031533	-0.12766374082603882	4.254554962473722	-1.6715212056461504	0.10284600335990791	0.2327689770959272	-5.480548966709401
ENSMUSG00000019878	-0.11147060105540829	3.812148043447894	-1.6717002137684487	0.10281043587841666	0.2327689770959272	-5.436870780641522
ENSMUSG00000022295	-0.15306046494461523	5.072310885014261	-1.6722414659913005	0.10270295526802657	0.23270816674418238	-5.524678579950576
ENSMUSG00000033382	-0.11188297823076887	4.372721947077787	-1.6751090686064398	0.10213506289922235	0.23168247366432415	-5.483827772928171
ENSMUSG00000035493	-0.20080904768720664	4.756269709693796	-1.6753422455590354	0.10208899961686575	0.23166646476500993	-5.507238315478605
ENSMUSG00000036707	-0.0914092755408058	5.641545604364156	-1.6801213628701563	0.10114868316803857	0.22987989302448708	-5.515406846292377
ENSMUSG00000028082	-0.14529402037419725	5.535192412026897	-1.6805930665279263	0.10105626319271609	0.22975674821227052	-5.51614544486308
ENSMUSG00000027620	-0.12139553253974356	7.0392346322397295	-1.6807942149195814	0.10101687386126879	0.22975412378212118	-5.473935312837757
ENSMUSG00000028207	-0.13619961882275078	4.310423674358707	-1.6857323054183238	0.10005386780999034	0.228428454282003	-5.462437248815367
ENSMUSG00000020132	-0.08980691494220494	4.80598261115054	-1.6862341542297823	0.09995642679893647	0.22829272848149343	-5.492308818417011
ENSMUSG00000020130	-0.21265390566260844	5.489069265544253	-1.6864171940455022	0.09992090663128436	0.22829272848149343	-5.5072345275905565
ENSMUSG00000043131	-0.12807853330013064	5.213015905520469	-1.6867871329366386	0.09984914933304932	0.22822120134739193	-5.504867501054099
ENSMUSG00000048234	-0.24246061075825143	6.566320614197774	-1.6885360679240649	0.0995104855788224	0.22762029228897745	-5.479014838714884
ENSMUSG00000006005	-0.14486253203788113	5.324784269233748	-1.6894299343155095	0.09933776557411945	0.22731174155936168	-5.502159213795924
ENSMUSG00000020894	-0.17533321855109563	4.510696865243267	-1.6900869183919855	0.09921097650997172	0.22710809822796957	-5.46938391585015
ENSMUSG00000115987	-0.1488595069689671	5.15662391898632	-1.6911822382448685	0.09899989311675114	0.226797696431017	-5.496754049317671
ENSMUSG00000027430	-0.14919771703881501	4.173221345325732	-1.6912518929448255	0.09898648230001977	0.226797696431017	-5.44220750016387
ENSMUSG00000059481	-0.17303333783488206	9.922088432310407	-1.6925096977052843	0.0987445729084437	0.2264718086285642	-5.320070139904786
ENSMUSG00000064367	-0.28481819224982274	11.593380532935663	-1.6932108201140903	0.09860994152938343	0.22624938474611112	-5.2356473645184
ENSMUSG00000026766	-0.14304457430988737	6.506024331103888	-1.6940348947676516	0.09845189539715211	0.2259730479150065	-5.472616369161968
ENSMUSG00000000441	-0.21154889199449656	5.149372459481266	-1.6941607242927719	0.09842778155245344	0.2259730479150065	-5.491834347880734
ENSMUSG00000015305	-0.24527822932396148	4.297998894387689	-1.6960024865091834	0.09807538898395922	0.22528096804457606	-5.445107339733175
ENSMUSG00000034042	-0.0917730436176818	5.08641644454241	-1.6962568076714182	0.09802681102646234	0.22525549042371404	-5.486879424817803
ENSMUSG00000011114	-0.1756508051081287	4.909931904611024	-1.6975080555530053	0.09778810079722311	0.22479292184028832	-5.47878331691878
ENSMUSG00000021133	-0.20192604647516443	4.260896929310962	-1.6999349128974517	0.09732648723119544	0.2239030864365442	-5.435874491923046
ENSMUSG00000002981	-0.11020393772926518	6.122665870470769	-1.7003096030676736	0.09725537891693843	0.2238251903147771	-5.475289636933439
ENSMUSG00000033184	-0.10083784006255847	5.638795983513077	-1.7005765458922868	0.09720474513083127	0.22379437298512075	-5.48280454594053
ENSMUSG00000036352	-0.1252919294730921	5.037218886110638	-1.705117426621884	0.09634678157363816	0.22215955889331993	-5.471192264730643
ENSMUSG00000028755	-0.30513164783190705	3.6888861567459674	-1.705464924087621	0.09628138497761327	0.22209398937830255	-5.369679738706564
ENSMUSG00000038290	-0.1561879516722513	4.096206626340207	-1.707623588657835	0.09587596621451026	0.22132872876795706	-5.408762898925357
ENSMUSG00000022615	-0.39051301834614893	4.469585272815011	-1.7080588758665782	0.09579438730798566	0.2212253932873504	-5.43789746855629
ENSMUSG00000023460	-0.11505952568537214	4.918710156040082	-1.708980347821848	0.0956218811997376	0.22091191239108926	-5.460701686235457
ENSMUSG00000003623	-0.2988781301140495	8.258333042270515	-1.7109487245442911	0.09525425325670002	0.22031670816763296	-5.373106589831551
ENSMUSG00000035561	-0.3405375818570233	5.445271305215829	-1.7129287883156716	0.09488563089118662	0.2198025273805476	-5.464896059285956
ENSMUSG00000005078	-0.1205015140065937	4.715415395161528	-1.7141592520820608	0.0946571585285856	0.21944246357957983	-5.44309168162785
ENSMUSG00000068580	-0.127796064769103	4.846276834714108	-1.7144851286917449	0.09459672663517067	0.2193870051527366	-5.448818391581557
ENSMUSG00000027882	-0.13668172223832986	5.0258568187327475	-1.7154675547971017	0.09441473604880599	0.2190494783464383	-5.454139231441548
ENSMUSG00000035517	-0.10841936189692802	4.576754260259474	-1.71924679114137	0.09371736574375379	0.21768366863324953	-5.426787790918942
ENSMUSG00000030795	-0.27655461297330053	5.428261567466187	-1.7204279949310786	0.09350028513584269	0.21742281538780217	-5.452786775409947
ENSMUSG00000090150	-0.28937014781384995	7.583715632477405	-1.7233892675843343	0.09295790836032736	0.21633775032424749	-5.38572750148357
ENSMUSG00000028161	-0.16146910001834236	4.980319034831403	-1.7239203228428812	0.09286092025407555	0.21627146737814926	-5.438879971117311
ENSMUSG00000054226	-0.11426857405167468	7.756964122701751	-1.726385764741534	0.09241175535567805	0.21548398833227375	-5.372907814087318
ENSMUSG00000027488	-0.17208605831807233	3.8151387609455982	-1.72675743130628	0.09234420113687701	0.2154100561457663	-5.349119886547896
ENSMUSG00000020590	-0.14652328960523064	4.571352502692177	-1.7272750400576693	0.09225018913686013	0.2152743248634534	-5.413426471545019
ENSMUSG00000035851	-0.1300468384637874	3.7182160276022023	-1.7279886860176314	0.09212070246823836	0.21505567254531635	-5.336599156567812
ENSMUSG00000089911	-0.10309333047017422	4.193069154348747	-1.728763477717452	0.09198029319347586	0.21481134154667567	-5.3835956582620526
ENSMUSG00000000296	-0.17463956660690583	3.7795192986224153	-1.729342517135643	0.09187547529873595	0.21464997319988505	-5.341095079961451
ENSMUSG00000033216	-0.16030004707347967	4.835620389598236	-1.729827719087853	0.09178772075158365	0.21452836016968732	-5.423472447397818
ENSMUSG00000032050	-0.13181922789441458	6.707697087301671	-1.7305578109966548	0.09165580691898759	0.21430340224754726	-5.40588748390815
ENSMUSG00000029787	-0.2521519356340627	3.950644777900577	-1.7325675500447777	0.09129350301704275	0.21353937704531334	-5.353908963221129
ENSMUSG00000029455	-0.11525197907835327	10.779419016600313	-1.7333025610824955	0.09116129887075926	0.21339627772278627	-5.210864087356811
ENSMUSG00000024515	-0.1315501600318738	5.021732243087183	-1.733344032211432	0.09115384436031684	0.21339627772278627	-5.424982876762037
ENSMUSG00000025545	-0.14318497352453452	5.414790620096742	-1.734471593446843	0.09095135839959843	0.21307084312794813	-5.429944387339297
ENSMUSG00000029472	-0.07759513920066574	6.0653600057567845	-1.7360535642732278	0.09066790428044989	0.21248963994587497	-5.418503157947671
ENSMUSG00000005566	-0.10625020722849854	6.260937785835255	-1.7380749995023845	0.09030678349119509	0.21180853317665543	-5.410568549199423
ENSMUSG00000027255	-0.22667802589300035	6.243304505680548	-1.7407686202120973	0.08982745052022843	0.2107665561015434	-5.406710664554277
ENSMUSG00000017843	-0.09536415060594372	5.1944550544036305	-1.7416345668094584	0.08967380738401232	0.21048824553536327	-5.415930410699442
ENSMUSG00000055239	-0.12370267448303274	5.979463118665065	-1.7438060986205097	0.08928948431087176	0.20975000438781405	-5.4071237943133115
ENSMUSG00000027593	-0.15281926534703238	6.046757721753845	-1.7465040861070174	0.08881391034670624	0.20871442599662018	-5.401700625143256
ENSMUSG00000032180	-0.14780805403605868	4.00537748664561	-1.7490165045515822	0.08837295674196427	0.20775942764572114	-5.332604342019247
ENSMUSG00000034709	-0.11337396495293639	4.929278377906785	-1.7497469687140679	0.08824509809637737	0.20754003697108872	-5.394777335156363
ENSMUSG00000015733	-0.115410483394216	6.610454327645741	-1.7506295300935848	0.08809082363538487	0.20733950615943114	-5.376777488502673
ENSMUSG00000025579	-0.1538850389494213	6.129184357920867	-1.7517390014306125	0.08789720548705032	0.2070459850143808	-5.3916044935047935
ENSMUSG00000000753	-0.14555396981687352	9.739036313286903	-1.7532276551205435	0.08763797552466183	0.20651631173635018	-5.231750789032098
ENSMUSG00000058709	-0.093518427792457	6.067728232865402	-1.7587268252682147	0.08668591927931946	0.20491569195492942	-5.38124035339862
ENSMUSG00000073468	-0.19577710759184885	5.073465996910038	-1.7599395994553766	0.086477127670689	0.20461511858523082	-5.3829306592059
ENSMUSG00000078566	-0.2921268921381497	8.478928471365977	-1.7615508612296407	0.08620038566379244	0.20408909277136672	-5.2803770214411765
ENSMUSG00000034902	-0.15079241894011552	4.524380450522058	-1.7624879409368972	0.08603978006413641	0.2038694946393516	-5.352699999100315
ENSMUSG00000038712	-0.12320941933628404	6.4377340857473975	-1.7630079232354352	0.08595076906463786	0.20380796759062988	-5.363153368241178
ENSMUSG00000019210	-0.12158914117975783	6.794567282022353	-1.7638381967000178	0.0858088025586851	0.20356300614889014	-5.348013635594166
ENSMUSG00000031358	-0.1353970485213667	4.384870833469249	-1.7641938121321648	0.08574805700689743	0.20349923955546867	-5.340530335281433
ENSMUSG00000001946	-0.17439630282927787	3.685334770864564	-1.7680437840739207	0.08509272240458253	0.20218353852476728	-5.26733595990641
ENSMUSG00000015002	-0.10642789035085976	5.67468617177152	-1.7681053844651209	0.0850822712303439	0.20218353852476728	-5.371999052260681
ENSMUSG00000038121	-0.21313274614129085	4.787917910493349	-1.768171758689475	0.08507101133158132	0.20218353852476728	-5.358291901767555
ENSMUSG00000049422	-0.22477136326135216	8.255133014464347	-1.7685691280808715	0.08500362674032558	0.20218353852476728	-5.279217473389428
ENSMUSG00000020085	-0.1749539079034914	5.001493224027591	-1.770004555705477	0.08476058544773271	0.20195335366987544	-5.363987799642015
ENSMUSG00000021884	-0.36505349497604733	5.028388723282082	-1.7711179321905879	0.0845724753799469	0.20166508117384957	-5.363038440903844
ENSMUSG00000058835	-0.0895667361752377	4.614684049924348	-1.7726290702327443	0.08431772358577132	0.20129725904922519	-5.341602984971949
ENSMUSG00000046311	-0.12861879564313305	3.7388868881576087	-1.7731625442978656	0.084227943410107	0.20118327498607555	-5.264767275563633
ENSMUSG00000044573	-0.09404861622745475	6.323903927059248	-1.7767338381505802	0.08362898783263151	0.2000503932668323	-5.344694811100338
ENSMUSG00000041231	-0.0965937557284473	5.394782981630709	-1.7779902559049725	0.08341912366103017	0.19978697253054217	-5.358132684040804
ENSMUSG00000022808	-0.12267189740021767	4.684754727435196	-1.7799113858282625	0.08309908779833736	0.19925874644062616	-5.333543149247202
ENSMUSG00000002949	-0.11243229279506917	5.680892229902659	-1.7808786932235494	0.08293833856407391	0.19919123758254204	-5.350636934664816
ENSMUSG00000022403	-0.11947041850879536	6.991852902645571	-1.7815127523136536	0.0828331114707168	0.19917733766608134	-5.311620345899309
ENSMUSG00000026197	-0.12440146309692235	5.237614842519185	-1.7831650507656303	0.08255942798256782	0.19875785366476362	-5.348001304342374
ENSMUSG00000053329	-0.11484497420391815	7.071350600576188	-1.7842905147253036	0.08237344503490965	0.19846913841811228	-5.3043370082082415
ENSMUSG00000036880	-0.1367591350623698	9.512945104943244	-1.7858250080753946	0.08212043913992997	0.19809783973979894	-5.189828441629751
ENSMUSG00000026656	-0.214291622811972	5.246186360314345	-1.7871206261724655	0.08190732927204565	0.19766310907458728	-5.341523292711148
ENSMUSG00000022553	-0.19629343712587222	4.951252449120829	-1.7873473939519207	0.0818700773553719	0.19765258932439925	-5.333262666630414
ENSMUSG00000046985	-0.16007555335921264	6.103404627954193	-1.7891252626469387	0.08157851570202916	0.1971070771425385	-5.33005574227091
ENSMUSG00000031666	-0.25624413499747245	4.607355825429966	-1.7914570502766303	0.08119744243707952	0.19642328164428777	-5.309739672305067
ENSMUSG00000036046	-0.14992942846671786	3.783465095422381	-1.7954689620048834	0.08054531046059084	0.19555425073037994	-5.232413621363711
ENSMUSG00000034845	-0.21180882646297583	4.697391800808463	-1.7963637680801452	0.08040046549010083	0.19528148630962644	-5.306696800300019
ENSMUSG00000025880	-0.34995813196847125	3.524928449502224	-1.7978418222563997	0.08016169024255003	0.1948590601405676	-5.199434541807724
ENSMUSG00000066809	-0.3954355204407314	6.094818885911735	-1.7989898867482341	0.07997663747499038	0.1945666455818693	-5.313654537014669
ENSMUSG00000062683	-0.1282864173399103	6.700394728367371	-1.8019319400622258	0.07950406462178092	0.19365217848085997	-5.287979001370765
ENSMUSG00000005846	-0.14768005791917016	6.089340582795022	-1.803118068819001	0.07931420924042963	0.19334648410780594	-5.306801345460357
ENSMUSG00000038967	-0.17716343653971123	7.216781393655286	-1.8063999358396994	0.07879090025909893	0.1923048414528536	-5.262472156140947
ENSMUSG00000039616	-0.1789960691923289	4.7821679484591	-1.8076345313832094	0.07859479572423651	0.1919041558337819	-5.291977585791946
ENSMUSG00000024391	-0.18529750141546053	7.792184939675314	-1.8099761077537404	0.07822399144678259	0.19115411329960008	-5.232790989029325
ENSMUSG00000020448	-0.13164040159558965	4.4882491489415655	-1.8115613040063612	0.0779738064168046	0.19062026149657396	-5.268290269915379
ENSMUSG00000025040	-0.16558949690274094	3.897241195818579	-1.8155465842850598	0.07734781688590404	0.18924390540203478	-5.210658874858341
ENSMUSG00000031930	-0.15743111580793112	4.023807318629059	-1.8220302910459898	0.07633848514881579	0.1870791016554788	-5.212564533710212
ENSMUSG00000031812	-0.16115050844540768	6.390380780563786	-1.8229345718939507	0.07619860524705982	0.18681249242333026	-5.264483333281852
ENSMUSG00000031245	-0.15464229912265282	4.888855228510292	-1.823703783491603	0.07607978986954285	0.18659732952085017	-5.269456770060543
ENSMUSG00000025532	-0.18434485649136612	5.6453597322452875	-1.8244626617808752	0.0759627246418282	0.18638628516649475	-5.277799078623497
ENSMUSG00000067194	-0.14479665806322384	4.594160594847224	-1.8253544704310873	0.07582534879153872	0.18612521278119126	-5.251665281813143
ENSMUSG00000019122	-0.21241808683944452	5.46656543444314	-1.8260395625120225	0.07571995914908387	0.1859424742651594	-5.277121021777212
ENSMUSG00000074749	-0.17050512948049423	4.218102422155399	-1.8272978506780246	0.0755267169031623	0.1856196490270357	-5.221797063069693
ENSMUSG00000029780	-0.19001917332933793	5.082117034797101	-1.8276558954620723	0.07547180654155845	0.1856186843958691	-5.2695118214075976
ENSMUSG00000042988	-0.23244842197369753	4.263925390804747	-1.8280066890299866	0.07541804110185577	0.18558026575800626	-5.22439562256045
ENSMUSG00000024095	-0.1070329092232698	3.924861403110014	-1.8284514326908907	0.07534992285397031	0.18556462558586376	-5.191614126612908
ENSMUSG00000004266	-0.13518964072706297	4.8521621388652365	-1.8286156966708225	0.0753247769088936	0.18556462558586376	-5.259544562855438
ENSMUSG00000051007	-0.17859916003459997	3.746726604185383	-1.8310336332782435	0.07495545644425969	0.18482040942698255	-5.168336610671902
ENSMUSG00000020366	-0.12058325408269432	4.769882797216107	-1.8347197423493062	0.0743953921647166	0.18381657545961433	-5.245360429302688
ENSMUSG00000026775	-0.13811620003524094	6.519382564458398	-1.835289362923873	0.07430916243957549	0.18367904446705433	-5.23834790607377
ENSMUSG00000026307	-0.12367387322595036	6.964446277042753	-1.8374329995376657	0.07398541737420544	0.18333128783571154	-5.218072732491571
ENSMUSG00000029217	-0.2848149379357565	4.011127059774037	-1.8386491724030043	0.07380227710628481	0.1829529220840204	-5.182971901180111
ENSMUSG00000022451	-0.12306295262200706	5.993383331781689	-1.8391441948567102	0.07372784341064205	0.18284383452519523	-5.247082717774449
ENSMUSG00000030551	-0.21317767547213506	4.505432318958684	-1.8393327207120347	0.0736995126422338	0.18284383452519523	-5.222129004931058
ENSMUSG00000031765	-1.1276645760110569	4.971591364904082	-1.8394302080970057	0.07368486633277141	0.18284383452519523	-5.245795185738994
ENSMUSG00000034135	-0.1537235747304564	4.502056819644952	-1.8426850224409044	0.07319728823134813	0.1820540169628191	-5.216162654518193
ENSMUSG00000028771	-0.2037433730886944	4.741048150680552	-1.8435803615553865	0.0730636467905808	0.18179687518202903	-5.228766841256715
ENSMUSG00000028013	-0.12569410481961718	5.226450865188658	-1.8441427179077932	0.07297981369657673	0.18166350476500812	-5.244498878679171
ENSMUSG00000058317	-0.2340111681080801	4.903216628314846	-1.8459123156499468	0.07271654524141861	0.18108318290745315	-5.232050036031644
ENSMUSG00000022817	-0.16895489737296376	5.85168641086229	-1.848691448059746	0.07230471679473623	0.18065656682726403	-5.232673829643547
ENSMUSG00000020454	-0.13223004176241115	4.164955584320669	-1.848696784796291	0.07230392787936513	0.18065656682726403	-5.180486428862153
ENSMUSG00000039809	-0.2730624423517045	3.8813853922840296	-1.8556123013944537	0.07128776514735118	0.17856114246370705	-5.140571843048007
ENSMUSG00000000568	-0.19793685237772696	5.002053154233811	-1.8557407006666256	0.07126901388401681	0.17856114246370705	-5.218812942065111
ENSMUSG00000027709	-0.1456195338375732	5.05707889741283	-1.8565871698243546	0.07114550179736732	0.17842793000850596	-5.219117186534773
ENSMUSG00000004071	-0.2662244928032589	5.303990574414343	-1.8590721324193829	0.07078396335786859	0.17789244492573497	-5.219823639308679
ENSMUSG00000035559	-0.1644225895880176	5.063326718109906	-1.8604210488327038	0.07058836564680486	0.1775493885188993	-5.212672788897651
ENSMUSG00000032114	-0.3028648012770203	7.230234090230663	-1.8619659282267436	0.07036491905374097	0.17720989044171392	-5.167087768364195
ENSMUSG00000031320	-0.15149376052896812	9.03014657931421	-1.8623161034667037	0.07031435475109364	0.17715679568105733	-5.084444286525818
ENSMUSG00000024827	-0.32096742255533695	5.91915460994914	-1.8629785233965583	0.07021878798515428	0.17699022525284902	-5.207019670906212
ENSMUSG00000024962	-0.22296700790040624	4.263921791492903	-1.8651755880728815	0.06990261223458485	0.17626722489199345	-5.160534958296199
ENSMUSG00000002031	-0.18065369006233034	4.873165070031251	-1.870047862945712	0.0692057842349306	0.17485951615771406	-5.189102201490622
ENSMUSG00000044221	-0.12085448687354905	7.160728135462031	-1.8710768537557496	0.06905938010131586	0.17458048591872402	-5.153582445931656
ENSMUSG00000036655	-0.17433046608037372	4.851314155397975	-1.871788493786466	0.06895828324164147	0.17454520808720453	-5.18514635147803
ENSMUSG00000068762	-0.25522500779933566	7.172049922685512	-1.8775337911244352	0.0681467172310441	0.17300110850922854	-5.1419802960186995
ENSMUSG00000019889	-0.16119062687860097	4.564484291039741	-1.8779672719882217	0.0680858174747525	0.1729195592585747	-5.159151682496981
ENSMUSG00000022407	-0.17220603253267797	4.3879686020899715	-1.8823198244619967	0.06747690227405388	0.17173600413587028	-5.139906479733008
ENSMUSG00000032078	-0.2969727250771168	6.062433007361728	-1.8850417226527907	0.06709848557731206	0.17091767691143203	-5.1665397051856505
ENSMUSG00000020170	-0.12863198457234626	3.670448276539276	-1.8861972129253477	0.06693839151975993	0.17058218602300143	-5.064801213547703
ENSMUSG00000028409	-0.15562697864481922	5.841725876384742	-1.8877739397728934	0.06672046239710971	0.1702252249201376	-5.164950055180114
ENSMUSG00000020677	-0.14469368388305703	3.808784252356908	-1.8879873456069007	0.0666910129875712	0.1702252249201376	-5.07671219878378
ENSMUSG00000009995	-0.14043050693968961	5.420353976879802	-1.8881062398306419	0.06667461074457579	0.1702252249201376	-5.16994006635033
ENSMUSG00000000823	-0.2688077087688612	4.6209733508524105	-1.8883712351370183	0.06663806532113076	0.1702252249201376	-5.144466922757539
ENSMUSG00000035992	-0.2511319566119523	3.8523271579574763	-1.8904305953751148	0.06635464372620334	0.16967023580883228	-5.077050956068605
ENSMUSG00000011305	-0.3540424708628471	4.907656573809644	-1.8907809044370743	0.06630653497086801	0.16961939916557936	-5.154309438169099
ENSMUSG00000022629	-0.15647679845199214	4.092446523850223	-1.8920176775894268	0.06613692491919691	0.16932968974838272	-5.09849919782403
ENSMUSG00000031068	-0.1268762336052056	5.977537121982842	-1.895151328317734	0.06570884180517657	0.16844898908161518	-5.150086106518602
ENSMUSG00000000787	-0.19905789601171264	7.260640114776181	-1.8952683022446173	0.06569290826413382	0.16844898908161518	-5.1080222944588645
ENSMUSG00000018166	-0.3172368213532115	4.820855619234717	-1.8952934461517406	0.06568948373269155	0.16844898908161518	-5.1427114980049975
ENSMUSG00000022464	-0.22546502523327128	9.102600883248913	-1.89590523577404	0.06560620679971944	0.16840140822704577	-5.022489113039796
ENSMUSG00000021252	-0.22973382065149117	6.15642988516242	-1.8964002998308653	0.06553888483399482	0.16830049528524568	-5.144787773085455
ENSMUSG00000032869	-0.1126185839219902	4.0716925445227465	-1.9007235487558092	0.0649534945908707	0.1670828548786567	-5.081228477578882
ENSMUSG00000038127	-0.1596006926609972	5.339670034094213	-1.9013909584155406	0.06486352466557374	0.16699283038052445	-5.146241032335183
ENSMUSG00000001627	-0.24814436293208342	4.145578391686166	-1.9020072241233827	0.06478054413347618	0.16699283038052445	-5.085954462992525
ENSMUSG00000028552	-0.12812542427897977	5.139195031112312	-1.9029022988014692	0.06466018402081075	0.16689993375474735	-5.140484589149192
ENSMUSG00000026678	-0.23307258750102466	4.95962463070564	-1.9063590128474637	0.0641971616654613	0.16577599675451524	-5.1288919548630565
ENSMUSG00000035399	-0.14744527807201102	4.410789585945803	-1.9067872131450008	0.06414000338930326	0.16569960462868583	-5.098534989106337
ENSMUSG00000067369	-0.14681217265061308	4.007997601208951	-1.9071410718771364	0.06409280156494064	0.16564887939945303	-5.063665793925695
ENSMUSG00000020919	-0.2436347586506349	4.678057025946907	-1.9075160144733643	0.06404281987107133	0.16559092280777438	-5.114085360288492
ENSMUSG00000048249	-0.32030175388124515	4.2867126035875085	-1.9089608767654183	0.06385052544846129	0.16516479010753501	-5.085740032453292
ENSMUSG00000064366	-0.3996121657660092	6.460102335716604	-1.9125407661701728	0.0633762186137139	0.1642915002803308	-5.106230818177396
ENSMUSG00000003662	-0.1178562864698991	5.480343237770299	-1.914331459880811	0.06314010386479557	0.16394338261085983	-5.123573571258747
ENSMUSG00000020570	-0.10581710889855067	5.395858754544759	-1.9153170283848633	0.06301047299155668	0.16376727171551214	-5.121929617030605
ENSMUSG00000032216	-0.1404413333080461	7.328833257366348	-1.9155771966118051	0.0629762915011168	0.16374925816971478	-5.069844991486952
ENSMUSG00000053964	-0.4149986137723949	4.18129533253728	-1.9167665682052113	0.06282023206901327	0.16341418809640723	-5.0631377807558176
ENSMUSG00000036580	-0.17257956056017498	4.056030530692788	-1.9187808141369376	0.06255669773104133	0.16286966926595642	-5.0478235439552686
ENSMUSG00000020817	-0.1713823764757203	4.850292936292409	-1.9191999131661759	0.06250198444526804	0.16284618275194254	-5.101786257452506
ENSMUSG00000020549	-0.1387964679085174	4.325541200180226	-1.920421353346126	0.06234276037581289	0.16259446488639742	-5.068378379999693
ENSMUSG00000058586	-0.18872246040905072	4.303234059409348	-1.9218398062851925	0.062158292118164815	0.1624236475878254	-5.0642006636500065
ENSMUSG00000033845	-0.16787480191991566	5.23137881505493	-1.9224609042450502	0.06207766693504038	0.16239647392801815	-5.107650080725908
ENSMUSG00000055553	-0.12488682011072072	5.757791563707946	-1.9229628997968662	0.062012568284506873	0.16236754807041473	-5.104243363871707
ENSMUSG00000019818	-0.1389063835827038	8.244256180036372	-1.924597387658761	0.06180101513814401	0.16188417609638509	-5.012009928802185
ENSMUSG00000001891	-0.2511431468222316	8.508934183773627	-1.9251021950431486	0.06173580314648508	0.16178388186098072	-4.9988768690818315
ENSMUSG00000032599	-0.3955741604855145	5.517692817481689	-1.9252809738048253	0.06171272236589921	0.16178388186098072	-5.103887272419459
ENSMUSG00000030879	-0.17822702865233353	5.270825987676263	-1.925726707455399	0.0616552093866118	0.16171372902843748	-5.102425782150759
ENSMUSG00000035459	-0.3166282119446091	4.501033107160525	-1.9273158876834915	0.06145053288076177	0.16131771606836937	-5.068128031721143
ENSMUSG00000035776	-0.11227169803366976	4.170077040728657	-1.9282712047500092	0.06132777571518155	0.16113625022847658	-5.041698681729427
ENSMUSG00000032580	-0.21161201853928002	5.142653017392157	-1.9303798572045765	0.061057563433967406	0.1605666952624552	-5.091824825401117
ENSMUSG00000028776	-0.21019514921369886	4.12102126057598	-1.93333070601258	0.06068115012959807	0.15987768591953447	-5.0281592909651955
ENSMUSG00000042770	-0.17950968488761543	8.054311835692872	-1.9354769196564292	0.060408634360189256	0.15940724580034593	-5.0017822142187125
ENSMUSG00000001525	-0.24733128560515372	5.859362865476939	-1.9364554277072252	0.06028473864174888	0.15926303614226944	-5.078506344879239
ENSMUSG00000003526	-0.1854048810696458	7.714513996875697	-1.9367244056877144	0.060250719868441646	0.15926303614226944	-5.0162586751773315
ENSMUSG00000060376	-0.25671729423606315	6.103420506555498	-1.937216673303123	0.06018850357115016	0.15925703124572493	-5.073499635418796
ENSMUSG00000069539	-0.18876296023820505	4.416830530857163	-1.9373059458096322	0.06017722660856266	0.15925703124572493	-5.044732535228786
ENSMUSG00000029247	-0.1507872995975985	8.046860508764599	-1.9376736550937836	0.06013079652611795	0.15924458189750673	-4.998225558089871
ENSMUSG00000067212	-0.1728541412722997	7.138181023246826	-1.9385689035079654	0.06001788400132635	0.15901563710933422	-5.035326225847039
ENSMUSG00000001687	-0.11352017287652938	5.853871715512262	-1.9394481961293444	0.05990716188397178	0.15879229632147615	-5.073231515033296
ENSMUSG00000023852	-0.17067979667980016	3.918556799660514	-1.9395604674358307	0.05989303716615979	0.15879229632147615	-4.997038002613056
ENSMUSG00000046949	-0.1877912134364097	6.574114580760863	-1.940041160364253	0.05983259423254318	0.15879229632147615	-5.052813593731712
ENSMUSG00000040505	-0.476837444915307	6.2552954949084585	-1.9406339011733904	0.05975813468693375	0.15876114265213764	-5.063635241655104
ENSMUSG00000025477	-0.1592133536145668	3.825291221822624	-1.9417570421432713	0.05961726592656295	0.1585133411295207	-4.983372620793718
ENSMUSG00000022339	-0.15288850181808034	4.330844531158446	-1.9447334398133649	0.05924533898789376	0.15766396898948343	-5.025387605383873
ENSMUSG00000038982	-0.1423744151197628	4.059478596870034	-1.9466965609794677	0.059001127049017506	0.15719785339442952	-4.998379538003078
ENSMUSG00000027340	-0.3634094688595453	4.0110934835840055	-1.9482087252027924	0.05881360693874919	0.15686238974475983	-4.990909244238939
ENSMUSG00000033813	-0.1383856225510769	5.0428712358963805	-1.949000618541641	0.05871561144194138	0.15674016399583554	-5.055755150526081
ENSMUSG00000020594	-0.11805100180005823	4.972437772463307	-1.9490124318048991	0.05871415063788827	0.15674016399583554	-5.053353191722655
ENSMUSG00000041225	-0.14667215526850175	4.203279249598936	-1.9496458081473114	0.05863587453990766	0.1567213452815562	-5.0064080487505755
ENSMUSG00000016382	-0.1518131591665126	5.527817557290491	-1.9521104622873875	0.05833213610327203	0.15599368306389036	-5.055755773827275
ENSMUSG00000034187	-0.1467512072426338	4.13691428237513	-1.9552491635219258	0.05794729770698081	0.15531013020573045	-4.990361705281755
ENSMUSG00000052707	-0.23725649159073292	4.86960028795182	-1.9555023673691545	0.05791634804803331	0.15529644597083095	-5.03765963025955
ENSMUSG00000055401	-0.3442023336128761	5.156656249159601	-1.9555518438429818	0.057910302099190666	0.15529644597083095	-5.04698204002881
ENSMUSG00000005610	-0.13333751223560064	9.198684165207219	-1.9590932200955224	0.057478965687882626	0.15433025237644624	-4.9055509004795175
ENSMUSG00000041560	-0.17817886268898242	5.8153905334774345	-1.9591426504009348	0.057472964828462515	0.15433025237644624	-5.038406919979897
ENSMUSG00000030447	-0.16614742295406604	4.2878888718275885	-1.959701005458954	0.05740521789975334	0.15433025237644624	-4.995242983086663
ENSMUSG00000024974	-0.15468259424966835	4.0931764172368394	-1.9606985406620194	0.05728435575588328	0.1542211889503148	-4.976420050277751
ENSMUSG00000021929	-0.17332862305954855	4.710744600033207	-1.9607522562925404	0.05727785377610281	0.1542211889503148	-5.020751028036516
ENSMUSG00000013622	-0.1481913159139321	6.839428218138834	-1.9614132028086784	0.057197902079659114	0.1541265442137541	-5.004398560631276
ENSMUSG00000026484	-0.1508070166941744	4.105932193540535	-1.9628153988555417	0.05702860430693771	0.15387736114970305	-4.973809469016603
ENSMUSG00000038393	-0.43753302834729	5.645195364371726	-1.9658991269433597	0.05665780654017699	0.15308307531471382	-5.0292500811641325
ENSMUSG00000032294	-0.2283130231440884	4.267453481011392	-1.9661898644604319	0.05662295514054534	0.15305773164171702	-4.981916909546024
ENSMUSG00000036620	-0.1444903665505306	5.29015671551669	-1.9663746665332569	0.05660081211980549	0.15305773164171702	-5.0296554248604455
ENSMUSG00000039615	-0.12682327239549274	4.410975237268023	-1.967348134571638	0.05648429464554701	0.15282040816077982	-4.990277780221889
ENSMUSG00000052681	-0.168787279753273	6.042033981353491	-1.9688188223018257	0.056308657101614736	0.15241383807369502	-5.017628227832814
ENSMUSG00000039686	-0.16391333910154815	3.747482585907606	-1.9701103324921356	0.056154807979563064	0.1521344639987351	-4.924052361887137
ENSMUSG00000019877	-0.1482267951719516	7.664500216138786	-1.971474684940878	0.05599267706505909	0.15176364297877315	-4.956033684881671
ENSMUSG00000014195	-0.1500602352081586	5.764181613683071	-1.9729851356672339	0.05581365769022059	0.1513840821397817	-5.0142130254708706
ENSMUSG00000004530	-0.1969986654673379	4.242079167983647	-1.9755236453832137	0.05551390881441999	0.1507379476122231	-4.9629321450698445
ENSMUSG00000041935	-0.2131676763770889	4.254732399901619	-1.9756452293298965	0.055499587168050764	0.1507379476122231	-4.963753578576429
ENSMUSG00000021374	-0.16259175534943981	4.876243188934237	-1.9772988747380449	0.055305118177660734	0.15037486657446306	-4.998461502620882
ENSMUSG00000041408	-0.12468820067252828	5.501643665783596	-1.9783460511154882	0.05518227564399389	0.15010877969432287	-5.00845900621949
ENSMUSG00000021417	-0.2707460858381232	7.779870369300208	-1.9785888992644003	0.055153821330806194	0.1500993262576152	-4.937715741024359
ENSMUSG00000020859	-0.2075255533563487	4.922722606948896	-1.9800517234178012	0.05498269232183864	0.1497692648059512	-4.995306591201896
ENSMUSG00000035929	-0.27237214755764594	4.354121209644751	-1.9811107263575867	0.05485909188311645	0.14956818653613735	-4.96132731359275
ENSMUSG00000026739	-0.14892183862824382	5.170524537763283	-1.982328291237868	0.054717282814911006	0.14931705378510454	-4.998719741326736
ENSMUSG00000031918	-0.15991954994204427	4.7860940126962905	-1.9834911470242416	0.05458214255250589	0.14901594484234795	-4.983190897245393
ENSMUSG00000019988	-0.21777979320212282	4.15304144350866	-1.9844741977596891	0.05446812405427137	0.1487722533827803	-4.938903267251404
ENSMUSG00000021892	-0.1900433004571056	5.379375206259839	-1.9847972595505514	0.054430699070680086	0.14876704729273366	-4.996861644386964
ENSMUSG00000079562	-0.10362254500200141	5.796978993425956	-1.985719094774646	0.05432403198398899	0.14865412320433885	-4.990450593444811
ENSMUSG00000033047	-0.16466112532648136	6.259599144490599	-1.9878082980869458	0.05408295778282351	0.1484625369195918	-4.9781477045359175
ENSMUSG00000069792	-0.45018724230500684	5.373959076642459	-1.9883310755111276	0.05402277963933722	0.1483651201338105	-4.990380038908372
ENSMUSG00000001100	-0.10132945218828215	6.82218987716264	-1.9891398720041231	0.0539297916571759	0.14824525071727812	-4.95465910428457
ENSMUSG00000035540	-0.15225534569903054	12.537759092862789	-1.9908624413706655	0.05373220934903828	0.14783738368973032	-4.683891012035209
ENSMUSG00000045237	-0.17271579910972656	3.7369847860606766	-1.991072346775154	0.05370817576309926	0.14783738368973032	-4.884819302667136
ENSMUSG00000038658	-0.15260828524589387	3.9529293728756345	-1.9925526574744234	0.05353894911333423	0.1475082738294477	-4.904751938689687
ENSMUSG00000028790	-0.1468167955419224	4.093054178567474	-1.9947475984785836	0.053288879325621735	0.1470215224369426	-4.914538029548525
ENSMUSG00000017868	-0.32618417283141543	5.329663636216238	-1.996039850000692	0.05314212793356686	0.14681887207025437	-4.975972515900258
ENSMUSG00000001280	-0.14761012676084384	4.552294532173631	-1.9986375242066141	0.05284819120685564	0.14627580882634525	-4.942496942868716
ENSMUSG00000038975	-0.18305646722464974	5.4441629946906485	-2.0001298064829904	0.052679973462017284	0.14594465676959975	-4.968876241687357
ENSMUSG00000020376	-0.12013138549540248	6.478069477018527	-2.002400277619791	0.052424926899262606	0.14537212078341902	-4.9434330400595865
ENSMUSG00000021687	-0.19205778757648506	5.325841553953467	-2.003829113625488	0.052264973782962194	0.14501966448978806	-4.961637709378271
ENSMUSG00000027170	-0.15075097056100173	6.491142631813068	-2.003882097493271	0.05225905059503026	0.14501966448978806	-4.940199078616983
ENSMUSG00000024758	-0.13148191672296772	5.186854528833371	-2.0071626235186817	0.05189344811944656	0.14423114234493725	-4.953531059598816
ENSMUSG00000003464	-0.18309136792190017	7.014456621903328	-2.007549352487404	0.05185049554459497	0.14423114234493725	-4.914184955780609
ENSMUSG00000028184	-0.19583782674466566	4.1217810093613645	-2.0107767692721006	0.05149324258341885	0.1433841031898813	-4.887824372870105
ENSMUSG00000003746	-0.12474988829609401	6.795641357782227	-2.014983901637871	0.05103075924351616	0.14236018212362517	-4.9081656222108485
ENSMUSG00000034566	-0.20932159856508115	8.804214257693555	-2.014989007080209	0.051030200214524514	0.14236018212362517	-4.822765076939534
ENSMUSG00000027365	-0.22939198157309182	5.07688945232996	-2.015640968682731	0.05095885638432539	0.14229171376087885	-4.935264940332672
ENSMUSG00000028228	-0.12464222147890158	5.117741470174412	-2.0157379596496496	0.05094825013636833	0.14229171376087885	-4.936185288528313
ENSMUSG00000031446	-0.19140751924688804	6.8964830175682215	-2.01882758798795	0.05061139460012744	0.14165061488223837	-4.897417942914676
ENSMUSG00000031271	-0.5911791285018797	5.710525576008021	-2.020105001629358	0.05047268880750844	0.141394119834181	-4.928800366950296
ENSMUSG00000016194	-0.23646928879623275	9.12742037759095	-2.024398119324824	0.050008952026172754	0.14042233304919255	-4.789957920934619
ENSMUSG00000038880	-0.13567300335928234	5.4807892806904155	-2.02441958819142	0.05000664235167455	0.14042233304919255	-4.92391077036582
ENSMUSG00000047150	-0.3201888859370925	3.695018470073937	-2.027936356517287	0.04962955258240398	0.13974881980677858	-4.8124699577949865
ENSMUSG00000021548	-0.1443981192655137	4.796884283281389	-2.0299264756766373	0.04941726019706463	0.1392815743546723	-4.898213531561927
ENSMUSG00000032554	-0.35771584513051735	9.494325620392042	-2.03026512427788	0.04938121443427373	0.13924529213306	-4.7607048331353266
ENSMUSG00000039653	-0.1474975266083467	7.889678278591348	-2.030290168666063	0.049378549620172824	0.13924529213306	-4.83736812125068
ENSMUSG00000020541	-0.1686844631094302	3.9918946145167706	-2.0304195918002255	0.04936478052641731	0.13924529213306	-4.83894342175986
ENSMUSG00000041660	-0.21312281248687537	6.620865601685971	-2.030756143073927	0.04932899112094996	0.13924529213306	-4.885502284750057
ENSMUSG00000025494	-0.21728766082228645	4.149931153941535	-2.0321496703625286	0.049181041972621936	0.1390724146886989	-4.850894253301223
ENSMUSG00000033161	-0.22559217209525873	7.81384399009423	-2.0383345053756154	0.048529068303472596	0.13763749502295777	-4.82615778061749
ENSMUSG00000030214	-0.19846812880900622	5.502353925055562	-2.039736852334972	0.04838229386384777	0.13733075287097837	-4.895297802612134
ENSMUSG00000021190	-0.28221435405152295	5.3535871138755375	-2.0401090156153416	0.04834340712953292	0.13728522374355542	-4.89462282878619
ENSMUSG00000057054	-0.3782622375893707	4.00881176921951	-2.0406771964457002	0.04828409148775028	0.13718161028363662	-4.821553247253064
ENSMUSG00000032079	-0.2242831831684704	10.081396523263153	-2.041261922839516	0.048223114936709846	0.13707317769852861	-4.709796974132101
ENSMUSG00000037119	-0.16448007583029778	6.241299088218738	-2.0428009773469014	0.04806294035900128	0.1366825407559104	-4.877117732001521
ENSMUSG00000027710	-0.18145582322279896	4.985827237986179	-2.0449668743166103	0.047838315545106105	0.13610816198415843	-4.877860716000162
ENSMUSG00000054469	-0.22212066224108717	5.206122760541086	-2.0469164334905376	0.047636912116182144	0.13572793025421456	-4.880083165164585
ENSMUSG00000022766	-0.1725925158801953	8.264201937472638	-2.0495572848044734	0.0473652753715596	0.13501799796380534	-4.7833412580459225
ENSMUSG00000063052	-0.18747181397606383	3.6662266745530925	-2.052079402042491	0.04710711682667986	0.13453738831345974	-4.764384177261195
ENSMUSG00000054827	-0.2955693332249254	9.577151180378591	-2.0532899959329134	0.04698364069195633	0.13424854822537594	-4.7136113572191185
ENSMUSG00000109482	-0.24336013142510637	6.575892118548108	-2.0548320052943465	0.04682677141986172	0.1339276865597092	-4.842281332171853
ENSMUSG00000034707	-0.22238829586791553	6.911758573986822	-2.0570881381318795	0.04659807976008016	0.13344296824353746	-4.825607920669848
ENSMUSG00000059434	-0.18271125234167318	7.455697391512922	-2.0579769954475147	0.04650824995687681	0.13333400476663776	-4.805333951405627
ENSMUSG00000034681	-0.17964037280186407	4.216023696883679	-2.0594662201148752	0.0463580854097502	0.13296693805593743	-4.805715330155456
ENSMUSG00000009647	-0.33221188795925194	3.82985750834178	-2.065299470255546	0.045773974804535475	0.13166865227403238	-4.7571841197816855
ENSMUSG00000056492	-0.3038512035107459	3.691339279450352	-2.0670553649676697	0.045599415774976074	0.1312293531570073	-4.739057089123401
ENSMUSG00000031796	-0.2264133356886857	4.557011339564811	-2.067590067549894	0.04554637527129111	0.13113951557507825	-4.8145663259287925
ENSMUSG00000004455	-0.1595341722895176	5.738491699561378	-2.0694462475238256	0.04536266844378552	0.1306731901623716	-4.836035250464281
ENSMUSG00000019312	-0.20475209415087559	6.4220901045814935	-2.069506673964322	0.045356698945211056	0.1306731901623716	-4.820652276475632
ENSMUSG00000006333	-0.164179970681694	8.76802698006815	-2.0701769071520504	0.045290533087164256	0.13059060140152112	-4.721677779359066
ENSMUSG00000039285	-0.1386858667106594	5.618414974882482	-2.0711593135247557	0.04519370216350747	0.13037493809921025	-4.834944033165496
ENSMUSG00000056579	-0.1410066077263652	4.0287505372803984	-2.0755440460874572	0.04476372994913419	0.12950662169684513	-4.758114983181745
ENSMUSG00000024854	-0.25184539731682465	4.03811162775934	-2.076352712789937	0.04468482410578771	0.12934061081487397	-4.757503988821024
ENSMUSG00000028800	-0.14331209830741365	5.0704255220167935	-2.077429843127473	0.044579912331724154	0.12922368220035235	-4.819497674384211
ENSMUSG00000061559	-0.17778201099930246	5.295597010995823	-2.078001354331908	0.044524335301154	0.12918721913309242	-4.822893270655856
ENSMUSG00000027890	-0.32485341352228847	5.680142292805333	-2.078923072552395	0.04443483018313762	0.12905214817325952	-4.819210883523062
ENSMUSG00000055762	-0.18871159970998974	6.43021198381744	-2.079405819692258	0.04438801516447399	0.12905214817325952	-4.801624755676187
ENSMUSG00000026618	-0.15196205280665165	4.9381056653724515	-2.0826710660526966	0.044072498505878625	0.12843435670311573	-4.805111748576234
ENSMUSG00000068882	-0.13746517994785812	5.761246461309196	-2.083565341455668	0.0439864298876979	0.12824573371915413	-4.808903180581504
ENSMUSG00000059005	-0.17467487238120594	6.9568676348109	-2.0850834323921466	0.04384066056661425	0.1279692933573818	-4.771227041170073
ENSMUSG00000022898	-0.1366107684233011	4.829411078112196	-2.086348833361584	0.043719479168872345	0.12780509519628397	-4.793693943792241
ENSMUSG00000013663	-0.16467711120974915	5.432961389593151	-2.0867423186313547	0.043681856961751295	0.1277917616763211	-4.80705771588347
ENSMUSG00000078578	-0.12136560094002125	7.206155322026719	-2.087681584814476	0.04359216604488212	0.12765366752616797	-4.758155436355583
ENSMUSG00000064368	-0.37902212264112656	11.372581863559116	-2.08814252739825	0.04354820963404729	0.1275871241789323	-4.559378550477234
ENSMUSG00000022809	-0.22292315755341985	5.402591426438923	-2.089194508789287	0.043448036344929705	0.12748010273275517	-4.80236972328182
ENSMUSG00000034926	-0.24554351750956993	7.822381666180184	-2.0896622830353944	0.04340355831550243	0.12741181334531224	-4.729241034538724
ENSMUSG00000003438	-0.15517431125871628	5.887344664188876	-2.090074834242274	0.04336436433142363	0.12735897618158581	-4.794531236303264
ENSMUSG00000031877	-0.20162515328235475	4.518004697367949	-2.090949483603057	0.0432813720237628	0.1271773909490419	-4.767860776815262
ENSMUSG00000031511	-0.25582521064845043	3.869518409909421	-2.093448351034554	0.043045031894217864	0.12660675313380085	-4.708112814449336
ENSMUSG00000041375	-0.2380126961355673	4.835530493693038	-2.0954874326797763	0.04285301882935594	0.12610371701547493	-4.7765762328030235
ENSMUSG00000008090	-0.3228566244338955	5.033919318613455	-2.097049135490607	0.042706468333574915	0.12591912081278295	-4.781124592296495
ENSMUSG00000020694	-0.12865515573284814	4.091191246409726	-2.100162779741434	0.04241559774845954	0.12518434522126393	-4.71740642371569
ENSMUSG00000019960	-0.3222004655924753	4.809278634516323	-2.1001791847206177	0.042414069852285644	0.12518434522126393	-4.7664578591176685
ENSMUSG00000022314	-0.1461638985176874	5.24603715906038	-2.102199791280106	0.04222624813751206	0.12474804575138149	-4.776208186076104
ENSMUSG00000022906	-0.17115235351246572	5.326152575863562	-2.1025942032990317	0.04218967176202382	0.1247012974018697	-4.776399050750024
ENSMUSG00000024527	-0.15090009105304336	5.155206831378388	-2.104833446039298	0.0419825401419831	0.12433370316075724	-4.769510959654908
ENSMUSG00000060147	-0.2628840443555296	4.422024767011976	-2.1051948682637183	0.04194919231324797	0.12429620148437233	-4.734436650968677
ENSMUSG00000032382	-0.17331858733827055	4.812463387648425	-2.1057301179460293	0.04189984853301866	0.12421124313513031	-4.755994157429553
ENSMUSG00000041297	-0.2135477112098454	3.7837379214207054	-2.108190911585637	0.041673648674393236	0.12369825602769052	-4.671027451691085
ENSMUSG00000015120	-0.21220923214807375	6.355109712211776	-2.1085141860011793	0.041644012822440846	0.12369692192291006	-4.749047053753202
ENSMUSG00000032754	-0.4858845508473566	5.052422760324371	-2.1110866732831735	0.04140884314062249	0.12318105862970324	-4.754848919285997
ENSMUSG00000004789	-0.15437250693608373	7.587088422961087	-2.1156775764661497	0.04099205983840048	0.1221577202571025	-4.690435297503564
ENSMUSG00000011257	-0.18542388883043426	4.832660907635698	-2.1188046709726325	0.04071028788157449	0.12146381324745835	-4.731821550457512
ENSMUSG00000032000	-0.2610478114228165	4.205605247926096	-2.119437554043282	0.04065346903854859	0.12135454319554818	-4.690918335084598
ENSMUSG00000020072	-0.23077923475898476	7.680817279225018	-2.12083209230468	0.040528517082960555	0.12104167949876242	-4.676400871516477
ENSMUSG00000025017	-0.4897382221982438	4.329357630456035	-2.1216241070194855	0.04045770263844944	0.12101061978817455	-4.696486483549154
ENSMUSG00000004069	-0.12257194944679917	6.643066774630862	-2.1217146543633234	0.04044961370537722	0.12101061978817455	-4.7126504300221495
ENSMUSG00000024892	-0.1367842186097148	7.806937167403843	-2.122990032764248	0.040335830751215024	0.12088678652571126	-4.6663185929588415
ENSMUSG00000031353	-0.15333087843220294	5.864089996151429	-2.1240272856995377	0.04024350034430303	0.12067025627191463	-4.729872977971658
ENSMUSG00000021286	-0.1650214099699303	6.287832937403906	-2.1241053170918622	0.040236561972691154	0.12067025627191463	-4.721430382102781
ENSMUSG00000005034	-0.13260539602875898	4.710124801488358	-2.124737693377645	0.04018037143197873	0.1206615951697952	-4.714573485244117
ENSMUSG00000027690	-0.39352358595273884	7.032507909038305	-2.1248216939233133	0.040172912673079125	0.1206615951697952	-4.6927548715942695
ENSMUSG00000025544	-0.14807451135113947	6.738907879465005	-2.1269846429065464	0.039981275442491554	0.12032110599233711	-4.69891841717903
ENSMUSG00000032207	-0.2535869998745772	7.280925208930637	-2.128162065605097	0.03987729512185566	0.12023214570357785	-4.678228639807942
ENSMUSG00000037174	-0.1678698759381514	3.9360257985580076	-2.1297767822973803	0.039735084516909734	0.11992371816278785	-4.645403431158682
ENSMUSG00000027357	-0.2582753590696205	6.150507535236342	-2.1319921591933393	0.03954070101270103	0.11951713902682118	-4.71000293980825
ENSMUSG00000030161	-0.315156529215205	8.38643349776136	-2.133596133306683	0.03940048796550117	0.119282328708739	-4.618150447221884
ENSMUSG00000000686	-0.35528091991334154	4.825808356977284	-2.1343076874866393	0.0393384273786042	0.11920555225316824	-4.701632791832982
ENSMUSG00000031299	-0.18930403143525876	6.933646886314841	-2.1359687354273307	0.03919388923259942	0.11894751535287369	-4.674563103995208
ENSMUSG00000061032	-0.1640928808647102	6.49098687848998	-2.137706567282134	0.03904317172474151	0.1186699134516802	-4.687636956818479
ENSMUSG00000017718	-0.30678035237540247	5.886053616375462	-2.1390714384253022	0.03892515916373171	0.11854021058205534	-4.7004925557170605
ENSMUSG00000004364	-0.1467592002217062	5.924674800935876	-2.1397213383269698	0.03886907685693508	0.11850039717570923	-4.698692545744985
ENSMUSG00000024065	-0.2592919457141276	4.478134222074892	-2.140413205980844	0.03880945143707217	0.11837867699764806	-4.670369409925775
ENSMUSG00000022656	-0.15806991211651678	5.070546286262206	-2.1443131485700526	0.0384748618633487	0.11759686924560647	-4.691283035679067
ENSMUSG00000016481	-0.14001671663917303	5.244383357452089	-2.1456698103296143	0.03835906817714514	0.1173026161203385	-4.692435528763534
ENSMUSG00000030180	-0.21071067829455048	3.864275660962496	-2.1469100665310745	0.03825347953673141	0.11712060695682985	-4.604943024675347
ENSMUSG00000004655	-0.31843393632896877	5.225457837137934	-2.152057269979869	0.037818015491602915	0.11594308933114383	-4.67971250896308
ENSMUSG00000039145	-0.597043530790172	5.27945694315461	-2.1523356968531457	0.037794585485933535	0.11593040540325401	-4.679961126913433
ENSMUSG00000037679	-0.2085173439672392	5.0229396584264725	-2.153540940152918	0.03769331061013109	0.11573637750916162	-4.671896526917678
ENSMUSG00000017221	-0.15846211334819937	6.056905818618242	-2.1541427651189635	0.03764283003365583	0.11570115891163064	-4.668800211671022
ENSMUSG00000030987	-0.20883496231450582	4.267230828748646	-2.1560548519973586	0.037482842414917276	0.11544561766849713	-4.625173408313945
ENSMUSG00000015112	-0.20122610247815942	7.9470315818569235	-2.157727491210591	0.037343383444139525	0.1151932192586419	-4.59222630061671
ENSMUSG00000042032	-0.18480708992413852	5.237168328338742	-2.1590811731273045	0.03723085443554041	0.11496413376318722	-4.666213478962343
ENSMUSG00000031596	-0.47774745332041046	7.026389316051271	-2.1599553510914697	0.037158345263200936	0.11479922708821307	-4.624875032703262
ENSMUSG00000017677	-0.45775212463553583	4.622296863885403	-2.1622400623369353	0.036969428575445606	0.1143331427225181	-4.636948891544709
ENSMUSG00000032349	-0.3903918192915903	8.627602010358473	-2.163358477766359	0.03687726018621189	0.11416561383768534	-4.549566895599527
ENSMUSG00000069805	-0.21770961009222844	10.344569078428698	-2.1639855600436273	0.03682567153585859	0.11406467023658468	-4.463248874005858
ENSMUSG00000016024	-0.49782032969784407	6.144759224620041	-2.1719523533580802	0.03617580381709158	0.11210954364976963	-4.632367952637665
ENSMUSG00000028737	-0.16291054893022583	6.78169701269031	-2.173625982178	0.03604058137739243	0.11186356069047063	-4.6066765530159675
ENSMUSG00000030423	-0.2076391380570417	4.198446435217704	-2.1761933931299486	0.035834015756987074	0.11133743572064908	-4.580142957071034
ENSMUSG00000020321	-0.13518457500832604	9.65575106442871	-2.1768367647333204	0.03578241691707531	0.1112346317923981	-4.473368208212315
ENSMUSG00000040667	-0.12136515057072828	4.7621816398481585	-2.17759383289422	0.035721783920850896	0.11110362297121792	-4.614361561180338
ENSMUSG00000040370	-0.23095011574832647	5.917978339042574	-2.1806666032505007	0.035476622523103636	0.11040556211744754	-4.618859260178894
ENSMUSG00000063884	-0.21236171358741096	5.491973098072948	-2.1856260621512598	0.03508407921178465	0.10940333782232171	-4.615485182946122
ENSMUSG00000054648	-0.21276336389148875	3.658807373689597	-2.1890844254524318	0.03481263431526514	0.1086353849221803	-4.50072238140824
ENSMUSG00000030516	-0.22803550845528742	4.039616450170862	-2.189931684183232	0.03474641849311959	0.1085965910704206	-4.538480134584669
ENSMUSG00000012848	-0.21462803220073035	8.588852125474002	-2.1901913343965043	0.034726148446022974	0.1085965910704206	-4.498764087501178
ENSMUSG00000062480	-0.24760516437496172	6.848304272890284	-2.1945666627954896	0.03438615655278489	0.10761792433629395	-4.56306162648986
ENSMUSG00000021785	-0.13983154153228483	5.160392473559225	-2.1956540568656506	0.03430211897019784	0.10741085611876958	-4.592967339626106
ENSMUSG00000024222	-0.6820584618275358	5.01081388654916	-2.198635109206634	0.0340726680058438	0.10685942695569696	-4.582975862852878
ENSMUSG00000025607	-0.1665922606230188	4.493259964033407	-2.1997509966337185	0.03398712986711193	0.10670254094643447	-4.555181125916113
ENSMUSG00000030986	-0.15473793134157177	5.050949253060264	-2.1998637503362377	0.033978497379465754	0.10670254094643447	-4.581809852414164
ENSMUSG00000003031	-0.12709330260725515	3.730066066190229	-2.2021545063546513	0.033803537294849514	0.10634840607578572	-4.482673760501674
ENSMUSG00000027613	-0.18603987178443315	6.352336468248686	-2.203016992840542	0.0337378713632756	0.1062530760072972	-4.565024616258752
ENSMUSG00000020372	-0.19557042813686465	8.239965342429194	-2.2034740133974706	0.03370312181732271	0.1062530760072972	-4.488402680834637
ENSMUSG00000069835	-0.22354746495703415	3.8795920124678935	-2.206894949850837	0.0334440201201166	0.10560437041606971	-4.488975331033325
ENSMUSG00000032504	-0.14540889051684402	6.375370166410579	-2.2101471935178125	0.03319933958370526	0.10505257059425219	-4.550034166941288
ENSMUSG00000029597	-0.40857147149100204	7.507274023463427	-2.2120943055366693	0.03305361322126678	0.10464655524056483	-4.505578847049154
ENSMUSG00000030983	-0.13804721177232349	7.013798784055831	-2.212373601946957	0.033032756780924134	0.10463565392544709	-4.522104575733918
ENSMUSG00000042167	-0.17220600804110386	4.597557585954884	-2.212553727796804	0.03301931210845303	0.10463565392544709	-4.536342761437466
ENSMUSG00000057738	-0.21305836622982088	5.0075195990415455	-2.21459451504965	0.03286732666883202	0.1043867684741076	-4.551196871966731
ENSMUSG00000017428	-0.17945305260012656	6.936149365193814	-2.2181523452780945	0.032603849721050675	0.1037144166086784	-4.513213689544423
ENSMUSG00000056234	-0.31821413685292477	6.289593878435801	-2.2210045426228566	0.032393988733526786	0.10321075201472028	-4.531426522421286
ENSMUSG00000027940	-0.22625913599519176	6.98023367706194	-2.222227782756049	0.032304353563167444	0.1030344270494019	-4.503606089360918
ENSMUSG00000026820	-0.16801935229703613	3.7196236176820916	-2.222556135907376	0.032280330525975474	0.10301248334072577	-4.441091456508426
ENSMUSG00000015755	-0.26595955613379463	5.6083596121128485	-2.223039346270823	0.03224500673810588	0.10300916825586297	-4.540031349736826
ENSMUSG00000037710	-0.16950277345452847	7.168651481751051	-2.226975256357339	0.03195856297329413	0.10225719111103536	-4.488046029328727
ENSMUSG00000032435	-0.1787859810796113	3.7985463712954575	-2.227168394656208	0.03194456549638657	0.10225719111103536	-4.440275423593789
ENSMUSG00000002881	-0.225709750909453	6.20369938372154	-2.2292522458563333	0.031793887932569265	0.10200185402392349	-4.517502831960966
ENSMUSG00000021377	-0.21233168063189023	5.72582883422467	-2.2320582012215353	0.0315919980234128	0.10151674658967248	-4.519955029532408
ENSMUSG00000042506	-0.22616240349809846	4.816889586310486	-2.232987247212968	0.03152540503388556	0.10141121994037385	-4.507035775438549
ENSMUSG00000036528	-0.23996423827739166	3.789303169467997	-2.234447175586941	0.03142101187494676	0.10123799482925205	-4.424773384031709
ENSMUSG00000037938	-0.20802577172818504	3.800587036363258	-2.239546581391368	0.031058790614355822	0.1003939068325251	-4.415754271053567
ENSMUSG00000067873	-0.15794096221801723	4.1890144527123585	-2.2413690676423386	0.030930242270410576	0.1000860666682268	-4.450054286656217
ENSMUSG00000036503	-0.1749035529845484	7.0210033387399315	-2.2441803519160373	0.030732880524076838	0.09971067590050865	-4.458329915936924
ENSMUSG00000057421	-0.17495618055514672	4.140631526477673	-2.246077021281267	0.030600363736646694	0.09939328956405945	-4.436289965507224
ENSMUSG00000022312	-0.17813338253868505	8.04563530246111	-2.252240719959084	0.030173233720711908	0.0982481775977829	-4.400338435621986
ENSMUSG00000029169	-0.22787483393481622	5.400361973778308	-2.2529339644249515	0.030125528258981803	0.09816935971161694	-4.48148633911137
ENSMUSG00000028048	-0.14635284147000238	4.405402969897936	-2.2570530960797455	0.029843458520632863	0.09746159904917548	-4.434926340886676
ENSMUSG00000021660	-0.15834830043837744	7.700640149403173	-2.258934687496335	0.029715398219684993	0.09714898144836079	-4.403494159668918
ENSMUSG00000001833	-0.18330041077255288	5.367939589996008	-2.259318175164345	0.029689358558948623	0.09712090572770186	-4.468471571093189
ENSMUSG00000032902	-0.3488041150781127	3.880773966427174	-2.2613158690178583	0.029554040393437002	0.09683218578198634	-4.3802990691358294
ENSMUSG00000021012	-0.17177131498925569	5.477085581469801	-2.263029828556394	0.029438381445536517	0.09666406235313056	-4.460995534765497
ENSMUSG00000015357	-0.6655996479200228	6.935706944851253	-2.2643447683388955	0.029349923165006727	0.09647904173879947	-4.420537307051472
ENSMUSG00000001942	-0.22747000612184287	4.226523866692031	-2.2652459386830808	0.02928943725167197	0.09638566727562807	-4.405139633010697
ENSMUSG00000026926	-0.15721571191609218	6.063773362574836	-2.2654392523593048	0.029276476709474232	0.09638566727562807	-4.44761074899046
ENSMUSG00000021474	-0.19757629706589963	5.567092075451762	-2.2670268812314	0.02917022949113904	0.09615134888220214	-4.452147333641574
ENSMUSG00000024735	-0.17170748585393536	6.148447689012133	-2.267478757224496	0.02914005220130172	0.09610459587136227	-4.44188421129631
ENSMUSG00000002718	-0.1645294309281038	4.934675220149981	-2.2675336228769876	0.029136390052556495	0.09610459587136227	-4.442283531814519
ENSMUSG00000020123	-0.6668042483712004	3.7747352315525746	-2.268600690421952	0.029065247729765296	0.09606879736422423	-4.3545756716691795
ENSMUSG00000029003	-0.3912084439141763	4.545170219801061	-2.2699034130797364	0.028978604820552766	0.09583513283803058	-4.417989357879623
ENSMUSG00000022024	-0.15248305774577275	4.194337817969339	-2.271605996164978	0.028865716037891807	0.09551436545798012	-4.38955199482538
ENSMUSG00000052459	-0.1309347729041157	4.886110233050421	-2.2718778438081615	0.028847727824745574	0.09550743608754608	-4.431589576524653
ENSMUSG00000064365	-0.4749022098662099	6.481281223410826	-2.273253897849453	0.028756827904701753	0.09525897402389903	-4.4192599894835505
ENSMUSG00000025982	-0.159357578815575	6.25574077639727	-2.2751247340691987	0.028633654774562287	0.09499098090398703	-4.423578599462212
ENSMUSG00000024976	-0.1499588209688727	3.6693484273701977	-2.2768074471285744	0.028523271143685518	0.09475862242656383	-4.3266861693760905
ENSMUSG00000033629	-0.19972270740550524	6.566955870161629	-2.2773863790896787	0.028485382211618632	0.09472532468711475	-4.4075737002332085
ENSMUSG00000026295	-0.21649624489639496	7.502912238349738	-2.27887911280251	0.028387896231484785	0.0944672041479598	-4.3716221981726
ENSMUSG00000026335	-0.19561852084201092	4.1477516789605176	-2.279117041956731	0.028372385429982654	0.0944672041479598	-4.370191631277244
ENSMUSG00000023942	-0.21623642582203217	7.355123534838646	-2.2805306596244557	0.028280386939849786	0.09435693787982086	-4.373899363119323
ENSMUSG00000025176	-0.24226387233416613	7.703233664672027	-2.281334650390678	0.028228182374325884	0.09423508215962458	-4.358021774971568
ENSMUSG00000001127	-0.1327865873954277	5.735779109466727	-2.281432061923144	0.028221863135819213	0.09423508215962458	-4.420085484324684
ENSMUSG00000051346	-0.16234463757910955	4.6274237071809186	-2.2844410743641648	0.028027286984465903	0.09372062742885677	-4.393468382556838
ENSMUSG00000066232	-0.19200549917924992	5.29896697636243	-2.2844929452854243	0.02802394334577821	0.09372062742885677	-4.416838189045109
ENSMUSG00000001751	-0.18524790684184733	4.550613888584522	-2.285536360661553	0.027956759880201378	0.09369334641390412	-4.386566747027232
ENSMUSG00000042726	-0.2684790278607263	5.658151592532902	-2.285777973783658	0.027941223483789985	0.09369334641390412	-4.412655133754743
ENSMUSG00000037608	-0.23926606153414198	4.444177001941372	-2.287679378725774	0.027819227680980975	0.09333653776382729	-4.375404830931688
ENSMUSG00000079614	-0.12529845129582728	4.277620747150398	-2.2901453969755754	0.02766171709658777	0.09291182673750471	-4.358674627443149
ENSMUSG00000031402	-0.15384322108199555	5.489019059565962	-2.2914812494280694	0.027576727266742183	0.09267816227396743	-4.4030916433702245
ENSMUSG00000077450	-0.1673546146438536	5.064783407698559	-2.29168939597859	0.027563505638032008	0.09267816227396743	-4.397524156039557
ENSMUSG00000017837	-0.16996437698866718	4.1321551249791035	-2.294476312980306	0.0273870253392684	0.09224144639220522	-4.337498281112564
ENSMUSG00000020592	-0.3925837773975509	7.823885740775664	-2.297266831627324	0.027211333146941963	0.09175808130189352	-4.3198750594720625
ENSMUSG00000021957	-0.2414642824739719	6.617823474930568	-2.2997220511484056	0.02705758852289775	0.09149636996853831	-4.360090600950583
ENSMUSG00000006731	-0.19618308934121398	5.3277766080245685	-2.3004023742909787	0.02701512517969712	0.09140421576846847	-4.3845996527777125
ENSMUSG00000029369	-0.21478324849206487	6.953317157935634	-2.304380473805037	0.026768021634162423	0.09082385206080294	-4.338433200362179
ENSMUSG00000029148	-0.11820682852399056	5.800952930378343	-2.308067153807878	0.026540833591956487	0.0901548157456566	-4.364485252667013
ENSMUSG00000033107	-0.7574740659806478	6.31284705817512	-2.3083730914066707	0.026522058524411272	0.09014199642148604	-4.353837923819617
ENSMUSG00000030695	-0.2685951423820754	6.768028316715349	-2.309201439385049	0.026471283541499743	0.090020341143674	-4.335092206993636
ENSMUSG00000006699	-0.11457148808547757	6.65610912582386	-2.30955579363061	0.026449589478103393	0.090020341143674	-4.338497631442986
ENSMUSG00000063410	-0.2019184569285155	4.536930842132239	-2.3102661162104305	0.026406150619007845	0.08999323211795157	-4.335123652097112
ENSMUSG00000019961	-0.19718877153644065	4.990760410167823	-2.3116204165484624	0.02632350766332808	0.08977182607771761	-4.354341270373918
ENSMUSG00000002996	-0.3465718959115014	5.382464502099172	-2.3162481953400627	0.026042859304128904	0.08906746816079145	-4.3523987957327535
ENSMUSG00000013736	-0.1372455775820054	4.937720492915787	-2.3177764627830357	0.025950771005051426	0.08895503877316259	-4.339756674896005
ENSMUSG00000026970	-0.3532674240380782	5.133282174372327	-2.3216357017895337	0.02571952765016622	0.08841455471959314	-4.337866754460933
ENSMUSG00000022555	-0.1500809285312128	4.8226479723473075	-2.3253531720399683	0.025498532744114576	0.08785589636432597	-4.319462047954792
ENSMUSG00000018417	-0.24466164459381012	7.117298765956479	-2.3266549525322393	0.025421549653868582	0.08764090181875864	-4.287298339188302
ENSMUSG00000031985	-0.14193037867934155	5.845770479253027	-2.329487350023013	0.02525477277026642	0.08711591824140695	-4.3196477571716905
ENSMUSG00000029545	-0.13836664866512827	7.5483595734880184	-2.3298555498518096	0.02523316493721422	0.08711591824140695	-4.2653466456316025
ENSMUSG00000022790	-0.22134460073624496	4.28404701821148	-2.3312797152504934	0.02514974422492491	0.08692587632963614	-4.274713992853275
ENSMUSG00000039167	-0.3201114026241205	3.8518030326032733	-2.33442387790339	0.024966452659808083	0.0865186932138332	-4.228025663770158
ENSMUSG00000032290	-0.35478840208006535	4.251557788919401	-2.3378511450415194	0.02476802789823114	0.08593018454992547	-4.258579646416834
ENSMUSG00000022536	-0.17535537659470446	5.250342370822141	-2.340449917146334	0.02461851748603905	0.08560918493843092	-4.301138642942647
ENSMUSG00000002769	-0.3420622848031325	11.434868317928407	-2.340961403472389	0.02458918699413794	0.08555670217010705	-4.057383310504878
ENSMUSG00000027206	-0.144708464850984	5.987495751269339	-2.3420525566267836	0.024526721464905994	0.08543830103340297	-4.2916593918729875
ENSMUSG00000034109	-0.1345001305768152	5.3518971158116395	-2.345021181971428	0.024357498670893853	0.08489803336044151	-4.292704029611519
ENSMUSG00000037270	-0.2592530914345521	3.9858940380588073	-2.3459054923777325	0.024307293420049232	0.08477221483521523	-4.217735481054889
ENSMUSG00000026542	-0.7301734045916071	6.8092313852670925	-2.3490751783089623	0.024128105051180716	0.0841961575218031	-4.25121524043225
ENSMUSG00000021236	-0.20994432152418607	6.996456154773262	-2.3529023647500016	0.02391333424149115	0.08361631133226978	-4.236781509680485
ENSMUSG00000021559	-0.33244212871838474	5.108992203108886	-2.3540040330367034	0.023851832068635642	0.08347446645336724	-4.270162470958752
ENSMUSG00000016559	-0.22668562587758956	6.979791684854109	-2.3594206867623932	0.02355150977721528	0.08265634474420179	-4.223749777884911
ENSMUSG00000030557	-0.21111983474344287	3.8356112498127537	-2.362618719711408	0.02337580307020625	0.0821430096423462	-4.167835197103313
ENSMUSG00000027099	-0.14797695526564691	5.386708326549232	-2.3637884386465267	0.0233118322854146	0.08206256602405174	-4.253770046083683
ENSMUSG00000035150	-0.2911947221783544	5.293919913220336	-2.3662933747212045	0.02317537097268765	0.08172582404629114	-4.247850656444271
ENSMUSG00000005534	-0.18782839084141045	5.487028967157067	-2.366605583913506	0.02315841339901473	0.08172582404629114	-4.2477705630104
ENSMUSG00000057531	-0.1726003466767212	5.135929273966946	-2.368216303300993	0.02307110536803267	0.08150162972163921	-4.241133240789132
ENSMUSG00000018672	-0.19013837570826553	5.077275240511788	-2.3707414281271113	0.02293483060361459	0.08116336695943466	-4.234336968029941
ENSMUSG00000031007	-0.2047304595101913	5.131465153139754	-2.3715818971031326	0.02288963406114838	0.0810989452083966	-4.233979185308279
ENSMUSG00000033102	-0.3644102366761386	4.429470647181204	-2.375127617870213	0.022699845793832094	0.08052147188614939	-4.193651338648615
ENSMUSG00000005362	-0.451105034774816	4.2078825772150985	-2.3753074816251654	0.022690256399699585	0.08052147188614939	-4.176973801604919
ENSMUSG00000026896	-0.24795096641965975	3.9349532059116403	-2.3787627126148485	0.022506750635632903	0.08007286238574192	-4.14416979682648
ENSMUSG00000020263	-0.24234921415333677	4.835295158530135	-2.3796840065892315	0.022458048128529296	0.07994692606891739	-4.206870280167361
ENSMUSG00000005514	-0.5257938423762702	8.920146851065896	-2.382105060777605	0.0223305172671766	0.07954005824449567	-4.093673510510477
ENSMUSG00000030754	-0.19821268695872085	5.977660393280788	-2.384826326787161	0.022187954244446837	0.07907913229826871	-4.202393944137945
ENSMUSG00000063077	-0.3151105917875663	5.944454583776995	-2.3885762393754817	0.021992850283426416	0.07868320972283799	-4.194937076738281
ENSMUSG00000026880	-0.2517055250443345	5.180118201537677	-2.3900824755009844	0.021914920186890098	0.07847840012099082	-4.196138690561219
ENSMUSG00000038160	-0.15538093189246993	5.991916787847248	-2.3909719889366077	0.02186901566999379	0.07840746727982857	-4.189260895265713
ENSMUSG00000065979	-0.16103960076284007	5.773691666980105	-2.3937598191796563	0.021725708983039837	0.07794017031587247	-4.186546210385494
ENSMUSG00000029684	-0.15748994817868223	5.7207123243713935	-2.39515416847567	0.021654352567169313	0.07773058815777802	-4.184560177537242
ENSMUSG00000028517	-0.26151765040845376	5.97267320628531	-2.398531390408603	0.021482399962884393	0.07725179017173688	-4.173563303150919
ENSMUSG00000022685	-0.19858864470360693	3.9148693578122704	-2.3987294015173015	0.02147235660999305	0.07725179017173688	-4.100181778275796
ENSMUSG00000028223	-0.1842269827019818	7.534832012989558	-2.401652271161879	0.02132459890352833	0.0769144746766517	-4.115947755615618
ENSMUSG00000052253	-0.16492628792610464	3.7309891855217003	-2.403210966355345	0.021246180250179384	0.07672778473818591	-4.071771344806592
ENSMUSG00000085148	-0.38151275842609333	5.684143279864491	-2.4046568342824535	0.021173671552958427	0.07655390635482984	-4.1651475824026924
ENSMUSG00000027479	-0.1230017339685614	4.01732150331557	-2.4077941911589464	0.021017106731245207	0.07612525277158075	-4.091138072971267
ENSMUSG00000024997	-0.1590596800278794	6.737624431194887	-2.408399326161835	0.02098702934893733	0.07606215884062993	-4.129317610789043
ENSMUSG00000037999	-0.25380968080951094	3.6936072750841253	-2.4124026658835067	0.02078902939656557	0.07548113452807402	-4.0483674193125925
ENSMUSG00000028420	-0.17860923944448004	5.93521671958573	-2.418351046199583	0.020497955711222222	0.07451434716801834	-4.132055016667156
ENSMUSG00000022885	-0.40421236831489527	5.323522775997566	-2.421149248253876	0.020362312651549905	0.07415584043828083	-4.132390081219181
ENSMUSG00000005677	-0.3800868513694269	5.486918263715556	-2.4237174241679718	0.02023853707071078	0.07383932559678268	-4.127207866466323
ENSMUSG00000019838	-0.31567859572280366	5.905224297397332	-2.429047819405369	0.019983809620309708	0.07299860912367237	-4.1096882304618205
ENSMUSG00000003437	-0.16368683533086248	5.502068230263781	-2.429829839121608	0.019946684383328493	0.07290731536461126	-4.114095843407545
ENSMUSG00000028140	-0.17552007136874703	5.3282132718697754	-2.430441678456283	0.019917681864587665	0.07285517108823937	-4.112626184486556
ENSMUSG00000022463	-0.28194982061588014	5.283165314092873	-2.432528995777216	0.019819026247904752	0.07261739556320711	-4.107726405932654
ENSMUSG00000040385	-0.16161482165600027	7.091074847218593	-2.433511589992443	0.019772738334707038	0.07253625436706629	-4.063855424982571
ENSMUSG00000038371	-0.2690672543455723	4.003971857529552	-2.4358287594956187	0.019663969795270006	0.07218130390945478	-4.030293517295675
ENSMUSG00000020553	-0.29297573723711423	5.780122971146021	-2.436566414345317	0.01962945825377599	0.07209866420962097	-4.095526764875212
ENSMUSG00000064637	-0.3811023470351804	5.510375335748871	-2.437511191427985	0.019585336731336295	0.0719806045373699	-4.097631850842202
ENSMUSG00000043716	-0.18183697708406932	8.947262043831106	-2.4399346940379814	0.019472569554038362	0.07160995743587302	-3.970168463003393
ENSMUSG00000020003	-0.1801563443314178	5.11777988874289	-2.440462670289414	0.0194480808358328	0.0715636973316101	-4.087770785991995
ENSMUSG00000020456	-0.18038269008859054	6.56667278539999	-2.4424128527625535	0.019357869314138545	0.07127539014010939	-4.06325280728022
ENSMUSG00000031403	-0.21752072042456483	4.746899119078921	-2.4438386407644113	0.019292155965013293	0.07107698663014402	-4.066779325012604
ENSMUSG00000021025	-0.3333836993540942	5.152177718027839	-2.4464896899292707	0.0191705098977964	0.07071552730255283	-4.075658983640496
ENSMUSG00000024283	-0.14085128494261223	5.620538024822424	-2.446663266688369	0.019162569517770723	0.07071552730255283	-4.076719598610216
ENSMUSG00000040234	-0.15828203348587788	6.300654360123627	-2.4470814225609256	0.01914345298097329	0.07071552730255283	-4.063128006505278
ENSMUSG00000056167	-0.1462332243683444	3.869405513791999	-2.4508310445369608	0.01897280710328282	0.0704185286495531	-3.9848592401526215
ENSMUSG00000028066	-0.3117458366499193	4.742402891582501	-2.4515841692408715	0.01893869949228838	0.07033538025288064	-4.049957398241748
ENSMUSG00000025130	-0.2255771459205853	10.505601337217485	-2.4517213146599444	0.01893249443538526	0.07033538025288064	-3.868319870960439
ENSMUSG00000030663	-0.14700317625209625	5.820999318919737	-2.4525470807011467	0.018895172229728717	0.07030408045104636	-4.060622350965001
ENSMUSG00000025809	-0.14466246398270322	6.816991079519635	-2.455755762788085	0.018750783322183634	0.06995910691471648	-4.025434330456514
ENSMUSG00000025193	-0.1935012487010006	4.091817476798622	-2.4565042434430655	0.01871724676191716	0.06995910691471648	-3.994388136594049
ENSMUSG00000036257	-0.21755094221495686	6.253347779673248	-2.457428693682856	0.01867590097637921	0.06987763945645246	-4.042409566645647
ENSMUSG00000060450	-0.1664535695469338	4.904585382960596	-2.4582086332938684	0.018641083013619466	0.06979082107715849	-4.0427937079519936
ENSMUSG00000046079	-0.27710816627507917	4.542133234224733	-2.46161270825136	0.018489808928621298	0.06939741527300773	-4.017126777309731
ENSMUSG00000009654	-0.3893672759519542	3.934975047384471	-2.4616927831827367	0.018486263952974098	0.06939741527300773	-3.968140853790687
ENSMUSG00000058240	-0.19924547489591626	4.062781989699362	-2.462155432199067	0.0184657942484342	0.06939741527300773	-3.9795412562411383
ENSMUSG00000019868	-0.18082214062536783	4.000312351889891	-2.4629835285090262	0.018429206972556643	0.06934320895309509	-3.9717824331516254
ENSMUSG00000025580	-0.15808234638207086	5.980611571306403	-2.465171339463335	0.018332861383054698	0.06910078331137177	-4.031236269784252
ENSMUSG00000014349	-0.1383483698413781	3.8792849356370525	-2.4675824234398807	0.01822721454600295	0.06875538744942356	-3.949894312530801
ENSMUSG00000027752	-0.25521205951570103	3.7389803870460754	-2.4700967543034436	0.018117634266871345	0.06847098384253454	-3.9300264256258686
ENSMUSG00000029859	-0.24259949862003083	4.271668886072012	-2.4705296001407264	0.018098830483130404	0.06844296562185688	-3.9796738197028922
ENSMUSG00000031295	-0.38151409346845133	3.921856784137909	-2.474705021211532	0.01791835127342718	0.06784585557783486	-3.938820025427606
ENSMUSG00000020865	-0.4100998135217342	7.068948214103163	-2.4752117270622356	0.017896561205124673	0.06780607583959278	-3.9750418671392036
ENSMUSG00000036611	-0.46095319648605937	3.7664474139831436	-2.4753608634414674	0.017890152434130006	0.06780607583959278	-3.92155815940501
ENSMUSG00000008140	-0.16890325106170145	6.073328636978643	-2.475524841351345	0.017883108297377347	0.06780607583959278	-4.007512401105545
ENSMUSG00000024981	-0.2525288254611233	8.413925876703344	-2.4759048449219696	0.017866793874464028	0.06780607583959278	-3.916933531838699
ENSMUSG00000055730	-0.3112094931455154	8.648576869973366	-2.4780557109317938	0.01777470752682526	0.0676429496698499	-3.9019320040738803
ENSMUSG00000087590	-0.3352243423714585	4.239582704548158	-2.4782593198180196	0.01776601273469878	0.0676429496698499	-3.9604468158199646
ENSMUSG00000000340	-0.2199331366385877	7.325988004331799	-2.4790310407952054	0.017733092786753175	0.06757016775878238	-3.9584886856416013
ENSMUSG00000015023	-0.18554050863220972	4.823434446385239	-2.4837833532651183	0.017531591394192574	0.06688719535727185	-3.9842393237472358
ENSMUSG00000000278	-0.20962114475546656	4.631545497592213	-2.4849403996065025	0.017482848739490076	0.0667860381917329	-3.9721375875849754
ENSMUSG00000031134	-0.23642010502696387	3.887916320184607	-2.486348529212755	0.017423695402347773	0.06668725202083298	-3.910263712299084
ENSMUSG00000053012	-0.18595052730856754	6.240203820099627	-2.4868685480991166	0.01740189638650917	0.06664626857012976	-3.979222344127799
ENSMUSG00000112129	-0.19314270810677492	8.159087990642025	-2.498058809629672	0.01693878836933518	0.0652469098149584	-3.8805522678266264
ENSMUSG00000021900	-0.2675564769444909	5.538029408899268	-2.4987101026643113	0.016912184083397445	0.06521798713976086	-3.965354985439554
ENSMUSG00000106889	-0.5507866313843888	3.7710361367182954	-2.500373319154024	0.01684441724393751	0.06500841568325015	-3.867900917009539
ENSMUSG00000037149	-0.19616896660679917	5.429796063939993	-2.5021301801426175	0.016773104103049163	0.06481645180400156	-3.9584647926283396
ENSMUSG00000000131	-0.17502783369006725	4.747546121859946	-2.5022721069502616	0.016767355165920525	0.06481645180400156	-3.9406100655005702
ENSMUSG00000026229	-0.25076364323264233	6.69193345386985	-2.507558212507652	0.016554511002755287	0.0643441504628438	-3.9178523453444627
ENSMUSG00000032898	-0.6708856452219392	5.808790564018291	-2.5111720362926544	0.01641042379538809	0.06386673354047087	-3.9338367607202085
ENSMUSG00000028525	-0.4703214771578934	3.6952097997566002	-2.5124579832734475	0.016359428566831816	0.06370953095145326	-3.833644598052924
ENSMUSG00000046668	-0.196582577483162	4.608258104008956	-2.5125638131306554	0.016355238254098323	0.06370953095145326	-3.9106906359363642
ENSMUSG00000021583	-0.18809369241079033	5.993813161406925	-2.512753336451788	0.016347736564598182	0.06370953095145326	-3.9277948315958926
ENSMUSG00000002524	-0.16154415297293667	6.298718136068926	-2.5138957040138883	0.01630258603403444	0.06365317704906624	-3.918567999682115
ENSMUSG00000029059	-0.35922237768705934	5.274033871510183	-2.5202934465651996	0.01605182270168078	0.0628783589402867	-3.9178038922401663
ENSMUSG00000061315	-0.20532671764089283	6.37876524508579	-2.5204271480924594	0.016046619996822397	0.0628783589402867	-3.901503075277393
ENSMUSG00000004270	-0.27824410322208326	6.737391163073474	-2.520640818388661	0.01603830868021485	0.0628783589402867	-3.8876097908590754
ENSMUSG00000063358	-0.12197019440702217	6.521632494610525	-2.520750508707603	0.01603404349035386	0.0628783589402867	-3.8953836107460864
ENSMUSG00000043962	-0.26229351441827564	6.366275124371639	-2.5222673452467004	0.015975169126615642	0.06277442945826564	-3.89792788848823
ENSMUSG00000027404	-0.18599424512967833	5.776230332818487	-2.5223029762432683	0.015973788526488602	0.06277442945826564	-3.910023896461786
ENSMUSG00000042133	-0.17576816664955608	4.913194470798359	-2.5228551693957284	0.01595240654395536	0.06277442945826564	-3.9027707116807586
ENSMUSG00000004937	-0.1444524718675817	6.287651919376548	-2.524031643427441	0.015906938426309605	0.06263747903256514	-3.8967473542084705
ENSMUSG00000036023	-0.21743495472660612	3.6698532212023482	-2.527168574574649	0.01578628147513756	0.0622848098385434	-3.798824642483785
ENSMUSG00000025404	-0.2024534252790362	5.697753363046727	-2.52819727442016	0.015746896786744066	0.06227934960983133	-3.898515401625441
ENSMUSG00000022016	-0.25757422191976476	3.7961604163457316	-2.53474257474262	0.015498401757401187	0.06147917541578363	-3.7954784251772016
ENSMUSG00000030788	-0.22935023513503872	5.959450231474158	-2.5389379339606215	0.015341015393858334	0.06109315851242749	-3.870819274510019
ENSMUSG00000025132	-0.17823733496692906	5.660624242138298	-2.5391086500369964	0.015334642161494902	0.06109315851242749	-3.875189928392949
ENSMUSG00000041012	-0.24749880029440607	5.1766159664306715	-2.5412534437538796	0.015254778168477767	0.060907615956400596	-3.8701891304069873
ENSMUSG00000047446	-0.3209906564167042	4.517590153245853	-2.543249966674388	0.015180777549930179	0.06069280924652724	-3.8378429543757293
ENSMUSG00000018593	-0.22298167966088833	5.363149632567098	-2.545470601051369	0.015098856427795721	0.06040547821213348	-3.8632654402325555
ENSMUSG00000025085	-0.3827889921750671	3.959317427001118	-2.549336075829476	0.014957220652092259	0.05995859833116904	-3.7797914062501055
ENSMUSG00000022125	-0.19756444486374303	5.379830565079245	-2.5535850676902636	0.014802937009004702	0.05941940446700685	-3.845432743339294
ENSMUSG00000022992	-0.1720933095845627	4.140876183450989	-2.5540864002128543	0.014784829780442016	0.05938639181194925	-3.7864056772281787
ENSMUSG00000037580	-0.3062527847036849	6.2827862594980415	-2.5545293180639668	0.014768849270548008	0.059361883121553834	-3.8297770417982586
ENSMUSG00000017485	-0.17776003764723036	4.967574788811023	-2.5550697286624597	0.014749372649403385	0.05932327995332326	-3.8338746243342534
ENSMUSG00000029432	-0.24906292652716022	4.257828340050809	-2.5566284716350456	0.014693326670444715	0.0591374413681864	-3.7906302045152387
ENSMUSG00000020993	-0.12895520048198517	5.387719783076729	-2.559495537097428	0.014590748121002424	0.05884282245577421	-3.8323865724912825
ENSMUSG00000011831	-0.21214340080112404	7.062527411946066	-2.568703356047707	0.014265731680566813	0.05784263270480835	-3.7706215366437763
ENSMUSG00000024413	-0.4443889077723595	5.384307683833421	-2.576056379581855	0.014010968580747685	0.056848014991028255	-3.795624453269815
ENSMUSG00000008763	-0.17355729432100286	4.971898292165604	-2.578081847976736	0.013941528426664549	0.0567194612835662	-3.7829858415993387
ENSMUSG00000039018	-0.13447044918418172	4.692689608483338	-2.5818310712783243	0.013813824723159864	0.05627611712641873	-3.7626405356976176
ENSMUSG00000027067	-0.13918337551554316	5.642867395839675	-2.5856656737144474	0.013684324438235619	0.05586216409603113	-3.7723282001247944
ENSMUSG00000028251	-0.24821132785045386	4.156225859776824	-2.587018175567673	0.01363891499172475	0.055714643225883084	-3.714745018603311
ENSMUSG00000068921	-0.12384210824422759	5.348033107444452	-2.5952500625911514	0.013365505667437607	0.054746641823880414	-3.7526218924260095
ENSMUSG00000018574	-0.36013289909262536	7.79959665336045	-2.595382882671838	0.013361135828063805	0.054746641823880414	-3.6833951261020648
ENSMUSG00000030224	-0.14589013312933297	6.847045256334814	-2.6015892289334728	0.013158402302920622	0.05404568656066303	-3.704534346574013
ENSMUSG00000024712	-0.1898799594036813	5.85964634531872	-2.602048693324716	0.01314350664815037	0.05404568656066303	-3.732051595472492
ENSMUSG00000022234	-0.24165431098322987	7.5611645162235535	-2.6038705768150776	0.013084594372418466	0.05392683647727199	-3.6749469109256907
ENSMUSG00000025980	-0.24038722475183505	8.939715402374832	-2.6055630336525692	0.013030084839039726	0.053775947663317114	-3.608841776849507
ENSMUSG00000021650	-0.2073873255388463	4.451980054019542	-2.6063691461584053	0.013004195577422585	0.05370598709603596	-3.693492533056397
ENSMUSG00000032127	-0.22210944891789008	4.2544050213755	-2.6064846880956356	0.013000488688850507	0.05370598709603596	-3.6794521938386096
ENSMUSG00000020849	-0.14949012482342106	8.399701765802881	-2.6073943196934564	0.012971339239227988	0.05368097623176376	-3.628679988459509
ENSMUSG00000032279	-0.2552622265179636	4.766044507864514	-2.607904908206079	0.012955003608148805	0.05368097623176376	-3.707994226925542
ENSMUSG00000027774	-0.271649745934325	5.808532330205071	-2.608348722399824	0.012940819708616208	0.05366555253904403	-3.7186984785710666
ENSMUSG00000029767	-0.2207017916332168	6.139950415897681	-2.6085220113476493	0.012935285428769832	0.05366555253904403	-3.713310430055366
ENSMUSG00000027875	-0.2287321792639201	9.814554214588817	-2.610155258399668	0.01288323171790588	0.053500580091842734	-3.5561972383225116
ENSMUSG00000022971	-0.20444305969146725	4.9946449260926675	-2.6121453527265808	0.01282006525484374	0.05327508445114525	-3.7076319600123435
ENSMUSG00000040843	-0.15100725243368274	4.43000967726747	-2.6164027919950614	0.012685887895602462	0.05298516796786143	-3.6695643659807757
ENSMUSG00000003053	-0.5686832877493746	10.036241870737234	-2.6173101324654806	0.01265745973438538	0.05292879300203323	-3.5291665154019514
ENSMUSG00000021939	-0.20663816502371724	8.254676193738247	-2.6204166051619873	0.012560573261091083	0.052633531886956984	-3.605966926537572
ENSMUSG00000030108	-0.23204886591159646	7.737439441467147	-2.6204410219251195	0.01255981444786754	0.052633531886956984	-3.6301706530364393
ENSMUSG00000022110	-0.2363475393687482	7.768859904282476	-2.6225775856224605	0.012493578432886296	0.052462552622790884	-3.6239260987485817
ENSMUSG00000039637	-0.2855929503809924	4.013531595930176	-2.6250008179785596	0.012418844605300879	0.052258289379028704	-3.616586735607969
ENSMUSG00000017707	-0.23885150762817453	7.205710508981517	-2.6251113245407733	0.01241544635466111	0.052258289379028704	-3.6401125158002774
ENSMUSG00000058216	-0.3312585351080273	4.573742202504908	-2.6263293836703716	0.012378045807866037	0.052160890047262	-3.6562295133403655
ENSMUSG00000026712	-0.37875697369760175	3.785674831617942	-2.633248155129426	0.012167565865300541	0.05167130974176039	-3.5754157631125603
ENSMUSG00000031729	-0.16495626766824678	4.267920958625335	-2.6332490770832946	0.012167538039037248	0.05167130974176039	-3.620349287548366
ENSMUSG00000025858	-0.19610729791718384	5.152136938814627	-2.633412790264462	0.012162597803505482	0.05167130974176039	-3.6641098674247763
ENSMUSG00000028560	-0.2036769509696601	4.0933556164401095	-2.6356580589922203	0.012095030406627351	0.05160214967498777	-3.6000472866816806
ENSMUSG00000013997	-0.12169002436608256	5.976154082893937	-2.63588706553206	0.01208815833049688	0.05160214967498777	-3.6543577511910446
ENSMUSG00000034667	-0.17409878635548193	5.5511940749812805	-2.63842556907455	0.012012222985173198	0.05137469602697917	-3.655137277890782
ENSMUSG00000034435	-0.18793150309623208	4.4700591031425905	-2.6406377366869296	0.01194640817453933	0.0511660489813306	-3.61751918372043
ENSMUSG00000027998	-0.21411472904871953	4.519822251016786	-2.640661766815097	0.011945695075786028	0.0511660489813306	-3.620573350085526
ENSMUSG00000020078	-0.17102770027394776	5.164756816025939	-2.6500943991242965	0.011668790879542455	0.05019167100584868	-3.626619099010963
ENSMUSG00000024863	-0.25346920563355546	8.445743113118697	-2.6607845613239145	0.011362133616755237	0.04901296547242083	-3.5063993316886526
ENSMUSG00000039428	-0.1627456523580264	6.719562228586805	-2.6655480156974756	0.011227899511297022	0.04850355727058505	-3.564760578392043
ENSMUSG00000037536	-0.2135924455290379	4.148566766421219	-2.674488500863401	0.010979901740544423	0.04770030908144067	-3.516977695743695
ENSMUSG00000025068	-0.19087937850222225	7.211964540594509	-2.6758698013905424	0.01094204057471558	0.0476109499011339	-3.5249176391177466
ENSMUSG00000004558	-0.15401791630818806	11.154931383964383	-2.6902482973702733	0.010555029338940666	0.04612739730741415	-3.312547348332616
ENSMUSG00000021546	-0.2120127584792577	8.160733193456407	-2.6903593117757945	0.010552091133948676	0.04612739730741415	-3.4517830809961785
ENSMUSG00000042118	-0.19427839234794764	6.887783914646067	-2.6971734630164117	0.010373183091993922	0.045464957840839884	-3.4865700613692887
ENSMUSG00000019179	-0.246459295441654	7.9781157983237385	-2.6981527241317256	0.010347704060305432	0.04538638956085791	-3.442472603590183
ENSMUSG00000028423	-0.36016880977422794	5.02284409941494	-2.7087980964428624	0.010074437587880956	0.044480011363392115	-3.4887858579805573
ENSMUSG00000041777	-0.3066932765271946	3.5800132281908152	-2.709791047772269	0.010049292137033077	0.04440161503781747	-3.3797122280559964
ENSMUSG00000024580	-0.3521871124550495	3.974240362852294	-2.7108124766764594	0.01002348616060744	0.04435006264493089	-3.4176815280993895
ENSMUSG00000027342	-0.19615604851137114	5.4040352493962	-2.71100841758876	0.010018542814113084	0.04435006264493089	-3.49013077998448
ENSMUSG00000026398	-0.2041087474852219	5.383767633101168	-2.713530875479815	0.00995510558163245	0.044245731834341266	-3.4842604159057844
ENSMUSG00000026492	-0.26619176970642755	5.367472585319502	-2.7177364898258154	0.009850165189526788	0.04390923043313536	-3.474485481808564
ENSMUSG00000032607	-0.37099933096382465	5.969431253374696	-2.723619932860621	0.009705077554873135	0.04339122844288145	-3.453980682141284
ENSMUSG00000025533	-0.3368138233047624	9.41164474516089	-2.730315448944517	0.009542374233743853	0.042887155400573536	-3.3035138498831285
ENSMUSG00000016534	-0.19600502246007068	8.314238695420872	-2.7311671925887966	0.009521858823399655	0.042887155400573536	-3.3511238285718754
ENSMUSG00000046027	-0.21843940802902928	6.991531025502366	-2.7325615777101544	0.009488361392473917	0.04277236579698107	-3.4016200932060157
ENSMUSG00000023921	-0.20013062772255008	6.948113963840481	-2.73304887758414	0.009476680731725952	0.04277236579698107	-3.401906403228655
ENSMUSG00000026718	-0.208397518042013	3.9225959479311356	-2.737309923245693	0.009375109267513558	0.042484940866130444	-3.351570397806664
ENSMUSG00000059486	-0.21788905231215594	3.677858500735376	-2.7406161378655707	0.00929699491400752	0.042226487103757517	-3.3191091831807538
ENSMUSG00000036932	-0.2127623694791243	6.091126156262438	-2.745795703640931	0.00917583266712941	0.04183427807039502	-3.400814155026345
ENSMUSG00000042102	-0.19561608233242644	8.529064234283343	-2.7465890256990213	0.00915740490347178	0.04178196360285644	-3.3060785670436026
ENSMUSG00000023932	-0.2275653439984815	4.419361366853351	-2.747746356283314	0.009130583313503306	0.04169124250063933	-3.368834201530909
ENSMUSG00000036427	-0.3261671157929369	7.172351770676194	-2.7509750773165096	0.009056141340078904	0.04138701853128549	-3.353278600607137
ENSMUSG00000020097	-0.29649544956639406	5.825586866552167	-2.7579002598090048	0.008898369166137841	0.04078588887820159	-3.3764302083259508
ENSMUSG00000019373	-0.25788832949785334	5.8001588274492075	-2.758692256384576	0.008880489135195365	0.04073500703312134	-3.3749809028844435
ENSMUSG00000028381	-0.2757042882106706	4.3886149456918835	-2.7589705348383387	0.008874214674633184	0.04073500703312134	-3.3407154715361482
ENSMUSG00000030057	-0.18817529733007632	8.25905734911361	-2.7609653571269415	0.008829356968537191	0.04059239617738378	-3.2845309542074244
ENSMUSG00000019256	-0.3039732610686432	4.794445781612869	-2.76533266609311	0.008731883221912625	0.04020680941032411	-3.3490513151974084
ENSMUSG00000030737	-0.18957319480202095	6.6454010017073255	-2.7665638975671927	0.008704584604844693	0.04011184730867467	-3.334662039162523
ENSMUSG00000008429	-0.17437743831723562	3.906892822277758	-2.7668495968727203	0.008698261480813532	0.04011184730867467	-3.2814595950967527
ENSMUSG00000055932	-0.2455865904194261	4.089173803318195	-2.7668760124936993	0.008697677063358162	0.04011184730867467	-3.2986943124546593
ENSMUSG00000022871	-0.3109569665279235	8.979642715026786	-2.7706289674212212	0.008615016718466146	0.039821258047125434	-3.230389380754156
ENSMUSG00000023262	-0.21890463011841277	5.243861151355743	-2.778679529108385	0.008440156571286453	0.03922420791713867	-3.331609395060401
ENSMUSG00000026621	-0.17971706171054258	8.280714412795875	-2.78946807308332	0.008210997895865385	0.03824797391957759	-3.217060235513301
ENSMUSG00000031641	-0.2372463068211248	4.658024865159271	-2.795213463758869	0.008091335423551735	0.037807802923889876	-3.2724013605645674
ENSMUSG00000068039	-0.16956276683241533	7.703666080348706	-2.8000267045680594	0.007992338720915664	0.03749099404682453	-3.2189192272347715
ENSMUSG00000018446	-0.14815957774808908	6.245800006808484	-2.8050371875337743	0.00789048378043746	0.03714595775270233	-3.2587298353200236
ENSMUSG00000034522	-0.3658298162947382	5.5541244095970494	-2.805460181116218	0.007881940566603785	0.03714595775270233	-3.2693748425655556
ENSMUSG00000059714	-0.36397256006070844	5.4728471812580555	-2.809907276721894	0.00779264226312066	0.03678396493251535	-3.259493043383477
ENSMUSG00000063524	-0.33222666715778004	9.421267635475095	-2.81145785237969	0.007761728670352217	0.036666845581876155	-3.1142519583730466
ENSMUSG00000054889	-0.32343319283966077	3.6361659069434484	-2.8144049833144464	0.0077032868227961005	0.036448071274158875	-3.142544534494722
ENSMUSG00000028185	-0.20011127457961297	4.071884282128421	-2.8156442142543283	0.007678835415501113	0.03636101025354309	-3.182800325206915
ENSMUSG00000028199	-0.24410388221870338	6.409175433844657	-2.834548272881334	0.007314691295111181	0.03496736674011383	-3.183523825095155
ENSMUSG00000017774	-0.3150905005999336	4.625313370150142	-2.8366510274746943	0.00727519718828146	0.03480625788565549	-3.172783281506556
ENSMUSG00000026977	-0.24495266986023	4.236842015508127	-2.8376540028702184	0.007256429369632126	0.03474413074272466	-3.1449726316766675
ENSMUSG00000021552	-0.23018160067118387	4.1081782411998065	-2.8390617505828732	0.007230163567019292	0.034673625597940086	-3.1307209945762855
ENSMUSG00000042323	-0.2117933000782708	3.8400076516717236	-2.8426254673925238	0.007164067571312836	0.034411576367720895	-3.096762626120828
ENSMUSG00000009907	-0.19075514646969616	5.399131147043854	-2.8428982727739456	0.007159031171616512	0.034411576367720895	-3.1814545045949982
ENSMUSG00000024604	-0.18552462106968548	4.116715173307522	-2.843951883122866	0.007139610935959189	0.03434901690486691	-3.119888168666103
ENSMUSG00000038520	-0.31113715660096997	4.589690912865027	-2.844700542570911	0.007125841469995128	0.03431024150096212	-3.151615213855945
ENSMUSG00000038084	-0.19211551804480376	5.638182946585941	-2.8566426275454515	0.006909524554970531	0.03351035758742366	-3.1469050283801137
ENSMUSG00000085923	-0.394013574973346	3.7050806033892223	-2.8577716516070693	0.006889394025845064	0.03349382581011569	-3.0471460671004467
ENSMUSG00000021171	-0.1750149996590551	4.080332605874936	-2.8583255741403413	0.006879537612755281	0.0334729890810093	-3.082451117008721
ENSMUSG00000016256	-0.31244068604110353	7.341253489165213	-2.8595915583566165	0.006857060305935948	0.03340306694306224	-3.092258440859433
ENSMUSG00000022884	-0.253890150327825	8.592933929683504	-2.862419700356855	0.006807094726821448	0.03322813339843224	-3.0313238947897974
ENSMUSG00000032883	-0.3997714822308325	4.818770752558172	-2.8678067651579204	0.006712859550806271	0.03287495765345957	-3.1081508211291236
ENSMUSG00000006494	-0.4089481570069333	6.3076595758223934	-2.868213179918392	0.006705799870129121	0.03287495765345957	-3.106949184088899
ENSMUSG00000021273	-0.4871569905568185	6.365592108724248	-2.868692615647823	0.006697480688594079	0.03287495765345957	-3.1038426675318567
ENSMUSG00000021048	-0.23214573581367492	7.859451879178966	-2.8707364169817624	0.006662124665101818	0.03273320287211515	-3.044357788467001
ENSMUSG00000025350	-0.2990477060392691	4.118397145219384	-2.871955276315682	0.006641122545621381	0.03265671471083378	-3.053372756009333
ENSMUSG00000074207	-0.2593765062205353	11.247380477918437	-2.880671038957656	0.006492735370554241	0.03213743561916016	-2.8654653944885946
ENSMUSG00000029833	-0.577246582224455	4.216973889680297	-2.8834534921248776	0.006446020323496671	0.031932511231567595	-3.03427411290493
ENSMUSG00000038462	-0.1739957019237499	7.91797468265681	-2.885393611197885	0.006413633558522166	0.03182862700435747	-3.0065683543804558
ENSMUSG00000021336	-0.49483520154716043	3.846775143707525	-2.88705157454411	0.00638607753688456	0.03176650655557891	-2.9915975159519523
ENSMUSG00000028108	-0.3131209792466736	6.971932879289512	-2.8889407449021682	0.006354813761085012	0.03166341284441114	-3.033762808406497
ENSMUSG00000025815	-0.38382695137187817	5.135182641508389	-2.8905567168612887	0.00632818480773357	0.03155689834827471	-3.0642585455543343
ENSMUSG00000032563	-0.2943280283802272	4.6310424407906225	-2.891765068190106	0.006308341126044253	0.03148407128438531	-3.0415779762694832
ENSMUSG00000028245	-0.21370318783070186	4.119641810107134	-2.896758855651016	0.006226948466225669	0.031207450653502954	-2.994087581989717
ENSMUSG00000014353	-0.2837166121558643	4.024827972285276	-2.910615895018046	0.00600621368475669	0.030277968147401805	-2.9521536721013657
ENSMUSG00000029598	-0.22701801973995916	4.7447199585825075	-2.9126597124005067	0.005974283815380265	0.030142293406062146	-2.997155468510742
ENSMUSG00000021981	-0.15408625156125666	6.076514121803258	-2.912956082321796	0.0059696669487744256	0.030142293406062146	-3.0051563302642483
ENSMUSG00000037262	-0.2671621181420556	4.093875672726255	-2.915123271521849	0.0059360077910211575	0.03002480708438227	-2.9476019050373328
ENSMUSG00000034620	-0.218786871241492	4.23537949417764	-2.915509408564425	0.005930029291581075	0.03001983657380849	-2.9586902376630384
ENSMUSG00000052337	-0.21018633651056007	6.237707377622684	-2.9160912453600623	0.00592103145598877	0.03001983657380849	-2.9940793457972243
ENSMUSG00000032388	-0.24679735822496518	4.5139772430373295	-2.9161455589072562	0.005920192175246587	0.03001983657380849	-2.9759613170418353
ENSMUSG00000031696	-0.24572831879181312	6.3229486246404125	-2.916640357326858	0.005912551427475193	0.03001983657380849	-2.990131064999744
ENSMUSG00000028104	-0.2769960423736424	3.670813164301152	-2.9210482139417855	0.005844891264313201	0.029941987729972742	-2.8921163508323504
ENSMUSG00000026034	-0.35503723967209044	5.758183200053571	-2.9250225162519063	0.005784508772449891	0.0297360520049742	-2.9805755385759114
ENSMUSG00000044393	-0.27868785538547414	5.3875612956748435	-2.926759502324091	0.005758302373075972	0.029700977647908595	-2.9802496917233587
ENSMUSG00000037254	-0.283626671818741	9.53660907262231	-2.927463902756127	0.0057477066345869125	0.02969660187564324	-2.8326296985462105
ENSMUSG00000020111	-0.2885596066147116	4.516563072984281	-2.9324799344740806	0.005672781255920613	0.029385984971402556	-2.9366288899839885
ENSMUSG00000027177	-0.21189947924661112	5.2905645796074126	-2.9359691763301288	0.005621202955436883	0.029143924554978627	-2.9572354007247266
ENSMUSG00000024259	-0.18158644444759986	3.8148826949430132	-2.941989314959779	0.0055332453193407604	0.028787247726336476	-2.856125524668744
ENSMUSG00000008892	-0.14162628108892683	5.98924276252598	-2.9440356278561643	0.005503642705623579	0.028658049409091932	-2.9311823801654393
ENSMUSG00000026946	-0.3000588854333355	4.886905009722607	-2.9458845505951756	0.005477023437412839	0.028544175052397005	-2.9227917658584803
ENSMUSG00000019232	-0.6627307779286955	6.946929671616147	-2.9460980115398847	0.00547395799267358	0.028544175052397005	-2.8966208782644296
ENSMUSG00000079563	-0.2794262379069634	6.209176879720227	-2.9469767528942796	0.005461355613782513	0.02851197730948664	-2.920017832243958
ENSMUSG00000035936	-0.23372569531279064	3.8174604976828412	-2.9481453351621387	0.005444638682696602	0.02844942073419468	-2.841458880667077
ENSMUSG00000028710	-0.22593682887319	3.8814014198722537	-2.952152621205252	0.005387677160947924	0.02820082932067602	-2.838029994392126
ENSMUSG00000005547	-0.9815499201843831	10.235480958372934	-2.9536416786750945	0.005366653865480941	0.028189006186778824	-2.735759218129893
ENSMUSG00000020720	-0.19227293928753575	5.94219817825474	-2.955857799455248	0.0053355080424392605	0.02809553984244453	-2.9030275769272604
ENSMUSG00000029416	-0.33943852963297694	4.67792124595408	-2.9570613701346518	0.005318663991936894	0.028034957831183156	-2.8862162693118036
ENSMUSG00000019970	-0.5617927024084608	4.463911409060792	-2.9645450042583428	0.005215045236826062	0.02765861149875358	-2.8554840070694096
ENSMUSG00000023456	-0.25902231721157065	9.03431333704767	-2.9651743452008676	0.005206418324056418	0.02763725062655037	-2.764785785608516
ENSMUSG00000022332	-0.2345548079082862	4.294666971342352	-2.969328691999573	0.005149806551234026	0.02738512174014625	-2.8326167115650165
ENSMUSG00000026170	-0.18696120259672888	9.20883842976221	-2.9704994767416646	0.005133956880061557	0.02732501939086793	-2.7438897998874587
ENSMUSG00000044475	-0.2001028934536615	3.803823833200548	-2.9707992541428583	0.0051299059746766525	0.02732501939086793	-2.7850294294289952
ENSMUSG00000000563	-0.23453785508578662	8.660189191997961	-2.9708873069353374	0.00512871668402732	0.02732501939086793	-2.767286922527659
ENSMUSG00000005951	-0.20861734479934135	4.790858415029771	-2.9710131916198783	0.005127016864385733	0.02732501939086793	-2.857584379129947
ENSMUSG00000038861	-0.25063766467770154	4.260151786318505	-2.9716739908438345	0.005118102776806745	0.02732501939086793	-2.8243427785685604
ENSMUSG00000028093	-0.2163738020322219	5.063799813087791	-2.972484947417967	0.0051071829876688565	0.02732501939086793	-2.8639283778847657
ENSMUSG00000022235	-0.2889725082533303	8.249424521189336	-2.9733177081423983	0.005095992381424275	0.02732501939086793	-2.778968615162679
ENSMUSG00000034867	-0.23251394194544872	4.628202809160359	-2.976583895117814	0.005052323492468655	0.027179419754918666	-2.8358956478658737
ENSMUSG00000028869	-0.24560400544892858	5.328125130795205	-2.983558555895797	0.004960246906658955	0.02677998532085684	-2.8415689297910216
ENSMUSG00000030662	-0.23788243863357472	4.337627755977503	-2.9842036829438516	0.004951810378996867	0.026758478927510945	-2.7992699206893725
ENSMUSG00000025781	-0.22047011270960404	8.54508629673822	-2.985779276790754	0.0049312625162246555	0.02671952791703693	-2.7358398789932394
ENSMUSG00000003813	-0.2689464872641256	5.736493429497054	-2.994902314949337	0.004813853117821412	0.026296766713626244	-2.8106056602028264
ENSMUSG00000039202	-0.5951978445511608	3.962265748134292	-2.9951459182647038	0.0048107543890217215	0.026296766713626244	-2.7409206115746825
ENSMUSG00000083282	-0.25120582288706617	3.923126533142091	-2.9965538448456477	0.004792881742594975	0.026277761305887957	-2.733746208340806
ENSMUSG00000009291	-0.2306492674423044	8.55750054863461	-2.997468200488741	0.004781308108343297	0.02623824696167568	-2.7067186338087863
ENSMUSG00000033307	-0.3944444146193735	7.4940437142777885	-2.9987282155745847	0.0047654022943554265	0.026174865070184423	-2.750250347368101
ENSMUSG00000026305	-0.2241115919009884	4.987876379583726	-3.0013466109461793	0.004732508022862905	0.026041795521413183	-2.790863547238583
ENSMUSG00000020782	-0.3041748040363341	5.207694968546686	-3.0055698334710566	0.0046799025013538435	0.025799572596913067	-2.78599763775306
ENSMUSG00000052738	-0.21730324430862957	7.957749840733572	-3.0106915173497577	0.004616843856552263	0.02557384895665433	-2.700682422289458
ENSMUSG00000082127	-0.37658583298353765	4.334369077126644	-3.0118457331613318	0.004602743898663149	0.025538216146876142	-2.7312044866156953
ENSMUSG00000029528	-0.2316966814763486	4.803678373962865	-3.012755451086454	0.004591659315440714	0.025500259543884702	-2.7557468123870485
ENSMUSG00000026568	-0.26489505336439834	6.922238492568567	-3.012922881724782	0.004589621973938592	0.025500259543884702	-2.734015958047454
ENSMUSG00000050931	-0.39271750652677895	5.326123789938483	-3.014112389585658	0.00457517220061422	0.025455749771750788	-2.766463862366483
ENSMUSG00000008976	-0.26953759416024337	5.220521954131641	-3.015272155985782	0.004561124963234616	0.025419596042419307	-2.7623135528916754
ENSMUSG00000027109	-0.17562548902177078	4.692459027386122	-3.018514817699554	0.004522064620624331	0.025230349401422103	-2.7363641531789593
ENSMUSG00000026626	-0.21645038189835475	7.524029509346179	-3.0329143195774884	0.00435238632584399	0.02451123658106517	-2.6649156390972477
ENSMUSG00000038446	-0.2870807620679239	4.009250051664647	-3.041097260872203	0.004258653627112101	0.024073612084023158	-2.6321947267901216
ENSMUSG00000021340	-0.450246740856854	6.968906789348723	-3.043715600778992	0.004229065548207489	0.023928865234631638	-2.656455815041225
ENSMUSG00000021178	-0.18060026822178354	7.515011780524911	-3.043835998928503	0.004227709682322907	0.023928865234631638	-2.6382535799384588
ENSMUSG00000031095	-0.27170964921182206	3.8120968337660552	-3.0442898547504633	0.004222602260483812	0.023928865234631638	-2.605396419895924
ENSMUSG00000028029	-0.28216920611679797	5.312592024794179	-3.0447364411579967	0.004217582323119542	0.023928865234631638	-2.6906211906932462
ENSMUSG00000060739	-0.14683039657818675	5.042611963036111	-3.045999534268408	0.0042034147362424255	0.023896233822214508	-2.6823049902598317
ENSMUSG00000029176	-0.2584347422005431	4.434030563309327	-3.0510108930056226	0.004147645440526324	0.02364630118797218	-2.64093616846909
ENSMUSG00000071856	-0.47451220157091223	4.124335034003736	-3.0539280162141327	0.004115504108199253	0.02348534110747323	-2.610782018601471
ENSMUSG00000006715	-0.4372653164619331	3.9434681663616242	-3.05726998128773	0.00407897058742904	0.023311628301703746	-2.585954778481355
ENSMUSG00000036438	-0.19690489489347396	7.412184238821964	-3.061086388169939	0.004037624830223371	0.023195112432898887	-2.5992948526072954
ENSMUSG00000031590	-0.2322975852071023	4.384091386307924	-3.061529460241277	0.004032850427680001	0.02318985475591304	-2.611609198819419
ENSMUSG00000032252	-0.3181811597651416	3.845359338329071	-3.067062464807333	0.003973675448686768	0.022893399588838723	-2.5521998951407054
ENSMUSG00000040774	-0.20841350877155662	5.9339432604934155	-3.0707299371029593	0.003934904825323837	0.022724537781128477	-2.620050736642975
ENSMUSG00000000171	-0.24984869424104073	7.870603594516095	-3.0711345614614447	0.003930649284965069	0.022724537781128477	-2.5552505460004715
ENSMUSG00000054405	-0.18098998775549457	5.581538186130778	-3.072405574131464	0.003917309953020372	0.02269924349826366	-2.6213181174610813
ENSMUSG00000031878	-0.254135045723932	4.6574420726468615	-3.0744082248843214	0.0038963787351032	0.022599748860265566	-2.595923900177265
ENSMUSG00000044749	-0.46563976755461134	6.315324591281413	-3.0763704317101346	0.003875972679162824	0.022539865654484015	-2.5981976657057615
ENSMUSG00000033918	-0.17486770100799198	5.517957895560806	-3.0771514822936177	0.0038678782213454996	0.022521395573706502	-2.61013782271493
ENSMUSG00000028076	-0.2187921543304885	8.103492444852783	-3.0831943528120953	0.0038057899737175627	0.022246101120689525	-2.514522917836479
ENSMUSG00000044005	-0.30478699747910554	8.787699677945323	-3.0859366058701516	0.0037779259483039884	0.02211349482073581	-2.478370629173435
ENSMUSG00000061455	-0.22017549266228542	4.291969083442324	-3.086257464775353	0.0037746783243287146	0.02211349482073581	-2.5437468625461825
ENSMUSG00000034484	-0.25898298072190507	5.162644691924981	-3.086729802413896	0.0037699022829493813	0.02211349482073581	-2.5838284201733943
ENSMUSG00000026272	-0.47274916788420995	8.243490780846109	-3.088707326647267	0.0037499684642693246	0.022048493641677467	-2.494571024059069
ENSMUSG00000062270	-0.3073734572284721	6.799769983476216	-3.089879946955639	0.003738195304836331	0.02202236822231521	-2.5471990231611032
ENSMUSG00000029106	-0.2596619548128256	4.60863523710128	-3.0936981045845626	0.003700102362332986	0.021862256730834723	-2.5450580837885663
ENSMUSG00000029513	-0.2765244202759263	5.064375270179332	-3.0945391903903086	0.0036917604742242884	0.02185594944789532	-2.5619290747784254
ENSMUSG00000052997	-0.15964998268578334	5.585309885458009	-3.1005821853635527	0.0036323465768704354	0.021567955118986605	-2.550808736404184
ENSMUSG00000049354	-0.3108877379339843	3.8598510070060343	-3.1019352366285493	0.0036191679730222916	0.021510959792177004	-2.466658730126632
ENSMUSG00000061111	-0.21891879369032186	4.034653867610071	-3.1028990079733485	0.0036098085006677893	0.021501940717221293	-2.480729796537723
ENSMUSG00000022551	-0.17154045200617674	8.288657576626838	-3.108351999620495	0.003557282412651715	0.021290547826318878	-2.4435060955772023
ENSMUSG00000028478	-0.23199316315677	6.717125837475784	-3.1087480860130143	0.0035534953890501704	0.021289086533202866	-2.5028180643025326
ENSMUSG00000028809	-0.329561958394204	5.368110157416431	-3.1111696594312637	0.0035304252487313842	0.02117198135691306	-2.5251544238586465
ENSMUSG00000040785	-0.28991301543734416	3.9499442598529604	-3.116951410701534	0.0034759144996403366	0.020949619085595568	-2.437635781825045
ENSMUSG00000041426	-0.2881145940964247	6.568553315800009	-3.122546331438158	0.003423923964090273	0.02071939486426833	-2.4734301887434667
ENSMUSG00000069874	-0.677364422839942	4.155088957980199	-3.1233333595422397	0.003416669846779087	0.020696339827918887	-2.4400878885034603
ENSMUSG00000025791	-0.1933689020650995	6.773646748150047	-3.1247766506087307	0.0034034046610159742	0.0206576349576212	-2.460564904831548
ENSMUSG00000032372	-0.31081977168163544	5.140515406766864	-3.1254892742057363	0.0033968729747738823	0.0206576349576212	-2.4860881711278955
ENSMUSG00000000838	-0.21324341725709095	3.7981472934500506	-3.12559953987736	0.003395863374313676	0.0206576349576212	-2.401308836939908
ENSMUSG00000030560	-0.35735261838427146	6.131219379850486	-3.1304338362931166	0.003351878313550112	0.02048187703194475	-2.467445791327644
ENSMUSG00000035958	-0.34670899755186646	4.898696386734182	-3.1380253013920663	0.0032838937406616158	0.020197459045686438	-2.4471206853423704
ENSMUSG00000040296	-0.3834232240498423	4.386736980111503	-3.1412435474337137	0.0032554689286574167	0.02006370542800248	-2.4120925623373735
ENSMUSG00000031948	-0.20373762152940067	5.651218323316927	-3.149183243955032	0.0031863356560572617	0.019698241725563875	-2.4274136286720873
ENSMUSG00000026368	-0.36374327440208365	7.69989549503999	-3.149962331434801	0.003179627352925709	0.01967701417479978	-2.365272657740343
ENSMUSG00000032064	-0.5181109975848299	3.7106059615623046	-3.151600053454679	0.003165569409031974	0.019630450545792707	-2.3271412054057317
ENSMUSG00000025862	-0.2363601233403978	5.0637737846081565	-3.1538134620863234	0.0031466634154311258	0.019533368247237226	-2.4126414554832634
ENSMUSG00000025609	-0.18709317433955253	4.990524773481971	-3.1542354675236375	0.0031430709893932583	0.019531244648670204	-2.4093700580966555
ENSMUSG00000020612	-0.16580588183550127	6.876548518218486	-3.155404301443515	0.0031331412773667276	0.019489695585607314	-2.3797657026799026
ENSMUSG00000078452	-0.7876575367631622	4.124412024722519	-3.1568018113240313	0.003121307889216894	0.019456368367535597	-2.3530517841104697
ENSMUSG00000058756	-0.4426670325850415	4.022648366625108	-3.1577588510964185	0.003113228619701759	0.019426158645677954	-2.3415747521349415
ENSMUSG00000007038	-0.3180851466353163	4.447109852659174	-3.158150015160962	0.003109932146099318	0.01942576119117547	-2.3731766535672723
ENSMUSG00000024331	-0.4989499332140208	4.15632966930127	-3.1607256605534264	0.0030883087618629227	0.019371239405046245	-2.3458541302630485
ENSMUSG00000058793	-0.28350206007111556	5.387933461855456	-3.1625757203665192	0.003072864926333542	0.01931068324402824	-2.395456856447579
ENSMUSG00000058638	-0.21360235464271415	4.884337471058662	-3.1635256622151053	0.00306496352183896	0.01928519979343488	-2.382050347575431
ENSMUSG00000028894	-0.21444388408038506	5.227656325170222	-3.16661125902457	0.0030394308848584084	0.019184811120918254	-2.3836949398639184
ENSMUSG00000031782	-0.1967755543443248	7.794899223907519	-3.1684379773412443	0.0030244103532059926	0.019110075512528715	-2.3143509970977316
ENSMUSG00000074272	-0.31799067141837956	6.498348883276572	-3.169266802857349	0.003017618415682556	0.01908723058930156	-2.35790817539651
ENSMUSG00000037656	-0.2321054623143466	5.917227344448621	-3.1711199520016633	0.00300248478032673	0.019011518487864403	-2.367622264089295
ENSMUSG00000028383	-0.39433419169389783	6.151112149420285	-3.1750159331050005	0.0029709028481145782	0.01885127266559715	-2.3541884899951127
ENSMUSG00000039849	-0.26169044204171144	4.08267080464105	-3.17725823888221	0.0029528691868277806	0.018756650046139675	-2.2975569234613538
ENSMUSG00000026234	-0.2709064591476036	6.438221520648821	-3.177384398271056	0.0029518576458794285	0.018756650046139675	-2.339476670906774
ENSMUSG00000030096	-0.38460467439679924	6.941519036651018	-3.1832200362888226	0.002905425314379678	0.01857159926757883	-2.3070687631808786
ENSMUSG00000078853	-0.863897706886732	4.33443638950158	-3.186912722593833	0.0028764026317486704	0.018407138886238295	-2.2929087288976
ENSMUSG00000026878	-0.14394430623051058	7.020363010429656	-3.187671870945371	0.002870470288842601	0.018392427381228958	-2.293268493496928
ENSMUSG00000060679	-0.30140795327016434	4.350098857344135	-3.188265466995665	0.002865839739526038	0.018392427381228958	-2.2905115094398703
ENSMUSG00000058655	-0.3181198744344256	7.475659634054913	-3.188733327601707	0.002862195028616439	0.018392427381228958	-2.2759585839161565
ENSMUSG00000031443	-0.2019841282825503	5.958383686668901	-3.1943335726649704	0.002818908257212949	0.01817469926780323	-2.3080090398088293
ENSMUSG00000031980	-0.32073880985387504	8.488375007690129	-3.1987062095205845	0.002785542952845836	0.017995416751543824	-2.206910424295746
ENSMUSG00000026411	-0.32077055544614286	4.331503876592335	-3.1996508069335072	0.002778384631614306	0.01797930567887331	-2.2602591827972933
ENSMUSG00000050017	-0.24345649285553161	5.506569035278208	-3.2001699214124835	0.0027744581325602935	0.01797930567887331	-2.299553113632454
ENSMUSG00000032359	-0.2593163389742159	8.393649123456456	-3.2004086318163685	0.002772654333946711	0.01797930567887331	-2.2065440165961423
ENSMUSG00000025479	-0.4669504852549604	12.788414209880818	-3.2024208833941277	0.002757493083852001	0.01791327128742343	-2.0104393216700416
ENSMUSG00000073481	-0.20542902677933483	8.529474963657355	-3.21801345179809	0.0026426513830856133	0.017260534957566794	-2.155974995628001
ENSMUSG00000032606	-0.2881100307982898	4.663202078887727	-3.2180951774246167	0.0026420616069764294	0.017260534957566794	-2.233086388737444
ENSMUSG00000001783	-0.21574560529666353	5.478078556420168	-3.2220893900329663	0.002613389150464584	0.017181461055953706	-2.243616306865748
ENSMUSG00000049090	-0.18908706161074118	5.337338113197191	-3.2291468794522293	0.0025634483576180917	0.016890089014174464	-2.2252964338779524
ENSMUSG00000020608	-0.2174966849658153	4.267655394145873	-3.2302534799640705	0.0025557004818505097	0.016857523814972245	-2.177516342777288
ENSMUSG00000001123	-0.3886111203849243	8.518008588302088	-3.239307680183804	0.0024931383365510255	0.01655555231607308	-2.1019667094657946
ENSMUSG00000002588	-0.2838591854160022	10.028204569098692	-3.2398295829613866	0.002489576877759383	0.01655555231607308	-2.0328729466144058
ENSMUSG00000027016	-0.3638552962034014	3.7960136879494057	-3.240839236272096	0.0024827007429471053	0.01655555231607308	-2.108505968788198
ENSMUSG00000024360	-0.268507212674189	6.214259846574905	-3.241846435958119	0.002475859315532221	0.01654887500226153	-2.181854705567642
ENSMUSG00000020430	-0.24323501513315993	4.318434583709057	-3.242542928232424	0.002471138865316762	0.016535716527492677	-2.149565377132964
ENSMUSG00000020472	-0.45893023458706317	3.884742153544464	-3.2515497435079745	0.0024108614401658784	0.016168377671826745	-2.089533758958617
ENSMUSG00000046836	-0.20626955922237045	4.856375589364112	-3.251553367622568	0.0024108374699930483	0.016168377671826745	-2.155934785670766
ENSMUSG00000028713	-0.5475985374037324	3.9691193810464442	-3.2524110385986433	0.0024051711399706178	0.01616630132000385	-2.095222530993156
ENSMUSG00000010601	-0.37743298511799583	7.083320496845606	-3.253546069583294	0.002397691867731031	0.016152635000521103	-2.122718460539528
ENSMUSG00000026489	-0.7528916189830674	8.867352189591404	-3.2569271288241555	0.0023755433410590763	0.016038921276880887	-2.042127313320419
ENSMUSG00000022477	-0.37354214927800644	8.110357864796063	-3.2594473724968833	0.0023591606092661335	0.015964184798513734	-2.067589243685985
ENSMUSG00000014956	-0.19969484215640598	6.203361123524808	-3.2610629879462674	0.0023487149910565927	0.015961652749783603	-2.132622914808872
ENSMUSG00000052151	-0.32016899745155714	4.108746425339784	-3.2660020278527826	0.002317054360826449	0.015821795061597876	-2.0727531794331577
ENSMUSG00000035757	-0.35365025849774856	4.939066383215306	-3.27088747356359	0.0022861372425609094	0.01562843992098806	-2.109123123189149
ENSMUSG00000040918	-0.4617215959357779	6.353651537488967	-3.2730736713351436	0.002272429652132477	0.015570159383881477	-2.097144778803697
ENSMUSG00000021238	-0.21749603505771198	8.182123693348485	-3.2841603076250534	0.0022041121899235737	0.015311572426879486	-2.0007059297446954
ENSMUSG00000034456	-0.20334595359692642	7.4500676455500585	-3.285125336051528	0.002198259009591305	0.015311572426879486	-2.029529892175897
ENSMUSG00000038507	-0.36386064127846485	4.516218377433639	-3.2852016909072375	0.00219779652769585	0.015311572426879486	-2.0519518427758285
ENSMUSG00000032437	-0.2771557306633676	4.9680697401782865	-3.2857408651730435	0.002194533382694484	0.015311572426879486	-2.071686527236623
ENSMUSG00000020311	-0.24140964634562234	5.433607013086354	-3.2888695467889932	0.0021756891525744346	0.015219692803049798	-2.0715388013060707
ENSMUSG00000014606	-0.22805349702748856	6.772954704269702	-3.293347099982519	0.0021489886106230414	0.01505043422055228	-2.0298253781320224
ENSMUSG00000069769	-0.26189236603243016	3.9286387255228545	-3.296020680820471	0.002133194713945747	0.014957254417852967	-1.9789100952012344
ENSMUSG00000039361	-0.25957673445526463	5.882518714490898	-3.298455744963653	0.002118906145066688	0.014891821082696759	-2.0409642848383625
ENSMUSG00000031534	-0.3387730089480856	4.134066106658931	-3.3009516918659747	0.002104355023888167	0.014824231346475961	-1.9845365640765884
ENSMUSG00000048170	-0.17142764693615575	4.667583360028835	-3.3050057981826697	0.002080922806614555	0.014676367541017442	-2.009109536520562
ENSMUSG00000041261	-0.3669347333816564	5.4687925138117945	-3.312409509347287	0.002038770832173465	0.014433103544725746	-2.0102873438163336
ENSMUSG00000040044	-0.2575753878153728	4.700892827268598	-3.3218829181793676	0.0019860219702528396	0.014106390093675312	-1.9668682271177182
ENSMUSG00000026791	-0.27741774834000843	3.9241423570382286	-3.325111760506684	0.0019683428531496604	0.014030572010173558	-1.902955369386766
ENSMUSG00000029110	-0.2950268005203025	6.292678357864587	-3.3294254814281623	0.0019449578150341968	0.013896850785422696	-1.9527286685381604
ENSMUSG00000046434	-0.31091256567337044	5.4178300728721975	-3.3351920835502935	0.0019141104209844302	0.013786703429219059	-1.9509473907171468
ENSMUSG00000002944	-0.7307341683964417	5.265479910815248	-3.3424565299822544	0.001875914910779855	0.013564828759177073	-1.930916147976693
ENSMUSG00000027282	-0.20799047549928318	7.118004378276779	-3.3437881973806256	0.0018689925609709883	0.01353105578177671	-1.8875751566515468
ENSMUSG00000074582	-0.278798318237536	4.291145217278601	-3.3441412248936815	0.001867161526997679	0.01353105578177671	-1.8843495956488443
ENSMUSG00000014932	-0.24001275016534107	4.009685017887343	-3.347578286074412	0.0018494239454224784	0.013437954640923426	-1.8522201684271247
ENSMUSG00000003033	-0.2298895434033401	5.481228796124682	-3.351315362717536	0.001830320700943275	0.013347569286369102	-1.9086175052677419
ENSMUSG00000037542	-0.19766989679090763	7.870097682876546	-3.3556451598843093	0.0018084232331536244	0.01323607211695509	-1.8287479196131224
ENSMUSG00000037286	-0.25340684197604224	3.967447171581112	-3.3659699623238906	0.0017572120653039426	0.012935043486301354	-1.8002499189844485
ENSMUSG00000028307	-0.3840002892077852	12.36380125390788	-3.368658714426019	0.0017441049806530143	0.012875094384206342	-1.6019049995506665
ENSMUSG00000024899	-0.4194939915495217	6.50820529441366	-3.3719437491624	0.001728217936684124	0.01278923840090505	-1.8339563136007486
ENSMUSG00000059119	-0.16331059826957173	5.818824430628422	-3.373620043761485	0.0017201644529627952	0.012745336865417308	-1.8454382693001703
ENSMUSG00000025337	-0.2515763968337712	6.420770633801759	-3.374125131786825	0.001717744881081108	0.01274312221039059	-1.83135749955472
ENSMUSG00000022445	-0.25434223035337133	9.962186184566429	-3.375896369717689	0.0017092856305746364	0.012711754151142314	-1.6840495483452447
ENSMUSG00000026547	-0.3919991297718757	3.8131988021951817	-3.376723459286755	0.0017053491887139137	0.012698194888453416	-1.7576049541444778
ENSMUSG00000026715	-0.2945532567047735	10.658209849993447	-3.380016556578464	0.0016897618304764041	0.01262907815837402	-1.6424914311656185
ENSMUSG00000019433	-0.25597307368792643	4.048095342196431	-3.383658106656661	0.0016726837395463203	0.0125639457386673	-1.7611083313488063
ENSMUSG00000010095	-0.28725886285900337	5.433399551421201	-3.3876468756717664	0.0016541666947167064	0.012440410098313754	-1.8132934174817645
ENSMUSG00000024759	-0.2850427367278625	4.756518917555978	-3.3932188986389353	0.0016286276418137657	0.012309966666237633	-1.7824836164643454
ENSMUSG00000033565	-0.3024785175943565	4.3371674122911035	-3.3936011275744886	0.001626889610147434	0.012309966666237633	-1.7576951289166516
ENSMUSG00000040562	-0.654692415362705	6.703530335422061	-3.3968793013760368	0.0016120561245297677	0.012219181339153857	-1.7614694944583658
ENSMUSG00000039100	-0.2229592889879637	6.10736024907298	-3.3985550011856764	0.0016045237703875726	0.012205616292998283	-1.775780213543828
ENSMUSG00000025993	-0.4868389024169373	7.007360509855463	-3.40235242575706	0.0015875785746939082	0.012121676817453233	-1.737092085431926
ENSMUSG00000034807	-0.3940975629350829	5.230013761273744	-3.4125556041377436	0.0015428930475312813	0.011840669632969949	-1.7460065515624974
ENSMUSG00000026417	-0.27011257549724554	10.197186868370817	-3.4133170735444156	0.0015396068589881207	0.011840669632969949	-1.5752857241871716
ENSMUSG00000021868	-0.3331416421631985	4.630347776294166	-3.4133586184519387	0.0015394277611381778	0.011840669632969949	-1.723098284651602
ENSMUSG00000029836	-0.37552460138168087	4.682750557663926	-3.413866226314818	0.0015372411008773006	0.011840669632969949	-1.7244814246419997
ENSMUSG00000028329	-0.3780495706168221	4.597775340224435	-3.4149235728317175	0.0015326958332791652	0.011840669632969949	-1.7171705693227821
ENSMUSG00000031221	-0.20645302183755376	4.621316440462462	-3.4160228464317632	0.0015279839732739448	0.011840669632969949	-1.715564464788554
ENSMUSG00000034610	-0.4939846234161669	4.005846268033554	-3.425890715054915	0.0014863034067516686	0.011568908252811887	-1.6459851986176508
ENSMUSG00000028759	-0.22343391943840185	6.01538680414925	-3.4273349893386778	0.001480295081073418	0.011552069015805414	-1.701062326605908
ENSMUSG00000054808	-0.28965470675638283	7.038818231103365	-3.4317891155071467	0.0014619116084088862	0.011423441943990894	-1.658311189808063
ENSMUSG00000025968	-0.27917387698305696	6.926010837411929	-3.4341523857314766	0.0014522467014668505	0.011362695871242584	-1.6555132377597488
ENSMUSG00000028944	-0.3395486356905444	5.0101908825644195	-3.438007454666714	0.0014366121140071686	0.011269715656748142	-1.67355132670769
ENSMUSG00000060807	-0.5892177582161393	8.213706972765657	-3.4384518717959818	0.001434820140487146	0.011269715656748142	-1.5955955626969462
ENSMUSG00000021134	-0.45334039129716874	7.512173084030326	-3.4407797198690284	0.0014254687511214678	0.011211572939121598	-1.6193747426211358
ENSMUSG00000027680	-0.23753363506475544	5.139747130812356	-3.447940610750018	0.001397066874616503	0.011017027361641164	-1.6505416533582578
ENSMUSG00000038235	-0.2603894296598659	6.189763941911327	-3.459386805624823	0.001352791571034797	0.010787522617865525	-1.6128303711259147
ENSMUSG00000030109	-0.3419400237640877	6.196954931399363	-3.460926689458717	0.0013469387746193782	0.010765399489786491	-1.6085605410273116
ENSMUSG00000050103	-0.3405703208557389	5.6895898514577095	-3.4613922480025807	0.0013451740628867134	0.010765399489786491	-1.6152392131367117
ENSMUSG00000019920	-0.22931523463781156	3.916417924036145	-3.4637890738462516	0.0013361238619639835	0.010748016447846825	-1.5373289898454914
ENSMUSG00000021620	-0.43722243649521264	7.041946149286559	-3.474818177880943	0.001295226144156359	0.010461040188488657	-1.543826294823794
ENSMUSG00000037197	-0.31398497313040874	6.208465024988754	-3.476263810977159	0.0012899553553940564	0.010446552197524103	-1.567384089275647
ENSMUSG00000032047	-0.2842318482578019	8.658400278927147	-3.477464105509592	0.0012855947131787742	0.010425288301607629	-1.4737471092194285
ENSMUSG00000070972	-0.2284652783311545	4.183497363587806	-3.4803390564111383	0.001275207510898941	0.010355029639178021	-1.5165393805707357
ENSMUSG00000013662	-0.22503684630538068	4.838292635978521	-3.4806516664608425	0.001274082916292793	0.010355029639178021	-1.5538887113695683
ENSMUSG00000042079	-0.22273035654905105	6.522438393548223	-3.4825036258216535	0.0012674401028374826	0.010324530320126249	-1.540524795879227
ENSMUSG00000056851	-0.2736527279886678	7.11357812995529	-3.4839078544498014	0.0012624254247460354	0.010320971941903302	-1.517466442219213
ENSMUSG00000022867	-0.227787557940883	5.104688033962031	-3.48651425180802	0.0012531680698371602	0.010259246500887597	-1.546875753541057
ENSMUSG00000030088	-0.2917391737832382	9.790288603265743	-3.4880939779416122	0.0012475889717171729	0.010255488551365927	-1.395987738302627
ENSMUSG00000024781	-0.37842483335712185	6.5498318254254375	-3.4977564555490988	0.0012139794528219154	0.010006587835400399	-1.4987635501329208
ENSMUSG00000028798	-0.2544114637662167	6.709023696662454	-3.499030674901006	0.0012096126736236513	0.010003193613591574	-1.4898436866611418
ENSMUSG00000021144	-0.27681654121068977	4.418178340605101	-3.50033178232207	0.0012051693109931512	0.009988775710010823	-1.479366244961704
ENSMUSG00000001552	-0.25939078933156434	5.4499310102376	-3.503343005013552	0.0011949458210744998	0.009931437674739516	-1.5056950359422174
ENSMUSG00000064254	-0.8957606027242218	5.4347759296695	-3.5260915462784452	0.0011203583898610173	0.009402560844517951	-1.4446220991478258
ENSMUSG00000003458	-0.24747240697639228	4.8739004389258085	-3.5293416689146397	0.0011100742262121121	0.009342347374381768	-1.424737582225358
ENSMUSG00000031969	-0.24320981479027903	5.66810917996161	-3.5388013431376955	0.0010806552861174297	0.009145996639830472	-1.4081543246355617
ENSMUSG00000022255	-0.17108923386451913	5.471200849029838	-3.5508227371485503	0.0010443497188647349	0.00887623403204836	-1.3778861794350377
ENSMUSG00000004843	-0.27378966621837453	4.612298262906794	-3.5532145709035703	0.0010372674433936284	0.008839024018773173	-1.3485020821076388
ENSMUSG00000040857	-0.37412601638526644	4.044560970570726	-3.5545204156557095	0.0010334203235331733	0.008834092942197877	-1.3059211680055984
ENSMUSG00000031613	-0.5450048851297042	6.753743399488917	-3.556341633372602	0.0010280777843754607	0.008825313437588777	-1.3342646538504752
ENSMUSG00000053799	-0.2763237309399664	3.700797881766484	-3.5605303725043567	0.0010158907536599537	0.008733172444553162	-1.2579860082602874
ENSMUSG00000032870	-0.1983369440156384	4.881665244154822	-3.5622953933477817	0.0010107971938705259	0.00870183429508308	-1.3361645399055009
ENSMUSG00000033228	-0.25526998157554015	4.883605576145018	-3.568384773083317	0.0009934121765355771	0.008602894180728704	-1.319771071423566
ENSMUSG00000015890	-0.5221378914030907	6.706314195577884	-3.56869571070079	0.0009925322223539377	0.008602894180728704	-1.302492654973845
ENSMUSG00000069456	-0.5035566636210893	5.701076249849601	-3.578254504565879	0.0009658438367667072	0.008423447917461746	-1.3009977177303398
ENSMUSG00000007564	-0.277145951193285	6.447362236982896	-3.5817617167836815	0.0009562259111825631	0.00835168822717445	-1.276114908513886
ENSMUSG00000044252	-0.32636874752535316	6.506229717628825	-3.585729697752193	0.0009454555637684997	0.008269639712787357	-1.263289114068245
ENSMUSG00000072949	-1.0840557220591647	5.411317645411649	-3.5984388899663355	0.0009117393179704804	0.008021437132773963	-1.2490137877113572
ENSMUSG00000071178	-0.2657156114378463	11.82799111949714	-3.599369354648862	0.0009093169081781666	0.00802065453172632	-1.0131950976905797
ENSMUSG00000025745	-0.2827331000724076	8.276363523669165	-3.600510758835791	0.0009063537953714217	0.00802065453172632	-1.1587184098595653
ENSMUSG00000020741	-0.2730725224701951	7.11708183909271	-3.612740980264416	0.0008751820221720632	0.007814218085040011	-1.1701818012356044
ENSMUSG00000019951	-0.4049844922030106	5.395777837463982	-3.6205376727663356	0.0008558521353242588	0.007675844001736524	-1.1888475464488426
ENSMUSG00000005142	-0.250272028448582	5.943070150089496	-3.6217972177133575	0.0008527682761366746	0.00767108468758275	-1.1791446491928799
ENSMUSG00000021947	-0.4972416509201647	4.811889214336549	-3.6228870795759223	0.0008501085128371522	0.0076701232036613335	-1.1690019275588766
ENSMUSG00000034528	-0.3818425911047001	8.221926547080752	-3.6420200360171786	0.0008046974204073531	0.007304270089467953	-1.0481755321835733
ENSMUSG00000071177	-0.2628505436310711	11.097591449759584	-3.642924684135895	0.000802609246385426	0.007296337309425151	-0.9245136966771428
ENSMUSG00000029777	-0.20422973598805605	5.4977101209009485	-3.6458191898920584	0.0007959629925505507	0.007257878030707526	-1.119661641703897
ENSMUSG00000029273	-0.4636622334528786	7.583815882162779	-3.6470101699177446	0.0007932437517146225	0.007244075538074721	-1.0615737621901555
ENSMUSG00000061838	-0.20023673939444286	8.008500436518556	-3.6520182283466776	0.0007819071142313245	0.007162316843621995	-1.0299808339373548
ENSMUSG00000022841	-0.20010655001181643	7.945539028493963	-3.6564275432810724	0.0007720553587068522	0.007082871222090802	-1.0206924144078577
ENSMUSG00000028382	-0.3064436367246577	5.602085883701582	-3.6672819303544313	0.0007483109760472796	0.006886065321696943	-1.0598705221191222
ENSMUSG00000022261	-0.31154555495948166	6.063318261726455	-3.6850140498965076	0.0007110299595588615	0.006573198503060306	-1.0046022769167884
ENSMUSG00000036478	-0.5938434231272982	4.817544163014995	-3.688461172941972	0.0007039937444331576	0.006528238287498217	-0.9897906403699608
ENSMUSG00000006024	-0.19712514575520323	6.851711049086989	-3.6886437118833983	0.000703623029462711	0.006528238287498217	-0.9707852756886703
ENSMUSG00000037916	-0.22048518688424235	7.666303911607757	-3.702203325051189	0.0006766060221861701	0.006323056900959092	-0.9071774429629009
ENSMUSG00000022236	-0.49611589967452074	3.6299060728321906	-3.7026658757459443	0.0006757023139755703	0.006323056900959092	-0.8645851164312655
ENSMUSG00000026853	-0.6114460419978798	5.842189623944573	-3.708530724257681	0.0006643445224872342	0.00626694856456168	-0.9427518949743794
ENSMUSG00000029569	-0.19787624266895687	4.405256335066548	-3.736265882639908	0.0006130856103823862	0.0058300722314749125	-0.8366613183711706
ENSMUSG00000029722	-0.3571827740007345	4.826117733430785	-3.7373606216929236	0.0006111428951984767	0.005829139138488328	-0.8553502117202738
ENSMUSG00000031311	-0.2188009809665914	6.729689493318679	-3.74370392806023	0.0006000027684168356	0.005731981932300104	-0.8230374206057327
ENSMUSG00000005683	-0.3179688769004656	5.827824608272124	-3.7509338705411537	0.0005875450023845058	0.005639868880716445	-0.825797259865646
ENSMUSG00000026342	-0.34058465033614915	5.382566301802276	-3.7512749273463997	0.0005869635574374532	0.005639868880716445	-0.829530297472652
ENSMUSG00000024130	-0.373626466731535	4.49261835709178	-3.7513503059570628	0.0005868351246183426	0.005639868880716445	-0.8000876463761832
ENSMUSG00000020664	-0.3056447456203033	7.2763982252311505	-3.757167739714768	0.0005770047672271731	0.005592292977851746	-0.7692398710270396
ENSMUSG00000003923	-0.24302644058927214	5.5959093199418	-3.759624661794352	0.0005729010648378946	0.005561490304702599	-0.8053138602042136
ENSMUSG00000004035	-0.42872994027156075	6.5919807994283275	-3.7623612186615136	0.0005683635461297445	0.005535326659146896	-0.7760006768478496
ENSMUSG00000027367	-0.2762188599386528	7.180416184875275	-3.7642446646581673	0.0005652608078791931	0.005514045770366998	-0.752450459052092
ENSMUSG00000071633	-0.7639982903204432	6.482384906467327	-3.7680348712639566	0.0005590665348647379	0.005471385680785358	-0.7640453473762854
ENSMUSG00000019854	-0.2657996541295362	3.899623050441625	-3.768096568324283	0.000558966249817395	0.005471385680785358	-0.7093937362318856
ENSMUSG00000031444	-0.32263986330942807	8.408199208219958	-3.7709406805390193	0.0005543621626492866	0.005451984018591757	-0.686508212982484
ENSMUSG00000056770	-0.19350791207326257	6.22372270423212	-3.776529002552203	0.0005454224038449182	0.005390531619579133	-0.7486376519435067
ENSMUSG00000029466	-0.25316918186672543	3.9937651717803946	-3.7773083578908007	0.0005441867957738194	0.005387180322578058	-0.6921971859379275
ENSMUSG00000020402	-0.18197279490125684	7.9202368952238995	-3.7841259736455846	0.0005334929176294361	0.005307547917276956	-0.670213380068077
ENSMUSG00000039450	-0.3390397241816778	7.038352337265229	-3.7884451558831014	0.0005268235964484324	0.005258609619698721	-0.6893439882795107
ENSMUSG00000027809	-0.42253319627050523	7.465899149445966	-3.7979197596760383	0.0005124753402020624	0.005149605885073901	-0.6500416334743271
ENSMUSG00000026576	-0.4879425459381155	5.997838138415618	-3.800651269234633	0.0005084095534240991	0.00512589430625069	-0.6855401106567047
ENSMUSG00000029440	-0.28693734290323825	5.203368076780253	-3.8024306398246135	0.0005057778300578497	0.005107931060197679	-0.6855634747433674
ENSMUSG00000019872	-0.33254376374271555	5.58957043815648	-3.8084125204601533	0.0004970269285737058	0.005028004737036023	-0.6697066707246853
ENSMUSG00000040112	-0.2788609870724441	4.318964098994916	-3.80876070398502	0.0004965221141227135	0.005028004737036023	-0.6301810579404581
ENSMUSG00000050627	-0.42838596712014176	4.569200122430973	-3.820943000641879	0.0004791690733632391	0.00488021518955882	-0.6109785599098663
ENSMUSG00000027810	-0.2908997331136849	4.991859990472328	-3.82975379127445	0.0004669864068041964	0.0047642127648326255	-0.6043140076462157
ENSMUSG00000007739	-0.3089664445295126	7.164089902611896	-3.831023740806132	0.0004652553996059478	0.004762725206528348	-0.5671498376429431
ENSMUSG00000000399	-0.2634237649089357	6.956223185818387	-3.834738082433306	0.0004602281910536512	0.00471930238914913	-0.5627512367183227
ENSMUSG00000068823	-0.1886551017492204	6.951618721709685	-3.8408409687591143	0.00045208234639424074	0.004651648663498275	-0.5458298169032876
ENSMUSG00000021235	-0.24967587966244098	3.8874815106047373	-3.8453683156583605	0.00044612997363788876	0.00461410501134264	-0.4933962411603634
ENSMUSG00000022091	-0.659557686428081	4.077793529743571	-3.8462653642370634	0.00044495962681339853	0.00461410501134264	-0.5073696549015203
ENSMUSG00000013539	-0.3798031520050573	5.749355028193536	-3.848724966604292	0.000441765928808426	0.004600643788925185	-0.554543501032196
ENSMUSG00000009376	-0.3559025359098733	5.401073506391844	-3.84910836410636	0.00044127010942477806	0.004600643788925185	-0.5569706582121006
ENSMUSG00000028099	-0.21097521872926617	4.368330648451523	-3.8503957465092085	0.00043960918015976784	0.00459410706709573	-0.517020696713903
ENSMUSG00000030884	-0.3403417244310525	8.55337451696602	-3.8590394127987944	0.000428613492948934	0.004510575269930201	-0.4357487496412942
ENSMUSG00000001663	-0.36541210628415577	8.59796825989554	-3.891424934308326	0.0003897400368240052	0.004130419543695674	-0.3433377942888862
ENSMUSG00000025036	-0.24787345529430294	4.381057686779684	-3.8966903313516843	0.0003837522490326247	0.004106946203884924	-0.3878844978789404
ENSMUSG00000030342	-0.7314870901100439	4.272431519344383	-3.898944210936359	0.00038121654162017756	0.004090589640349369	-0.37460854944747535
ENSMUSG00000020766	-0.3293362298329727	5.612184523866222	-3.9056231310717893	0.0003737976766921417	0.004025358851690107	-0.39678378128265024
ENSMUSG00000029727	-0.46399706499086246	6.4030953466732585	-3.906894316842229	0.00037240163376572237	0.004024750750536377	-0.37842357424583106
ENSMUSG00000033400	-0.389014445818594	4.158183697240734	-3.9077580184234444	0.00037145598979664436	0.004021764040879344	-0.3413765633510035
ENSMUSG00000010517	-0.2798522240507948	4.787611955159483	-3.910202231759622	0.00036879251002473886	0.004000393271879993	-0.3711068267600304
ENSMUSG00000087241	-0.6407228401421792	4.561845544918956	-3.9169085922511675	0.000361579478635431	0.003964837750219535	-0.3413062907174238
ENSMUSG00000004264	-0.2080784022684785	7.954038400846571	-3.9202840989425094	0.0003580010007499891	0.003932775161803811	-0.2880583308967406
ENSMUSG00000058076	-0.1953960026652677	7.096892476825591	-3.9218024178866044	0.0003564026286250337	0.003929584211757481	-0.31425127275040055
ENSMUSG00000037936	-0.3453070721721687	7.238449037844567	-3.923134585360221	0.000355005936397055	0.003921379911415264	-0.3064978074710947
ENSMUSG00000029368	-0.5874869589945604	16.589074827661054	-3.9264693326994253	0.0003515329515520682	0.0038901685191093517	0.03705428238890818
ENSMUSG00000027433	-0.44736567093369395	5.585811114417942	-3.927285427030371	0.00035068806970182595	0.00388797898678648	-0.33598469532542374
ENSMUSG00000020429	-1.8418082623540242	4.128046954464149	-3.931079835004852	0.0003467856670918921	0.0038589538399169993	-0.2732513056529564
ENSMUSG00000027984	-0.34267836690023135	7.368492597143056	-3.9362320848111536	0.00034155428600547293	0.003807791659753037	-0.26561273756213044
ENSMUSG00000030483	-1.9781652208075395	4.2737625959212355	-3.942291086927179	0.00033550034854224484	0.003761234317892443	-0.2524694834732859
ENSMUSG00000025465	-0.31514809177801784	7.359234612100038	-3.9427855513565313	0.0003350109279774393	0.003761234317892443	-0.2473920624727679
ENSMUSG00000038274	-0.37186527552619886	8.671358328597991	-3.945369623112623	0.0003324644878477389	0.003741159377297871	-0.18876734732356937
ENSMUSG00000027865	-0.29203768823716114	4.530873345442799	-3.950619923002381	0.00032734848714004286	0.0036905010492017214	-0.2443436989143395
ENSMUSG00000061288	-0.46495547892667055	4.691217606579026	-3.9518740079645815	0.0003261378552395966	0.0036837638573961203	-0.24915204765297005
ENSMUSG00000016487	-0.4659127059185524	4.367601399255394	-3.961558826557602	0.0003169341471286333	0.0035865485689189403	-0.20394256711250502
ENSMUSG00000026843	-0.27642234026668966	4.244043433179685	-3.9616052730688933	0.000316890622584178	0.0035865485689189403	-0.19575741384841105
ENSMUSG00000007815	-0.18830989628958772	6.566507022055878	-3.964393029122475	0.00031428886624217274	0.003570852790419113	-0.2103378827209088
ENSMUSG00000022426	-0.24727150271401	4.109432565159443	-3.966694346508054	0.00031215676199507285	0.003566064606137629	-0.17107090713676065
ENSMUSG00000045193	-0.8572942493273166	5.145893284298723	-3.969685734930929	0.00030940635128715016	0.003541376695018067	-0.21403510542562287
ENSMUSG00000066551	-0.24499538644687746	7.435911822955513	-3.9756593729345044	0.00030398431159806607	0.003499313655924864	-0.15185351360536448
ENSMUSG00000024896	-0.26474904783029096	4.3470269774909935	-4.0042630943063635	0.00027927740888738936	0.0032585979611734423	-0.08147023291480338
ENSMUSG00000026341	-0.176781839995531	6.7611203505454815	-4.012620871154804	0.0002724351177470667	0.003184946736463276	-0.06691912599459915
ENSMUSG00000021242	-0.29154219727756114	5.3794979280663195	-4.015123540195465	0.0002704182067760674	0.0031675302232307776	-0.08754040404571306
ENSMUSG00000052392	-0.9525117331642159	5.294771543863057	-4.030620923031807	0.00025824886015706844	0.003059144181391577	-0.042747954537084354
ENSMUSG00000028024	-0.5050289962886731	5.700203936207742	-4.03126113300229	0.00025775778378366265	0.003059144181391577	-0.03891324046441813
ENSMUSG00000073988	-0.3298276711708912	8.265433195140002	-4.037428244783838	0.00025307363035045297	0.0030173004856664126	0.056580067604133255
ENSMUSG00000024197	-0.4044025084690235	4.657330683021334	-4.039270964295857	0.00025169018439750014	0.003006772004064768	0.0010411319344507675
ENSMUSG00000029036	-0.23622636837717614	6.776444969180584	-4.048075982095814	0.00024518080597768065	0.0029348435520316395	0.03471816502853908
ENSMUSG00000038416	-0.24911979485520686	4.8814287854868175	-4.064053239003629	0.0002337856714307772	0.0028152667327205213	0.06256409836466492
ENSMUSG00000019987	-0.3649247350729823	11.234574882424736	-4.066340294073175	0.00023219736474927902	0.0028141254446708555	0.2566076454481996
ENSMUSG00000022437	-0.27294698732394984	6.144402250153963	-4.0710071355146935	0.00022898892810795874	0.002791063831644471	0.08103991427251866
ENSMUSG00000017453	-0.20927437051550157	8.290846435033952	-4.073158018754081	0.00022752479863125734	0.0027788547052341977	0.15953169610154472
ENSMUSG00000089943	-1.1897215714937688	3.9075022010905216	-4.079453100486679	0.00022329193948330485	0.0027380389875995303	0.16689909521442647
ENSMUSG00000020978	-0.2396723904364455	4.599015966937757	-4.08706764867329	0.00021827443498348382	0.0026865462914808756	0.1408171100606328
ENSMUSG00000030207	-0.46237719241979836	4.293857679205025	-4.095708429390903	0.0002127138871552063	0.0026300365183449274	0.18314578744594368
ENSMUSG00000014496	-0.37354156476795985	4.766708004871771	-4.099260258018751	0.00021046850470048266	0.002613027365176034	0.16795682840360104
ENSMUSG00000021136	-0.41015378061009145	5.019769753154691	-4.117444545275801	0.00019933033976287704	0.0024798675189133088	0.21142697255941822
ENSMUSG00000049971	-0.5838138402406141	5.17419706220983	-4.124753893997743	0.00019501725190975184	0.002431242047148753	0.22892486648657773
ENSMUSG00000025991	-0.5846744928649645	9.758636727922417	-4.130310224866914	0.0001917996780934348	0.002396100344414656	0.38138126201877043
ENSMUSG00000000301	-0.3312839209592564	9.322688510034586	-4.132075532376595	0.00019078831423321394	0.002393417495255496	0.3682960303470546
ENSMUSG00000070690	-0.5654686935296027	5.178475095011453	-4.143094652531305	0.00018459204965284282	0.0023253954431109694	0.28173155936516014
ENSMUSG00000060036	-0.3179101868256904	8.717366742688544	-4.15013159286946	0.00018073835545644821	0.0023063070911362635	0.39638261870533054
ENSMUSG00000017686	-0.21581605783716906	4.515786241754465	-4.161822690164211	0.00017450896160056345	0.0022358728150485836	0.36047278838508046
ENSMUSG00000032348	-0.5889273674853435	7.182513074911381	-4.171957334595667	0.0001692790508072951	0.0021828279319764726	0.4024913976863642
ENSMUSG00000035237	-0.2895128745398985	8.522152587806534	-4.173432496864502	0.00016853068976641474	0.002177851429691153	0.4561935874606906
ENSMUSG00000006169	-0.334450053476397	4.36480338537233	-4.191570916922823	0.00015958916699497885	0.0020756954642269	0.45502415779528604
ENSMUSG00000039063	-0.309102049071762	6.3567355312116725	-4.2142956161437155	0.00014903939397986428	0.001963986224616238	0.4997682317749792
ENSMUSG00000062070	-0.38404893352376135	8.181878522679847	-4.221757753818253	0.00014572632394340074	0.0019344100325258474	0.5829147106446735
ENSMUSG00000031432	-0.29779894977499577	5.29388483118965	-4.237865038788757	0.00013881870346330364	0.0018578209111603375	0.5547750583299242
ENSMUSG00000028015	-0.3156987562509892	5.783556062879445	-4.2463432403716075	0.00013531262163741598	0.0018312917644577311	0.5827090912665938
ENSMUSG00000061540	-2.1367183789204365	5.3260505726921155	-4.251774678108594	0.00013311221271072141	0.0018096635433907805	0.5949975770726708
ENSMUSG00000033377	-0.5590885952560098	4.477718191488454	-4.257129366663166	0.00013097720393425498	0.0017846757787776375	0.6388759089121603
ENSMUSG00000024442	-0.26059669218083403	4.215319766841041	-4.276696751753738	0.00012345673625632512	0.001693724950146707	0.7118633550682851
ENSMUSG00000031438	-0.30103149873138335	6.07946655286877	-4.291345333696324	0.00011810521298673968	0.0016314809766375144	0.7176715507221267
ENSMUSG00000021794	-0.3215654759896651	10.465086921586993	-4.303814616946095	0.00011372945895875767	0.0015819451825999416	0.9099873916379737
ENSMUSG00000034875	-0.49426207082151485	5.79151226762042	-4.30801817753367	0.00011229045440136591	0.0015655529941944494	0.7627983908967328
ENSMUSG00000029629	-0.35666485798647773	3.9015210241927814	-4.322104201926999	0.0001075972871481722	0.0015141735327245122	0.8691073742710254
ENSMUSG00000032076	-0.39923808282565654	3.953835385002167	-4.3259949080093865	0.00010633523994111275	0.0014999259549440059	0.8761235104381875
ENSMUSG00000021218	-0.23732334159658475	7.787587662932146	-4.349732976294534	9.894376727099196e-05	0.0014122401366541348	0.9398087793936156
ENSMUSG00000026270	-0.37062692711284395	4.404838511612727	-4.353584857961853	9.779288299696861e-05	0.0014024759759636858	0.9247253221093246
ENSMUSG00000036817	-0.39982186764517413	3.8679642445409184	-4.359615664547653	9.601729510918542e-05	0.0013803060438064478	0.9816295934092185
ENSMUSG00000027010	-0.3182232419553004	4.007858561315602	-4.362230537685238	9.525729095620763e-05	0.0013737699917885347	0.9777359234411547
ENSMUSG00000029686	-0.270705577471837	6.554729250504361	-4.3672712365898585	9.380884726781734e-05	0.0013606852554153305	0.952841852072499
ENSMUSG00000031379	-0.4447336871413343	4.060729629648028	-4.368169488686148	9.355301315402399e-05	0.0013606852554153305	0.9909198605732339
ENSMUSG00000037236	-0.25931907401939736	5.389566528707224	-4.385656840671582	8.870662732245909e-05	0.001300092984343065	0.9866604146797417
ENSMUSG00000075704	-0.2919259265283518	5.156306405354977	-4.386580477422207	8.845762220637344e-05	0.0012996133296775013	0.9918776538547576
ENSMUSG00000020017	-0.7327173810684364	7.935010022359028	-4.390576934909169	8.7388092796316e-05	0.0012902089671082625	1.0654763711241841
ENSMUSG00000025059	-0.3295183012256704	5.87774903584188	-4.400754336619534	8.47214201279149e-05	0.0012632531353564283	1.0361402729675602
ENSMUSG00000039952	-0.34100207423638285	5.3277312247561035	-4.408423338334303	8.27649386014451e-05	0.001243336290140209	1.054023141158039
ENSMUSG00000039536	-0.23952117540274376	5.79773286575929	-4.408505903805756	8.274411815071971e-05	0.001243336290140209	1.05794520791797
ENSMUSG00000061778	-0.3444835740682519	5.067549056481689	-4.417994099159386	8.038543444929831e-05	0.0012136584814216923	1.0863195946693684
ENSMUSG00000029311	-0.5124002533791598	6.8307910191421115	-4.428911297712441	7.775314453646446e-05	0.001185834125684302	1.142809553592846
ENSMUSG00000034708	-0.44747847487758907	7.781344581056426	-4.43781419428704	7.566937098379353e-05	0.001171900129488699	1.198281678046654
ENSMUSG00000061740	-0.3103934575025926	7.820799110386846	-4.441822666185909	7.474917231375938e-05	0.0011606402491818608	1.2116448907862347
ENSMUSG00000024576	-0.23242180008173818	6.352414639188643	-4.445521942019924	7.390971455669149e-05	0.00115057895018435	1.1768063132722215
ENSMUSG00000028553	-0.3955733671902877	9.257358087158277	-4.456433210195087	7.148726827063481e-05	0.0011186640495787618	1.308487406009064
ENSMUSG00000028138	-0.22782170701240112	8.620485664194451	-4.464509892893621	6.974456341184854e-05	0.0010942430327462085	1.3086653972445603
ENSMUSG00000025509	-0.57840998144622	5.8629030676797855	-4.477565185722439	6.701554041058538e-05	0.0010625234362195448	1.262797293298263
ENSMUSG00000031591	-0.3959510474866663	5.271424599255307	-4.505665346743648	6.149287353535282e-05	0.0009853618055304936	1.342096843996777
ENSMUSG00000057113	-0.3356898680689717	7.430376679947949	-4.51450471346898	5.985005785916754e-05	0.0009616015980634699	1.4125415629914384
ENSMUSG00000013593	-0.24112808719955936	8.212528430304127	-4.522555225553388	5.83914682406316e-05	0.0009432105716611701	1.4653815569238695
ENSMUSG00000021335	-0.6165853110283743	3.9022483666129575	-4.524207420028348	5.8096478655729914e-05	0.0009409750410843155	1.4635836801959812
ENSMUSG00000000346	-0.2975633453501656	7.405019586153049	-4.5271118566281645	5.758145925736971e-05	0.0009351540234527961	1.4491354310799682
ENSMUSG00000042073	-0.2695658303458668	7.04914853561721	-4.533961710638286	5.6384558059652784e-05	0.0009232011154780752	1.4597423190634977
ENSMUSG00000036371	-0.23747743103745744	6.787853634546788	-4.544521703464155	5.4587180923715995e-05	0.000896214126149206	1.4837197450269315
ENSMUSG00000002010	-0.30420200218886695	6.4412643454561005	-4.570881525037307	5.034302955052045e-05	0.0008379813422966133	1.551361711874316
ENSMUSG00000004070	-0.36704502107491344	5.683438186156681	-4.577166554711188	4.938006848787531e-05	0.0008284662505642294	1.5561169768202037
ENSMUSG00000027884	-0.27408118721054997	5.519228981893075	-4.584748932677958	4.8242454299901493e-05	0.0008165884729242481	1.5767885102370993
ENSMUSG00000041720	-0.4252259125320137	4.653637555574229	-4.585057889308683	4.8196651799534014e-05	0.0008165884729242481	1.596133126413859
ENSMUSG00000021193	-0.4052454195907629	5.0000420116674915	-4.59520561352489	4.6715840312581795e-05	0.000799759214923943	1.6137493800031706
ENSMUSG00000031575	-0.2651232225019715	3.7518898518034436	-4.601114122784141	4.587438016273544e-05	0.0007875975725653636	1.704247875403679
ENSMUSG00000028646	-0.2911793103018123	5.477576091625403	-4.603145697740761	4.558851762737353e-05	0.0007849323851658669	1.6314579260538702
ENSMUSG00000032314	-0.30064430548026344	9.357267104911742	-4.603578815344968	4.552780108341031e-05	0.0007849323851658669	1.7471861083477247
ENSMUSG00000039795	-0.36855900218430016	4.552966162701941	-4.640936303188444	4.057998652494942e-05	0.0007067975044302059	1.7677995619817013
ENSMUSG00000027999	-0.6861589364168177	4.026607233866738	-4.6427422056668775	4.0354731313028174e-05	0.0007049173850580997	1.8061454683512128
ENSMUSG00000021771	-0.28713060564473736	6.79757697140684	-4.661402265814936	3.8098201035648496e-05	0.000677313875808319	1.8324893416832673
ENSMUSG00000031090	-0.3331486198083198	4.674264754518245	-4.6718575010995425	3.688874364793551e-05	0.0006616849569565507	1.8544708514263544
ENSMUSG00000000959	-0.3548591850478484	5.27060936356335	-4.691828041888542	3.4682877786748504e-05	0.0006277391946402763	1.8975909070653412
ENSMUSG00000017760	-0.37835371635647785	7.386291191849438	-4.6920441720974715	3.4659731384973514e-05	0.0006277391946402763	1.9401351979505392
ENSMUSG00000017390	-0.6860179617347875	4.2074584875149315	-4.697639787926768	3.406574762247834e-05	0.0006259971787873773	1.9570573550358041
ENSMUSG00000039753	-0.3725460431358121	4.389778395111806	-4.718400417908277	3.194845165920594e-05	0.0005925254506795324	2.00831095622123
ENSMUSG00000022453	-0.4561615624602373	5.314439331908985	-4.728337107620555	3.098154273821053e-05	0.0005781617711612021	2.00682131864565
ENSMUSG00000025651	-0.2931708202465746	8.786383962131575	-4.732392332366896	3.059529375131648e-05	0.0005727324615316533	2.110412514565855
ENSMUSG00000034994	-0.36590794232733437	10.40602350037816	-4.7448282469280345	2.944020974818062e-05	0.0005550124926160068	2.2067050696228794
ENSMUSG00000027597	-0.42456056195446124	11.322698271489251	-4.749455965463394	2.9021458382903875e-05	0.0005516005825992774	2.2505116129597216
ENSMUSG00000004207	-0.3156753239119974	7.579845298880497	-4.758275495974834	2.8239621603182134e-05	0.0005392679674522361	2.144868817106241
ENSMUSG00000006273	-0.312630796431284	5.454437926456675	-4.778535750684365	2.6521503244940226e-05	0.0005107939519193776	2.15748886137027
ENSMUSG00000057400	-0.38780263824741645	11.158986020345905	-4.795755725919579	2.5142701859934653e-05	0.00048736288863337844	2.3833790363304823
ENSMUSG00000091498	-0.5413714996093599	6.293931393674889	-4.798881533971555	2.490012696636616e-05	0.0004842228574138973	2.2302763039441533
ENSMUSG00000067225	-0.8588404694382943	8.300987487255757	-4.802387657965732	2.4630789402324127e-05	0.00048054030363170675	2.3037269342607836
ENSMUSG00000005107	-0.48574503601443286	4.72196671055746	-4.809457177114951	2.4096440404784968e-05	0.0004716466136558726	2.266002623813357
ENSMUSG00000029695	-0.45564815322022767	8.462569560641281	-4.842242930607015	2.17643719299076e-05	0.0004302043122592591	2.4291890812748775
ENSMUSG00000025428	-0.27432033294623537	9.658984263548392	-4.871536728592122	1.9870339095336203e-05	0.00039668062333513373	2.5593372844644726
ENSMUSG00000037742	-0.34738294730960817	12.881829103346984	-4.8775430031449565	1.950262945559562e-05	0.000390893461810594	2.6781687493370105
ENSMUSG00000023045	-0.632706907922941	4.82850561736148	-4.878310422747109	1.945613502195521e-05	0.000390893461810594	2.4700398612236487
ENSMUSG00000078964	-0.5474550751874867	5.903720765610296	-4.898150096700515	1.8291483100094815e-05	0.00037374990604969414	2.5240241072182785
ENSMUSG00000026383	-0.3814393046289002	4.944946607756644	-4.901723514631931	1.8089169605001043e-05	0.000370982321353076	2.537205960167128
ENSMUSG00000018340	-0.3560424315551307	6.110353599917343	-4.919685016477721	1.7105320719970567e-05	0.00035566045746125653	2.591742302793481
ENSMUSG00000033022	-0.6560610768025992	10.172616391312083	-4.936628902274808	1.622584317116237e-05	0.00034583475242653075	2.7736118782772925
ENSMUSG00000053931	-0.38130453660649444	7.277341863569896	-4.95421358571123	1.5360444060787482e-05	0.00033563966676826174	2.7273438428362455
ENSMUSG00000006589	-0.489210972420965	5.569112881466149	-5.000282650425413	1.3304043109547438e-05	0.00029391174648996527	2.829821863090946
ENSMUSG00000024359	-0.38511897748447943	9.114194662919523	-5.005224657841819	1.3100343888671928e-05	0.0002904795809115484	2.943305209920096
ENSMUSG00000035000	-0.3308481749190051	6.883197083985735	-5.010897824038181	1.2870316259112278e-05	0.0002864360385222433	2.8894912095747607
ENSMUSG00000040170	-1.4363941011734558	4.028439497939177	-5.027977328063213	1.2201694551066843e-05	0.0002776291074950426	2.966768585135144
ENSMUSG00000038633	-0.3761407663137408	6.067097365990644	-5.041777334152907	1.1686703524278526e-05	0.0002690628409095389	2.962262898111759
ENSMUSG00000029571	-0.4767439038913128	7.802160046569498	-5.058599682779261	1.1087994463952771e-05	0.00025784743921549277	3.0606852884368347
ENSMUSG00000031167	-0.8180467451968845	5.546240758149537	-5.068105473154736	1.0763238441872714e-05	0.0002526417960828638	3.0362583592503665
ENSMUSG00000037709	-0.9781467058473612	3.625601550472528	-5.083323154437477	1.0262873420053068e-05	0.00024279372590983814	3.1655640296878165
ENSMUSG00000021477	-0.6414016678053578	8.755596118294529	-5.100711829011526	9.719322496252413e-06	0.00023451948455021956	3.2210156926920304
ENSMUSG00000032399	-0.26382407450334355	9.481336517985936	-5.105300488990774	9.580713712066343e-06	0.00023213914796696233	3.259358609610599
ENSMUSG00000040612	-0.7572735137952424	4.268693964018658	-5.12289508119	9.067180390631577e-06	0.00022148246734676887	3.2397019204604334
ENSMUSG00000060961	-0.7214503783137971	4.806118720040569	-5.133710553198015	8.765166490116686e-06	0.00021715210255781342	3.2476860445699156
ENSMUSG00000021482	-0.3983796267765056	6.289962234267985	-5.137158129786632	8.671010697923955e-06	0.00021619959868807073	3.2575188251763487
ENSMUSG00000022875	-0.5674135776504752	10.858337675871809	-5.167890476087955	7.874845925083024e-06	0.00019716645484926625	3.4940357793986943
ENSMUSG00000068874	-0.427829708236926	8.203360748948553	-5.187520176547157	7.404755271655036e-06	0.0001893411677760643	3.467603282607204
ENSMUSG00000022089	-0.44610935043617683	4.4507631036074615	-5.196412970866804	7.201069651404991e-06	0.00018571342289825147	3.454702857649579
ENSMUSG00000056666	-0.8727998391605283	8.639531511585094	-5.216066435763354	6.770446886280195e-06	0.0001762118025538601	3.568676616507238
ENSMUSG00000042248	-0.8489910079477205	8.843763926308863	-5.217731262476455	6.735166937263613e-06	0.0001762118025538601	3.580203836452317
ENSMUSG00000041769	-0.48677638561413605	5.289376961679878	-5.229747405310891	6.485888757222361e-06	0.0001716903327847981	3.530805461087353
ENSMUSG00000023861	-0.5237036085752935	7.933708838705609	-5.245702235833817	6.169017218432396e-06	0.00016402488701575338	3.6360918713809873
ENSMUSG00000032263	-0.3340629876132226	6.6656644917308565	-5.248253435497832	6.119796057885562e-06	0.00016343935338593041	3.608164738098271
ENSMUSG00000025396	-1.372498645757493	7.911048226969067	-5.2559253176422445	5.974119586018614e-06	0.00016170488555128764	3.6665672012343116
ENSMUSG00000027406	-0.27613149693208516	7.639281666020979	-5.264651742112385	5.8126056111291295e-06	0.00015948834300125544	3.684061441386441
ENSMUSG00000089960	-0.7986417743763115	5.89549251419636	-5.2954345246682495	5.276760912517815e-06	0.000145592511366519	3.7365084771697807
ENSMUSG00000109089	-0.9595340370414398	3.7011412033168622	-5.331899291625833	4.70524349930716e-06	0.00013212059900624638	3.9181390786877426
ENSMUSG00000022877	-0.4691508940483047	9.711945483328442	-5.337094372677599	4.6289964537404125e-06	0.00013058985770200064	3.972938543002824
ENSMUSG00000059447	-0.48615239902873775	7.3999768592371105	-5.337159608340975	4.628046862053437e-06	0.00013058985770200064	3.8992882849196997
ENSMUSG00000027801	-0.6378243293462802	6.293481441337771	-5.362534071175158	4.2730101229686115e-06	0.00012269981229883707	3.948666437131127
ENSMUSG00000024750	-0.42173520739143733	5.58273025848	-5.370561502671021	4.166438187053971e-06	0.00012049812820446344	3.963599617181769
ENSMUSG00000029456	-0.5108303496037645	4.208615124174749	-5.375184601109161	4.106266972154523e-06	0.00011977940891105113	4.015736260986547
ENSMUSG00000056148	-1.246833062568101	3.7004600813749806	-5.380631375287054	4.036484324857504e-06	0.00011831821613692069	4.067465754824047
ENSMUSG00000028266	-0.516350122940473	4.039069813720769	-5.382415799750145	4.0138804582250845e-06	0.00011823239055624772	4.048944075289355
ENSMUSG00000053898	-0.38150018507890415	9.188869078946228	-5.386289204730422	3.965247503892032e-06	0.00011737523276299123	4.10627960926716
ENSMUSG00000026687	-0.39206604304768966	8.43179158096363	-5.388283405828646	3.940438298331186e-06	0.00011721828581520839	4.089060498647982
ENSMUSG00000061904	-0.24306418658801832	8.188894082527337	-5.440693763262507	3.3410358323051883e-06	0.00010348600163052513	4.242290135020303
ENSMUSG00000025393	-0.4802683622516106	10.8063557108103	-5.450816534748308	3.2361912396100544e-06	0.00010119901736117493	4.3529566445981835
ENSMUSG00000056978	-2.2853668454099623	4.527915727846915	-5.450831329637001	3.236040428570379e-06	0.00010119901736117493	4.232103065903771
ENSMUSG00000040713	-0.49012306201189304	8.457156157055604	-5.461788215808952	3.1262527543538548e-06	9.939498836461542e-05	4.315339361451542
ENSMUSG00000028179	-0.7848846828944982	9.66032302086927	-5.466998425091846	3.07535635584153e-06	9.882254728476874e-05	4.368425800868552
ENSMUSG00000019929	-0.5027205197234785	6.685111931243556	-5.488357120146589	2.875199117200619e-06	9.441022675004655e-05	4.346674511163297
ENSMUSG00000032763	-0.4275206546812256	4.21379896700447	-5.498406586349829	2.7855677646753144e-06	9.196965218645035e-05	4.394360858926756
ENSMUSG00000020029	-0.3451274882658977	6.379884060991309	-5.501386852068042	2.7595260973880446e-06	9.161321723317546e-05	4.378479541648369
ENSMUSG00000029630	-0.7412653695418658	9.828302509752042	-5.532321448804902	2.503142843125977e-06	8.450216485586515e-05	4.573765829148721
ENSMUSG00000005656	-0.41716173031018133	5.250176649775657	-5.532580000184275	2.5011032894010507e-06	8.450216485586515e-05	4.4631751086180556
ENSMUSG00000022892	-0.451964264440881	4.829068047476779	-5.536930214987896	2.4670345041749657e-06	8.422960417947369e-05	4.485772969061579
ENSMUSG00000091119	-0.660233848834193	4.470894129321817	-5.545314596939489	2.402671921844289e-06	8.250088901921333e-05	4.525832382799787
ENSMUSG00000022579	-0.6854292360329763	4.500276942565661	-5.5553349106136904	2.327943790317876e-06	8.039433468977079e-05	4.5554085199795935
ENSMUSG00000037075	-0.327975877388786	3.851444274826188	-5.558603689684916	2.3040712543739153e-06	8.002985067938069e-05	4.603364646989586
ENSMUSG00000026571	-0.7294819833490065	4.9083665736550515	-5.5931710784103075	2.0660862496260226e-06	7.303007220001628e-05	4.657052279058675
ENSMUSG00000040147	-0.5199315415185559	7.523949790466458	-5.639880804324724	1.7829938508125056e-06	6.377386934245444e-05	4.834282836787806
ENSMUSG00000033427	-0.2975724561580959	7.996181893676681	-5.65592796575254	1.6949564399037684e-06	6.21036173620838e-05	4.89835016654599
ENSMUSG00000062908	-0.48481574773186864	9.428621177053623	-5.691435002915253	1.5152770592170764e-06	5.586073526892891e-05	5.04972438820142
ENSMUSG00000058135	-0.8167159524819834	11.141987055507755	-5.748764726150851	1.264440426351262e-06	4.719268647170642e-05	5.27169287579156
ENSMUSG00000040963	-0.43067724938975704	8.097131417744574	-5.748996798751236	1.2635143800267717e-06	4.719268647170642e-05	5.188460581606204
ENSMUSG00000079012	-0.7769608438390296	7.9290664727865465	-5.75289011682133	1.2480793967558202e-06	4.716798173022468e-05	5.195229486430534
ENSMUSG00000040520	-0.42178003351159576	4.209672667816114	-5.769737908859076	1.1834288996789637e-06	4.500774846943603e-05	5.231582771299844
ENSMUSG00000000168	-0.5767080237911069	6.096564878642073	-5.79222983063088	1.102305363814135e-06	4.2189509115663295e-05	5.271569355358769
ENSMUSG00000025190	-0.9986360712282734	8.043651788884754	-5.792437631412784	1.101582387148035e-06	4.2189509115663295e-05	5.320836092551742
ENSMUSG00000037260	-0.3915174598243878	5.862173051001275	-5.8579185282861745	8.958294592793822e-07	3.569056132349853e-05	5.47261964277952
ENSMUSG00000021591	-0.5036924281306892	4.363077970757713	-5.891811968813969	8.049101172284997e-07	3.3007221056500474e-05	5.601240578163163
ENSMUSG00000039114	-0.4942580778821615	7.353222203926073	-5.906477259421927	7.684881762706254e-07	3.229262553293838e-05	5.6534203547902475
ENSMUSG00000045775	-2.059492087831655	4.482858775068221	-5.9192532902179025	7.381046701560844e-07	3.1234302556112054e-05	5.680897742242982
ENSMUSG00000022853	-1.0120559690789817	7.362348667734766	-5.929673782777286	7.142150538617861e-07	3.0437718146492713e-05	5.72535624580177
ENSMUSG00000076441	-0.6034080158641348	12.574373563514554	-5.964287129108306	6.402770906865769e-07	2.7481607413826004e-05	5.958269004461865
ENSMUSG00000000957	-0.7902232893703127	4.973477238675686	-5.98138571387108	6.066304960868847e-07	2.6224767273281224e-05	5.856822082005018
ENSMUSG00000021135	-0.6648680735352706	8.989032103556367	-5.9872387716394675	5.955242202224351e-07	2.6120474739537318e-05	5.947686224287876
ENSMUSG00000022270	-1.00745494631669	6.089598512003684	-6.042474016205394	5.002390675789596e-07	2.294608058841197e-05	6.046622787142157
ENSMUSG00000030382	-0.3753809316639227	9.878842292038799	-6.051349287833064	4.864207971244572e-07	2.265815945675088e-05	6.168867813303007
ENSMUSG00000038641	-0.6484472961258678	7.870257260237053	-6.057470087350157	4.771144358843637e-07	2.239828629085267e-05	6.1340199230172265
ENSMUSG00000039323	-0.8753137096302748	9.56556886928754	-6.0850219514038155	4.373824299294415e-07	2.0694732452330818e-05	6.2641300128152615
ENSMUSG00000027997	-1.0788896911674408	3.9153395367643347	-6.178184681746292	3.2600458635215886e-07	1.6189764953637377e-05	6.510864337113862
ENSMUSG00000005803	-0.49563209165231026	7.530504435671499	-6.204110913935863	3.004129674689044e-07	1.504317934600539e-05	6.577887843607665
ENSMUSG00000046687	-0.639649874326806	4.494172013903945	-6.204469524154078	3.0007348621565105e-07	1.504317934600539e-05	6.563175887856168
ENSMUSG00000021094	-0.6015709296570932	5.0275035377888795	-6.219887540815801	2.858359568536108e-07	1.455583275197752e-05	6.594592172746892
ENSMUSG00000029195	-0.7727639226016105	3.9492911004059823	-6.252927821797454	2.575649976291029e-07	1.3228274109002389e-05	6.739640710801854
ENSMUSG00000049115	-0.874819725304544	6.500047589273768	-6.288862907157108	2.2999054439773242e-07	1.1913906735223915e-05	6.8177832526088675
ENSMUSG00000057074	-0.876029090935222	6.996143079122637	-6.296277838033457	2.2468025191591603e-07	1.1740031597936864e-05	6.8516892165651
ENSMUSG00000029445	-0.4194290444457245	11.885330180294131	-6.319481970623184	2.0884408339921044e-07	1.1204858010230854e-05	7.029975209783686
ENSMUSG00000055447	-0.3526626259861798	5.835549146301104	-6.3196115492185365	2.0875887010461945e-07	1.1204858010230854e-05	6.902722151654846
ENSMUSG00000022546	-0.4232384160520617	8.024332313419894	-6.327658765666449	2.035346656815731e-07	1.1118543691641571e-05	6.972557561604081
ENSMUSG00000016319	-0.3389552988212863	9.036258213416355	-6.357213148122942	1.8544877662417537e-07	1.0318163877172867e-05	7.088169895921182
ENSMUSG00000022304	-0.5006550675999968	7.765286556752685	-6.412390080582897	1.558868540148921e-07	8.785811729497497e-06	7.226904330134828
ENSMUSG00000024164	-0.7754376021122553	12.227451182322694	-6.5707482583976855	9.477202904120864e-08	5.932136692798153e-06	7.798569929832771
ENSMUSG00000020530	-0.3196455325536416	6.231470894035069	-6.654227168141181	7.293887863318514e-08	4.764018714204451e-06	7.94085979160544
ENSMUSG00000056035	-0.9961279592377661	11.20377921085198	-6.655316665276996	7.269021473629805e-08	4.764018714204451e-06	8.043053015666263
ENSMUSG00000057933	-1.6791422824878177	6.687354359465126	-6.698025615968534	6.358561644408717e-08	4.2931007776687615e-06	8.08514075190678
ENSMUSG00000060459	-0.6339441791312375	8.235354853277055	-6.728547662554014	5.779004066047902e-08	3.991498325618603e-06	8.21107911876326
ENSMUSG00000000049	-0.5712526611616564	11.712812671484622	-6.790951325566906	4.754086722179985e-08	3.321779896927852e-06	8.460736145848776
ENSMUSG00000066072	-2.5661051434049034	7.886369830966534	-6.804922997457886	4.550911736265811e-08	3.2172268968495597e-06	8.437216963911833
ENSMUSG00000039745	-0.7544820972240833	5.4394856284109006	-6.908792461690841	3.290414737479148e-08	2.353821685418119e-06	8.717359631562596
ENSMUSG00000004038	-1.8288201206104313	6.766280483276232	-7.060678824386233	2.050555454160105e-08	1.5797163748779577e-06	9.199257199042194
ENSMUSG00000036151	-0.9820761977754113	5.336251783134417	-7.125430880556761	1.6770236560734312e-08	1.343631353246033e-06	9.381304178663019
ENSMUSG00000027792	-0.6844549703801794	6.148891418805251	-7.188955848187274	1.3772086403681047e-08	1.1493953777738807e-06	9.580243217815536
ENSMUSG00000040181	-0.7984270775479141	7.636396855684889	-7.227238170026139	1.2232597199309911e-08	1.0809658319213715e-06	9.721100943516252
ENSMUSG00000090175	-2.0936950158751433	4.385157928198823	-7.230391541705337	1.2113800650491322e-08	1.0809658319213715e-06	9.720412715228102
ENSMUSG00000001665	-1.0833121614328256	6.083650527064734	-7.309041558164369	9.499225590255267e-09	8.648613116946045e-07	9.945339736801078
ENSMUSG00000061292	-1.850077156260241	5.594210022036281	-7.62934057863924	3.549119181588191e-09	3.4397834132521677e-07	10.911498584510525
ENSMUSG00000026003	-0.5482025448070553	7.828673617225073	-7.68383524419793	3.0046306366169597e-09	2.959807458267428e-07	11.102447813215127
ENSMUSG00000037798	-0.8457399347798873	10.860049608182502	-7.861759678767136	1.7479537936674923e-09	1.8427112887978878e-07	11.658309757843266
ENSMUSG00000033318	-1.002662977377284	6.619287343728753	-7.956943702806156	1.3099417707215672e-09	1.431170927321072e-07	11.90260989577342
ENSMUSG00000055782	-2.5982174040475847	3.499067188456876	-7.999783871053153	1.150807378630512e-09	1.304755007205801e-07	12.055951894765268
ENSMUSG00000020432	-0.48121108614579455	5.970930758575226	-8.044806605072715	1.0045683053973025e-09	1.1608559513716135e-07	12.157064318487526
ENSMUSG00000026688	-1.1714302934758898	4.555913363474324	-8.096761000065134	8.589886718032898e-10	1.0120907703658762e-07	12.318349718431996
ENSMUSG00000048772	-0.7334244029651629	4.693622794886132	-8.114731222332216	8.137664618483728e-10	9.779845338493746e-08	12.368943692091769
ENSMUSG00000074882	-1.1157901653521112	7.668786198172041	-8.390362339371308	3.5661610499064053e-10	4.9799161087502305e-08	13.191182474478408
ENSMUSG00000011148	-0.6283089735690028	4.836018471274562	-8.440156647237941	3.0751961690700233e-10	4.507037507302871e-08	13.324319805023746
ENSMUSG00000020010	-1.001296550770184	5.726417380911871	-8.702696125769219	1.4151219515006676e-10	2.281919907051244e-08	14.085334756577144
ENSMUSG00000030711	-0.9004190559735914	8.443736317881655	-8.792584912708472	1.0869407676622752e-10	1.8916853514417253e-08	14.359048016686991
ENSMUSG00000020458	-0.9400692436634062	5.299266250248869	-8.855130694615282	9.051601678433672e-11	1.7251622614596413e-08	14.524382181801604
ENSMUSG00000028715	-3.8701500246942606	8.39890783326335	-8.997116553454056	5.985071558713357e-11	1.4385717998523426e-08	14.941887920598335
ENSMUSG00000005268	-1.1842501126499885	5.7784466483683525	-9.137346475526158	3.987493323268869e-11	1.0417759730227232e-08	15.331416757898875
ENSMUSG00000051483	-1.1422905167500383	6.839557460363642	-9.400852552968644	1.8714884133711996e-11	5.622886937973769e-09	16.07743460410343
ENSMUSG00000020102	-1.2791165182522173	5.0351397220451535	-10.04253614353185	3.0785606090986048e-12	1.0277261500040841e-09	17.84636470239827
ENSMUSG00000023963	-1.840612665516764	4.400158792266113	-10.517513176363002	8.377025456106326e-13	3.146096622858932e-10	19.11623332510144
ENSMUSG00000040660	-5.349123963888969	3.8017785357985976	-10.654069789295336	5.793480406671433e-13	2.3208682509125763e-10	19.45953769384893
ENSMUSG00000074639	-1.358020703271693	6.883135984223898	-10.80613149300387	3.85340785821053e-13	1.7811636784605442e-10	19.87435976645181
ENSMUSG00000032808	-1.9393203694583918	4.739826078027187	-11.164468339191433	1.4916503899481268e-13	8.148479266543903e-11	20.80474712475032
ENSMUSG00000030237	-2.164830186992557	5.677692903574365	-11.295460399942382	1.0587407569701278e-13	6.779244127888184e-11	21.143617704481223
ENSMUSG00000030541	-0.995514067605046	7.359188934809708	-11.937984865220875	2.033819005492248e-14	1.7458883434289882e-11	22.72591313939443
